id,nombre,email,telefono,empresa,cargo,pais,origen,softwareId,estado,prioridad,asignadoA,ultimoContacto,createdAt,updatedAt,web,direccion,ciudad,rating,userRatingCount,googleMapsUri,primaryType,businessStatus,notas
cmpcyuact010lih9uopujzxe4,"Boxeo El Rayo - MMA, Muay-Thai, Defensa Personal",,914 77 48 79,"Boxeo El Rayo - MMA, Muay-Thai, Defensa Personal",,España,google-maps,atleevobox,NUEVO,MEDIA,,,2026-05-19T18:28:02.670Z,2026-05-19T18:28:02.670Z,http://boxeoelrayo.com/,"C. del Payaso Fofó, 1, Puente de Vallecas, 28018 Madrid",Madrid,4.8,255,https://maps.google.com/?cid=5287236353563847248&g_mp=Cidnb29nbGUubWFwcy5wbGFjZXMudjEuUGxhY2VzLlNlYXJjaFRleHQQAhgEIAA,sports_coaching,OPERATIONAL,"Importado desde Google Maps
Tipo: Sports coaching
Dirección: C. del Payaso Fofó, 1, Puente de Vallecas, 28018 Madrid
Google: 4.8⭐ (255 reseñas)
Web: http://boxeoelrayo.com/
Maps: https://maps.google.com/?cid=5287236353563847248&g_mp=Cidnb29nbGUubWFwcy5wbGFjZXMudjEuUGxhY2VzLlNlYXJjaFRleHQQAhgEIAA"
cmpcyuam0010mih9uy605vjgq,Escuela de Boxeo - Club de la Lucha Madrid,,676 63 12 10,Escuela de Boxeo - Club de la Lucha Madrid,,España,google-maps,atleevobox,NUEVO,MEDIA,,,2026-05-19T18:28:03.000Z,2026-05-19T18:28:03.000Z,https://clasesdeboxeo.com/,"Calle de Isabel Colbrand, 10, Nave 19, Fuencarral-El Pardo, 28050 Madrid",Madrid,5,60,https://maps.google.com/?cid=14011458930227865001&g_mp=Cidnb29nbGUubWFwcy5wbGFjZXMudjEuUGxhY2VzLlNlYXJjaFRleHQQAhgEIAA,sports_coaching,OPERATIONAL,"Importado desde Google Maps
Tipo: Sports coaching
Dirección: Calle de Isabel Colbrand, 10, Nave 19, Fuencarral-El Pardo, 28050 Madrid
Google: 5⭐ (60 reseñas)
Web: https://clasesdeboxeo.com/
Maps: https://maps.google.com/?cid=14011458930227865001&g_mp=Cidnb29nbGUubWFwcy5wbGFjZXMudjEuUGxhY2VzLlNlYXJjaFRleHQQAhgEIAA"
cmpcyuav4010nih9ua0eab579,Boutique The Boxer Club Dr Castelo,,,Boutique The Boxer Club Dr Castelo,,España,google-maps,atleevobox,NUEVO,MEDIA,,,2026-05-19T18:28:03.328Z,2026-05-19T18:28:03.328Z,https://theboxerclub.es/clubs/boxer-club-doctor-castelo/,"Calle del Dr. Castelo, 41, Retiro, 28009 Madrid",Madrid,4.9,540,https://maps.google.com/?cid=3163466139043001754&g_mp=Cidnb29nbGUubWFwcy5wbGFjZXMudjEuUGxhY2VzLlNlYXJjaFRleHQQAhgEIAA,sports_club,OPERATIONAL,"Importado desde Google Maps
Tipo: Club deportivo
Dirección: Calle del Dr. Castelo, 41, Retiro, 28009 Madrid
Google: 4.9⭐ (540 reseñas)
Web: https://theboxerclub.es/clubs/boxer-club-doctor-castelo/
Maps: https://maps.google.com/?cid=3163466139043001754&g_mp=Cidnb29nbGUubWFwcy5wbGFjZXMudjEuUGxhY2VzLlNlYXJjaFRleHQQAhgEIAA"
cmpcyub3y010oih9u0p2cai77,Boutique The Boxer Club Príncipe de Vergara,,,Boutique The Boxer Club Príncipe de Vergara,,España,google-maps,atleevobox,NUEVO,MEDIA,,,2026-05-19T18:28:03.646Z,2026-05-19T18:28:03.646Z,https://theboxerclub.es/clubs/boxer-club-principe-vergara,"Calle del Príncipe de Vergara, 291, Chamartín, 28016 Madrid",Madrid,5,519,https://maps.google.com/?cid=10346942689164695031&g_mp=Cidnb29nbGUubWFwcy5wbGFjZXMudjEuUGxhY2VzLlNlYXJjaFRleHQQAhgEIAA,gym,OPERATIONAL,"Importado desde Google Maps
Tipo: Gimnasio
Dirección: Calle del Príncipe de Vergara, 291, Chamartín, 28016 Madrid
Google: 5⭐ (519 reseñas)
Web: https://theboxerclub.es/clubs/boxer-club-principe-vergara
Maps: https://maps.google.com/?cid=10346942689164695031&g_mp=Cidnb29nbGUubWFwcy5wbGFjZXMudjEuUGxhY2VzLlNlYXJjaFRleHQQAhgEIAA"
cmpcyubcw010pih9uew661uzh,Gimnasio Club Deportivo José Valenciano,,910 13 98 33,Gimnasio Club Deportivo José Valenciano,,España,google-maps,atleevobox,NUEVO,MEDIA,,,2026-05-19T18:28:03.968Z,2026-05-19T18:28:03.968Z,http://www.clubdeportivojosevalenciano.com/,"C. de Andrés Mellado, 21, Chamberí, 28015 Madrid",Madrid,4.7,546,https://maps.google.com/?cid=732027730078823794&g_mp=Cidnb29nbGUubWFwcy5wbGFjZXMudjEuUGxhY2VzLlNlYXJjaFRleHQQAhgEIAA,sports_coaching,OPERATIONAL,"Importado desde Google Maps
Tipo: Sports coaching
Dirección: C. de Andrés Mellado, 21, Chamberí, 28015 Madrid
Google: 4.7⭐ (546 reseñas)
Web: http://www.clubdeportivojosevalenciano.com/
Maps: https://maps.google.com/?cid=732027730078823794&g_mp=Cidnb29nbGUubWFwcy5wbGFjZXMudjEuUGxhY2VzLlNlYXJjaFRleHQQAhgEIAA"
cmpcyubm2010qih9u2adsd5ad,The Boxer Club Puerta del Sol,,,The Boxer Club Puerta del Sol,,España,google-maps,atleevobox,NUEVO,MEDIA,,,2026-05-19T18:28:04.298Z,2026-05-19T18:28:04.298Z,https://theboxerclub.es/clubs/boxer-club-puerta-del-sol/,"Calle Mayor, 6, Centro, 28013 Madrid",Madrid,4.8,224,https://maps.google.com/?cid=15924571821224028773&g_mp=Cidnb29nbGUubWFwcy5wbGFjZXMudjEuUGxhY2VzLlNlYXJjaFRleHQQAhgEIAA,sports_coaching,OPERATIONAL,"Importado desde Google Maps
Tipo: Sports coaching
Dirección: Calle Mayor, 6, Centro, 28013 Madrid
Google: 4.8⭐ (224 reseñas)
Web: https://theboxerclub.es/clubs/boxer-club-puerta-del-sol/
Maps: https://maps.google.com/?cid=15924571821224028773&g_mp=Cidnb29nbGUubWFwcy5wbGFjZXMudjEuUGxhY2VzLlNlYXJjaFRleHQQAhgEIAA"
cmpcyubv1010rih9ux9cbeisu,The Palace Boxing Club,,658 54 75 29,The Palace Boxing Club,,España,google-maps,atleevobox,NUEVO,MEDIA,,,2026-05-19T18:28:04.622Z,2026-05-19T18:28:04.622Z,http://www.thepalaceboxingclub.com/,"C. de Canillas, 37, Chamartín, 28002 Madrid",Madrid,4.9,89,https://maps.google.com/?cid=16066279006702061877&g_mp=Cidnb29nbGUubWFwcy5wbGFjZXMudjEuUGxhY2VzLlNlYXJjaFRleHQQAhgEIAA,gym,OPERATIONAL,"Importado desde Google Maps
Tipo: Gimnasio
Dirección: C. de Canillas, 37, Chamartín, 28002 Madrid
Google: 4.9⭐ (89 reseñas)
Web: http://www.thepalaceboxingclub.com/
Maps: https://maps.google.com/?cid=16066279006702061877&g_mp=Cidnb29nbGUubWFwcy5wbGFjZXMudjEuUGxhY2VzLlNlYXJjaFRleHQQAhgEIAA"
cmpcyuc47010sih9um7h2uvtw,Madboxingclub / Escuela de boxeo,,617 39 48 11,Madboxingclub / Escuela de boxeo,,España,google-maps,atleevobox,NUEVO,MEDIA,,,2026-05-19T18:28:04.951Z,2026-05-19T18:28:04.951Z,,"C. de Cartagena, 24, Salamanca, 28028 Madrid",Madrid,5,61,https://maps.google.com/?cid=7036772139771676229&g_mp=Cidnb29nbGUubWFwcy5wbGFjZXMudjEuUGxhY2VzLlNlYXJjaFRleHQQAhgEIAA,sports_club,OPERATIONAL,"Importado desde Google Maps
Tipo: Club deportivo
Dirección: C. de Cartagena, 24, Salamanca, 28028 Madrid
Google: 5⭐ (61 reseñas)
Maps: https://maps.google.com/?cid=7036772139771676229&g_mp=Cidnb29nbGUubWFwcy5wbGFjZXMudjEuUGxhY2VzLlNlYXJjaFRleHQQAhgEIAA"
cmpcyucdb010tih9udjefclzb,Brooklyn Fitboxing Madrid centro,,648 98 56 12,Brooklyn Fitboxing Madrid centro,,España,google-maps,atleevobox,NUEVO,MEDIA,,,2026-05-19T18:28:05.279Z,2026-05-19T18:28:05.279Z,https://bfclick.com/madrid-centro-gmb,"Calle de la Colegiata, 6, Centro, 28012 Madrid",Madrid,4.9,695,https://maps.google.com/?cid=3509999533745162062&g_mp=Cidnb29nbGUubWFwcy5wbGFjZXMudjEuUGxhY2VzLlNlYXJjaFRleHQQAhgEIAA,gym,OPERATIONAL,"Importado desde Google Maps
Tipo: Gimnasio
Dirección: Calle de la Colegiata, 6, Centro, 28012 Madrid
Google: 4.9⭐ (695 reseñas)
Web: https://bfclick.com/madrid-centro-gmb
Maps: https://maps.google.com/?cid=3509999533745162062&g_mp=Cidnb29nbGUubWFwcy5wbGFjZXMudjEuUGxhY2VzLlNlYXJjaFRleHQQAhgEIAA"
cmpcyucob010uih9u97snmsf2,Muay Thai Leal,,641 30 08 85,Muay Thai Leal,,España,google-maps,atleevobox,NUEVO,MEDIA,,,2026-05-19T18:28:05.675Z,2026-05-19T18:28:05.675Z,https://muaythaileal.com/,"C. de Garellano, 3, Tetuán, 28039 Madrid",Madrid,4.9,216,https://maps.google.com/?cid=13881956145338758672&g_mp=Cidnb29nbGUubWFwcy5wbGFjZXMudjEuUGxhY2VzLlNlYXJjaFRleHQQAhgEIAA,sports_coaching,OPERATIONAL,"Importado desde Google Maps
Tipo: Sports coaching
Dirección: C. de Garellano, 3, Tetuán, 28039 Madrid
Google: 4.9⭐ (216 reseñas)
Web: https://muaythaileal.com/
Maps: https://maps.google.com/?cid=13881956145338758672&g_mp=Cidnb29nbGUubWFwcy5wbGFjZXMudjEuUGxhY2VzLlNlYXJjaFRleHQQAhgEIAA"
cmpcyucxq010vih9utrxg8o5u,Madison Boxing Gym Goya,,626 51 18 13,Madison Boxing Gym Goya,,España,google-maps,atleevobox,NUEVO,MEDIA,,,2026-05-19T18:28:06.014Z,2026-05-19T18:28:06.014Z,https://madisonboxinggymspain.com/,"C. de las Mártires Concepcionistas, 6, Salamanca, 28006 Madrid",Madrid,4.9,122,https://maps.google.com/?cid=17198095160749573520&g_mp=Cidnb29nbGUubWFwcy5wbGFjZXMudjEuUGxhY2VzLlNlYXJjaFRleHQQAhgEIAA,sports_coaching,OPERATIONAL,"Importado desde Google Maps
Tipo: Sports coaching
Dirección: C. de las Mártires Concepcionistas, 6, Salamanca, 28006 Madrid
Google: 4.9⭐ (122 reseñas)
Web: https://madisonboxinggymspain.com/
Maps: https://maps.google.com/?cid=17198095160749573520&g_mp=Cidnb29nbGUubWFwcy5wbGFjZXMudjEuUGxhY2VzLlNlYXJjaFRleHQQAhgEIAA"
cmpcyud6y010wih9ux8048ko6,Fightland Madrid-Azca,,911 27 20 71,Fightland Madrid-Azca,,España,google-maps,atleevobox,NUEVO,MEDIA,,,2026-05-19T18:28:06.346Z,2026-05-19T18:28:06.346Z,http://www.fightland.es/,"C. de Edgar Neville, 15, Tetuán, 28020 Madrid",Madrid,4.9,430,https://maps.google.com/?cid=3674482819115320800&g_mp=Cidnb29nbGUubWFwcy5wbGFjZXMudjEuUGxhY2VzLlNlYXJjaFRleHQQAhgEIAA,sports_club,OPERATIONAL,"Importado desde Google Maps
Tipo: Club deportivo
Dirección: C. de Edgar Neville, 15, Tetuán, 28020 Madrid
Google: 4.9⭐ (430 reseñas)
Web: http://www.fightland.es/
Maps: https://maps.google.com/?cid=3674482819115320800&g_mp=Cidnb29nbGUubWFwcy5wbGFjZXMudjEuUGxhY2VzLlNlYXJjaFRleHQQAhgEIAA"
cmpcyudhk010xih9ub9t4pd4k,La Escuela Boxeo Tetuán,,919 20 68 83,La Escuela Boxeo Tetuán,,España,google-maps,atleevobox,NUEVO,MEDIA,,,2026-05-19T18:28:06.728Z,2026-05-19T18:28:06.728Z,http://www.laescuelaboxeo.com/,"C. de la Miosotis, 80, Tetuán, 28039 Madrid",Madrid,4.9,127,https://maps.google.com/?cid=8897739755063802211&g_mp=Cidnb29nbGUubWFwcy5wbGFjZXMudjEuUGxhY2VzLlNlYXJjaFRleHQQAhgEIAA,sports_coaching,OPERATIONAL,"Importado desde Google Maps
Tipo: Sports coaching
Dirección: C. de la Miosotis, 80, Tetuán, 28039 Madrid
Google: 4.9⭐ (127 reseñas)
Web: http://www.laescuelaboxeo.com/
Maps: https://maps.google.com/?cid=8897739755063802211&g_mp=Cidnb29nbGUubWFwcy5wbGFjZXMudjEuUGxhY2VzLlNlYXJjaFRleHQQAhgEIAA"
cmpcyudqi010yih9uvtt2j4qy,"KARURA RIO muay thai,boxeo,jeet kune do,jiu jitsu japones,kick-boxing,mma,etc...",,679 59 29 01,"KARURA RIO muay thai,boxeo,jeet kune do,jiu jitsu japones,kick-boxing,mma,etc...",,España,google-maps,atleevobox,NUEVO,MEDIA,,,2026-05-19T18:28:07.050Z,2026-05-19T18:28:07.050Z,,"C. Fernando Poo, 23, Arganzuela, 28045 Madrid",Madrid,4.8,113,https://maps.google.com/?cid=10879566618099413469&g_mp=Cidnb29nbGUubWFwcy5wbGFjZXMudjEuUGxhY2VzLlNlYXJjaFRleHQQAhgEIAA,sports_coaching,OPERATIONAL,"Importado desde Google Maps
Tipo: Sports coaching
Dirección: C. Fernando Poo, 23, Arganzuela, 28045 Madrid
Google: 4.8⭐ (113 reseñas)
Maps: https://maps.google.com/?cid=10879566618099413469&g_mp=Cidnb29nbGUubWFwcy5wbGFjZXMudjEuUGxhY2VzLlNlYXJjaFRleHQQAhgEIAA"
cmpcyudze010zih9u4q1h1iy1,kick Boxing Madrid,,685 66 05 11,kick Boxing Madrid,,España,google-maps,atleevobox,NUEVO,MEDIA,,,2026-05-19T18:28:07.370Z,2026-05-19T18:28:07.370Z,https://www.kickboxingmadrid.es/,"C. de Vargas, 4, Chamberí, 28003 Madrid",Madrid,4.9,567,https://maps.google.com/?cid=9753880993125432664&g_mp=Cidnb29nbGUubWFwcy5wbGFjZXMudjEuUGxhY2VzLlNlYXJjaFRleHQQAhgEIAA,gym,OPERATIONAL,"Importado desde Google Maps
Tipo: Gimnasio
Dirección: C. de Vargas, 4, Chamberí, 28003 Madrid
Google: 4.9⭐ (567 reseñas)
Web: https://www.kickboxingmadrid.es/
Maps: https://maps.google.com/?cid=9753880993125432664&g_mp=Cidnb29nbGUubWFwcy5wbGFjZXMudjEuUGxhY2VzLlNlYXJjaFRleHQQAhgEIAA"
cmpcyue8n0110ih9u802t4a4z,Boxeo Izumi Club,,606 61 67 63,Boxeo Izumi Club,,España,google-maps,atleevobox,NUEVO,MEDIA,,,2026-05-19T18:28:07.703Z,2026-05-19T18:28:07.703Z,https://www.izumiclub.com/,"IZUMI CLUB, C. de Teruel, 11, local 15, Tetuán, 28020 Madrid",Madrid,5,89,https://maps.google.com/?cid=7651903800099756787&g_mp=Cidnb29nbGUubWFwcy5wbGFjZXMudjEuUGxhY2VzLlNlYXJjaFRleHQQAhgEIAA,sports_club,OPERATIONAL,"Importado desde Google Maps
Tipo: Club deportivo
Dirección: IZUMI CLUB, C. de Teruel, 11, local 15, Tetuán, 28020 Madrid
Google: 5⭐ (89 reseñas)
Web: https://www.izumiclub.com/
Maps: https://maps.google.com/?cid=7651903800099756787&g_mp=Cidnb29nbGUubWFwcy5wbGFjZXMudjEuUGxhY2VzLlNlYXJjaFRleHQQAhgEIAA"
cmpcyueho0111ih9u65nc4b5l,Club Deportivo Ray Events Boxing School,,654 13 22 20,Club Deportivo Ray Events Boxing School,,España,google-maps,atleevobox,NUEVO,MEDIA,,,2026-05-19T18:28:08.029Z,2026-05-19T18:28:08.029Z,http://www.ray-events.com/,"C. de Sta. Ana, 9, Centro, 28005 Madrid",Madrid,4.9,179,https://maps.google.com/?cid=17491829147893317112&g_mp=Cidnb29nbGUubWFwcy5wbGFjZXMudjEuUGxhY2VzLlNlYXJjaFRleHQQAhgEIAA,sports_club,OPERATIONAL,"Importado desde Google Maps
Tipo: Club deportivo
Dirección: C. de Sta. Ana, 9, Centro, 28005 Madrid
Google: 4.9⭐ (179 reseñas)
Web: http://www.ray-events.com/
Maps: https://maps.google.com/?cid=17491829147893317112&g_mp=Cidnb29nbGUubWFwcy5wbGFjZXMudjEuUGxhY2VzLlNlYXJjaFRleHQQAhgEIAA"
cmpcyuer50112ih9uo075hnfb,The Boxer Club Ciudad Lineal,,,The Boxer Club Ciudad Lineal,,España,google-maps,atleevobox,NUEVO,MEDIA,,,2026-05-19T18:28:08.369Z,2026-05-19T18:28:08.369Z,https://theboxerclub.es/clubs/boxer-club-ciudad-lineal/,"C. de los Hermanos García Noblejas, 43, San Blas-Canillejas, 28037 Madrid",Madrid,5,256,https://maps.google.com/?cid=13321517714244479403&g_mp=Cidnb29nbGUubWFwcy5wbGFjZXMudjEuUGxhY2VzLlNlYXJjaFRleHQQAhgEIAA,sports_coaching,OPERATIONAL,"Importado desde Google Maps
Tipo: Sports coaching
Dirección: C. de los Hermanos García Noblejas, 43, San Blas-Canillejas, 28037 Madrid
Google: 5⭐ (256 reseñas)
Web: https://theboxerclub.es/clubs/boxer-club-ciudad-lineal/
Maps: https://maps.google.com/?cid=13321517714244479403&g_mp=Cidnb29nbGUubWFwcy5wbGFjZXMudjEuUGxhY2VzLlNlYXJjaFRleHQQAhgEIAA"
cmpcyuf0h0113ih9umzfpct9j,Club de Boxeo Suanzes,,913 75 15 42,Club de Boxeo Suanzes,,España,google-maps,atleevobox,NUEVO,MEDIA,,,2026-05-19T18:28:08.705Z,2026-05-19T18:28:08.705Z,http://www.clubdeboxeosuanzes.es/,"C. de Albasanz, 36, San Blas-Canillejas, 28037 Madrid",Madrid,4.7,121,https://maps.google.com/?cid=14873737916447340431&g_mp=Cidnb29nbGUubWFwcy5wbGFjZXMudjEuUGxhY2VzLlNlYXJjaFRleHQQAhgEIAA,sports_coaching,OPERATIONAL,"Importado desde Google Maps
Tipo: Sports coaching
Dirección: C. de Albasanz, 36, San Blas-Canillejas, 28037 Madrid
Google: 4.7⭐ (121 reseñas)
Web: http://www.clubdeboxeosuanzes.es/
Maps: https://maps.google.com/?cid=14873737916447340431&g_mp=Cidnb29nbGUubWFwcy5wbGFjZXMudjEuUGxhY2VzLlNlYXJjaFRleHQQAhgEIAA"
cmpcyuf9i0114ih9u4aqh4450,Angel Moreno Boxing Gym,,614 23 80 20,Angel Moreno Boxing Gym,,España,google-maps,atleevobox,NUEVO,MEDIA,,,2026-05-19T18:28:09.030Z,2026-05-19T18:28:09.030Z,http://www.angelmorenoboxinggym.com/,"C. de Federico Gutiérrez, 27, LOCAL, Cdad. Lineal, 28027 Madrid",Madrid,5,43,https://maps.google.com/?cid=13276651466192836477&g_mp=Cidnb29nbGUubWFwcy5wbGFjZXMudjEuUGxhY2VzLlNlYXJjaFRleHQQAhgEIAA,sports_club,OPERATIONAL,"Importado desde Google Maps
Tipo: Club deportivo
Dirección: C. de Federico Gutiérrez, 27, LOCAL, Cdad. Lineal, 28027 Madrid
Google: 5⭐ (43 reseñas)
Web: http://www.angelmorenoboxinggym.com/
Maps: https://maps.google.com/?cid=13276651466192836477&g_mp=Cidnb29nbGUubWFwcy5wbGFjZXMudjEuUGxhY2VzLlNlYXJjaFRleHQQAhgEIAA"
cmpcyufiw0115ih9unl9le6ve,The Boxer Club Palacio de Vistalegre,,,The Boxer Club Palacio de Vistalegre,,España,google-maps,atleevobox,NUEVO,MEDIA,,,2026-05-19T18:28:09.368Z,2026-05-19T18:28:09.368Z,https://theboxerclub.es/clubs/boxer-club-palacio-vistalegre/,"Av. de la Plaza de Toros, Carabanchel, 28025 Madrid",Madrid,5,287,https://maps.google.com/?cid=6901067881172523661&g_mp=Cidnb29nbGUubWFwcy5wbGFjZXMudjEuUGxhY2VzLlNlYXJjaFRleHQQAhgEIAA,sports_coaching,OPERATIONAL,"Importado desde Google Maps
Tipo: Sports coaching
Dirección: Av. de la Plaza de Toros, Carabanchel, 28025 Madrid
Google: 5⭐ (287 reseñas)
Web: https://theboxerclub.es/clubs/boxer-club-palacio-vistalegre/
Maps: https://maps.google.com/?cid=6901067881172523661&g_mp=Cidnb29nbGUubWFwcy5wbGFjZXMudjEuUGxhY2VzLlNlYXJjaFRleHQQAhgEIAA"
cmpcyufs60116ih9usy1q1iwp,Fabela Boxing Club,,917 37 07 08,Fabela Boxing Club,,España,google-maps,atleevobox,NUEVO,MEDIA,,,2026-05-19T18:28:09.703Z,2026-05-19T18:28:09.703Z,http://fabelabox.com/,"P.º de la Castellana, 95, Tetuán, 28046 Madrid",Madrid,4.8,249,https://maps.google.com/?cid=13356664009444742630&g_mp=Cidnb29nbGUubWFwcy5wbGFjZXMudjEuUGxhY2VzLlNlYXJjaFRleHQQAhgEIAA,sports_club,OPERATIONAL,"Importado desde Google Maps
Tipo: Club deportivo
Dirección: P.º de la Castellana, 95, Tetuán, 28046 Madrid
Google: 4.8⭐ (249 reseñas)
Web: http://fabelabox.com/
Maps: https://maps.google.com/?cid=13356664009444742630&g_mp=Cidnb29nbGUubWFwcy5wbGFjZXMudjEuUGxhY2VzLlNlYXJjaFRleHQQAhgEIAA"
cmpcyug1o0117ih9uydutuybw,"Club de Boxeo ""Sugar Romero""",,666 52 76 67,"Club de Boxeo ""Sugar Romero""",,España,google-maps,atleevobox,NUEVO,MEDIA,,,2026-05-19T18:28:10.045Z,2026-05-19T18:28:10.045Z,http://www.clubboxeosugarromero.com/,"C. Sierra de Bobia, 19, Villa de Vallecas, 28031 Madrid",Madrid,4.9,101,https://maps.google.com/?cid=16033187317524599540&g_mp=Cidnb29nbGUubWFwcy5wbGFjZXMudjEuUGxhY2VzLlNlYXJjaFRleHQQAhgEIAA,sports_coaching,OPERATIONAL,"Importado desde Google Maps
Tipo: Sports coaching
Dirección: C. Sierra de Bobia, 19, Villa de Vallecas, 28031 Madrid
Google: 4.9⭐ (101 reseñas)
Web: http://www.clubboxeosugarromero.com/
Maps: https://maps.google.com/?cid=16033187317524599540&g_mp=Cidnb29nbGUubWFwcy5wbGFjZXMudjEuUGxhY2VzLlNlYXJjaFRleHQQAhgEIAA"
cmpcyugf80118ih9ubzwhtu4q,The Box Fit and Fight Club,,642 57 03 06,The Box Fit and Fight Club,,España,google-maps,atleevobox,NUEVO,MEDIA,,,2026-05-19T18:28:10.533Z,2026-05-19T18:28:10.533Z,http://www.theboxfitandfightclub.com/,"Cl. de la Hacienda de Pavones, 196, PLANTA 1, Moratalaz, 28030 Madrid",Madrid,4.9,203,https://maps.google.com/?cid=5120566201240929691&g_mp=Cidnb29nbGUubWFwcy5wbGFjZXMudjEuUGxhY2VzLlNlYXJjaFRleHQQAhgEIAA,sports_complex,OPERATIONAL,"Importado desde Google Maps
Tipo: Polideportivo
Dirección: Cl. de la Hacienda de Pavones, 196, PLANTA 1, Moratalaz, 28030 Madrid
Google: 4.9⭐ (203 reseñas)
Web: http://www.theboxfitandfightclub.com/
Maps: https://maps.google.com/?cid=5120566201240929691&g_mp=Cidnb29nbGUubWFwcy5wbGFjZXMudjEuUGxhY2VzLlNlYXJjaFRleHQQAhgEIAA"
cmpcyugop0119ih9upqyf2eqq,"CLUB BOXEO CARABANCHEL ""GIOVANNI JARAMILLO""",,685 13 00 20,"CLUB BOXEO CARABANCHEL ""GIOVANNI JARAMILLO""",,España,google-maps,atleevobox,NUEVO,MEDIA,,,2026-05-19T18:28:10.873Z,2026-05-19T18:28:10.873Z,http://www.clubboxeocarabanchel.com/,"C. Condesa de Teba, 28, Carabanchel, 28044 Madrid",Madrid,4.9,225,https://maps.google.com/?cid=13294031063665643322&g_mp=Cidnb29nbGUubWFwcy5wbGFjZXMudjEuUGxhY2VzLlNlYXJjaFRleHQQAhgEIAA,sports_club,OPERATIONAL,"Importado desde Google Maps
Tipo: Club deportivo
Dirección: C. Condesa de Teba, 28, Carabanchel, 28044 Madrid
Google: 4.9⭐ (225 reseñas)
Web: http://www.clubboxeocarabanchel.com/
Maps: https://maps.google.com/?cid=13294031063665643322&g_mp=Cidnb29nbGUubWFwcy5wbGFjZXMudjEuUGxhY2VzLlNlYXJjaFRleHQQAhgEIAA"
cmpcyugxw011aih9u53yrp7ca,Fightland Madrid Chamberí,,912 82 14 15,Fightland Madrid Chamberí,,España,google-maps,atleevobox,NUEVO,MEDIA,,,2026-05-19T18:28:11.205Z,2026-05-19T18:28:11.205Z,http://www.fightland.es/,"C/ del Gral. Álvarez de Castro, 20, Chamberí, 28010 Madrid",Madrid,4.7,245,https://maps.google.com/?cid=11970755388006939709&g_mp=Cidnb29nbGUubWFwcy5wbGFjZXMudjEuUGxhY2VzLlNlYXJjaFRleHQQAhgEIAA,sports_club,OPERATIONAL,"Importado desde Google Maps
Tipo: Club deportivo
Dirección: C/ del Gral. Álvarez de Castro, 20, Chamberí, 28010 Madrid
Google: 4.7⭐ (245 reseñas)
Web: http://www.fightland.es/
Maps: https://maps.google.com/?cid=11970755388006939709&g_mp=Cidnb29nbGUubWFwcy5wbGFjZXMudjEuUGxhY2VzLlNlYXJjaFRleHQQAhgEIAA"
cmpcyuh6y011bih9ura7lxws3,Boxeo El Rayo - Carabanchel Ⅱ,,625 26 49 90,Boxeo El Rayo - Carabanchel Ⅱ,,España,google-maps,atleevobox,NUEVO,MEDIA,,,2026-05-19T18:28:11.531Z,2026-05-19T18:28:11.531Z,https://boxeoelrayo.com/localizaciones/boxeo-carabanchel/,"P.º Castellanos, 5, Carabanchel, 28025 Madrid",Madrid,5,191,https://maps.google.com/?cid=14735653797204274484&g_mp=Cidnb29nbGUubWFwcy5wbGFjZXMudjEuUGxhY2VzLlNlYXJjaFRleHQQAhgEIAA,sports_coaching,OPERATIONAL,"Importado desde Google Maps
Tipo: Sports coaching
Dirección: P.º Castellanos, 5, Carabanchel, 28025 Madrid
Google: 5⭐ (191 reseñas)
Web: https://boxeoelrayo.com/localizaciones/boxeo-carabanchel/
Maps: https://maps.google.com/?cid=14735653797204274484&g_mp=Cidnb29nbGUubWFwcy5wbGFjZXMudjEuUGxhY2VzLlNlYXJjaFRleHQQAhgEIAA"
cmpcyuhgy011cih9um4c64h7m,Escuela de Boxeo The Big Push en Chamartín,,620 66 23 67,Escuela de Boxeo The Big Push en Chamartín,,España,google-maps,atleevobox,NUEVO,MEDIA,,,2026-05-19T18:28:11.891Z,2026-05-19T18:28:11.891Z,https://escuelaboxeo.es/escuela-de-boxeo-en-chamartin/,"Estación de Chamartín, s/n, Planta Ático, Chamartín, 28036 Madrid",Madrid,5,117,https://maps.google.com/?cid=10474792674018645759&g_mp=Cidnb29nbGUubWFwcy5wbGFjZXMudjEuUGxhY2VzLlNlYXJjaFRleHQQAhgEIAA,sports_coaching,OPERATIONAL,"Importado desde Google Maps
Tipo: Sports coaching
Dirección: Estación de Chamartín, s/n, Planta Ático, Chamartín, 28036 Madrid
Google: 5⭐ (117 reseñas)
Web: https://escuelaboxeo.es/escuela-de-boxeo-en-chamartin/
Maps: https://maps.google.com/?cid=10474792674018645759&g_mp=Cidnb29nbGUubWFwcy5wbGFjZXMudjEuUGxhY2VzLlNlYXJjaFRleHQQAhgEIAA"
cmpcyuhq5011dih9ufkalrovk,GObox Boxing Studio,,623 21 61 06,GObox Boxing Studio,,España,google-maps,atleevobox,NUEVO,MEDIA,,,2026-05-19T18:28:12.221Z,2026-05-19T18:28:12.221Z,http://www.gobox.es/,"Av. de Monforte de Lemos, 119, Fuencarral-El Pardo, 28029 Madrid",Madrid,4.8,129,https://maps.google.com/?cid=3547943450871383267&g_mp=Cidnb29nbGUubWFwcy5wbGFjZXMudjEuUGxhY2VzLlNlYXJjaFRleHQQAhgEIAA,sports_coaching,OPERATIONAL,"Importado desde Google Maps
Tipo: Sports coaching
Dirección: Av. de Monforte de Lemos, 119, Fuencarral-El Pardo, 28029 Madrid
Google: 4.8⭐ (129 reseñas)
Web: http://www.gobox.es/
Maps: https://maps.google.com/?cid=3547943450871383267&g_mp=Cidnb29nbGUubWFwcy5wbGFjZXMudjEuUGxhY2VzLlNlYXJjaFRleHQQAhgEIAA"
cmpcyuhzs011eih9u0z4d1pge,Morales Box,,628 04 13 82,Morales Box,,España,google-maps,atleevobox,NUEVO,MEDIA,,,2026-05-19T18:28:12.569Z,2026-05-19T18:28:12.569Z,http://www.moralesbox.com/,"C. de Miguel Ángel, 1 Bis, Chamberí, 28010 Madrid",Madrid,4.9,216,https://maps.google.com/?cid=572662182205466942&g_mp=Cidnb29nbGUubWFwcy5wbGFjZXMudjEuUGxhY2VzLlNlYXJjaFRleHQQAhgEIAA,gym,OPERATIONAL,"Importado desde Google Maps
Tipo: Gimnasio
Dirección: C. de Miguel Ángel, 1 Bis, Chamberí, 28010 Madrid
Google: 4.9⭐ (216 reseñas)
Web: http://www.moralesbox.com/
Maps: https://maps.google.com/?cid=572662182205466942&g_mp=Cidnb29nbGUubWFwcy5wbGFjZXMudjEuUGxhY2VzLlNlYXJjaFRleHQQAhgEIAA"
cmpcyui9m011fih9uve77gk7t,Gimnasio Escuela Usera Fight Club,,635 27 15 40,Gimnasio Escuela Usera Fight Club,,España,google-maps,atleevobox,NUEVO,MEDIA,,,2026-05-19T18:28:12.922Z,2026-05-19T18:28:12.922Z,https://thefightclub.es/,"C. del Amor Hermoso, 13, Usera, 28026 Madrid",Madrid,4.9,172,https://maps.google.com/?cid=10019459322300793069&g_mp=Cidnb29nbGUubWFwcy5wbGFjZXMudjEuUGxhY2VzLlNlYXJjaFRleHQQAhgEIAA,sports_coaching,OPERATIONAL,"Importado desde Google Maps
Tipo: Sports coaching
Dirección: C. del Amor Hermoso, 13, Usera, 28026 Madrid
Google: 4.9⭐ (172 reseñas)
Web: https://thefightclub.es/
Maps: https://maps.google.com/?cid=10019459322300793069&g_mp=Cidnb29nbGUubWFwcy5wbGFjZXMudjEuUGxhY2VzLlNlYXJjaFRleHQQAhgEIAA"
cmpcyuij8011gih9urkg6v8ts,La Escuela Boxeo,,649 37 52 42,La Escuela Boxeo,,España,google-maps,atleevobox,NUEVO,MEDIA,,,2026-05-19T18:28:13.268Z,2026-05-19T18:28:13.268Z,http://www.laescuelaboxeo.com/,"C. Hilario Sangrador, 8, Latina, 28011 Madrid",Madrid,4.6,116,https://maps.google.com/?cid=9931944957375590530&g_mp=Cidnb29nbGUubWFwcy5wbGFjZXMudjEuUGxhY2VzLlNlYXJjaFRleHQQAhgEIAA,gym,OPERATIONAL,"Importado desde Google Maps
Tipo: Gimnasio
Dirección: C. Hilario Sangrador, 8, Latina, 28011 Madrid
Google: 4.6⭐ (116 reseñas)
Web: http://www.laescuelaboxeo.com/
Maps: https://maps.google.com/?cid=9931944957375590530&g_mp=Cidnb29nbGUubWFwcy5wbGFjZXMudjEuUGxhY2VzLlNlYXJjaFRleHQQAhgEIAA"
cmpcyuisl011hih9ujhxoi7h9,"Urban Fighter Tienda de boxeo ,MMA y Muay thai en el corazón de Madrid",,664 39 44 04,"Urban Fighter Tienda de boxeo ,MMA y Muay thai en el corazón de Madrid",,España,google-maps,atleevobox,NUEVO,MEDIA,,,2026-05-19T18:28:13.606Z,2026-05-19T18:28:13.606Z,http://urbanfighter.es/,"C. de Andrés Mellado, 24, Chamberí, 28015 Madrid",Madrid,4.9,414,https://maps.google.com/?cid=17317052443301567987&g_mp=Cidnb29nbGUubWFwcy5wbGFjZXMudjEuUGxhY2VzLlNlYXJjaFRleHQQAhgEIAA,sporting_goods_store,OPERATIONAL,"Importado desde Google Maps
Tipo: Tienda de deportes
Dirección: C. de Andrés Mellado, 24, Chamberí, 28015 Madrid
Google: 4.9⭐ (414 reseñas)
Web: http://urbanfighter.es/
Maps: https://maps.google.com/?cid=17317052443301567987&g_mp=Cidnb29nbGUubWFwcy5wbGFjZXMudjEuUGxhY2VzLlNlYXJjaFRleHQQAhgEIAA"
cmpcyuj1y011iih9u7hac2f03,C.D.E. Boxeo Kronos,,611 13 64 07,C.D.E. Boxeo Kronos,,España,google-maps,atleevobox,NUEVO,MEDIA,,,2026-05-19T18:28:13.942Z,2026-05-19T18:28:13.942Z,http://www.boxeokronos.com/,"C. de Ntra. Sra. de la Blanca, 5, San Blas-Canillejas, 28022 Madrid",Madrid,5,395,https://maps.google.com/?cid=2057948062431145532&g_mp=Cidnb29nbGUubWFwcy5wbGFjZXMudjEuUGxhY2VzLlNlYXJjaFRleHQQAhgEIAA,sports_club,OPERATIONAL,"Importado desde Google Maps
Tipo: Club deportivo
Dirección: C. de Ntra. Sra. de la Blanca, 5, San Blas-Canillejas, 28022 Madrid
Google: 5⭐ (395 reseñas)
Web: http://www.boxeokronos.com/
Maps: https://maps.google.com/?cid=2057948062431145532&g_mp=Cidnb29nbGUubWFwcy5wbGFjZXMudjEuUGxhY2VzLlNlYXJjaFRleHQQAhgEIAA"
cmpcyujaz011jih9uevtph2dr,The Boxer Club Estudiantes,,,The Boxer Club Estudiantes,,España,google-maps,atleevobox,NUEVO,MEDIA,,,2026-05-19T18:28:14.267Z,2026-05-19T18:28:14.267Z,https://theboxerclub.es/clubs/boxer-club-estudiantes-madrid/,"C. de Serrano, 127, Chamartín, 28006 Madrid",Madrid,4.9,154,https://maps.google.com/?cid=13498343181068735299&g_mp=Cidnb29nbGUubWFwcy5wbGFjZXMudjEuUGxhY2VzLlNlYXJjaFRleHQQAhgEIAA,sports_coaching,OPERATIONAL,"Importado desde Google Maps
Tipo: Sports coaching
Dirección: C. de Serrano, 127, Chamartín, 28006 Madrid
Google: 4.9⭐ (154 reseñas)
Web: https://theboxerclub.es/clubs/boxer-club-estudiantes-madrid/
Maps: https://maps.google.com/?cid=13498343181068735299&g_mp=Cidnb29nbGUubWFwcy5wbGFjZXMudjEuUGxhY2VzLlNlYXJjaFRleHQQAhgEIAA"
cmpcyujk6011kih9u9d9zs3li,Los cholos boxeo,,,Los cholos boxeo,,España,google-maps,atleevobox,NUEVO,MEDIA,,,2026-05-19T18:28:14.598Z,2026-05-19T18:28:14.598Z,https://www.instagram.com/loscholosboxeo?utm_source=ig_web_button_share_sheet&igsh=ZDNlZDc0MzIxNw==,"Paseo de las Delicias, 116, Arganzuela, 28045 Madrid",Madrid,4.9,43,https://maps.google.com/?cid=13829754930122830026&g_mp=Cidnb29nbGUubWFwcy5wbGFjZXMudjEuUGxhY2VzLlNlYXJjaFRleHQQAhgEIAA,sports_club,OPERATIONAL,"Importado desde Google Maps
Tipo: Club deportivo
Dirección: Paseo de las Delicias, 116, Arganzuela, 28045 Madrid
Google: 4.9⭐ (43 reseñas)
Web: https://www.instagram.com/loscholosboxeo?utm_source=ig_web_button_share_sheet&igsh=ZDNlZDc0MzIxNw==
Maps: https://maps.google.com/?cid=13829754930122830026&g_mp=Cidnb29nbGUubWFwcy5wbGFjZXMudjEuUGxhY2VzLlNlYXJjaFRleHQQAhgEIAA"
cmpcyujt9011lih9usxiaqh2j,Escuela de Boxeo DQ BOXING,,614 31 77 17,Escuela de Boxeo DQ BOXING,,España,google-maps,atleevobox,NUEVO,MEDIA,,,2026-05-19T18:28:14.925Z,2026-05-19T18:28:14.925Z,,"C. de Emilio Ferrari, 71, Cdad. Lineal, 28017 Madrid",Madrid,4.9,95,https://maps.google.com/?cid=17245783549055779932&g_mp=Cidnb29nbGUubWFwcy5wbGFjZXMudjEuUGxhY2VzLlNlYXJjaFRleHQQAhgEIAA,sports_club,OPERATIONAL,"Importado desde Google Maps
Tipo: Club deportivo
Dirección: C. de Emilio Ferrari, 71, Cdad. Lineal, 28017 Madrid
Google: 4.9⭐ (95 reseñas)
Maps: https://maps.google.com/?cid=17245783549055779932&g_mp=Cidnb29nbGUubWFwcy5wbGFjZXMudjEuUGxhY2VzLlNlYXJjaFRleHQQAhgEIAA"
cmpcyuk6w011mih9upnnc5iz3,Morales Box Hermosilla,,617 55 83 61,Morales Box Hermosilla,,España,google-maps,atleevobox,NUEVO,MEDIA,,,2026-05-19T18:28:15.416Z,2026-05-19T18:28:15.416Z,https://www.moralesbox.com/gimnasio-de-boxeo-hermosilla/,"C. de Hermosilla, 56, Salamanca, 28001 Madrid",Madrid,5,74,https://maps.google.com/?cid=15686457846518798191&g_mp=Cidnb29nbGUubWFwcy5wbGFjZXMudjEuUGxhY2VzLlNlYXJjaFRleHQQAhgEIAA,gym,OPERATIONAL,"Importado desde Google Maps
Tipo: Gimnasio
Dirección: C. de Hermosilla, 56, Salamanca, 28001 Madrid
Google: 5⭐ (74 reseñas)
Web: https://www.moralesbox.com/gimnasio-de-boxeo-hermosilla/
Maps: https://maps.google.com/?cid=15686457846518798191&g_mp=Cidnb29nbGUubWFwcy5wbGFjZXMudjEuUGxhY2VzLlNlYXJjaFRleHQQAhgEIAA"
cmpcyukg0011nih9uoue9vp3b,AGBoxeo,,644 29 45 52,AGBoxeo,,España,google-maps,atleevobox,NUEVO,MEDIA,,,2026-05-19T18:28:15.744Z,2026-05-19T18:28:15.744Z,https://agboxeo.es/,"Av. de Manoteras, 22, nave 82 primera planta, Hortaleza, 28050 Madrid",Madrid,5,123,https://maps.google.com/?cid=12497256076839493739&g_mp=Cidnb29nbGUubWFwcy5wbGFjZXMudjEuUGxhY2VzLlNlYXJjaFRleHQQAhgEIAA,sports_coaching,OPERATIONAL,"Importado desde Google Maps
Tipo: Sports coaching
Dirección: Av. de Manoteras, 22, nave 82 primera planta, Hortaleza, 28050 Madrid
Google: 5⭐ (123 reseñas)
Web: https://agboxeo.es/
Maps: https://maps.google.com/?cid=12497256076839493739&g_mp=Cidnb29nbGUubWFwcy5wbGFjZXMudjEuUGxhY2VzLlNlYXJjaFRleHQQAhgEIAA"
cmpcyukoy011oih9uchm380ub,Distrito Zero Boxing Club,,910 94 49 79,Distrito Zero Boxing Club,,España,google-maps,atleevobox,NUEVO,MEDIA,,,2026-05-19T18:28:16.066Z,2026-05-19T18:28:16.066Z,https://distritozeroboxing.com/,"Calle de Puerto Rico, 15, Chamartín, 28016 Madrid",Madrid,4.9,56,https://maps.google.com/?cid=8786949724379821077&g_mp=Cidnb29nbGUubWFwcy5wbGFjZXMudjEuUGxhY2VzLlNlYXJjaFRleHQQAhgEIAA,sports_club,OPERATIONAL,"Importado desde Google Maps
Tipo: Club deportivo
Dirección: Calle de Puerto Rico, 15, Chamartín, 28016 Madrid
Google: 4.9⭐ (56 reseñas)
Web: https://distritozeroboxing.com/
Maps: https://maps.google.com/?cid=8786949724379821077&g_mp=Cidnb29nbGUubWFwcy5wbGFjZXMudjEuUGxhY2VzLlNlYXJjaFRleHQQAhgEIAA"
cmpcyuky5011pih9umq6pnw1u,The Boxer Club Conde de Casal,,,The Boxer Club Conde de Casal,,España,google-maps,atleevobox,NUEVO,MEDIA,,,2026-05-19T18:28:16.397Z,2026-05-19T18:28:16.397Z,https://theboxerclub.es/clubs/boxer-club-conde-casal/,"Av. del Mediterráneo, 50, Retiro, 28007 Madrid",Madrid,4.9,177,https://maps.google.com/?cid=11010154036221773162&g_mp=Cidnb29nbGUubWFwcy5wbGFjZXMudjEuUGxhY2VzLlNlYXJjaFRleHQQAhgEIAA,sports_coaching,OPERATIONAL,"Importado desde Google Maps
Tipo: Sports coaching
Dirección: Av. del Mediterráneo, 50, Retiro, 28007 Madrid
Google: 4.9⭐ (177 reseñas)
Web: https://theboxerclub.es/clubs/boxer-club-conde-casal/
Maps: https://maps.google.com/?cid=11010154036221773162&g_mp=Cidnb29nbGUubWFwcy5wbGFjZXMudjEuUGxhY2VzLlNlYXJjaFRleHQQAhgEIAA"
cmpcyul7d011qih9ufzgndtvr,The Boxer Club Santa Eugenia,,,The Boxer Club Santa Eugenia,,España,google-maps,atleevobox,NUEVO,MEDIA,,,2026-05-19T18:28:16.729Z,2026-05-19T18:28:16.729Z,https://theboxerclub.es/clubs/boxer-club-santa-eugenia/,"Av. de Santa Eugenia, 6, Villa de Vallecas, 28031 Madrid",Madrid,5,316,https://maps.google.com/?cid=11680289138109686097&g_mp=Cidnb29nbGUubWFwcy5wbGFjZXMudjEuUGxhY2VzLlNlYXJjaFRleHQQAhgEIAA,sports_coaching,OPERATIONAL,"Importado desde Google Maps
Tipo: Sports coaching
Dirección: Av. de Santa Eugenia, 6, Villa de Vallecas, 28031 Madrid
Google: 5⭐ (316 reseñas)
Web: https://theboxerclub.es/clubs/boxer-club-santa-eugenia/
Maps: https://maps.google.com/?cid=11680289138109686097&g_mp=Cidnb29nbGUubWFwcy5wbGFjZXMudjEuUGxhY2VzLlNlYXJjaFRleHQQAhgEIAA"
cmpcyulgo011rih9uycll5t0d,El Origen Thai Martin,,655 42 24 13,El Origen Thai Martin,,España,google-maps,atleevobox,NUEVO,MEDIA,,,2026-05-19T18:28:17.064Z,2026-05-19T18:28:17.064Z,,"C. de Miguel Yuste, 43, San Blas-Canillejas, 28037 Madrid",Madrid,4.4,66,https://maps.google.com/?cid=8351122679178840648&g_mp=Cidnb29nbGUubWFwcy5wbGFjZXMudjEuUGxhY2VzLlNlYXJjaFRleHQQAhgEIAA,sports_coaching,OPERATIONAL,"Importado desde Google Maps
Tipo: Sports coaching
Dirección: C. de Miguel Yuste, 43, San Blas-Canillejas, 28037 Madrid
Google: 4.4⭐ (66 reseñas)
Maps: https://maps.google.com/?cid=8351122679178840648&g_mp=Cidnb29nbGUubWFwcy5wbGFjZXMudjEuUGxhY2VzLlNlYXJjaFRleHQQAhgEIAA"
cmpcyulpm011sih9ux6bf6z8j,Boxeo El Rayo - Carabanchel Ⅰ,,910 78 38 55,Boxeo El Rayo - Carabanchel Ⅰ,,España,google-maps,atleevobox,NUEVO,MEDIA,,,2026-05-19T18:28:17.386Z,2026-05-19T18:28:17.386Z,https://boxeoelrayo.com/localizaciones/boxeo-carabanchel/,"C. Juan Francisco, 12 Bis, Carabanchel, 28025 Madrid",Madrid,5,33,https://maps.google.com/?cid=1472177098597661016&g_mp=Cidnb29nbGUubWFwcy5wbGFjZXMudjEuUGxhY2VzLlNlYXJjaFRleHQQAhgEIAA,sports_coaching,OPERATIONAL,"Importado desde Google Maps
Tipo: Sports coaching
Dirección: C. Juan Francisco, 12 Bis, Carabanchel, 28025 Madrid
Google: 5⭐ (33 reseñas)
Web: https://boxeoelrayo.com/localizaciones/boxeo-carabanchel/
Maps: https://maps.google.com/?cid=1472177098597661016&g_mp=Cidnb29nbGUubWFwcy5wbGFjZXMudjEuUGxhY2VzLlNlYXJjaFRleHQQAhgEIAA"
cmpcyulyn011tih9u37fgxm0h,Morales Box Las Tablas,,696 64 18 71,Morales Box Las Tablas,,España,google-maps,atleevobox,NUEVO,MEDIA,,,2026-05-19T18:28:17.712Z,2026-05-19T18:28:17.712Z,https://moralesbox.com/gimnasio-de-boxeo/clases-de-boxeo-las-tablas/,"Calle Isabel Colbrand 10 Local 60 y 53, Fuencarral-El Pardo, 28050 Madrid",Madrid,4.9,92,https://maps.google.com/?cid=15042310291383056963&g_mp=Cidnb29nbGUubWFwcy5wbGFjZXMudjEuUGxhY2VzLlNlYXJjaFRleHQQAhgEIAA,sports_coaching,OPERATIONAL,"Importado desde Google Maps
Tipo: Sports coaching
Dirección: Calle Isabel Colbrand 10 Local 60 y 53, Fuencarral-El Pardo, 28050 Madrid
Google: 4.9⭐ (92 reseñas)
Web: https://moralesbox.com/gimnasio-de-boxeo/clases-de-boxeo-las-tablas/
Maps: https://maps.google.com/?cid=15042310291383056963&g_mp=Cidnb29nbGUubWFwcy5wbGFjZXMudjEuUGxhY2VzLlNlYXJjaFRleHQQAhgEIAA"
cmpcyum81011uih9uddm0nuqc,Fundadores Boxeo&Crosstraining,,699 43 23 54,Fundadores Boxeo&Crosstraining,,España,google-maps,atleevobox,NUEVO,MEDIA,,,2026-05-19T18:28:18.050Z,2026-05-19T18:28:18.050Z,https://fundadorestrainingclub.com/,"C. de Peyre, 1, Salamanca, 28028 Madrid",Madrid,4.9,77,https://maps.google.com/?cid=17319379232982263991&g_mp=Cidnb29nbGUubWFwcy5wbGFjZXMudjEuUGxhY2VzLlNlYXJjaFRleHQQAhgEIAA,gym,OPERATIONAL,"Importado desde Google Maps
Tipo: Gimnasio
Dirección: C. de Peyre, 1, Salamanca, 28028 Madrid
Google: 4.9⭐ (77 reseñas)
Web: https://fundadorestrainingclub.com/
Maps: https://maps.google.com/?cid=17319379232982263991&g_mp=Cidnb29nbGUubWFwcy5wbGFjZXMudjEuUGxhY2VzLlNlYXJjaFRleHQQAhgEIAA"
cmpcyumhc011vih9uq5nfa5he,Madison Boxing Gym Quevedo,,636 86 51 58,Madison Boxing Gym Quevedo,,España,google-maps,atleevobox,NUEVO,MEDIA,,,2026-05-19T18:28:18.385Z,2026-05-19T18:28:18.385Z,https://madisonboxinggymspain.com/?gclid=CjwKCAjwhYOFBhBkEiwASF3KGSBGPZ2AZTOAML6wkMPAu-dkxH62vIffOHvLS_ll2ighiUThandF4RoCpGwQAvD_BwE,"Calle de Monteleón, 40, Chamberí, 28010 Madrid",Madrid,4.8,72,https://maps.google.com/?cid=10235143622461833510&g_mp=Cidnb29nbGUubWFwcy5wbGFjZXMudjEuUGxhY2VzLlNlYXJjaFRleHQQAhgEIAA,sports_coaching,OPERATIONAL,"Importado desde Google Maps
Tipo: Sports coaching
Dirección: Calle de Monteleón, 40, Chamberí, 28010 Madrid
Google: 4.8⭐ (72 reseñas)
Web: https://madisonboxinggymspain.com/?gclid=CjwKCAjwhYOFBhBkEiwASF3KGSBGPZ2AZTOAML6wkMPAu-dkxH62vIffOHvLS_ll2ighiUThandF4RoCpGwQAvD_BwE
Maps: https://maps.google.com/?cid=10235143622461833510&g_mp=Cidnb29nbGUubWFwcy5wbGFjZXMudjEuUGxhY2VzLlNlYXJjaFRleHQQAhgEIAA"
cmpcyumqi011wih9uyakw5rup,Briales Boxing Club,,912 10 15 48,Briales Boxing Club,,España,google-maps,atleevobox,NUEVO,MEDIA,,,2026-05-19T18:28:18.715Z,2026-05-19T18:28:18.715Z,http://www.brialesboxclub.com/,"C. de Uruguay, 5, Chamartín, 28016 Madrid",Madrid,4.6,46,https://maps.google.com/?cid=6817334801032819547&g_mp=Cidnb29nbGUubWFwcy5wbGFjZXMudjEuUGxhY2VzLlNlYXJjaFRleHQQAhgEIAA,sports_coaching,OPERATIONAL,"Importado desde Google Maps
Tipo: Sports coaching
Dirección: C. de Uruguay, 5, Chamartín, 28016 Madrid
Google: 4.6⭐ (46 reseñas)
Web: http://www.brialesboxclub.com/
Maps: https://maps.google.com/?cid=6817334801032819547&g_mp=Cidnb29nbGUubWFwcy5wbGFjZXMudjEuUGxhY2VzLlNlYXJjaFRleHQQAhgEIAA"
cmpcyumzw011xih9u0jbyf3na,Club Boxeo San Blas,,657 31 04 97,Club Boxeo San Blas,,España,google-maps,atleevobox,NUEVO,MEDIA,,,2026-05-19T18:28:19.053Z,2026-05-19T18:28:19.053Z,,"C. Lucano, 54, San Blas-Canillejas, 28022 Madrid",Madrid,4.9,43,https://maps.google.com/?cid=14326606614306152146&g_mp=Cidnb29nbGUubWFwcy5wbGFjZXMudjEuUGxhY2VzLlNlYXJjaFRleHQQAhgEIAA,gym,OPERATIONAL,"Importado desde Google Maps
Tipo: Gimnasio
Dirección: C. Lucano, 54, San Blas-Canillejas, 28022 Madrid
Google: 4.9⭐ (43 reseñas)
Maps: https://maps.google.com/?cid=14326606614306152146&g_mp=Cidnb29nbGUubWFwcy5wbGFjZXMudjEuUGxhY2VzLlNlYXJjaFRleHQQAhgEIAA"
cmpcyun93011yih9uetxc3of2,Brooklyn Fitboxing Madrid río,,638 37 70 34,Brooklyn Fitboxing Madrid río,,España,google-maps,atleevobox,NUEVO,MEDIA,,,2026-05-19T18:28:19.383Z,2026-05-19T18:28:19.383Z,https://bfclick.com/madrid-rio-gmb,"C. de Toledo, 168, Arganzuela, 28005 Madrid",Madrid,4.9,601,https://maps.google.com/?cid=8045059568520601115&g_mp=Cidnb29nbGUubWFwcy5wbGFjZXMudjEuUGxhY2VzLlNlYXJjaFRleHQQAhgEIAA,gym,OPERATIONAL,"Importado desde Google Maps
Tipo: Gimnasio
Dirección: C. de Toledo, 168, Arganzuela, 28005 Madrid
Google: 4.9⭐ (601 reseñas)
Web: https://bfclick.com/madrid-rio-gmb
Maps: https://maps.google.com/?cid=8045059568520601115&g_mp=Cidnb29nbGUubWFwcy5wbGFjZXMudjEuUGxhY2VzLlNlYXJjaFRleHQQAhgEIAA"
cmpcyuni0011zih9ujp0odbj1,Club Miguel Sanchez,,652 03 33 53,Club Miguel Sanchez,,España,google-maps,atleevobox,NUEVO,MEDIA,,,2026-05-19T18:28:19.704Z,2026-05-19T18:28:19.704Z,,"C. de Villalobos, 125, Puente de Vallecas, 28018 Madrid",Madrid,4.9,77,https://maps.google.com/?cid=17320799790205768255&g_mp=Cidnb29nbGUubWFwcy5wbGFjZXMudjEuUGxhY2VzLlNlYXJjaFRleHQQAhgEIAA,sports_club,OPERATIONAL,"Importado desde Google Maps
Tipo: Club deportivo
Dirección: C. de Villalobos, 125, Puente de Vallecas, 28018 Madrid
Google: 4.9⭐ (77 reseñas)
Maps: https://maps.google.com/?cid=17320799790205768255&g_mp=Cidnb29nbGUubWFwcy5wbGFjZXMudjEuUGxhY2VzLlNlYXJjaFRleHQQAhgEIAA"
cmpcyunr30120ih9ui6tpis4i,Killer Bees Muay Thai College Madrid,,697 23 61 01,Killer Bees Muay Thai College Madrid,,España,google-maps,atleevobox,NUEVO,MEDIA,,,2026-05-19T18:28:20.032Z,2026-05-19T18:28:20.032Z,https://killerbeesmuaythaicollege.com/,"C. del Padre Oltra, 54, Carabanchel, 28025 Madrid",Madrid,5,159,https://maps.google.com/?cid=12841305581675022122&g_mp=Cidnb29nbGUubWFwcy5wbGFjZXMudjEuUGxhY2VzLlNlYXJjaFRleHQQAhgEIAA,sports_coaching,OPERATIONAL,"Importado desde Google Maps
Tipo: Sports coaching
Dirección: C. del Padre Oltra, 54, Carabanchel, 28025 Madrid
Google: 5⭐ (159 reseñas)
Web: https://killerbeesmuaythaicollege.com/
Maps: https://maps.google.com/?cid=12841305581675022122&g_mp=Cidnb29nbGUubWFwcy5wbGFjZXMudjEuUGxhY2VzLlNlYXJjaFRleHQQAhgEIAA"
cmpcyuo070121ih9u9a6dscga,BAM Fitboxing,,,BAM Fitboxing,,España,google-maps,atleevobox,NUEVO,MEDIA,,,2026-05-19T18:28:20.360Z,2026-05-19T18:28:20.360Z,https://linktr.ee/boxingantonmartin,"C. de Juanelo, 18, Centro, 28012 Madrid",Madrid,5,22,https://maps.google.com/?cid=16322701285074425640&g_mp=Cidnb29nbGUubWFwcy5wbGFjZXMudjEuUGxhY2VzLlNlYXJjaFRleHQQAhgEIAA,sports_coaching,OPERATIONAL,"Importado desde Google Maps
Tipo: Sports coaching
Dirección: C. de Juanelo, 18, Centro, 28012 Madrid
Google: 5⭐ (22 reseñas)
Web: https://linktr.ee/boxingantonmartin
Maps: https://maps.google.com/?cid=16322701285074425640&g_mp=Cidnb29nbGUubWFwcy5wbGFjZXMudjEuUGxhY2VzLlNlYXJjaFRleHQQAhgEIAA"
cmpcyuoad0122ih9ulgul10qg,JC FIGHT TEAM,,602 42 16 69,JC FIGHT TEAM,,España,google-maps,atleevobox,NUEVO,MEDIA,,,2026-05-19T18:28:20.726Z,2026-05-19T18:28:20.726Z,http://www.jcfightteam.com/,"C. del Conde de Vistahermosa, 11, Carabanchel, 28019 Madrid",Madrid,4.9,108,https://maps.google.com/?cid=15475575018617431628&g_mp=Cidnb29nbGUubWFwcy5wbGFjZXMudjEuUGxhY2VzLlNlYXJjaFRleHQQAhgEIAA,sports_coaching,OPERATIONAL,"Importado desde Google Maps
Tipo: Sports coaching
Dirección: C. del Conde de Vistahermosa, 11, Carabanchel, 28019 Madrid
Google: 4.9⭐ (108 reseñas)
Web: http://www.jcfightteam.com/
Maps: https://maps.google.com/?cid=15475575018617431628&g_mp=Cidnb29nbGUubWFwcy5wbGFjZXMudjEuUGxhY2VzLlNlYXJjaFRleHQQAhgEIAA"
cmpcyuojc0123ih9u80vde5k5,The Boxer Club Canoe,,,The Boxer Club Canoe,,España,google-maps,atleevobox,NUEVO,MEDIA,,,2026-05-19T18:28:21.049Z,2026-05-19T18:28:21.049Z,https://theboxerclub.es/clubs/boxer-club-canoe/,"C. del Pez Volador, 30, Retiro, 28007 Madrid",Madrid,5,143,https://maps.google.com/?cid=5135932807472395445&g_mp=Cidnb29nbGUubWFwcy5wbGFjZXMudjEuUGxhY2VzLlNlYXJjaFRleHQQAhgEIAA,sports_coaching,OPERATIONAL,"Importado desde Google Maps
Tipo: Sports coaching
Dirección: C. del Pez Volador, 30, Retiro, 28007 Madrid
Google: 5⭐ (143 reseñas)
Web: https://theboxerclub.es/clubs/boxer-club-canoe/
Maps: https://maps.google.com/?cid=5135932807472395445&g_mp=Cidnb29nbGUubWFwcy5wbGFjZXMudjEuUGxhY2VzLlNlYXJjaFRleHQQAhgEIAA"
cmpcyuosh0124ih9utsckfbr4,Brooklyn Fitboxing Avenida de américa,,640 50 09 10,Brooklyn Fitboxing Avenida de américa,,España,google-maps,atleevobox,NUEVO,MEDIA,,,2026-05-19T18:28:21.377Z,2026-05-19T18:28:21.377Z,https://bfclick.com/avenida-de-america-gmb,"C. de Mantuano, 6, Chamartín, 28002 Madrid",Madrid,4.9,396,https://maps.google.com/?cid=2362939322956107848&g_mp=Cidnb29nbGUubWFwcy5wbGFjZXMudjEuUGxhY2VzLlNlYXJjaFRleHQQAhgEIAA,gym,OPERATIONAL,"Importado desde Google Maps
Tipo: Gimnasio
Dirección: C. de Mantuano, 6, Chamartín, 28002 Madrid
Google: 4.9⭐ (396 reseñas)
Web: https://bfclick.com/avenida-de-america-gmb
Maps: https://maps.google.com/?cid=2362939322956107848&g_mp=Cidnb29nbGUubWFwcy5wbGFjZXMudjEuUGxhY2VzLlNlYXJjaFRleHQQAhgEIAA"
cmpcyup1i0125ih9u5c7skizb,Club De Boxeo,,643 13 77 93,Club De Boxeo,,España,google-maps,atleevobox,NUEVO,MEDIA,,,2026-05-19T18:28:21.702Z,2026-05-19T18:28:21.702Z,,"C. Carmen Bordiú, 20, Villaverde, 28021 Madrid",Madrid,4.9,7,https://maps.google.com/?cid=636092845100805636&g_mp=Cidnb29nbGUubWFwcy5wbGFjZXMudjEuUGxhY2VzLlNlYXJjaFRleHQQAhgEIAA,gym,OPERATIONAL,"Importado desde Google Maps
Tipo: Gimnasio
Dirección: C. Carmen Bordiú, 20, Villaverde, 28021 Madrid
Google: 4.9⭐ (7 reseñas)
Maps: https://maps.google.com/?cid=636092845100805636&g_mp=Cidnb29nbGUubWFwcy5wbGFjZXMudjEuUGxhY2VzLlNlYXJjaFRleHQQAhgEIAA"
cmpcyupaj0126ih9um46asoap,Clases particulares de boxeo a domicilio / en el Retiro,,681 80 11 95,Clases particulares de boxeo a domicilio / en el Retiro,,España,google-maps,atleevobox,NUEVO,MEDIA,,,2026-05-19T18:28:22.028Z,2026-05-19T18:28:22.028Z,,"P.º de Fernán Núñez, 4, Retiro, 28009 Madrid",Madrid,4.9,9,https://maps.google.com/?cid=14704763148452733987&g_mp=Cidnb29nbGUubWFwcy5wbGFjZXMudjEuUGxhY2VzLlNlYXJjaFRleHQQAhgEIAA,health,OPERATIONAL,"Importado desde Google Maps
Tipo: Salud y bienestar
Dirección: P.º de Fernán Núñez, 4, Retiro, 28009 Madrid
Google: 4.9⭐ (9 reseñas)
Maps: https://maps.google.com/?cid=14704763148452733987&g_mp=Cidnb29nbGUubWFwcy5wbGFjZXMudjEuUGxhY2VzLlNlYXJjaFRleHQQAhgEIAA"
cmpcyur6d0127ih9uofh58ale,El Club de la Lucha Barcelona,,688 41 44 89,El Club de la Lucha Barcelona,,España,google-maps,atleevobox,NUEVO,MEDIA,,,2026-05-19T18:28:24.470Z,2026-05-19T18:28:24.470Z,http://www.elclubdelaluchabarcelona.com/,"Carrer de Casp, 147, Eixample, 08013 Barcelona",Barcelona,4.9,1479,https://maps.google.com/?cid=5493594645632048238&g_mp=Cidnb29nbGUubWFwcy5wbGFjZXMudjEuUGxhY2VzLlNlYXJjaFRleHQQAhgEIAA,sports_coaching,OPERATIONAL,"Importado desde Google Maps
Tipo: Sports coaching
Dirección: Carrer de Casp, 147, Eixample, 08013 Barcelona
Google: 4.9⭐ (1479 reseñas)
Web: http://www.elclubdelaluchabarcelona.com/
Maps: https://maps.google.com/?cid=5493594645632048238&g_mp=Cidnb29nbGUubWFwcy5wbGFjZXMudjEuUGxhY2VzLlNlYXJjaFRleHQQAhgEIAA"
cmpcyurf80128ih9uf8jro6fp,Entrena en Barcelona,,606 31 61 11,Entrena en Barcelona,,España,google-maps,atleevobox,NUEVO,MEDIA,,,2026-05-19T18:28:24.789Z,2026-05-19T18:28:24.789Z,https://entrenaenbarcelona.com/,"Carrer del Perú, 179, Sant Martí, 08020 Barcelona",Barcelona,4.9,199,https://maps.google.com/?cid=8736651520875258311&g_mp=Cidnb29nbGUubWFwcy5wbGFjZXMudjEuUGxhY2VzLlNlYXJjaFRleHQQAhgEIAA,sports_club,OPERATIONAL,"Importado desde Google Maps
Tipo: Club deportivo
Dirección: Carrer del Perú, 179, Sant Martí, 08020 Barcelona
Google: 4.9⭐ (199 reseñas)
Web: https://entrenaenbarcelona.com/
Maps: https://maps.google.com/?cid=8736651520875258311&g_mp=Cidnb29nbGUubWFwcy5wbGFjZXMudjEuUGxhY2VzLlNlYXJjaFRleHQQAhgEIAA"
cmpcyuroh0129ih9u3138nxjt,No Limits Boxing Barcelona,,637 90 70 16,No Limits Boxing Barcelona,,España,google-maps,atleevobox,NUEVO,MEDIA,,,2026-05-19T18:28:25.122Z,2026-05-19T18:28:25.122Z,http://www.nolimitsboxing.com/,"Carrer de Sardenya, 401, Gràcia, 08025 Barcelona",Barcelona,4.9,485,https://maps.google.com/?cid=5715747572471812484&g_mp=Cidnb29nbGUubWFwcy5wbGFjZXMudjEuUGxhY2VzLlNlYXJjaFRleHQQAhgEIAA,sports_coaching,OPERATIONAL,"Importado desde Google Maps
Tipo: Sports coaching
Dirección: Carrer de Sardenya, 401, Gràcia, 08025 Barcelona
Google: 4.9⭐ (485 reseñas)
Web: http://www.nolimitsboxing.com/
Maps: https://maps.google.com/?cid=5715747572471812484&g_mp=Cidnb29nbGUubWFwcy5wbGFjZXMudjEuUGxhY2VzLlNlYXJjaFRleHQQAhgEIAA"
cmpcyurxi012aih9uw8ny33b4,The House of Boxing by Gallego Prada 360°,,931 12 93 54,The House of Boxing by Gallego Prada 360°,,España,google-maps,atleevobox,NUEVO,MEDIA,,,2026-05-19T18:28:25.446Z,2026-05-19T18:28:25.446Z,https://www.gallegoprada360.com/,"Carrer de Pere IV, 182, Sant Martí, 08005 Barcelona",Barcelona,5,125,https://maps.google.com/?cid=516569582309655766&g_mp=Cidnb29nbGUubWFwcy5wbGFjZXMudjEuUGxhY2VzLlNlYXJjaFRleHQQAhgEIAA,gym,OPERATIONAL,"Importado desde Google Maps
Tipo: Gimnasio
Dirección: Carrer de Pere IV, 182, Sant Martí, 08005 Barcelona
Google: 5⭐ (125 reseñas)
Web: https://www.gallegoprada360.com/
Maps: https://maps.google.com/?cid=516569582309655766&g_mp=Cidnb29nbGUubWFwcy5wbGFjZXMudjEuUGxhY2VzLlNlYXJjaFRleHQQAhgEIAA"
cmpcyus7j012bih9uz5wwp4dz,Gimnasio Puro Impacto Barcelona,,,Gimnasio Puro Impacto Barcelona,,España,google-maps,atleevobox,NUEVO,MEDIA,,,2026-05-19T18:28:25.807Z,2026-05-19T18:28:25.807Z,https://puroimpacto.com/,"Carrer de Puerto Príncipe, 26 - 40, Sant Andreu, 08027 Barcelona",Barcelona,4.8,362,https://maps.google.com/?cid=13003023062914925073&g_mp=Cidnb29nbGUubWFwcy5wbGFjZXMudjEuUGxhY2VzLlNlYXJjaFRleHQQAhgEIAA,gym,OPERATIONAL,"Importado desde Google Maps
Tipo: Gimnasio
Dirección: Carrer de Puerto Príncipe, 26 - 40, Sant Andreu, 08027 Barcelona
Google: 4.8⭐ (362 reseñas)
Web: https://puroimpacto.com/
Maps: https://maps.google.com/?cid=13003023062914925073&g_mp=Cidnb29nbGUubWFwcy5wbGFjZXMudjEuUGxhY2VzLlNlYXJjaFRleHQQAhgEIAA"
cmpcyusgx012cih9utno47dqj,La Verneda Fight Club,,623 17 56 76,La Verneda Fight Club,,España,google-maps,atleevobox,NUEVO,MEDIA,,,2026-05-19T18:28:26.146Z,2026-05-19T18:28:26.146Z,https://lavernedafc.com/,"Carrer de Huelva, 136, Sant Martí, 08020 Barcelona",Barcelona,4.8,728,https://maps.google.com/?cid=15414120198979838312&g_mp=Cidnb29nbGUubWFwcy5wbGFjZXMudjEuUGxhY2VzLlNlYXJjaFRleHQQAhgEIAA,sports_club,OPERATIONAL,"Importado desde Google Maps
Tipo: Club deportivo
Dirección: Carrer de Huelva, 136, Sant Martí, 08020 Barcelona
Google: 4.8⭐ (728 reseñas)
Web: https://lavernedafc.com/
Maps: https://maps.google.com/?cid=15414120198979838312&g_mp=Cidnb29nbGUubWFwcy5wbGFjZXMudjEuUGxhY2VzLlNlYXJjaFRleHQQAhgEIAA"
cmpcyusq8012dih9uu4eysudw,Ilion Boxing Club,,931 39 31 18,Ilion Boxing Club,,España,google-maps,atleevobox,NUEVO,MEDIA,,,2026-05-19T18:28:26.481Z,2026-05-19T18:28:26.481Z,https://ilionboxingclub.es/?utm_source=google&utm_medium=gmb&utm_campaign=gmb&utm_content=profile_website,"Carrer de Novell, 87, 89, Les Corts, 08014 Barcelona",Barcelona,4.9,154,https://maps.google.com/?cid=5520478730590175565&g_mp=Cidnb29nbGUubWFwcy5wbGFjZXMudjEuUGxhY2VzLlNlYXJjaFRleHQQAhgEIAA,sports_club,OPERATIONAL,"Importado desde Google Maps
Tipo: Club deportivo
Dirección: Carrer de Novell, 87, 89, Les Corts, 08014 Barcelona
Google: 4.9⭐ (154 reseñas)
Web: https://ilionboxingclub.es/?utm_source=google&utm_medium=gmb&utm_campaign=gmb&utm_content=profile_website
Maps: https://maps.google.com/?cid=5520478730590175565&g_mp=Cidnb29nbGUubWFwcy5wbGFjZXMudjEuUGxhY2VzLlNlYXJjaFRleHQQAhgEIAA"
cmpcyut0k012eih9utoe10gr7,Karim Entrenador de Boxeo,,626 58 58 51,Karim Entrenador de Boxeo,,España,google-maps,atleevobox,NUEVO,MEDIA,,,2026-05-19T18:28:26.821Z,2026-05-19T18:28:26.821Z,https://clasesboxeo.com/,"Gimnasio XFit, Carrer d'Entença, 102, Eixample, 08015 Barcelona",Barcelona,4.9,104,https://maps.google.com/?cid=4898092461257432228&g_mp=Cidnb29nbGUubWFwcy5wbGFjZXMudjEuUGxhY2VzLlNlYXJjaFRleHQQAhgEIAA,sports_coaching,OPERATIONAL,"Importado desde Google Maps
Tipo: Sports coaching
Dirección: Gimnasio XFit, Carrer d'Entença, 102, Eixample, 08015 Barcelona
Google: 4.9⭐ (104 reseñas)
Web: https://clasesboxeo.com/
Maps: https://maps.google.com/?cid=4898092461257432228&g_mp=Cidnb29nbGUubWFwcy5wbGFjZXMudjEuUGxhY2VzLlNlYXJjaFRleHQQAhgEIAA"
cmpcyut9v012fih9udxkelze0,Boxeo Gran Price,,648 10 76 10,Boxeo Gran Price,,España,google-maps,atleevobox,NUEVO,MEDIA,,,2026-05-19T18:28:27.188Z,2026-05-19T18:28:27.188Z,http://www.boxagranprice.com/,"Carrer d'Aragó, 289, Eixample, 08009 Barcelona",Barcelona,4.7,62,https://maps.google.com/?cid=12768466986226524321&g_mp=Cidnb29nbGUubWFwcy5wbGFjZXMudjEuUGxhY2VzLlNlYXJjaFRleHQQAhgEIAA,sports_club,OPERATIONAL,"Importado desde Google Maps
Tipo: Club deportivo
Dirección: Carrer d'Aragó, 289, Eixample, 08009 Barcelona
Google: 4.7⭐ (62 reseñas)
Web: http://www.boxagranprice.com/
Maps: https://maps.google.com/?cid=12768466986226524321&g_mp=Cidnb29nbGUubWFwcy5wbGFjZXMudjEuUGxhY2VzLlNlYXJjaFRleHQQAhgEIAA"
cmpcyutj4012gih9u812llp5u,The Boxer Club Diagonal,,,The Boxer Club Diagonal,,España,google-maps,atleevobox,NUEVO,MEDIA,,,2026-05-19T18:28:27.521Z,2026-05-19T18:28:27.521Z,https://theboxerclub.es/clubs/boxer-club-diagonal/,"Carrer de Mallorca, 318, Eixample, 08037 Barcelona",Barcelona,4.9,110,https://maps.google.com/?cid=13282231603000448619&g_mp=Cidnb29nbGUubWFwcy5wbGFjZXMudjEuUGxhY2VzLlNlYXJjaFRleHQQAhgEIAA,sports_coaching,OPERATIONAL,"Importado desde Google Maps
Tipo: Sports coaching
Dirección: Carrer de Mallorca, 318, Eixample, 08037 Barcelona
Google: 4.9⭐ (110 reseñas)
Web: https://theboxerclub.es/clubs/boxer-club-diagonal/
Maps: https://maps.google.com/?cid=13282231603000448619&g_mp=Cidnb29nbGUubWFwcy5wbGFjZXMudjEuUGxhY2VzLlNlYXJjaFRleHQQAhgEIAA"
cmpcyutsk012hih9uktbha1nw,DKSR Gimnasio Barcelona,,690 10 79 93,DKSR Gimnasio Barcelona,,España,google-maps,atleevobox,NUEVO,MEDIA,,,2026-05-19T18:28:27.860Z,2026-05-19T18:28:27.860Z,http://www.dksr.es/,"Carrer de Salvà, 17, bajos, Sants-Montjuïc, 08004 Barcelona",Barcelona,4.3,137,https://maps.google.com/?cid=8189475502785849754&g_mp=Cidnb29nbGUubWFwcy5wbGFjZXMudjEuUGxhY2VzLlNlYXJjaFRleHQQAhgEIAA,sports_coaching,OPERATIONAL,"Importado desde Google Maps
Tipo: Sports coaching
Dirección: Carrer de Salvà, 17, bajos, Sants-Montjuïc, 08004 Barcelona
Google: 4.3⭐ (137 reseñas)
Web: http://www.dksr.es/
Maps: https://maps.google.com/?cid=8189475502785849754&g_mp=Cidnb29nbGUubWFwcy5wbGFjZXMudjEuUGxhY2VzLlNlYXJjaFRleHQQAhgEIAA"
cmpcyuu1n012iih9uzcwl08j5,Royal Boxing Club,,614 24 41 02,Royal Boxing Club,,España,google-maps,atleevobox,NUEVO,MEDIA,,,2026-05-19T18:28:28.188Z,2026-05-19T18:28:28.188Z,https://www.royalboxingclub.com/,"Carrer del Camp, 37, Sarrià-Sant Gervasi, 08022 Barcelona",Barcelona,4.9,50,https://maps.google.com/?cid=15977627112400547786&g_mp=Cidnb29nbGUubWFwcy5wbGFjZXMudjEuUGxhY2VzLlNlYXJjaFRleHQQAhgEIAA,gym,OPERATIONAL,"Importado desde Google Maps
Tipo: Gimnasio
Dirección: Carrer del Camp, 37, Sarrià-Sant Gervasi, 08022 Barcelona
Google: 4.9⭐ (50 reseñas)
Web: https://www.royalboxingclub.com/
Maps: https://maps.google.com/?cid=15977627112400547786&g_mp=Cidnb29nbGUubWFwcy5wbGFjZXMudjEuUGxhY2VzLlNlYXJjaFRleHQQAhgEIAA"
cmpcyuub6012jih9uhx9wq25d,Red Corner. Combat club,,614 93 63 57,Red Corner. Combat club,,España,google-maps,atleevobox,NUEVO,MEDIA,,,2026-05-19T18:28:28.530Z,2026-05-19T18:28:28.530Z,https://www.redcorner.club/index.htm,"Carrer de Sepúlveda, 139, Eixample, 08011 Barcelona",Barcelona,5,62,https://maps.google.com/?cid=1592266784278076276&g_mp=Cidnb29nbGUubWFwcy5wbGFjZXMudjEuUGxhY2VzLlNlYXJjaFRleHQQAhgEIAA,sports_club,OPERATIONAL,"Importado desde Google Maps
Tipo: Club deportivo
Dirección: Carrer de Sepúlveda, 139, Eixample, 08011 Barcelona
Google: 5⭐ (62 reseñas)
Web: https://www.redcorner.club/index.htm
Maps: https://maps.google.com/?cid=1592266784278076276&g_mp=Cidnb29nbGUubWFwcy5wbGFjZXMudjEuUGxhY2VzLlNlYXJjaFRleHQQAhgEIAA"
cmpcyuunw012kih9u2sh1d8t0,Esport Rogent,,932 45 70 99,Esport Rogent,,España,google-maps,atleevobox,NUEVO,MEDIA,,,2026-05-19T18:28:28.989Z,2026-05-19T18:28:28.989Z,https://esportrogent.es/,"Carrer de Rogent, 11, Sant Martí, 08026 Barcelona",Barcelona,4.8,313,https://maps.google.com/?cid=3818785584940072750&g_mp=Cidnb29nbGUubWFwcy5wbGFjZXMudjEuUGxhY2VzLlNlYXJjaFRleHQQAhgEIAA,gym,OPERATIONAL,"Importado desde Google Maps
Tipo: Gimnasio
Dirección: Carrer de Rogent, 11, Sant Martí, 08026 Barcelona
Google: 4.8⭐ (313 reseñas)
Web: https://esportrogent.es/
Maps: https://maps.google.com/?cid=3818785584940072750&g_mp=Cidnb29nbGUubWFwcy5wbGFjZXMudjEuUGxhY2VzLlNlYXJjaFRleHQQAhgEIAA"
cmpcyuuxa012lih9ubq95g9xi,Team Muntane,,647 62 11 75,Team Muntane,,España,google-maps,atleevobox,NUEVO,MEDIA,,,2026-05-19T18:28:29.326Z,2026-05-19T18:28:29.326Z,https://muntaneteam.wodbuster.com/invitado.aspx,"Travessera de Gràcia, 419, Horta-Guinardó, 08025 Barcelona",Barcelona,5,180,https://maps.google.com/?cid=10057546309189628079&g_mp=Cidnb29nbGUubWFwcy5wbGFjZXMudjEuUGxhY2VzLlNlYXJjaFRleHQQAhgEIAA,sports_coaching,OPERATIONAL,"Importado desde Google Maps
Tipo: Sports coaching
Dirección: Travessera de Gràcia, 419, Horta-Guinardó, 08025 Barcelona
Google: 5⭐ (180 reseñas)
Web: https://muntaneteam.wodbuster.com/invitado.aspx
Maps: https://maps.google.com/?cid=10057546309189628079&g_mp=Cidnb29nbGUubWFwcy5wbGFjZXMudjEuUGxhY2VzLlNlYXJjaFRleHQQAhgEIAA"
cmpcyuv6h012mih9u1mz7c69q,BOXFIT BARCELONA PERSONAL TRAINING,,661 28 68 71,BOXFIT BARCELONA PERSONAL TRAINING,,España,google-maps,atleevobox,NUEVO,MEDIA,,,2026-05-19T18:28:29.657Z,2026-05-19T18:28:29.657Z,http://www.boxfitbarcelona.com/,"Carrer de Martínez de la Rosa, 46, Gràcia, 08012 Barcelona",Barcelona,4.9,391,https://maps.google.com/?cid=1268485293006082115&g_mp=Cidnb29nbGUubWFwcy5wbGFjZXMudjEuUGxhY2VzLlNlYXJjaFRleHQQAhgEIAA,fitness_center,OPERATIONAL,"Importado desde Google Maps
Tipo: Centro deportivo
Dirección: Carrer de Martínez de la Rosa, 46, Gràcia, 08012 Barcelona
Google: 4.9⭐ (391 reseñas)
Web: http://www.boxfitbarcelona.com/
Maps: https://maps.google.com/?cid=1268485293006082115&g_mp=Cidnb29nbGUubWFwcy5wbGFjZXMudjEuUGxhY2VzLlNlYXJjaFRleHQQAhgEIAA"
cmpcyuvfm012nih9unjwhvcth,Club de boxeo Iberia,,631 62 78 18,Club de boxeo Iberia,,España,google-maps,atleevobox,NUEVO,MEDIA,,,2026-05-19T18:28:29.986Z,2026-05-19T18:28:29.986Z,https://clubdeboxaiberia.com/,"Carrer del Segre, 71, Sant Andreu, 08030 Barcelona",Barcelona,4.9,97,https://maps.google.com/?cid=13310616460273218818&g_mp=Cidnb29nbGUubWFwcy5wbGFjZXMudjEuUGxhY2VzLlNlYXJjaFRleHQQAhgEIAA,sports_club,OPERATIONAL,"Importado desde Google Maps
Tipo: Club deportivo
Dirección: Carrer del Segre, 71, Sant Andreu, 08030 Barcelona
Google: 4.9⭐ (97 reseñas)
Web: https://clubdeboxaiberia.com/
Maps: https://maps.google.com/?cid=13310616460273218818&g_mp=Cidnb29nbGUubWFwcy5wbGFjZXMudjEuUGxhY2VzLlNlYXJjaFRleHQQAhgEIAA"
cmpcyuvp0012oih9u76zlm2b5,Club de boxa Red bird,,660 39 19 38,Club de boxa Red bird,,España,google-maps,atleevobox,NUEVO,MEDIA,,,2026-05-19T18:28:30.324Z,2026-05-19T18:28:30.324Z,,"Carrer de l'Escultor Llimona, 42, Nou Barris, 08031 Barcelona",Barcelona,4.9,57,https://maps.google.com/?cid=15943546112568508911&g_mp=Cidnb29nbGUubWFwcy5wbGFjZXMudjEuUGxhY2VzLlNlYXJjaFRleHQQAhgEIAA,sports_club,OPERATIONAL,"Importado desde Google Maps
Tipo: Club deportivo
Dirección: Carrer de l'Escultor Llimona, 42, Nou Barris, 08031 Barcelona
Google: 4.9⭐ (57 reseñas)
Maps: https://maps.google.com/?cid=15943546112568508911&g_mp=Cidnb29nbGUubWFwcy5wbGFjZXMudjEuUGxhY2VzLlNlYXJjaFRleHQQAhgEIAA"
cmpcyuvy4012pih9u47jr7pfw,Elite Box Team,,661 59 47 34,Elite Box Team,,España,google-maps,atleevobox,NUEVO,MEDIA,,,2026-05-19T18:28:30.653Z,2026-05-19T18:28:30.653Z,http://www.eliteboxteam.com/,"Carrer del Comte d'Urgell, 77, Eixample, 08011 Barcelona",Barcelona,5,42,https://maps.google.com/?cid=11040054995542842664&g_mp=Cidnb29nbGUubWFwcy5wbGFjZXMudjEuUGxhY2VzLlNlYXJjaFRleHQQAhgEIAA,fitness_center,OPERATIONAL,"Importado desde Google Maps
Tipo: Centro deportivo
Dirección: Carrer del Comte d'Urgell, 77, Eixample, 08011 Barcelona
Google: 5⭐ (42 reseñas)
Web: http://www.eliteboxteam.com/
Maps: https://maps.google.com/?cid=11040054995542842664&g_mp=Cidnb29nbGUubWFwcy5wbGFjZXMudjEuUGxhY2VzLlNlYXJjaFRleHQQAhgEIAA"
cmpcyuw7c012qih9u6iej2ziq,BARRIO BRAVO / Club de Boxeo,,623 99 01 49,BARRIO BRAVO / Club de Boxeo,,España,google-maps,atleevobox,NUEVO,MEDIA,,,2026-05-19T18:28:30.984Z,2026-05-19T18:28:30.984Z,https://www.barriobravo.es/,"Carrer de València, 617, baxos 2, Sant Martí, 08026 Barcelona",Barcelona,5,31,https://maps.google.com/?cid=5596230971153267404&g_mp=Cidnb29nbGUubWFwcy5wbGFjZXMudjEuUGxhY2VzLlNlYXJjaFRleHQQAhgEIAA,sports_club,OPERATIONAL,"Importado desde Google Maps
Tipo: Club deportivo
Dirección: Carrer de València, 617, baxos 2, Sant Martí, 08026 Barcelona
Google: 5⭐ (31 reseñas)
Web: https://www.barriobravo.es/
Maps: https://maps.google.com/?cid=5596230971153267404&g_mp=Cidnb29nbGUubWFwcy5wbGFjZXMudjEuUGxhY2VzLlNlYXJjaFRleHQQAhgEIAA"
cmpcyuwgs012rih9ufwbgw0qn,SHOCK BOXING GYM,,,SHOCK BOXING GYM,,España,google-maps,atleevobox,NUEVO,MEDIA,,,2026-05-19T18:28:31.324Z,2026-05-19T18:28:31.324Z,https://www.shockboxinggym.com/,"Carrer de Violant d'Hongria Reina d'Aragó, 51, Sants-Montjuïc, 08028 Barcelona",Barcelona,4.6,55,https://maps.google.com/?cid=12838912821704035992&g_mp=Cidnb29nbGUubWFwcy5wbGFjZXMudjEuUGxhY2VzLlNlYXJjaFRleHQQAhgEIAA,gym,OPERATIONAL,"Importado desde Google Maps
Tipo: Gimnasio
Dirección: Carrer de Violant d'Hongria Reina d'Aragó, 51, Sants-Montjuïc, 08028 Barcelona
Google: 4.6⭐ (55 reseñas)
Web: https://www.shockboxinggym.com/
Maps: https://maps.google.com/?cid=12838912821704035992&g_mp=Cidnb29nbGUubWFwcy5wbGFjZXMudjEuUGxhY2VzLlNlYXJjaFRleHQQAhgEIAA"
cmpcyuwpy012sih9umg9pazat,Gimnasio Club Boxeo Barcelona,,,Gimnasio Club Boxeo Barcelona,,España,google-maps,atleevobox,NUEVO,MEDIA,,,2026-05-19T18:28:31.655Z,2026-05-19T18:28:31.655Z,,"Carrer Horitzontal, 44, Nou Barris, 08016 Barcelona",Barcelona,4.7,14,https://maps.google.com/?cid=7093001197943487454&g_mp=Cidnb29nbGUubWFwcy5wbGFjZXMudjEuUGxhY2VzLlNlYXJjaFRleHQQAhgEIAA,gym,OPERATIONAL,"Importado desde Google Maps
Tipo: Gimnasio
Dirección: Carrer Horitzontal, 44, Nou Barris, 08016 Barcelona
Google: 4.7⭐ (14 reseñas)
Maps: https://maps.google.com/?cid=7093001197943487454&g_mp=Cidnb29nbGUubWFwcy5wbGFjZXMudjEuUGxhY2VzLlNlYXJjaFRleHQQAhgEIAA"
cmpcyuwz8012tih9uunzg3p3t,Club de Boxa Sant Gervasi,,934 81 42 14,Club de Boxa Sant Gervasi,,España,google-maps,atleevobox,NUEVO,MEDIA,,,2026-05-19T18:28:31.988Z,2026-05-19T18:28:31.988Z,http://www.boxasantgervasi.com/,"Carrer de Marià Cubí, 10-22, Sarrià-Sant Gervasi, 08006 Barcelona",Barcelona,4.6,52,https://maps.google.com/?cid=17044988221677181679&g_mp=Cidnb29nbGUubWFwcy5wbGFjZXMudjEuUGxhY2VzLlNlYXJjaFRleHQQAhgEIAA,sports_club,OPERATIONAL,"Importado desde Google Maps
Tipo: Club deportivo
Dirección: Carrer de Marià Cubí, 10-22, Sarrià-Sant Gervasi, 08006 Barcelona
Google: 4.6⭐ (52 reseñas)
Web: http://www.boxasantgervasi.com/
Maps: https://maps.google.com/?cid=17044988221677181679&g_mp=Cidnb29nbGUubWFwcy5wbGFjZXMudjEuUGxhY2VzLlNlYXJjaFRleHQQAhgEIAA"
cmpcyux8k012uih9us3xbcnz2,Brooklyn Fitboxing Marina,,608 26 50 97,Brooklyn Fitboxing Marina,,España,google-maps,atleevobox,NUEVO,MEDIA,,,2026-05-19T18:28:32.325Z,2026-05-19T18:28:32.325Z,https://bfclick.com/marina-barcelona-gmb,"Carrer d'Ausiàs Marc, 145, Eixample, 08013 Barcelona",Barcelona,4.9,316,https://maps.google.com/?cid=2481687147308944877&g_mp=Cidnb29nbGUubWFwcy5wbGFjZXMudjEuUGxhY2VzLlNlYXJjaFRleHQQAhgEIAA,gym,OPERATIONAL,"Importado desde Google Maps
Tipo: Gimnasio
Dirección: Carrer d'Ausiàs Marc, 145, Eixample, 08013 Barcelona
Google: 4.9⭐ (316 reseñas)
Web: https://bfclick.com/marina-barcelona-gmb
Maps: https://maps.google.com/?cid=2481687147308944877&g_mp=Cidnb29nbGUubWFwcy5wbGFjZXMudjEuUGxhY2VzLlNlYXJjaFRleHQQAhgEIAA"
cmpcyuxil012vih9umrdefbyi,GOLDEN KYU SARRIÀ - Artes marciales - Kick Boxing - Fit Boxing en Barcelona (Sarrià - Sant Gervasi),,935 11 19 54,GOLDEN KYU SARRIÀ - Artes marciales - Kick Boxing - Fit Boxing en Barcelona (Sarrià - Sant Gervasi),,España,google-maps,atleevobox,NUEVO,MEDIA,,,2026-05-19T18:28:32.685Z,2026-05-19T18:28:32.685Z,https://goldenkyu.com/,"Ronda del General Mitre, 23, Sarrià-Sant Gervasi, 08017 Barcelona",Barcelona,4.9,307,https://maps.google.com/?cid=4949523968370475246&g_mp=Cidnb29nbGUubWFwcy5wbGFjZXMudjEuUGxhY2VzLlNlYXJjaFRleHQQAhgEIAA,sports_school,OPERATIONAL,"Importado desde Google Maps
Tipo: Escuela deportiva
Dirección: Ronda del General Mitre, 23, Sarrià-Sant Gervasi, 08017 Barcelona
Google: 4.9⭐ (307 reseñas)
Web: https://goldenkyu.com/
Maps: https://maps.google.com/?cid=4949523968370475246&g_mp=Cidnb29nbGUubWFwcy5wbGFjZXMudjEuUGxhY2VzLlNlYXJjaFRleHQQAhgEIAA"
cmpcyuxs9012wih9u7558t3oy,Brooklyn Fitboxing,,651 50 97 79,Brooklyn Fitboxing,,España,google-maps,atleevobox,NUEVO,MEDIA,,,2026-05-19T18:28:33.033Z,2026-05-19T18:28:33.033Z,https://bfclick.com/les-corts-gmb,"Carrer de Joan Güell, 220, Les Corts, 08028 Barcelona",Barcelona,5,350,https://maps.google.com/?cid=9651529154292881622&g_mp=Cidnb29nbGUubWFwcy5wbGFjZXMudjEuUGxhY2VzLlNlYXJjaFRleHQQAhgEIAA,gym,OPERATIONAL,"Importado desde Google Maps
Tipo: Gimnasio
Dirección: Carrer de Joan Güell, 220, Les Corts, 08028 Barcelona
Google: 5⭐ (350 reseñas)
Web: https://bfclick.com/les-corts-gmb
Maps: https://maps.google.com/?cid=9651529154292881622&g_mp=Cidnb29nbGUubWFwcy5wbGFjZXMudjEuUGxhY2VzLlNlYXJjaFRleHQQAhgEIAA"
cmpcyuy1j012xih9u0is03x7k,GOLDEN KYU LES CORTS | Artes marciales - Kick Boxing - Entrenamiento Personal,,932 50 30 20,GOLDEN KYU LES CORTS | Artes marciales - Kick Boxing - Entrenamiento Personal,,España,google-maps,atleevobox,NUEVO,MEDIA,,,2026-05-19T18:28:33.368Z,2026-05-19T18:28:33.368Z,http://www.goldenkyu.com/,"Carrer de Nicaragua, 78-82, Les Corts, 08029 Barcelona",Barcelona,4.9,243,https://maps.google.com/?cid=14247098507788551731&g_mp=Cidnb29nbGUubWFwcy5wbGFjZXMudjEuUGxhY2VzLlNlYXJjaFRleHQQAhgEIAA,sports_school,OPERATIONAL,"Importado desde Google Maps
Tipo: Escuela deportiva
Dirección: Carrer de Nicaragua, 78-82, Les Corts, 08029 Barcelona
Google: 4.9⭐ (243 reseñas)
Web: http://www.goldenkyu.com/
Maps: https://maps.google.com/?cid=14247098507788551731&g_mp=Cidnb29nbGUubWFwcy5wbGFjZXMudjEuUGxhY2VzLlNlYXJjaFRleHQQAhgEIAA"
cmpcyuybg012yih9u4u917kqf,Brooklyn Fitboxing Gracia,,608 26 50 97,Brooklyn Fitboxing Gracia,,España,google-maps,atleevobox,NUEVO,MEDIA,,,2026-05-19T18:28:33.725Z,2026-05-19T18:28:33.725Z,https://bfclick.com/gracia-gmb,"Carrer Gran de Gràcia, 13, Gràcia, 08012 Barcelona",Barcelona,4.7,243,https://maps.google.com/?cid=1961939487117602565&g_mp=Cidnb29nbGUubWFwcy5wbGFjZXMudjEuUGxhY2VzLlNlYXJjaFRleHQQAhgEIAA,gym,OPERATIONAL,"Importado desde Google Maps
Tipo: Gimnasio
Dirección: Carrer Gran de Gràcia, 13, Gràcia, 08012 Barcelona
Google: 4.7⭐ (243 reseñas)
Web: https://bfclick.com/gracia-gmb
Maps: https://maps.google.com/?cid=1961939487117602565&g_mp=Cidnb29nbGUubWFwcy5wbGFjZXMudjEuUGxhY2VzLlNlYXJjaFRleHQQAhgEIAA"
cmpcyuykw012zih9up3fxiz0l,CLUB DE BOXA SANT ADRIA,,934 62 04 82,CLUB DE BOXA SANT ADRIA,,España,google-maps,atleevobox,NUEVO,MEDIA,,,2026-05-19T18:28:34.065Z,2026-05-19T18:28:34.065Z,,"Carrer de Maragall, 29, 08930 Sant Adrià de Besòs, Barcelona",Barcelona,4.7,90,https://maps.google.com/?cid=15218195460070310452&g_mp=Cidnb29nbGUubWFwcy5wbGFjZXMudjEuUGxhY2VzLlNlYXJjaFRleHQQAhgEIAA,sports_club,OPERATIONAL,"Importado desde Google Maps
Tipo: Club deportivo
Dirección: Carrer de Maragall, 29, 08930 Sant Adrià de Besòs, Barcelona
Google: 4.7⭐ (90 reseñas)
Maps: https://maps.google.com/?cid=15218195460070310452&g_mp=Cidnb29nbGUubWFwcy5wbGFjZXMudjEuUGxhY2VzLlNlYXJjaFRleHQQAhgEIAA"
cmpcyuytz0130ih9uj9kkp887,Templum,,936 33 81 31,Templum,,España,google-maps,atleevobox,NUEVO,MEDIA,,,2026-05-19T18:28:34.391Z,2026-05-19T18:28:34.391Z,http://www.templumbcn.com/,"Carrer d'Entença, 113, Eixample, 08015 Barcelona",Barcelona,4.7,256,https://maps.google.com/?cid=7296743609041840252&g_mp=Cidnb29nbGUubWFwcy5wbGFjZXMudjEuUGxhY2VzLlNlYXJjaFRleHQQAhgEIAA,sports_school,OPERATIONAL,"Importado desde Google Maps
Tipo: Escuela deportiva
Dirección: Carrer d'Entença, 113, Eixample, 08015 Barcelona
Google: 4.7⭐ (256 reseñas)
Web: http://www.templumbcn.com/
Maps: https://maps.google.com/?cid=7296743609041840252&g_mp=Cidnb29nbGUubWFwcy5wbGFjZXMudjEuUGxhY2VzLlNlYXJjaFRleHQQAhgEIAA"
cmpcyuz340131ih9u0o881edg,Troopers (Fitboxing / Boxing),,690 02 56 25,Troopers (Fitboxing / Boxing),,España,google-maps,atleevobox,NUEVO,MEDIA,,,2026-05-19T18:28:34.721Z,2026-05-19T18:28:34.721Z,http://www.troopersfitboxing.com/,"Av. de Josep Tarradellas, 31, Sants-Montjuïc, 08029 Barcelona",Barcelona,4.7,189,https://maps.google.com/?cid=14141724040744925078&g_mp=Cidnb29nbGUubWFwcy5wbGFjZXMudjEuUGxhY2VzLlNlYXJjaFRleHQQAhgEIAA,gym,OPERATIONAL,"Importado desde Google Maps
Tipo: Gimnasio
Dirección: Av. de Josep Tarradellas, 31, Sants-Montjuïc, 08029 Barcelona
Google: 4.7⭐ (189 reseñas)
Web: http://www.troopersfitboxing.com/
Maps: https://maps.google.com/?cid=14141724040744925078&g_mp=Cidnb29nbGUubWFwcy5wbGFjZXMudjEuUGxhY2VzLlNlYXJjaFRleHQQAhgEIAA"
cmpcyuzd00132ih9utgbi2959,Sport Center Les Corts | Gimnasio,,618 55 71 97,Sport Center Les Corts | Gimnasio,,España,google-maps,atleevobox,NUEVO,MEDIA,,,2026-05-19T18:28:35.077Z,2026-05-19T18:28:35.077Z,http://www.lescorts235.com/,"Travessera de les Corts, 235, Les Corts, 08028 Barcelona",Barcelona,4.9,206,https://maps.google.com/?cid=5850427513028513774&g_mp=Cidnb29nbGUubWFwcy5wbGFjZXMudjEuUGxhY2VzLlNlYXJjaFRleHQQAhgEIAA,sports_school,OPERATIONAL,"Importado desde Google Maps
Tipo: Escuela deportiva
Dirección: Travessera de les Corts, 235, Les Corts, 08028 Barcelona
Google: 4.9⭐ (206 reseñas)
Web: http://www.lescorts235.com/
Maps: https://maps.google.com/?cid=5850427513028513774&g_mp=Cidnb29nbGUubWFwcy5wbGFjZXMudjEuUGxhY2VzLlNlYXJjaFRleHQQAhgEIAA"
cmpcyuzm00133ih9u7dpcfgae,"Estilo MMA Barcelona - Tienda de Boxeo, Muay Thai, MMA y BJJ",,609 03 00 32,"Estilo MMA Barcelona - Tienda de Boxeo, Muay Thai, MMA y BJJ",,España,google-maps,atleevobox,NUEVO,MEDIA,,,2026-05-19T18:28:35.401Z,2026-05-19T18:28:35.401Z,https://www.estilomma.com/landing/barcelona/?utm_source=google&utm_medium=local&utm_campaign=local,"Carrer de Galileu, 138, Sants-Montjuïc, 08028 Barcelona",Barcelona,4.7,734,https://maps.google.com/?cid=2691525114938247122&g_mp=Cidnb29nbGUubWFwcy5wbGFjZXMudjEuUGxhY2VzLlNlYXJjaFRleHQQAhgEIAA,sporting_goods_store,OPERATIONAL,"Importado desde Google Maps
Tipo: Tienda de deportes
Dirección: Carrer de Galileu, 138, Sants-Montjuïc, 08028 Barcelona
Google: 4.7⭐ (734 reseñas)
Web: https://www.estilomma.com/landing/barcelona/?utm_source=google&utm_medium=local&utm_campaign=local
Maps: https://maps.google.com/?cid=2691525114938247122&g_mp=Cidnb29nbGUubWFwcy5wbGFjZXMudjEuUGxhY2VzLlNlYXJjaFRleHQQAhgEIAA"
cmpcyuzzu0134ih9u9kw5y4za,XFit,,935 13 19 53,XFit,,España,google-maps,atleevobox,NUEVO,MEDIA,,,2026-05-19T18:28:35.898Z,2026-05-19T18:28:35.898Z,https://xfit.com.es/,"Carrer d'Entença, 102, baixos, Eixample, 08015 Barcelona",Barcelona,4.7,570,https://maps.google.com/?cid=6161752671388872501&g_mp=Cidnb29nbGUubWFwcy5wbGFjZXMudjEuUGxhY2VzLlNlYXJjaFRleHQQAhgEIAA,gym,OPERATIONAL,"Importado desde Google Maps
Tipo: Gimnasio
Dirección: Carrer d'Entença, 102, baixos, Eixample, 08015 Barcelona
Google: 4.7⭐ (570 reseñas)
Web: https://xfit.com.es/
Maps: https://maps.google.com/?cid=6161752671388872501&g_mp=Cidnb29nbGUubWFwcy5wbGFjZXMudjEuUGxhY2VzLlNlYXJjaFRleHQQAhgEIAA"
cmpcyv0970135ih9u8j9p91qf,Arts Marcials - Warriors Barcelona,,933 28 35 66,Arts Marcials - Warriors Barcelona,,España,google-maps,atleevobox,NUEVO,MEDIA,,,2026-05-19T18:28:36.235Z,2026-05-19T18:28:36.235Z,https://warriorsbarcelona.com/,"Gran Via de les Corts Catalanes, 431, Eixample, 08015 Barcelona",Barcelona,4.8,218,https://maps.google.com/?cid=3038105357398232087&g_mp=Cidnb29nbGUubWFwcy5wbGFjZXMudjEuUGxhY2VzLlNlYXJjaFRleHQQAhgEIAA,sports_school,OPERATIONAL,"Importado desde Google Maps
Tipo: Escuela deportiva
Dirección: Gran Via de les Corts Catalanes, 431, Eixample, 08015 Barcelona
Google: 4.8⭐ (218 reseñas)
Web: https://warriorsbarcelona.com/
Maps: https://maps.google.com/?cid=3038105357398232087&g_mp=Cidnb29nbGUubWFwcy5wbGFjZXMudjEuUGxhY2VzLlNlYXJjaFRleHQQAhgEIAA"
cmpcyv0ia0136ih9uleodbjuo,Artes Marciales Barcelona - Mugendo Sant Pau,,609 43 63 75,Artes Marciales Barcelona - Mugendo Sant Pau,,España,google-maps,atleevobox,NUEVO,MEDIA,,,2026-05-19T18:28:36.562Z,2026-05-19T18:28:36.562Z,http://mugendosantpau.cat/,"Carrer de Villar, 87-89, Horta-Guinardó, 08041 Barcelona",Barcelona,4.9,263,https://maps.google.com/?cid=18259267350799113887&g_mp=Cidnb29nbGUubWFwcy5wbGFjZXMudjEuUGxhY2VzLlNlYXJjaFRleHQQAhgEIAA,sports_school,OPERATIONAL,"Importado desde Google Maps
Tipo: Escuela deportiva
Dirección: Carrer de Villar, 87-89, Horta-Guinardó, 08041 Barcelona
Google: 4.9⭐ (263 reseñas)
Web: http://mugendosantpau.cat/
Maps: https://maps.google.com/?cid=18259267350799113887&g_mp=Cidnb29nbGUubWFwcy5wbGFjZXMudjEuUGxhY2VzLlNlYXJjaFRleHQQAhgEIAA"
cmpcyv0re0137ih9uxz1wq25l,LCS Jungle,,933 39 22 10,LCS Jungle,,España,google-maps,atleevobox,NUEVO,MEDIA,,,2026-05-19T18:28:36.890Z,2026-05-19T18:28:36.890Z,https://lcsjungle.com/boxing-les-corts/,"Carrer Maria Barrientos, 18, Les Corts, 08028 Barcelona",Barcelona,4.8,22,https://maps.google.com/?cid=2555435718186000350&g_mp=Cidnb29nbGUubWFwcy5wbGFjZXMudjEuUGxhY2VzLlNlYXJjaFRleHQQAhgEIAA,sports_coaching,OPERATIONAL,"Importado desde Google Maps
Tipo: Sports coaching
Dirección: Carrer Maria Barrientos, 18, Les Corts, 08028 Barcelona
Google: 4.8⭐ (22 reseñas)
Web: https://lcsjungle.com/boxing-les-corts/
Maps: https://maps.google.com/?cid=2555435718186000350&g_mp=Cidnb29nbGUubWFwcy5wbGFjZXMudjEuUGxhY2VzLlNlYXJjaFRleHQQAhgEIAA"
cmpcyv16e0138ih9uaojv4rzp,Legends R Born,,,Legends R Born,,España,google-maps,atleevobox,NUEVO,MEDIA,,,2026-05-19T18:28:37.430Z,2026-05-19T18:28:37.430Z,https://www.instagram.com/legends.r.born/,"Carrer de la Fusina, 11, Ciutat Vella, 08003 Barcelona",Barcelona,4.5,30,https://maps.google.com/?cid=12834656956676181250&g_mp=Cidnb29nbGUubWFwcy5wbGFjZXMudjEuUGxhY2VzLlNlYXJjaFRleHQQAhgEIAA,sports_coaching,OPERATIONAL,"Importado desde Google Maps
Tipo: Sports coaching
Dirección: Carrer de la Fusina, 11, Ciutat Vella, 08003 Barcelona
Google: 4.5⭐ (30 reseñas)
Web: https://www.instagram.com/legends.r.born/
Maps: https://maps.google.com/?cid=12834656956676181250&g_mp=Cidnb29nbGUubWFwcy5wbGFjZXMudjEuUGxhY2VzLlNlYXJjaFRleHQQAhgEIAA"
cmpcyv1fl0139ih9uttqesk93,Jambox Eixample,,937 42 74 13,Jambox Eixample,,España,google-maps,atleevobox,NUEVO,MEDIA,,,2026-05-19T18:28:37.761Z,2026-05-19T18:28:37.761Z,https://www.dir.cat/es/club-de-boxeo/barcelona/jambox-eixample,"Carrer del Comte Borrell, 238, Eixample, 08029 Barcelona",Barcelona,4,74,https://maps.google.com/?cid=15640129775317374959&g_mp=Cidnb29nbGUubWFwcy5wbGFjZXMudjEuUGxhY2VzLlNlYXJjaFRleHQQAhgEIAA,sports_club,OPERATIONAL,"Importado desde Google Maps
Tipo: Club deportivo
Dirección: Carrer del Comte Borrell, 238, Eixample, 08029 Barcelona
Google: 4⭐ (74 reseñas)
Web: https://www.dir.cat/es/club-de-boxeo/barcelona/jambox-eixample
Maps: https://maps.google.com/?cid=15640129775317374959&g_mp=Cidnb29nbGUubWFwcy5wbGFjZXMudjEuUGxhY2VzLlNlYXJjaFRleHQQAhgEIAA"
cmpcyv1t8013aih9uwhnoflp1,Ali Promotions Boxing Club,,687 07 53 04,Ali Promotions Boxing Club,,España,google-maps,atleevobox,NUEVO,MEDIA,,,2026-05-19T18:28:38.252Z,2026-05-19T18:28:38.252Z,https://alipromotions.com/,"Carrer de Novell, 24, Les Corts, 08028 Barcelona",Barcelona,4.8,37,https://maps.google.com/?cid=3001412412894988349&g_mp=Cidnb29nbGUubWFwcy5wbGFjZXMudjEuUGxhY2VzLlNlYXJjaFRleHQQAhgEIAA,sports_coaching,OPERATIONAL,"Importado desde Google Maps
Tipo: Sports coaching
Dirección: Carrer de Novell, 24, Les Corts, 08028 Barcelona
Google: 4.8⭐ (37 reseñas)
Web: https://alipromotions.com/
Maps: https://maps.google.com/?cid=3001412412894988349&g_mp=Cidnb29nbGUubWFwcy5wbGFjZXMudjEuUGxhY2VzLlNlYXJjaFRleHQQAhgEIAA"
cmpcyv22g013bih9u6awu1ry2,Be Legend Barcelona,,650 17 52 85,Be Legend Barcelona,,España,google-maps,atleevobox,NUEVO,MEDIA,,,2026-05-19T18:28:38.585Z,2026-05-19T18:28:38.585Z,http://belegend.es/,"Carrer de Bori i Fontestà, 21, 4º, 1ª, Sarrià-Sant Gervasi, 08021 Barcelona",Barcelona,4.9,123,https://maps.google.com/?cid=16319187177789615257&g_mp=Cidnb29nbGUubWFwcy5wbGFjZXMudjEuUGxhY2VzLlNlYXJjaFRleHQQAhgEIAA,gym,OPERATIONAL,"Importado desde Google Maps
Tipo: Gimnasio
Dirección: Carrer de Bori i Fontestà, 21, 4º, 1ª, Sarrià-Sant Gervasi, 08021 Barcelona
Google: 4.9⭐ (123 reseñas)
Web: http://belegend.es/
Maps: https://maps.google.com/?cid=16319187177789615257&g_mp=Cidnb29nbGUubWFwcy5wbGFjZXMudjEuUGxhY2VzLlNlYXJjaFRleHQQAhgEIAA"
cmpcyv2gh013cih9uaqkmnop8,Gimnasio K.O.Verdún,,933 50 01 17,Gimnasio K.O.Verdún,,España,google-maps,atleevobox,NUEVO,MEDIA,,,2026-05-19T18:28:39.089Z,2026-05-19T18:28:39.089Z,,"Via Júlia, 172, Nou Barris, 08016 Barcelona",Barcelona,4.7,74,https://maps.google.com/?cid=11217364790970467912&g_mp=Cidnb29nbGUubWFwcy5wbGFjZXMudjEuUGxhY2VzLlNlYXJjaFRleHQQAhgEIAA,sports_club,OPERATIONAL,"Importado desde Google Maps
Tipo: Club deportivo
Dirección: Via Júlia, 172, Nou Barris, 08016 Barcelona
Google: 4.7⭐ (74 reseñas)
Maps: https://maps.google.com/?cid=11217364790970467912&g_mp=Cidnb29nbGUubWFwcy5wbGFjZXMudjEuUGxhY2VzLlNlYXJjaFRleHQQAhgEIAA"
cmpcyv2qp013dih9ub2qduc1w,Brooklyn Fitboxing Hospitalet,,608 26 50 97,Brooklyn Fitboxing Hospitalet,,España,google-maps,atleevobox,NUEVO,MEDIA,,,2026-05-19T18:28:39.457Z,2026-05-19T18:28:39.457Z,https://bfclick.com/hospitalet-gmb,"Carrer Santa Eulàlia, 70, 08902 L'Hospitalet de Llobregat, Barcelona",Barcelona,4.9,211,https://maps.google.com/?cid=19664985841585357&g_mp=Cidnb29nbGUubWFwcy5wbGFjZXMudjEuUGxhY2VzLlNlYXJjaFRleHQQAhgEIAA,gym,OPERATIONAL,"Importado desde Google Maps
Tipo: Gimnasio
Dirección: Carrer Santa Eulàlia, 70, 08902 L'Hospitalet de Llobregat, Barcelona
Google: 4.9⭐ (211 reseñas)
Web: https://bfclick.com/hospitalet-gmb
Maps: https://maps.google.com/?cid=19664985841585357&g_mp=Cidnb29nbGUubWFwcy5wbGFjZXMudjEuUGxhY2VzLlNlYXJjaFRleHQQAhgEIAA"
cmpcyv302013eih9u7x8lrvmw,Quatre Club | Gimnasio Boutique | Barcelona,,615 36 22 52,Quatre Club | Gimnasio Boutique | Barcelona,,España,google-maps,atleevobox,NUEVO,MEDIA,,,2026-05-19T18:28:39.795Z,2026-05-19T18:28:39.795Z,http://quatreclub.com/,"Carrer d'Amigó, 74, Sarrià-Sant Gervasi, 08021 Barcelona",Barcelona,5,70,https://maps.google.com/?cid=7000677836248911045&g_mp=Cidnb29nbGUubWFwcy5wbGFjZXMudjEuUGxhY2VzLlNlYXJjaFRleHQQAhgEIAA,sports_club,OPERATIONAL,"Importado desde Google Maps
Tipo: Club deportivo
Dirección: Carrer d'Amigó, 74, Sarrià-Sant Gervasi, 08021 Barcelona
Google: 5⭐ (70 reseñas)
Web: http://quatreclub.com/
Maps: https://maps.google.com/?cid=7000677836248911045&g_mp=Cidnb29nbGUubWFwcy5wbGFjZXMudjEuUGxhY2VzLlNlYXJjaFRleHQQAhgEIAA"
cmpcyv39j013fih9ulfita1fj,KAI MUAY BOXING,,,KAI MUAY BOXING,,España,google-maps,atleevobox,NUEVO,MEDIA,,,2026-05-19T18:28:40.135Z,2026-05-19T18:28:40.135Z,,"Av. Bonavista, 17, 46183 L'Eliana, Valencia",Barcelona,5,33,https://maps.google.com/?cid=10550849832504551792&g_mp=Cidnb29nbGUubWFwcy5wbGFjZXMudjEuUGxhY2VzLlNlYXJjaFRleHQQAhgEIAA,gym,OPERATIONAL,"Importado desde Google Maps
Tipo: Gimnasio
Dirección: Av. Bonavista, 17, 46183 L'Eliana, Valencia
Google: 5⭐ (33 reseñas)
Maps: https://maps.google.com/?cid=10550849832504551792&g_mp=Cidnb29nbGUubWFwcy5wbGFjZXMudjEuUGxhY2VzLlNlYXJjaFRleHQQAhgEIAA"
cmpcyv3iq013gih9ubs81ezjz,Club Boxa Hop Hop,,635 78 13 92,Club Boxa Hop Hop,,España,google-maps,atleevobox,NUEVO,MEDIA,,,2026-05-19T18:28:40.467Z,2026-05-19T18:28:40.467Z,https://hophopboxing.com/,"Plaça del Sol, 3-4, 08950 Barcelona",Barcelona,5,385,https://maps.google.com/?cid=8570752094103454916&g_mp=Cidnb29nbGUubWFwcy5wbGFjZXMudjEuUGxhY2VzLlNlYXJjaFRleHQQAhgEIAA,sports_coaching,OPERATIONAL,"Importado desde Google Maps
Tipo: Sports coaching
Dirección: Plaça del Sol, 3-4, 08950 Barcelona
Google: 5⭐ (385 reseñas)
Web: https://hophopboxing.com/
Maps: https://maps.google.com/?cid=8570752094103454916&g_mp=Cidnb29nbGUubWFwcy5wbGFjZXMudjEuUGxhY2VzLlNlYXJjaFRleHQQAhgEIAA"
cmpcyv3s1013hih9uf9i65q6z,Ruckus Athletics: Muay Thai | Weight Lifting,,614 14 76 98,Ruckus Athletics: Muay Thai | Weight Lifting,,España,google-maps,atleevobox,NUEVO,MEDIA,,,2026-05-19T18:28:40.802Z,2026-05-19T18:28:40.802Z,https://ruckus-athletics.com/,"Carrer del Bou de Sant Pere, 11, Ciutat Vella, 08003 Barcelona",Barcelona,4.9,61,https://maps.google.com/?cid=3695919108881638873&g_mp=Cidnb29nbGUubWFwcy5wbGFjZXMudjEuUGxhY2VzLlNlYXJjaFRleHQQAhgEIAA,sports_coaching,OPERATIONAL,"Importado desde Google Maps
Tipo: Sports coaching
Dirección: Carrer del Bou de Sant Pere, 11, Ciutat Vella, 08003 Barcelona
Google: 4.9⭐ (61 reseñas)
Web: https://ruckus-athletics.com/
Maps: https://maps.google.com/?cid=3695919108881638873&g_mp=Cidnb29nbGUubWFwcy5wbGFjZXMudjEuUGxhY2VzLlNlYXJjaFRleHQQAhgEIAA"
cmpcyv41f013iih9uso383c42,Mik Crew Training,,613 03 90 17,Mik Crew Training,,España,google-maps,atleevobox,NUEVO,MEDIA,,,2026-05-19T18:28:41.139Z,2026-05-19T18:28:41.139Z,https://mikcrew.training/,"Av. d'Icària, 151, Sant Martí, 08005 Barcelona",Barcelona,5,70,https://maps.google.com/?cid=6212569445055431216&g_mp=Cidnb29nbGUubWFwcy5wbGFjZXMudjEuUGxhY2VzLlNlYXJjaFRleHQQAhgEIAA,sports_coaching,OPERATIONAL,"Importado desde Google Maps
Tipo: Sports coaching
Dirección: Av. d'Icària, 151, Sant Martí, 08005 Barcelona
Google: 5⭐ (70 reseñas)
Web: https://mikcrew.training/
Maps: https://maps.google.com/?cid=6212569445055431216&g_mp=Cidnb29nbGUubWFwcy5wbGFjZXMudjEuUGxhY2VzLlNlYXJjaFRleHQQAhgEIAA"
cmpcyv4an013jih9uhyk06vya,Tu personal trainer en Barcelona - Oscar personal trainer boxeo ️‍ ️,,637 31 64 95,Tu personal trainer en Barcelona - Oscar personal trainer boxeo ️‍ ️,,España,google-maps,atleevobox,NUEVO,MEDIA,,,2026-05-19T18:28:41.472Z,2026-05-19T18:28:41.472Z,http://www.oscarpersonaltrainer.com/,"Carrer de Marià Cubí, 10, Sarrià-Sant Gervasi, 08006 Barcelona",Barcelona,5,47,https://maps.google.com/?cid=4741028028423702279&g_mp=Cidnb29nbGUubWFwcy5wbGFjZXMudjEuUGxhY2VzLlNlYXJjaFRleHQQAhgEIAA,health,OPERATIONAL,"Importado desde Google Maps
Tipo: Salud y bienestar
Dirección: Carrer de Marià Cubí, 10, Sarrià-Sant Gervasi, 08006 Barcelona
Google: 5⭐ (47 reseñas)
Web: http://www.oscarpersonaltrainer.com/
Maps: https://maps.google.com/?cid=4741028028423702279&g_mp=Cidnb29nbGUubWFwcy5wbGFjZXMudjEuUGxhY2VzLlNlYXJjaFRleHQQAhgEIAA"
cmpcyv4k0013kih9uv5hlqzs4,Brooklyn Fitboxing Sant Antoni,,608 26 50 97,Brooklyn Fitboxing Sant Antoni,,España,google-maps,atleevobox,NUEVO,MEDIA,,,2026-05-19T18:28:41.808Z,2026-05-19T18:28:41.808Z,https://bfclick.com/sant-antoni-gmb,"Carrer de Tamarit, 96, Eixample, 08015 Barcelona",Barcelona,4.9,162,https://maps.google.com/?cid=18371276327572310505&g_mp=Cidnb29nbGUubWFwcy5wbGFjZXMudjEuUGxhY2VzLlNlYXJjaFRleHQQAhgEIAA,gym,OPERATIONAL,"Importado desde Google Maps
Tipo: Gimnasio
Dirección: Carrer de Tamarit, 96, Eixample, 08015 Barcelona
Google: 4.9⭐ (162 reseñas)
Web: https://bfclick.com/sant-antoni-gmb
Maps: https://maps.google.com/?cid=18371276327572310505&g_mp=Cidnb29nbGUubWFwcy5wbGFjZXMudjEuUGxhY2VzLlNlYXJjaFRleHQQAhgEIAA"
cmpcyv4u0013lih9unhplsq0j,UNION FIGHTERS TEAM - UFT BCN,,674 43 35 63,UNION FIGHTERS TEAM - UFT BCN,,España,google-maps,atleevobox,NUEVO,MEDIA,,,2026-05-19T18:28:42.169Z,2026-05-19T18:28:42.169Z,https://unionfteam.com/,"Carrer d'Entença, 218, Local 2, Les Corts, 08029 Barcelona",Barcelona,5,211,https://maps.google.com/?cid=3481159497059229173&g_mp=Cidnb29nbGUubWFwcy5wbGFjZXMudjEuUGxhY2VzLlNlYXJjaFRleHQQAhgEIAA,sports_school,OPERATIONAL,"Importado desde Google Maps
Tipo: Escuela deportiva
Dirección: Carrer d'Entença, 218, Local 2, Les Corts, 08029 Barcelona
Google: 5⭐ (211 reseñas)
Web: https://unionfteam.com/
Maps: https://maps.google.com/?cid=3481159497059229173&g_mp=Cidnb29nbGUubWFwcy5wbGFjZXMudjEuUGxhY2VzLlNlYXJjaFRleHQQAhgEIAA"
cmpcyv52w013mih9ueg0fpct2,The Black Box,,620 40 43 76,The Black Box,,España,google-maps,atleevobox,NUEVO,MEDIA,,,2026-05-19T18:28:42.488Z,2026-05-19T18:28:42.488Z,https://theblackboxbcn.com/,"Carrer d'Entença, 64, Eixample, 08015 Barcelona",Barcelona,4.8,86,https://maps.google.com/?cid=6034974404284878828&g_mp=Cidnb29nbGUubWFwcy5wbGFjZXMudjEuUGxhY2VzLlNlYXJjaFRleHQQAhgEIAA,gym,OPERATIONAL,"Importado desde Google Maps
Tipo: Gimnasio
Dirección: Carrer d'Entença, 64, Eixample, 08015 Barcelona
Google: 4.8⭐ (86 reseñas)
Web: https://theblackboxbcn.com/
Maps: https://maps.google.com/?cid=6034974404284878828&g_mp=Cidnb29nbGUubWFwcy5wbGFjZXMudjEuUGxhY2VzLlNlYXJjaFRleHQQAhgEIAA"
cmpcyv5cn013nih9ughnsa4s8,David et Goliat Tienda,,692 13 20 72,David et Goliat Tienda,,España,google-maps,atleevobox,NUEVO,MEDIA,,,2026-05-19T18:28:42.839Z,2026-05-19T18:28:42.839Z,http://www.davidetgoliat.com/,"Carrer de Casp, 147, Local 2, Eixample, 08013 Barcelona",Barcelona,5,744,https://maps.google.com/?cid=12062749958179914768&g_mp=Cidnb29nbGUubWFwcy5wbGFjZXMudjEuUGxhY2VzLlNlYXJjaFRleHQQAhgEIAA,sporting_goods_store,OPERATIONAL,"Importado desde Google Maps
Tipo: Tienda de deportes
Dirección: Carrer de Casp, 147, Local 2, Eixample, 08013 Barcelona
Google: 5⭐ (744 reseñas)
Web: http://www.davidetgoliat.com/
Maps: https://maps.google.com/?cid=12062749958179914768&g_mp=Cidnb29nbGUubWFwcy5wbGFjZXMudjEuUGxhY2VzLlNlYXJjaFRleHQQAhgEIAA"
cmpcyv5lv013oih9ufx5atp1j,Kokoro Dojo BCN,,620 72 57 03,Kokoro Dojo BCN,,España,google-maps,atleevobox,NUEVO,MEDIA,,,2026-05-19T18:28:43.171Z,2026-05-19T18:28:43.171Z,,"Pg. Maragall, 252, Nou Barris, 08031 Barcelona",Barcelona,4.9,59,https://maps.google.com/?cid=15501770388459302410&g_mp=Cidnb29nbGUubWFwcy5wbGFjZXMudjEuUGxhY2VzLlNlYXJjaFRleHQQAhgEIAA,gym,OPERATIONAL,"Importado desde Google Maps
Tipo: Gimnasio
Dirección: Pg. Maragall, 252, Nou Barris, 08031 Barcelona
Google: 4.9⭐ (59 reseñas)
Maps: https://maps.google.com/?cid=15501770388459302410&g_mp=Cidnb29nbGUubWFwcy5wbGFjZXMudjEuUGxhY2VzLlNlYXJjaFRleHQQAhgEIAA"
cmpcyv5v1013pih9uoljvbscl,Gimnàs Tren Ramírez,,633 28 99 51,Gimnàs Tren Ramírez,,España,google-maps,atleevobox,NUEVO,MEDIA,,,2026-05-19T18:28:43.501Z,2026-05-19T18:28:43.501Z,http://www.gimnasiotrenramirez.com/,"Camí Pau Redó, s/n, 08908 L'Hospitalet de Llobregat, Barcelona",Barcelona,4.9,63,https://maps.google.com/?cid=6614368754252637372&g_mp=Cidnb29nbGUubWFwcy5wbGFjZXMudjEuUGxhY2VzLlNlYXJjaFRleHQQAhgEIAA,gym,OPERATIONAL,"Importado desde Google Maps
Tipo: Gimnasio
Dirección: Camí Pau Redó, s/n, 08908 L'Hospitalet de Llobregat, Barcelona
Google: 4.9⭐ (63 reseñas)
Web: http://www.gimnasiotrenramirez.com/
Maps: https://maps.google.com/?cid=6614368754252637372&g_mp=Cidnb29nbGUubWFwcy5wbGFjZXMudjEuUGxhY2VzLlNlYXJjaFRleHQQAhgEIAA"
cmpcyv647013qih9um1ut2lmu,Akaboxfit Poblenou,,603 49 55 72,Akaboxfit Poblenou,,España,google-maps,atleevobox,NUEVO,MEDIA,,,2026-05-19T18:28:43.832Z,2026-05-19T18:28:43.832Z,http://www.akaboxfit.com/,"Pg. del Taulat, 227, Sant Martí, 08019 Barcelona",Barcelona,4.8,118,https://maps.google.com/?cid=11343934730605826380&g_mp=Cidnb29nbGUubWFwcy5wbGFjZXMudjEuUGxhY2VzLlNlYXJjaFRleHQQAhgEIAA,gym,OPERATIONAL,"Importado desde Google Maps
Tipo: Gimnasio
Dirección: Pg. del Taulat, 227, Sant Martí, 08019 Barcelona
Google: 4.8⭐ (118 reseñas)
Web: http://www.akaboxfit.com/
Maps: https://maps.google.com/?cid=11343934730605826380&g_mp=Cidnb29nbGUubWFwcy5wbGFjZXMudjEuUGxhY2VzLlNlYXJjaFRleHQQAhgEIAA"
cmpcyv85j013rih9upk8tq3h3,Club Boxeo amado family,,688 49 16 80,Club Boxeo amado family,,España,google-maps,atleevobox,NUEVO,MEDIA,,,2026-05-19T18:28:46.472Z,2026-05-19T18:28:46.472Z,https://boxeoamadofamily.com/,"Carrer de Martí l'Humà, 14, Extramurs, 46008 València, Valencia",Valencia,5,117,https://maps.google.com/?cid=14999396453999622475&g_mp=Cidnb29nbGUubWFwcy5wbGFjZXMudjEuUGxhY2VzLlNlYXJjaFRleHQQAhgEIAA,gym,OPERATIONAL,"Importado desde Google Maps
Tipo: Gimnasio
Dirección: Carrer de Martí l'Humà, 14, Extramurs, 46008 València, Valencia
Google: 5⭐ (117 reseñas)
Web: https://boxeoamadofamily.com/
Maps: https://maps.google.com/?cid=14999396453999622475&g_mp=Cidnb29nbGUubWFwcy5wbGFjZXMudjEuUGxhY2VzLlNlYXJjaFRleHQQAhgEIAA"
cmpcyv8fb013sih9u5dfwcc4t,Boxing Soul Club,,641 12 95 93,Boxing Soul Club,,España,google-maps,atleevobox,NUEVO,MEDIA,,,2026-05-19T18:28:46.823Z,2026-05-19T18:28:46.823Z,https://boxingsoul.wodbuster.com/,"Carrer José María Mortes Lerma, 23, Patraix, 46014 València, Valencia",Valencia,5,81,https://maps.google.com/?cid=8558546357086909777&g_mp=Cidnb29nbGUubWFwcy5wbGFjZXMudjEuUGxhY2VzLlNlYXJjaFRleHQQAhgEIAA,sports_club,OPERATIONAL,"Importado desde Google Maps
Tipo: Club deportivo
Dirección: Carrer José María Mortes Lerma, 23, Patraix, 46014 València, Valencia
Google: 5⭐ (81 reseñas)
Web: https://boxingsoul.wodbuster.com/
Maps: https://maps.google.com/?cid=8558546357086909777&g_mp=Cidnb29nbGUubWFwcy5wbGFjZXMudjEuUGxhY2VzLlNlYXJjaFRleHQQAhgEIAA"
cmpcyv8oy013tih9u9z40j9fn,Morales Box Valencia,,628 28 49 48,Morales Box Valencia,,España,google-maps,atleevobox,NUEVO,MEDIA,,,2026-05-19T18:28:47.170Z,2026-05-19T18:28:47.170Z,https://moralesbox.com/gimnasio-de-boxeo/clases-de-boxeo-valencia/,"Carrer Serrano Morales, 4, L'Eixample, 46004 València, Valencia",Valencia,4.8,151,https://maps.google.com/?cid=5138068843559529360&g_mp=Cidnb29nbGUubWFwcy5wbGFjZXMudjEuUGxhY2VzLlNlYXJjaFRleHQQAhgEIAA,sports_coaching,OPERATIONAL,"Importado desde Google Maps
Tipo: Sports coaching
Dirección: Carrer Serrano Morales, 4, L'Eixample, 46004 València, Valencia
Google: 4.8⭐ (151 reseñas)
Web: https://moralesbox.com/gimnasio-de-boxeo/clases-de-boxeo-valencia/
Maps: https://maps.google.com/?cid=5138068843559529360&g_mp=Cidnb29nbGUubWFwcy5wbGFjZXMudjEuUGxhY2VzLlNlYXJjaFRleHQQAhgEIAA"
cmpcyv8y2013uih9uszrcermd,Club Boxeo Elite,,637 86 66 19,Club Boxeo Elite,,España,google-maps,atleevobox,NUEVO,MEDIA,,,2026-05-19T18:28:47.498Z,2026-05-19T18:28:47.498Z,,"Ptge. de Ventura Feliu, 18, Extramurs, 46007 València, Valencia",Valencia,4.9,66,https://maps.google.com/?cid=10489183913130283770&g_mp=Cidnb29nbGUubWFwcy5wbGFjZXMudjEuUGxhY2VzLlNlYXJjaFRleHQQAhgEIAA,sports_coaching,OPERATIONAL,"Importado desde Google Maps
Tipo: Sports coaching
Dirección: Ptge. de Ventura Feliu, 18, Extramurs, 46007 València, Valencia
Google: 4.9⭐ (66 reseñas)
Maps: https://maps.google.com/?cid=10489183913130283770&g_mp=Cidnb29nbGUubWFwcy5wbGFjZXMudjEuUGxhY2VzLlNlYXJjaFRleHQQAhgEIAA"
cmpcyv979013vih9uxld4i9ah,TSUBOXTEAM (Club Boxeo San Cristóbal),,676 06 63 50,TSUBOXTEAM (Club Boxeo San Cristóbal),,España,google-maps,atleevobox,NUEVO,MEDIA,,,2026-05-19T18:28:47.829Z,2026-05-19T18:28:47.829Z,https://www.yosoynoticia.es/mas/el-boxeo-forma-de-vida-y-salvacion,"Barri Sant Cristòfol, 12, Poblados Marítimos, 46011 València, Valencia",Valencia,4.7,115,https://maps.google.com/?cid=16057440854633685815&g_mp=Cidnb29nbGUubWFwcy5wbGFjZXMudjEuUGxhY2VzLlNlYXJjaFRleHQQAhgEIAA,gym,OPERATIONAL,"Importado desde Google Maps
Tipo: Gimnasio
Dirección: Barri Sant Cristòfol, 12, Poblados Marítimos, 46011 València, Valencia
Google: 4.7⭐ (115 reseñas)
Web: https://www.yosoynoticia.es/mas/el-boxeo-forma-de-vida-y-salvacion
Maps: https://maps.google.com/?cid=16057440854633685815&g_mp=Cidnb29nbGUubWFwcy5wbGFjZXMudjEuUGxhY2VzLlNlYXJjaFRleHQQAhgEIAA"
cmpcyv9ka013wih9uf2ib374s,Too Smart Boxing Club,,608 97 57 83,Too Smart Boxing Club,,España,google-maps,atleevobox,NUEVO,MEDIA,,,2026-05-19T18:28:48.298Z,2026-05-19T18:28:48.298Z,https://www.toosmartbox.com/,"Centro Comercial “El Osito, C/ Tuéjar, 46183 L'Eliana, Valencia",Valencia,4.9,45,https://maps.google.com/?cid=11962710299469000908&g_mp=Cidnb29nbGUubWFwcy5wbGFjZXMudjEuUGxhY2VzLlNlYXJjaFRleHQQAhgEIAA,sports_coaching,OPERATIONAL,"Importado desde Google Maps
Tipo: Sports coaching
Dirección: Centro Comercial “El Osito, C/ Tuéjar, 46183 L'Eliana, Valencia
Google: 4.9⭐ (45 reseñas)
Web: https://www.toosmartbox.com/
Maps: https://maps.google.com/?cid=11962710299469000908&g_mp=Cidnb29nbGUubWFwcy5wbGFjZXMudjEuUGxhY2VzLlNlYXJjaFRleHQQAhgEIAA"
cmpcyv9tc013xih9uxu4zt0gw,Boxeo Sparta,,655 70 12 62,Boxeo Sparta,,España,google-maps,atleevobox,NUEVO,MEDIA,,,2026-05-19T18:28:48.624Z,2026-05-19T18:28:48.624Z,https://www.boxeosparta.com/,"Carrer de Trafalgar, 7, Camins al Grau, 46023 València, Valencia",Valencia,5,33,https://maps.google.com/?cid=2648219106714387205&g_mp=Cidnb29nbGUubWFwcy5wbGFjZXMudjEuUGxhY2VzLlNlYXJjaFRleHQQAhgEIAA,sports_coaching,OPERATIONAL,"Importado desde Google Maps
Tipo: Sports coaching
Dirección: Carrer de Trafalgar, 7, Camins al Grau, 46023 València, Valencia
Google: 5⭐ (33 reseñas)
Web: https://www.boxeosparta.com/
Maps: https://maps.google.com/?cid=2648219106714387205&g_mp=Cidnb29nbGUubWFwcy5wbGFjZXMudjEuUGxhY2VzLlNlYXJjaFRleHQQAhgEIAA"
cmpcyva2s013yih9upowfqi3w,The Boxer Club Arena,,,The Boxer Club Arena,,España,google-maps,atleevobox,NUEVO,MEDIA,,,2026-05-19T18:28:48.964Z,2026-05-19T18:28:48.964Z,https://theboxerclub.es/clubs/boxer-club-arena-valencia/,"C/ de Santa Genoveva Torres, 21, Rascanya, 46019 València, Valencia",Valencia,4.9,62,https://maps.google.com/?cid=1992020806460051066&g_mp=Cidnb29nbGUubWFwcy5wbGFjZXMudjEuUGxhY2VzLlNlYXJjaFRleHQQAhgEIAA,sports_coaching,OPERATIONAL,"Importado desde Google Maps
Tipo: Sports coaching
Dirección: C/ de Santa Genoveva Torres, 21, Rascanya, 46019 València, Valencia
Google: 4.9⭐ (62 reseñas)
Web: https://theboxerclub.es/clubs/boxer-club-arena-valencia/
Maps: https://maps.google.com/?cid=1992020806460051066&g_mp=Cidnb29nbGUubWFwcy5wbGFjZXMudjEuUGxhY2VzLlNlYXJjaFRleHQQAhgEIAA"
cmpcyvact013zih9usf82e1ln,FIGHTERS GYM (Club de Boxeo y Lucha),,667 09 55 99,FIGHTERS GYM (Club de Boxeo y Lucha),,España,google-maps,atleevobox,NUEVO,MEDIA,,,2026-05-19T18:28:49.325Z,2026-05-19T18:28:49.325Z,,"Carrer Comtes de Parcent, 19, 46132 Almàssera, Valencia",Valencia,4.8,60,https://maps.google.com/?cid=5537403639692250614&g_mp=Cidnb29nbGUubWFwcy5wbGFjZXMudjEuUGxhY2VzLlNlYXJjaFRleHQQAhgEIAA,gym,OPERATIONAL,"Importado desde Google Maps
Tipo: Gimnasio
Dirección: Carrer Comtes de Parcent, 19, 46132 Almàssera, Valencia
Google: 4.8⭐ (60 reseñas)
Maps: https://maps.google.com/?cid=5537403639692250614&g_mp=Cidnb29nbGUubWFwcy5wbGFjZXMudjEuUGxhY2VzLlNlYXJjaFRleHQQAhgEIAA"
cmpcyvamf0140ih9u8oyjme8f,"Estilo MMA - Tienda de Boxeo, Muay Thai, MMA y BJJ",,609 03 00 32,"Estilo MMA - Tienda de Boxeo, Muay Thai, MMA y BJJ",,España,google-maps,atleevobox,NUEVO,MEDIA,,,2026-05-19T18:28:49.671Z,2026-05-19T18:28:49.671Z,https://www.estilomma.com/?utm_source=google&utm_medium=local&utm_campaign=local,"C. del Palleter, 6, Extramurs, 46008 València, Valencia",Valencia,4.8,1133,https://maps.google.com/?cid=5596976937819300508&g_mp=Cidnb29nbGUubWFwcy5wbGFjZXMudjEuUGxhY2VzLlNlYXJjaFRleHQQAhgEIAA,sporting_goods_store,OPERATIONAL,"Importado desde Google Maps
Tipo: Tienda de deportes
Dirección: C. del Palleter, 6, Extramurs, 46008 València, Valencia
Google: 4.8⭐ (1133 reseñas)
Web: https://www.estilomma.com/?utm_source=google&utm_medium=local&utm_campaign=local
Maps: https://maps.google.com/?cid=5596976937819300508&g_mp=Cidnb29nbGUubWFwcy5wbGFjZXMudjEuUGxhY2VzLlNlYXJjaFRleHQQAhgEIAA"
cmpcyvavm0141ih9uv48vo3yr,Boxing Unitres,,646 85 42 92,Boxing Unitres,,España,google-maps,atleevobox,NUEVO,MEDIA,,,2026-05-19T18:28:50.002Z,2026-05-19T18:28:50.002Z,https://boxingunitres.es/,"Av. Castelló, 7, 46210 Picaña, Valencia",Valencia,4.7,110,https://maps.google.com/?cid=7314604013021440176&g_mp=Cidnb29nbGUubWFwcy5wbGFjZXMudjEuUGxhY2VzLlNlYXJjaFRleHQQAhgEIAA,sports_coaching,OPERATIONAL,"Importado desde Google Maps
Tipo: Sports coaching
Dirección: Av. Castelló, 7, 46210 Picaña, Valencia
Google: 4.7⭐ (110 reseñas)
Web: https://boxingunitres.es/
Maps: https://maps.google.com/?cid=7314604013021440176&g_mp=Cidnb29nbGUubWFwcy5wbGFjZXMudjEuUGxhY2VzLlNlYXJjaFRleHQQAhgEIAA"
cmpcyvb9h0142ih9ussju3pj2,Método Maravilla,,658 52 08 44,Método Maravilla,,España,google-maps,atleevobox,NUEVO,MEDIA,,,2026-05-19T18:28:50.502Z,2026-05-19T18:28:50.502Z,https://metodomaravilla.com/es,"Av. de Gaspar Aguilar, 1, Jesús, 46007 València, Valencia",Valencia,5,14,https://maps.google.com/?cid=15497238406351449487&g_mp=Cidnb29nbGUubWFwcy5wbGFjZXMudjEuUGxhY2VzLlNlYXJjaFRleHQQAhgEIAA,sports_coaching,OPERATIONAL,"Importado desde Google Maps
Tipo: Sports coaching
Dirección: Av. de Gaspar Aguilar, 1, Jesús, 46007 València, Valencia
Google: 5⭐ (14 reseñas)
Web: https://metodomaravilla.com/es
Maps: https://maps.google.com/?cid=15497238406351449487&g_mp=Cidnb29nbGUubWFwcy5wbGFjZXMudjEuUGxhY2VzLlNlYXJjaFRleHQQAhgEIAA"
cmpcyvbip0143ih9uz5c4bsm0,Brooklyn Fitboxing Mestalla,,607 68 59 02,Brooklyn Fitboxing Mestalla,,España,google-maps,atleevobox,NUEVO,MEDIA,,,2026-05-19T18:28:50.833Z,2026-05-19T18:28:50.833Z,https://bfclick.com/mestalla-gmb,"Av. del Primat Reig, 185, Benimaclet, 46020 València, Valencia",Valencia,4.8,212,https://maps.google.com/?cid=15442334381274574358&g_mp=Cidnb29nbGUubWFwcy5wbGFjZXMudjEuUGxhY2VzLlNlYXJjaFRleHQQAhgEIAA,gym,OPERATIONAL,"Importado desde Google Maps
Tipo: Gimnasio
Dirección: Av. del Primat Reig, 185, Benimaclet, 46020 València, Valencia
Google: 4.8⭐ (212 reseñas)
Web: https://bfclick.com/mestalla-gmb
Maps: https://maps.google.com/?cid=15442334381274574358&g_mp=Cidnb29nbGUubWFwcy5wbGFjZXMudjEuUGxhY2VzLlNlYXJjaFRleHQQAhgEIAA"
cmpcyvbxt0144ih9uomqtoo7g,Club Boxeo Olivares,,693 55 46 72,Club Boxeo Olivares,,España,google-maps,atleevobox,NUEVO,MEDIA,,,2026-05-19T18:28:51.377Z,2026-05-19T18:28:51.377Z,https://clubboxeoolivares.site123.me/,"C. Quart, 13, 46940 Manises, Valencia",Valencia,4.9,54,https://maps.google.com/?cid=14894747954149071195&g_mp=Cidnb29nbGUubWFwcy5wbGFjZXMudjEuUGxhY2VzLlNlYXJjaFRleHQQAhgEIAA,sports_coaching,OPERATIONAL,"Importado desde Google Maps
Tipo: Sports coaching
Dirección: C. Quart, 13, 46940 Manises, Valencia
Google: 4.9⭐ (54 reseñas)
Web: https://clubboxeoolivares.site123.me/
Maps: https://maps.google.com/?cid=14894747954149071195&g_mp=Cidnb29nbGUubWFwcy5wbGFjZXMudjEuUGxhY2VzLlNlYXJjaFRleHQQAhgEIAA"
cmpcyvc6r0145ih9um7obvj20,Turiabox Club Deportivo,,633 56 35 59,Turiabox Club Deportivo,,España,google-maps,atleevobox,NUEVO,MEDIA,,,2026-05-19T18:28:51.700Z,2026-05-19T18:28:51.700Z,,"Carrer de Julián Peña, 12, L'Olivereta, 46018 València, Valencia",Valencia,5,34,https://maps.google.com/?cid=1689440305194384683&g_mp=Cidnb29nbGUubWFwcy5wbGFjZXMudjEuUGxhY2VzLlNlYXJjaFRleHQQAhgEIAA,sports_club,OPERATIONAL,"Importado desde Google Maps
Tipo: Club deportivo
Dirección: Carrer de Julián Peña, 12, L'Olivereta, 46018 València, Valencia
Google: 5⭐ (34 reseñas)
Maps: https://maps.google.com/?cid=1689440305194384683&g_mp=Cidnb29nbGUubWFwcy5wbGFjZXMudjEuUGxhY2VzLlNlYXJjaFRleHQQAhgEIAA"
cmpcyvcfy0146ih9utauw5ogd,Dojo Hikari Valencia,,961 13 91 09,Dojo Hikari Valencia,,España,google-maps,atleevobox,NUEVO,MEDIA,,,2026-05-19T18:28:52.030Z,2026-05-19T18:28:52.030Z,http://www.hikarivalencia.es/,"Carrer del Puerto de Santa María, 8, Campanar, 46015 València, Valencia",Valencia,4.9,147,https://maps.google.com/?cid=15875462810824386130&g_mp=Cidnb29nbGUubWFwcy5wbGFjZXMudjEuUGxhY2VzLlNlYXJjaFRleHQQAhgEIAA,sports_school,OPERATIONAL,"Importado desde Google Maps
Tipo: Escuela deportiva
Dirección: Carrer del Puerto de Santa María, 8, Campanar, 46015 València, Valencia
Google: 4.9⭐ (147 reseñas)
Web: http://www.hikarivalencia.es/
Maps: https://maps.google.com/?cid=15875462810824386130&g_mp=Cidnb29nbGUubWFwcy5wbGFjZXMudjEuUGxhY2VzLlNlYXJjaFRleHQQAhgEIAA"
cmpcyvctt0147ih9ue0x0obld,Brooklyn Fitboxing Ciudad de las artes y las ciencias,,669 79 03 20,Brooklyn Fitboxing Ciudad de las artes y las ciencias,,España,google-maps,atleevobox,NUEVO,MEDIA,,,2026-05-19T18:28:52.529Z,2026-05-19T18:28:52.529Z,https://bfclick.com/ciudad-artes-ciencias-gmb,"Av. de les Balears, 48, Camins al Grau, 46023 València, Valencia",Valencia,4.8,254,https://maps.google.com/?cid=10638779170490657106&g_mp=Cidnb29nbGUubWFwcy5wbGFjZXMudjEuUGxhY2VzLlNlYXJjaFRleHQQAhgEIAA,gym,OPERATIONAL,"Importado desde Google Maps
Tipo: Gimnasio
Dirección: Av. de les Balears, 48, Camins al Grau, 46023 València, Valencia
Google: 4.8⭐ (254 reseñas)
Web: https://bfclick.com/ciudad-artes-ciencias-gmb
Maps: https://maps.google.com/?cid=10638779170490657106&g_mp=Cidnb29nbGUubWFwcy5wbGFjZXMudjEuUGxhY2VzLlNlYXJjaFRleHQQAhgEIAA"
cmpcyvd4g0148ih9uf67vufx5,Gimnasio Deportivo Okinawa Valencia,,963 40 44 66,Gimnasio Deportivo Okinawa Valencia,,España,google-maps,atleevobox,NUEVO,MEDIA,,,2026-05-19T18:28:52.912Z,2026-05-19T18:28:52.912Z,http://www.okinawa.es/,"C. del Pare Ferrís, 28, Campanar, 46009 València, Valencia",Valencia,4.7,259,https://maps.google.com/?cid=9398965866390936675&g_mp=Cidnb29nbGUubWFwcy5wbGFjZXMudjEuUGxhY2VzLlNlYXJjaFRleHQQAhgEIAA,gym,OPERATIONAL,"Importado desde Google Maps
Tipo: Gimnasio
Dirección: C. del Pare Ferrís, 28, Campanar, 46009 València, Valencia
Google: 4.7⭐ (259 reseñas)
Web: http://www.okinawa.es/
Maps: https://maps.google.com/?cid=9398965866390936675&g_mp=Cidnb29nbGUubWFwcy5wbGFjZXMudjEuUGxhY2VzLlNlYXJjaFRleHQQAhgEIAA"
cmpcyvddl0149ih9umqr0cnqa,K1-Kickboxing-Boxeo,,,K1-Kickboxing-Boxeo,,España,google-maps,atleevobox,NUEVO,MEDIA,,,2026-05-19T18:28:53.241Z,2026-05-19T18:28:53.241Z,,"Carrer Guillermo Roch, 16, 46185 La Pobla de Vallbona, Valencia",Valencia,5,7,https://maps.google.com/?cid=15878922477972848094&g_mp=Cidnb29nbGUubWFwcy5wbGFjZXMudjEuUGxhY2VzLlNlYXJjaFRleHQQAhgEIAA,sports_school,OPERATIONAL,"Importado desde Google Maps
Tipo: Escuela deportiva
Dirección: Carrer Guillermo Roch, 16, 46185 La Pobla de Vallbona, Valencia
Google: 5⭐ (7 reseñas)
Maps: https://maps.google.com/?cid=15878922477972848094&g_mp=Cidnb29nbGUubWFwcy5wbGFjZXMudjEuUGxhY2VzLlNlYXJjaFRleHQQAhgEIAA"
cmpcyvdr4014aih9uox6inzsd,Brooklyn Fitboxing Campanar,,608 26 50 97,Brooklyn Fitboxing Campanar,,España,google-maps,atleevobox,NUEVO,MEDIA,,,2026-05-19T18:28:53.729Z,2026-05-19T18:28:53.729Z,https://bfclick.com/campanar-gmb,"Av. del General Avilés, 42, Campanar, 46035 València, Valencia",Valencia,4.9,278,https://maps.google.com/?cid=1193211652480152094&g_mp=Cidnb29nbGUubWFwcy5wbGFjZXMudjEuUGxhY2VzLlNlYXJjaFRleHQQAhgEIAA,gym,OPERATIONAL,"Importado desde Google Maps
Tipo: Gimnasio
Dirección: Av. del General Avilés, 42, Campanar, 46035 València, Valencia
Google: 4.9⭐ (278 reseñas)
Web: https://bfclick.com/campanar-gmb
Maps: https://maps.google.com/?cid=1193211652480152094&g_mp=Cidnb29nbGUubWFwcy5wbGFjZXMudjEuUGxhY2VzLlNlYXJjaFRleHQQAhgEIAA"
cmpcyve0n014bih9ult7z72fd,Gym Bushis Valencia,,963 28 01 52,Gym Bushis Valencia,,España,google-maps,atleevobox,NUEVO,MEDIA,,,2026-05-19T18:28:54.072Z,2026-05-19T18:28:54.072Z,https://gymbushis.com/,"Pl. Monseñor Oscar Romero, Jesús, 46017 Valencia",Valencia,4.8,48,https://maps.google.com/?cid=2184624440821679477&g_mp=Cidnb29nbGUubWFwcy5wbGFjZXMudjEuUGxhY2VzLlNlYXJjaFRleHQQAhgEIAA,sports_school,OPERATIONAL,"Importado desde Google Maps
Tipo: Escuela deportiva
Dirección: Pl. Monseñor Oscar Romero, Jesús, 46017 Valencia
Google: 4.8⭐ (48 reseñas)
Web: https://gymbushis.com/
Maps: https://maps.google.com/?cid=2184624440821679477&g_mp=Cidnb29nbGUubWFwcy5wbGFjZXMudjEuUGxhY2VzLlNlYXJjaFRleHQQAhgEIAA"
cmpcyveac014cih9um3jqk9wu,The Boxer Club Uruguay,,,The Boxer Club Uruguay,,España,google-maps,atleevobox,NUEVO,MEDIA,,,2026-05-19T18:28:54.421Z,2026-05-19T18:28:54.421Z,https://theboxerclub.es/clubs/boxer-club-uruguay-valencia/,"Carrer de l'Uruguai, 11, Jesús, 46007 València, Valencia",Valencia,5,15,https://maps.google.com/?cid=13829337327975436726&g_mp=Cidnb29nbGUubWFwcy5wbGFjZXMudjEuUGxhY2VzLlNlYXJjaFRleHQQAhgEIAA,sports_coaching,OPERATIONAL,"Importado desde Google Maps
Tipo: Sports coaching
Dirección: Carrer de l'Uruguai, 11, Jesús, 46007 València, Valencia
Google: 5⭐ (15 reseñas)
Web: https://theboxerclub.es/clubs/boxer-club-uruguay-valencia/
Maps: https://maps.google.com/?cid=13829337327975436726&g_mp=Cidnb29nbGUubWFwcy5wbGFjZXMudjEuUGxhY2VzLlNlYXJjaFRleHQQAhgEIAA"
cmpcyvejt014dih9uncgdqv1r,Box 015 Campanar,,692 78 14 41,Box 015 Campanar,,España,google-maps,atleevobox,NUEVO,MEDIA,,,2026-05-19T18:28:54.762Z,2026-05-19T18:28:54.762Z,https://box015campanar.wodbuster.com/,"Carrer del Dr. Calatayud Baya, 2, Campanar, 46015 València, Valencia",Valencia,4.9,136,https://maps.google.com/?cid=17460044752780914526&g_mp=Cidnb29nbGUubWFwcy5wbGFjZXMudjEuUGxhY2VzLlNlYXJjaFRleHQQAhgEIAA,fitness_center,OPERATIONAL,"Importado desde Google Maps
Tipo: Centro deportivo
Dirección: Carrer del Dr. Calatayud Baya, 2, Campanar, 46015 València, Valencia
Google: 4.9⭐ (136 reseñas)
Web: https://box015campanar.wodbuster.com/
Maps: https://maps.google.com/?cid=17460044752780914526&g_mp=Cidnb29nbGUubWFwcy5wbGFjZXMudjEuUGxhY2VzLlNlYXJjaFRleHQQAhgEIAA"
cmpcyvewe014eih9u7knukll7,Centro de Lucha de Alto Rendimiento,,617 38 46 37,Centro de Lucha de Alto Rendimiento,,España,google-maps,atleevobox,NUEVO,MEDIA,,,2026-05-19T18:28:55.214Z,2026-05-19T18:28:55.214Z,,"Carrer Fray Luis Amigó, 49, 46180 Benaguasil, Valencia",Valencia,4.9,17,https://maps.google.com/?cid=3670178375858398850&g_mp=Cidnb29nbGUubWFwcy5wbGFjZXMudjEuUGxhY2VzLlNlYXJjaFRleHQQAhgEIAA,sports_coaching,OPERATIONAL,"Importado desde Google Maps
Tipo: Sports coaching
Dirección: Carrer Fray Luis Amigó, 49, 46180 Benaguasil, Valencia
Google: 4.9⭐ (17 reseñas)
Maps: https://maps.google.com/?cid=3670178375858398850&g_mp=Cidnb29nbGUubWFwcy5wbGFjZXMudjEuUGxhY2VzLlNlYXJjaFRleHQQAhgEIAA"
cmpcyvf65014fih9u1q35og2v,Fitness Fabra Gym Valencia,,963 46 33 89,Fitness Fabra Gym Valencia,,España,google-maps,atleevobox,NUEVO,MEDIA,,,2026-05-19T18:28:55.566Z,2026-05-19T18:28:55.566Z,https://fitnessfabragym.com/,"C/ dels Rosers, 27, BAJO-IZDA, Benicalap, 46025 València, Valencia",Valencia,4.6,205,https://maps.google.com/?cid=2714025530630717270&g_mp=Cidnb29nbGUubWFwcy5wbGFjZXMudjEuUGxhY2VzLlNlYXJjaFRleHQQAhgEIAA,gym,OPERATIONAL,"Importado desde Google Maps
Tipo: Gimnasio
Dirección: C/ dels Rosers, 27, BAJO-IZDA, Benicalap, 46025 València, Valencia
Google: 4.6⭐ (205 reseñas)
Web: https://fitnessfabragym.com/
Maps: https://maps.google.com/?cid=2714025530630717270&g_mp=Cidnb29nbGUubWFwcy5wbGFjZXMudjEuUGxhY2VzLlNlYXJjaFRleHQQAhgEIAA"
cmpcyvff9014gih9uoh9318ef,Club Deportivo Shaolin,,963 79 29 58,Club Deportivo Shaolin,,España,google-maps,atleevobox,NUEVO,MEDIA,,,2026-05-19T18:28:55.894Z,2026-05-19T18:28:55.894Z,,"Hermanas Cubells, 22-bajo, 46950 Xirivella, Valencia, Valencia",Valencia,4.8,93,https://maps.google.com/?cid=7722060601823641098&g_mp=Cidnb29nbGUubWFwcy5wbGFjZXMudjEuUGxhY2VzLlNlYXJjaFRleHQQAhgEIAA,sports_club,OPERATIONAL,"Importado desde Google Maps
Tipo: Club deportivo
Dirección: Hermanas Cubells, 22-bajo, 46950 Xirivella, Valencia, Valencia
Google: 4.8⭐ (93 reseñas)
Maps: https://maps.google.com/?cid=7722060601823641098&g_mp=Cidnb29nbGUubWFwcy5wbGFjZXMudjEuUGxhY2VzLlNlYXJjaFRleHQQAhgEIAA"
cmpcyvfoj014hih9ul6sn8pm4,RZ75 - Training Studio,,600 29 61 65,RZ75 - Training Studio,,España,google-maps,atleevobox,NUEVO,MEDIA,,,2026-05-19T18:28:56.227Z,2026-05-19T18:28:56.227Z,https://rz75trainingstudio.com/,"C/ de Cadis, 75, L'Eixample, 46006 València, Valencia",Valencia,4.9,255,https://maps.google.com/?cid=2841931083434027131&g_mp=Cidnb29nbGUubWFwcy5wbGFjZXMudjEuUGxhY2VzLlNlYXJjaFRleHQQAhgEIAA,health,OPERATIONAL,"Importado desde Google Maps
Tipo: Salud y bienestar
Dirección: C/ de Cadis, 75, L'Eixample, 46006 València, Valencia
Google: 4.9⭐ (255 reseñas)
Web: https://rz75trainingstudio.com/
Maps: https://maps.google.com/?cid=2841931083434027131&g_mp=Cidnb29nbGUubWFwcy5wbGFjZXMudjEuUGxhY2VzLlNlYXJjaFRleHQQAhgEIAA"
cmpcyvfxx014iih9udvxwjxit,W Box,,,W Box,,España,google-maps,atleevobox,NUEVO,MEDIA,,,2026-05-19T18:28:56.565Z,2026-05-19T18:28:56.565Z,,"Carrer de l'Antiga Senda d'En Senent, 3, bajo, El Pla del Real, 46023 València, Valencia",Valencia,5,39,https://maps.google.com/?cid=4815936671792364354&g_mp=Cidnb29nbGUubWFwcy5wbGFjZXMudjEuUGxhY2VzLlNlYXJjaFRleHQQAhgEIAA,fitness_center,OPERATIONAL,"Importado desde Google Maps
Tipo: Centro deportivo
Dirección: Carrer de l'Antiga Senda d'En Senent, 3, bajo, El Pla del Real, 46023 València, Valencia
Google: 5⭐ (39 reseñas)
Maps: https://maps.google.com/?cid=4815936671792364354&g_mp=Cidnb29nbGUubWFwcy5wbGFjZXMudjEuUGxhY2VzLlNlYXJjaFRleHQQAhgEIAA"
cmpcyvg7g014jih9usbl4fitu,CENTRO TAEK BOXING,,635 15 54 88,CENTRO TAEK BOXING,,España,google-maps,atleevobox,NUEVO,MEDIA,,,2026-05-19T18:28:56.908Z,2026-05-19T18:28:56.908Z,,"Carrer de Segària, 9, Benicalap, 46025 València, Valencia",Valencia,5,43,https://maps.google.com/?cid=6339717576778114247&g_mp=Cidnb29nbGUubWFwcy5wbGFjZXMudjEuUGxhY2VzLlNlYXJjaFRleHQQAhgEIAA,sports_school,OPERATIONAL,"Importado desde Google Maps
Tipo: Escuela deportiva
Dirección: Carrer de Segària, 9, Benicalap, 46025 València, Valencia
Google: 5⭐ (43 reseñas)
Maps: https://maps.google.com/?cid=6339717576778114247&g_mp=Cidnb29nbGUubWFwcy5wbGFjZXMudjEuUGxhY2VzLlNlYXJjaFRleHQQAhgEIAA"
cmpcyvghn014kih9upx48behc,Club Shidokan,,601 42 58 78,Club Shidokan,,España,google-maps,atleevobox,NUEVO,MEDIA,,,2026-05-19T18:28:57.275Z,2026-05-19T18:28:57.275Z,http://shidokanvlc.blogspot.com/,"Av. de Blasco Ibáñez, 90, Algirós, 46021 València, Valencia",Valencia,4.7,88,https://maps.google.com/?cid=15430816507812989848&g_mp=Cidnb29nbGUubWFwcy5wbGFjZXMudjEuUGxhY2VzLlNlYXJjaFRleHQQAhgEIAA,sports_club,OPERATIONAL,"Importado desde Google Maps
Tipo: Club deportivo
Dirección: Av. de Blasco Ibáñez, 90, Algirós, 46021 València, Valencia
Google: 4.7⭐ (88 reseñas)
Web: http://shidokanvlc.blogspot.com/
Maps: https://maps.google.com/?cid=15430816507812989848&g_mp=Cidnb29nbGUubWFwcy5wbGFjZXMudjEuUGxhY2VzLlNlYXJjaFRleHQQAhgEIAA"
cmpcyvgr5014lih9u2lfe8cxx,Gimnasio Bâtard Crossboxing Studio | Ruzafa,,722 36 39 24,Gimnasio Bâtard Crossboxing Studio | Ruzafa,,España,google-maps,atleevobox,NUEVO,MEDIA,,,2026-05-19T18:28:57.617Z,2026-05-19T18:28:57.617Z,https://batard.es/batard-russafa/,"C. de Cuba, 23, L'Eixample, 46004 València, Valencia",Valencia,5,128,https://maps.google.com/?cid=13669908214785378619&g_mp=Cidnb29nbGUubWFwcy5wbGFjZXMudjEuUGxhY2VzLlNlYXJjaFRleHQQAhgEIAA,gym,OPERATIONAL,"Importado desde Google Maps
Tipo: Gimnasio
Dirección: C. de Cuba, 23, L'Eixample, 46004 València, Valencia
Google: 5⭐ (128 reseñas)
Web: https://batard.es/batard-russafa/
Maps: https://maps.google.com/?cid=13669908214785378619&g_mp=Cidnb29nbGUubWFwcy5wbGFjZXMudjEuUGxhY2VzLlNlYXJjaFRleHQQAhgEIAA"
cmpcyvh09014mih9utvaqdn1f,Urban Six España,,692 53 52 39,Urban Six España,,España,google-maps,atleevobox,NUEVO,MEDIA,,,2026-05-19T18:28:57.945Z,2026-05-19T18:28:57.945Z,https://www.urbansix.es/,"Av. del Regne de València, 65, L'Eixample, 46005 València, Valencia",Valencia,4.8,63,https://maps.google.com/?cid=3182217120945512280&g_mp=Cidnb29nbGUubWFwcy5wbGFjZXMudjEuUGxhY2VzLlNlYXJjaFRleHQQAhgEIAA,gym,OPERATIONAL,"Importado desde Google Maps
Tipo: Gimnasio
Dirección: Av. del Regne de València, 65, L'Eixample, 46005 València, Valencia
Google: 4.8⭐ (63 reseñas)
Web: https://www.urbansix.es/
Maps: https://maps.google.com/?cid=3182217120945512280&g_mp=Cidnb29nbGUubWFwcy5wbGFjZXMudjEuUGxhY2VzLlNlYXJjaFRleHQQAhgEIAA"
cmpcyvh9o014nih9uw052rd85,3D Valencia Centro Deportivo,,679 56 05 20,3D Valencia Centro Deportivo,,España,google-maps,atleevobox,NUEVO,MEDIA,,,2026-05-19T18:28:58.284Z,2026-05-19T18:28:58.284Z,http://www.3dvalencia.es/,"Calle Cofrentes, N 5. 46010 Valencia Junto parada Tranvia Primado Reig Linea 4/6 Cruce con, C/ d'Alboraia, Benimaclet, 46010 València, Valencia",Valencia,5,35,https://maps.google.com/?cid=7854823446618217761&g_mp=Cidnb29nbGUubWFwcy5wbGFjZXMudjEuUGxhY2VzLlNlYXJjaFRleHQQAhgEIAA,gym,OPERATIONAL,"Importado desde Google Maps
Tipo: Gimnasio
Dirección: Calle Cofrentes, N 5. 46010 Valencia Junto parada Tranvia Primado Reig Linea 4/6 Cruce con, C/ d'Alboraia, Benimaclet, 46010 València, Valencia
Google: 5⭐ (35 reseñas)
Web: http://www.3dvalencia.es/
Maps: https://maps.google.com/?cid=7854823446618217761&g_mp=Cidnb29nbGUubWFwcy5wbGFjZXMudjEuUGxhY2VzLlNlYXJjaFRleHQQAhgEIAA"
cmpcyvhj7014oih9uib2qrzc1,Ethos Sport,,685 51 80 81,Ethos Sport,,España,google-maps,atleevobox,NUEVO,MEDIA,,,2026-05-19T18:28:58.628Z,2026-05-19T18:28:58.628Z,,"Carrer Séquia de Faitanar, 15, 46200 Paiporta, Valencia",Valencia,4.9,63,https://maps.google.com/?cid=6049672303231599982&g_mp=Cidnb29nbGUubWFwcy5wbGFjZXMudjEuUGxhY2VzLlNlYXJjaFRleHQQAhgEIAA,sports_coaching,OPERATIONAL,"Importado desde Google Maps
Tipo: Sports coaching
Dirección: Carrer Séquia de Faitanar, 15, 46200 Paiporta, Valencia
Google: 4.9⭐ (63 reseñas)
Maps: https://maps.google.com/?cid=6049672303231599982&g_mp=Cidnb29nbGUubWFwcy5wbGFjZXMudjEuUGxhY2VzLlNlYXJjaFRleHQQAhgEIAA"
cmpcyvhs9014pih9uqrveupky,Ronin VLC,,696 03 64 81,Ronin VLC,,España,google-maps,atleevobox,NUEVO,MEDIA,,,2026-05-19T18:28:58.953Z,2026-05-19T18:28:58.953Z,https://elultimoronin.com/contacto/,"C/ de Timoneda, 13, Extramurs, 46008 València, Valencia",Valencia,4.9,129,https://maps.google.com/?cid=1761401740842525773&g_mp=Cidnb29nbGUubWFwcy5wbGFjZXMudjEuUGxhY2VzLlNlYXJjaFRleHQQAhgEIAA,gym,OPERATIONAL,"Importado desde Google Maps
Tipo: Gimnasio
Dirección: C/ de Timoneda, 13, Extramurs, 46008 València, Valencia
Google: 4.9⭐ (129 reseñas)
Web: https://elultimoronin.com/contacto/
Maps: https://maps.google.com/?cid=1761401740842525773&g_mp=Cidnb29nbGUubWFwcy5wbGFjZXMudjEuUGxhY2VzLlNlYXJjaFRleHQQAhgEIAA"
cmpcyvi1c014qih9ucxsz6nqu,S.H.O.O.T. MMA Valencia,,,S.H.O.O.T. MMA Valencia,,España,google-maps,atleevobox,NUEVO,MEDIA,,,2026-05-19T18:28:59.280Z,2026-05-19T18:28:59.280Z,http://www.shootmma.com/,"Carrer de l'Antiga Senda d'En Senent, 3, bajo, El Pla del Real, 46023 València, Valencia",Valencia,4.7,209,https://maps.google.com/?cid=9515873711131760726&g_mp=Cidnb29nbGUubWFwcy5wbGFjZXMudjEuUGxhY2VzLlNlYXJjaFRleHQQAhgEIAA,sports_school,OPERATIONAL,"Importado desde Google Maps
Tipo: Escuela deportiva
Dirección: Carrer de l'Antiga Senda d'En Senent, 3, bajo, El Pla del Real, 46023 València, Valencia
Google: 4.7⭐ (209 reseñas)
Web: http://www.shootmma.com/
Maps: https://maps.google.com/?cid=9515873711131760726&g_mp=Cidnb29nbGUubWFwcy5wbGFjZXMudjEuUGxhY2VzLlNlYXJjaFRleHQQAhgEIAA"
cmpcyviaj014rih9uabvic2gw,Box Xtreme Functional,,622 90 01 74,Box Xtreme Functional,,España,google-maps,atleevobox,NUEVO,MEDIA,,,2026-05-19T18:28:59.611Z,2026-05-19T18:28:59.611Z,http://xtremefunctional.com/,"Carrer de l'Alcalde Gurrea, 2D, Benicalap, 46025 València, Valencia",Valencia,5,54,https://maps.google.com/?cid=14678941833807821375&g_mp=Cidnb29nbGUubWFwcy5wbGFjZXMudjEuUGxhY2VzLlNlYXJjaFRleHQQAhgEIAA,gym,OPERATIONAL,"Importado desde Google Maps
Tipo: Gimnasio
Dirección: Carrer de l'Alcalde Gurrea, 2D, Benicalap, 46025 València, Valencia
Google: 5⭐ (54 reseñas)
Web: http://xtremefunctional.com/
Maps: https://maps.google.com/?cid=14678941833807821375&g_mp=Cidnb29nbGUubWFwcy5wbGFjZXMudjEuUGxhY2VzLlNlYXJjaFRleHQQAhgEIAA"
cmpcyvijf014sih9ue6vzi02z,Advance Victory Entrenamiento Personal en Valencia - Ruzafa,,610 17 24 85,Advance Victory Entrenamiento Personal en Valencia - Ruzafa,,España,google-maps,atleevobox,NUEVO,MEDIA,,,2026-05-19T18:28:59.931Z,2026-05-19T18:28:59.931Z,https://www.instagram.com/advancevictory.fit?utm_source=ig_web_button_share_sheet&igsh=ZDNlZDc0MzIxNw==,"Gran Via de les Germanies, 20, L'Eixample, 46006 València, Valencia",Valencia,5,39,https://maps.google.com/?cid=1836165404148215489&g_mp=Cidnb29nbGUubWFwcy5wbGFjZXMudjEuUGxhY2VzLlNlYXJjaFRleHQQAhgEIAA,health,OPERATIONAL,"Importado desde Google Maps
Tipo: Salud y bienestar
Dirección: Gran Via de les Germanies, 20, L'Eixample, 46006 València, Valencia
Google: 5⭐ (39 reseñas)
Web: https://www.instagram.com/advancevictory.fit?utm_source=ig_web_button_share_sheet&igsh=ZDNlZDc0MzIxNw==
Maps: https://maps.google.com/?cid=1836165404148215489&g_mp=Cidnb29nbGUubWFwcy5wbGFjZXMudjEuUGxhY2VzLlNlYXJjaFRleHQQAhgEIAA"
cmpcyviss014tih9u1ltrjsgo,Kurago Gym 🏋🏃🏼‍♀️🚴🏻💪🏽,,609 34 05 74,Kurago Gym 🏋🏃🏼‍♀️🚴🏻💪🏽,,España,google-maps,atleevobox,NUEVO,MEDIA,,,2026-05-19T18:29:00.269Z,2026-05-19T18:29:00.269Z,https://www.kuragogym.com/,"Av. del Mestre Rodrigo, 13, Campanar, 46015 València, Valencia",Valencia,4.9,88,https://maps.google.com/?cid=3102275973848897981&g_mp=Cidnb29nbGUubWFwcy5wbGFjZXMudjEuUGxhY2VzLlNlYXJjaFRleHQQAhgEIAA,,OPERATIONAL,"Importado desde Google Maps
Dirección: Av. del Mestre Rodrigo, 13, Campanar, 46015 València, Valencia
Google: 4.9⭐ (88 reseñas)
Web: https://www.kuragogym.com/
Maps: https://maps.google.com/?cid=3102275973848897981&g_mp=Cidnb29nbGUubWFwcy5wbGFjZXMudjEuUGxhY2VzLlNlYXJjaFRleHQQAhgEIAA"
cmpcyvj1r014uih9upnvlnmle,Fitness Park Valencia - Ruzafa,,652 32 30 69,Fitness Park Valencia - Ruzafa,,España,google-maps,atleevobox,NUEVO,MEDIA,,,2026-05-19T18:29:00.591Z,2026-05-19T18:29:00.591Z,https://www.fitnesspark.es/club/valencia-ruzafa/,"C/ dels Centelles, 10, L'Eixample, 46006 València, Valencia",Valencia,4.6,1225,https://maps.google.com/?cid=9992267427879347597&g_mp=Cidnb29nbGUubWFwcy5wbGFjZXMudjEuUGxhY2VzLlNlYXJjaFRleHQQAhgEIAA,gym,OPERATIONAL,"Importado desde Google Maps
Tipo: Gimnasio
Dirección: C/ dels Centelles, 10, L'Eixample, 46006 València, Valencia
Google: 4.6⭐ (1225 reseñas)
Web: https://www.fitnesspark.es/club/valencia-ruzafa/
Maps: https://maps.google.com/?cid=9992267427879347597&g_mp=Cidnb29nbGUubWFwcy5wbGFjZXMudjEuUGxhY2VzLlNlYXJjaFRleHQQAhgEIAA"
cmpcyvjaz014vih9us66e9jlw,Drakkar sports,,674 21 37 73,Drakkar sports,,España,google-maps,atleevobox,NUEVO,MEDIA,,,2026-05-19T18:29:00.924Z,2026-05-19T18:29:00.924Z,,"C/ de Ruaya, 33, La Saïdia, 46009 València, Valencia",Valencia,5,11,https://maps.google.com/?cid=2272002576919535956&g_mp=Cidnb29nbGUubWFwcy5wbGFjZXMudjEuUGxhY2VzLlNlYXJjaFRleHQQAhgEIAA,sports_club,OPERATIONAL,"Importado desde Google Maps
Tipo: Club deportivo
Dirección: C/ de Ruaya, 33, La Saïdia, 46009 València, Valencia
Google: 5⭐ (11 reseñas)
Maps: https://maps.google.com/?cid=2272002576919535956&g_mp=Cidnb29nbGUubWFwcy5wbGFjZXMudjEuUGxhY2VzLlNlYXJjaFRleHQQAhgEIAA"
cmpcyvjk8014wih9u3s9fwiuk,Gimnasio Femenino Training,,963 20 89 09,Gimnasio Femenino Training,,España,google-maps,atleevobox,NUEVO,MEDIA,,,2026-05-19T18:29:01.256Z,2026-05-19T18:29:01.256Z,http://www.gimnasiofemeninotraining.es/,"C/ del Pintor Salvador Abril, 37, L'Eixample, 46005 València, Valencia",Valencia,5,25,https://maps.google.com/?cid=11736290007509507379&g_mp=Cidnb29nbGUubWFwcy5wbGFjZXMudjEuUGxhY2VzLlNlYXJjaFRleHQQAhgEIAA,gym,OPERATIONAL,"Importado desde Google Maps
Tipo: Gimnasio
Dirección: C/ del Pintor Salvador Abril, 37, L'Eixample, 46005 València, Valencia
Google: 5⭐ (25 reseñas)
Web: http://www.gimnasiofemeninotraining.es/
Maps: https://maps.google.com/?cid=11736290007509507379&g_mp=Cidnb29nbGUubWFwcy5wbGFjZXMudjEuUGxhY2VzLlNlYXJjaFRleHQQAhgEIAA"
cmpcyvjtx014xih9uppycqtzj,Gimnasio Master Gym,,963 82 19 63,Gimnasio Master Gym,,España,google-maps,atleevobox,NUEVO,MEDIA,,,2026-05-19T18:29:01.606Z,2026-05-19T18:29:01.606Z,,"Carrer de Martí l'Humà, 14, Extramurs, 46008 València, Valencia",Valencia,4.6,61,https://maps.google.com/?cid=4088930149221085198&g_mp=Cidnb29nbGUubWFwcy5wbGFjZXMudjEuUGxhY2VzLlNlYXJjaFRleHQQAhgEIAA,gym,OPERATIONAL,"Importado desde Google Maps
Tipo: Gimnasio
Dirección: Carrer de Martí l'Humà, 14, Extramurs, 46008 València, Valencia
Google: 4.6⭐ (61 reseñas)
Maps: https://maps.google.com/?cid=4088930149221085198&g_mp=Cidnb29nbGUubWFwcy5wbGFjZXMudjEuUGxhY2VzLlNlYXJjaFRleHQQAhgEIAA"
cmpcyvk4c014yih9u0w2bqw26,Classic Fit Gym Valencia,,628 56 43 79,Classic Fit Gym Valencia,,España,google-maps,atleevobox,NUEVO,MEDIA,,,2026-05-19T18:29:01.980Z,2026-05-19T18:29:01.980Z,http://www.classicfit.es/,"Carrer de Ramon Llull, 29, Algirós, 46021 València, Valencia",Valencia,4.5,155,https://maps.google.com/?cid=13217996142321390956&g_mp=Cidnb29nbGUubWFwcy5wbGFjZXMudjEuUGxhY2VzLlNlYXJjaFRleHQQAhgEIAA,fitness_center,OPERATIONAL,"Importado desde Google Maps
Tipo: Centro deportivo
Dirección: Carrer de Ramon Llull, 29, Algirós, 46021 València, Valencia
Google: 4.5⭐ (155 reseñas)
Web: http://www.classicfit.es/
Maps: https://maps.google.com/?cid=13217996142321390956&g_mp=Cidnb29nbGUubWFwcy5wbGFjZXMudjEuUGxhY2VzLlNlYXJjaFRleHQQAhgEIAA"
cmpcyvkdh014zih9uz5ffx1ky,Fitness Park Valencia - Calixto,,691 51 72 43,Fitness Park Valencia - Calixto,,España,google-maps,atleevobox,NUEVO,MEDIA,,,2026-05-19T18:29:02.309Z,2026-05-19T18:29:02.309Z,https://www.fitnesspark.es/club/valencia-calixto,"Carrer de Calixt III, 28, Extramurs, 46008 València, Valencia",Valencia,4.7,783,https://maps.google.com/?cid=11679845486028393774&g_mp=Cidnb29nbGUubWFwcy5wbGFjZXMudjEuUGxhY2VzLlNlYXJjaFRleHQQAhgEIAA,gym,OPERATIONAL,"Importado desde Google Maps
Tipo: Gimnasio
Dirección: Carrer de Calixt III, 28, Extramurs, 46008 València, Valencia
Google: 4.7⭐ (783 reseñas)
Web: https://www.fitnesspark.es/club/valencia-calixto
Maps: https://maps.google.com/?cid=11679845486028393774&g_mp=Cidnb29nbGUubWFwcy5wbGFjZXMudjEuUGxhY2VzLlNlYXJjaFRleHQQAhgEIAA"
cmpcyvkmk0150ih9uvjccon1k,Orangetheory Fitness Valencia | Entrenamiento grupal fuerza y cardio,,619 22 26 34,Orangetheory Fitness Valencia | Entrenamiento grupal fuerza y cardio,,España,google-maps,atleevobox,NUEVO,MEDIA,,,2026-05-19T18:29:02.636Z,2026-05-19T18:29:02.636Z,https://www.orangetheory.com/es-es/locations/valencia/ciutat-vella/calle-poeta-querol-5,"C. del Poeta Querol, 5, Ciutat Vella, 46002 València, Valencia",Valencia,5,27,https://maps.google.com/?cid=6776865696826293632&g_mp=Cidnb29nbGUubWFwcy5wbGFjZXMudjEuUGxhY2VzLlNlYXJjaFRleHQQAhgEIAA,gym,OPERATIONAL,"Importado desde Google Maps
Tipo: Gimnasio
Dirección: C. del Poeta Querol, 5, Ciutat Vella, 46002 València, Valencia
Google: 5⭐ (27 reseñas)
Web: https://www.orangetheory.com/es-es/locations/valencia/ciutat-vella/calle-poeta-querol-5
Maps: https://maps.google.com/?cid=6776865696826293632&g_mp=Cidnb29nbGUubWFwcy5wbGFjZXMudjEuUGxhY2VzLlNlYXJjaFRleHQQAhgEIAA"
cmpcyvkvs0151ih9uucjz6459,Silentfitness® Valencia,,640 51 55 74,Silentfitness® Valencia,,España,google-maps,atleevobox,NUEVO,MEDIA,,,2026-05-19T18:29:02.969Z,2026-05-19T18:29:02.969Z,http://www.silentfitnessvalencia.com/,"Pont de l'Exposició, El Pla del Real, 46010 València, Valencia",Valencia,5,167,https://maps.google.com/?cid=18030462472954252077&g_mp=Cidnb29nbGUubWFwcy5wbGFjZXMudjEuUGxhY2VzLlNlYXJjaFRleHQQAhgEIAA,fitness_center,OPERATIONAL,"Importado desde Google Maps
Tipo: Centro deportivo
Dirección: Pont de l'Exposició, El Pla del Real, 46010 València, Valencia
Google: 5⭐ (167 reseñas)
Web: http://www.silentfitnessvalencia.com/
Maps: https://maps.google.com/?cid=18030462472954252077&g_mp=Cidnb29nbGUubWFwcy5wbGFjZXMudjEuUGxhY2VzLlNlYXJjaFRleHQQAhgEIAA"
cmpcyvl540152ih9up1r32vhu,SportMax Fitness Center - Valencia,,676 05 08 65,SportMax Fitness Center - Valencia,,España,google-maps,atleevobox,NUEVO,MEDIA,,,2026-05-19T18:29:03.304Z,2026-05-19T18:29:03.304Z,https://www.sportmaxcenter.com/,"C/ de Vinaròs, 26, Rascanya, 46020 València, Valencia",Valencia,4.9,109,https://maps.google.com/?cid=14591839954684526691&g_mp=Cidnb29nbGUubWFwcy5wbGFjZXMudjEuUGxhY2VzLlNlYXJjaFRleHQQAhgEIAA,health,OPERATIONAL,"Importado desde Google Maps
Tipo: Salud y bienestar
Dirección: C/ de Vinaròs, 26, Rascanya, 46020 València, Valencia
Google: 4.9⭐ (109 reseñas)
Web: https://www.sportmaxcenter.com/
Maps: https://maps.google.com/?cid=14591839954684526691&g_mp=Cidnb29nbGUubWFwcy5wbGFjZXMudjEuUGxhY2VzLlNlYXJjaFRleHQQAhgEIAA"
cmpcyvlf00153ih9un0xkueil,Taekwondo Valencia Club Deportivo Esclavas Gimnasio,,630 86 55 87,Taekwondo Valencia Club Deportivo Esclavas Gimnasio,,España,google-maps,atleevobox,NUEVO,MEDIA,,,2026-05-19T18:29:03.660Z,2026-05-19T18:29:03.660Z,https://www.cdesclavas.com/,"Carrer de Misser Mascó, 1, El Pla del Real, 46010 València, Valencia",Valencia,5,63,https://maps.google.com/?cid=11371510613844371621&g_mp=Cidnb29nbGUubWFwcy5wbGFjZXMudjEuUGxhY2VzLlNlYXJjaFRleHQQAhgEIAA,gym,OPERATIONAL,"Importado desde Google Maps
Tipo: Gimnasio
Dirección: Carrer de Misser Mascó, 1, El Pla del Real, 46010 València, Valencia
Google: 5⭐ (63 reseñas)
Web: https://www.cdesclavas.com/
Maps: https://maps.google.com/?cid=11371510613844371621&g_mp=Cidnb29nbGUubWFwcy5wbGFjZXMudjEuUGxhY2VzLlNlYXJjaFRleHQQAhgEIAA"
cmpcyvloe0154ih9uwxk8364a,Gimnasio VivaGym Arena,,,Gimnasio VivaGym Arena,,España,google-maps,atleevobox,NUEVO,MEDIA,,,2026-05-19T18:29:03.998Z,2026-05-19T18:29:03.998Z,https://www.vivagym.com/es-es/gimnasios/valencia/capital/arena/?utm_campaign=250922_es_gmb_conversion_generic_arena&utm_medium=organic&utm_source=gmb,"Arena Multiespacio, C/ de Santa Genoveva Torres, 21, Rascanya, 46019 València, Valencia",Valencia,3.9,413,https://maps.google.com/?cid=17406025165866417951&g_mp=Cidnb29nbGUubWFwcy5wbGFjZXMudjEuUGxhY2VzLlNlYXJjaFRleHQQAhgEIAA,gym,OPERATIONAL,"Importado desde Google Maps
Tipo: Gimnasio
Dirección: Arena Multiespacio, C/ de Santa Genoveva Torres, 21, Rascanya, 46019 València, Valencia
Google: 3.9⭐ (413 reseñas)
Web: https://www.vivagym.com/es-es/gimnasios/valencia/capital/arena/?utm_campaign=250922_es_gmb_conversion_generic_arena&utm_medium=organic&utm_source=gmb
Maps: https://maps.google.com/?cid=17406025165866417951&g_mp=Cidnb29nbGUubWFwcy5wbGFjZXMudjEuUGxhY2VzLlNlYXJjaFRleHQQAhgEIAA"
cmpcyvlxe0155ih9u6p1219l2,Be Balance Training club,,963 44 58 71,Be Balance Training club,,España,google-maps,atleevobox,NUEVO,MEDIA,,,2026-05-19T18:29:04.323Z,2026-05-19T18:29:04.323Z,http://www.bebalance.es/,"C/ de l'Olivera, 1, Ciutat Vella, 46003 València, Valencia",Valencia,4.8,65,https://maps.google.com/?cid=11634259204008292501&g_mp=Cidnb29nbGUubWFwcy5wbGFjZXMudjEuUGxhY2VzLlNlYXJjaFRleHQQAhgEIAA,gym,OPERATIONAL,"Importado desde Google Maps
Tipo: Gimnasio
Dirección: C/ de l'Olivera, 1, Ciutat Vella, 46003 València, Valencia
Google: 4.8⭐ (65 reseñas)
Web: http://www.bebalance.es/
Maps: https://maps.google.com/?cid=11634259204008292501&g_mp=Cidnb29nbGUubWFwcy5wbGFjZXMudjEuUGxhY2VzLlNlYXJjaFRleHQQAhgEIAA"
cmpcyvm6r0156ih9u4y07cgb0,Ribeth Team Richy Style,,,Ribeth Team Richy Style,,España,google-maps,atleevobox,NUEVO,MEDIA,,,2026-05-19T18:29:04.659Z,2026-05-19T18:29:04.659Z,,"C/ del Pare Llansol, 12, 46920 Mislata, Valencia",Valencia,4.9,8,https://maps.google.com/?cid=7659509335212650479&g_mp=Cidnb29nbGUubWFwcy5wbGFjZXMudjEuUGxhY2VzLlNlYXJjaFRleHQQAhgEIAA,gym,OPERATIONAL,"Importado desde Google Maps
Tipo: Gimnasio
Dirección: C/ del Pare Llansol, 12, 46920 Mislata, Valencia
Google: 4.9⭐ (8 reseñas)
Maps: https://maps.google.com/?cid=7659509335212650479&g_mp=Cidnb29nbGUubWFwcy5wbGFjZXMudjEuUGxhY2VzLlNlYXJjaFRleHQQAhgEIAA"
cmpcyvmfu0157ih9u6lkjxa1q,Synergym Valencia Abastos,,,Synergym Valencia Abastos,,España,google-maps,atleevobox,NUEVO,MEDIA,,,2026-05-19T18:29:04.986Z,2026-05-19T18:29:04.986Z,https://www.synergym.es/valencia-abastos/,"Avinguda de Pérez Galdós, 68, Extramurs, 46008 València, Valencia",Valencia,4.6,1072,https://maps.google.com/?cid=2951552667603540098&g_mp=Cidnb29nbGUubWFwcy5wbGFjZXMudjEuUGxhY2VzLlNlYXJjaFRleHQQAhgEIAA,gym,OPERATIONAL,"Importado desde Google Maps
Tipo: Gimnasio
Dirección: Avinguda de Pérez Galdós, 68, Extramurs, 46008 València, Valencia
Google: 4.6⭐ (1072 reseñas)
Web: https://www.synergym.es/valencia-abastos/
Maps: https://maps.google.com/?cid=2951552667603540098&g_mp=Cidnb29nbGUubWFwcy5wbGFjZXMudjEuUGxhY2VzLlNlYXJjaFRleHQQAhgEIAA"
cmpcyvmor0158ih9u0wgus1e4,Basic-Fit,,851 96 04 67,Basic-Fit,,España,google-maps,atleevobox,NUEVO,MEDIA,,,2026-05-19T18:29:05.307Z,2026-05-19T18:29:05.307Z,https://www.basic-fit.com/es-es/clubs/basic-fit-valencia-joaqu%C3%ADn-costa-82b78d35e08141b9affbabc7a951a83d.html?utm_medium=yext&utm_source=gmb,"Carrer de Joaquín Costa, 6, L'Eixample, 46005 València, Valencia",Valencia,4.8,1950,https://maps.google.com/?cid=15126000851527912687&g_mp=Cidnb29nbGUubWFwcy5wbGFjZXMudjEuUGxhY2VzLlNlYXJjaFRleHQQAhgEIAA,gym,OPERATIONAL,"Importado desde Google Maps
Tipo: Gimnasio
Dirección: Carrer de Joaquín Costa, 6, L'Eixample, 46005 València, Valencia
Google: 4.8⭐ (1950 reseñas)
Web: https://www.basic-fit.com/es-es/clubs/basic-fit-valencia-joaqu%C3%ADn-costa-82b78d35e08141b9affbabc7a951a83d.html?utm_medium=yext&utm_source=gmb
Maps: https://maps.google.com/?cid=15126000851527912687&g_mp=Cidnb29nbGUubWFwcy5wbGFjZXMudjEuUGxhY2VzLlNlYXJjaFRleHQQAhgEIAA"
cmpcyvmxs0159ih9ux8s5q7s5,CrossTraining Valencia - Ruzafa,,693 05 09 26,CrossTraining Valencia - Ruzafa,,España,google-maps,atleevobox,NUEVO,MEDIA,,,2026-05-19T18:29:05.632Z,2026-05-19T18:29:05.632Z,http://crosstrainingvalencia.com/,"C/ de Pere III el Gran, 32, L'Eixample, 46005 València, Valencia",Valencia,4.8,111,https://maps.google.com/?cid=8357236246289059591&g_mp=Cidnb29nbGUubWFwcy5wbGFjZXMudjEuUGxhY2VzLlNlYXJjaFRleHQQAhgEIAA,gym,OPERATIONAL,"Importado desde Google Maps
Tipo: Gimnasio
Dirección: C/ de Pere III el Gran, 32, L'Eixample, 46005 València, Valencia
Google: 4.8⭐ (111 reseñas)
Web: http://crosstrainingvalencia.com/
Maps: https://maps.google.com/?cid=8357236246289059591&g_mp=Cidnb29nbGUubWFwcy5wbGFjZXMudjEuUGxhY2VzLlNlYXJjaFRleHQQAhgEIAA"
cmpcyvn6z015aih9us5t8lunh,Gimnasio VivaGym Uruguay,,,Gimnasio VivaGym Uruguay,,España,google-maps,atleevobox,NUEVO,MEDIA,,,2026-05-19T18:29:05.964Z,2026-05-19T18:29:05.964Z,https://www.vivagym.com/es-es/gimnasios/valencia/capital/uruguay/?utm_campaign=250922_es_gmb_conversion_generic_uruguay&utm_medium=organic&utm_source=gmb,"Carrer de l'Uruguai, 11, Jesús, 46007 València, Valencia",Valencia,4.1,432,https://maps.google.com/?cid=12022746978489216662&g_mp=Cidnb29nbGUubWFwcy5wbGFjZXMudjEuUGxhY2VzLlNlYXJjaFRleHQQAhgEIAA,gym,OPERATIONAL,"Importado desde Google Maps
Tipo: Gimnasio
Dirección: Carrer de l'Uruguai, 11, Jesús, 46007 València, Valencia
Google: 4.1⭐ (432 reseñas)
Web: https://www.vivagym.com/es-es/gimnasios/valencia/capital/uruguay/?utm_campaign=250922_es_gmb_conversion_generic_uruguay&utm_medium=organic&utm_source=gmb
Maps: https://maps.google.com/?cid=12022746978489216662&g_mp=Cidnb29nbGUubWFwcy5wbGFjZXMudjEuUGxhY2VzLlNlYXJjaFRleHQQAhgEIAA"
cmpcyvp9r015bih9u2w1fhzbf,C.D My Bóxer Team,,614 28 81 29,C.D My Bóxer Team,,España,google-maps,atleevobox,NUEVO,MEDIA,,,2026-05-19T18:29:08.655Z,2026-05-19T18:29:08.655Z,,"C/ Quejío, 15, 41006 Sevilla",Sevilla,5,141,https://maps.google.com/?cid=12680723723828864856&g_mp=Cidnb29nbGUubWFwcy5wbGFjZXMudjEuUGxhY2VzLlNlYXJjaFRleHQQAhgEIAA,sports_coaching,OPERATIONAL,"Importado desde Google Maps
Tipo: Sports coaching
Dirección: C/ Quejío, 15, 41006 Sevilla
Google: 5⭐ (141 reseñas)
Maps: https://maps.google.com/?cid=12680723723828864856&g_mp=Cidnb29nbGUubWFwcy5wbGFjZXMudjEuUGxhY2VzLlNlYXJjaFRleHQQAhgEIAA"
cmpcyvpiw015cih9uja5mrci0,El Bigotes Boxeo,,646 88 36 41,El Bigotes Boxeo,,España,google-maps,atleevobox,NUEVO,MEDIA,,,2026-05-19T18:29:08.985Z,2026-05-19T18:29:08.985Z,http://www.elbigotes.com/,"C. Huerto del Maestre, 4, 41006 Sevilla",Sevilla,4.9,91,https://maps.google.com/?cid=5330643141110676155&g_mp=Cidnb29nbGUubWFwcy5wbGFjZXMudjEuUGxhY2VzLlNlYXJjaFRleHQQAhgEIAA,sports_coaching,OPERATIONAL,"Importado desde Google Maps
Tipo: Sports coaching
Dirección: C. Huerto del Maestre, 4, 41006 Sevilla
Google: 4.9⭐ (91 reseñas)
Web: http://www.elbigotes.com/
Maps: https://maps.google.com/?cid=5330643141110676155&g_mp=Cidnb29nbGUubWFwcy5wbGFjZXMudjEuUGxhY2VzLlNlYXJjaFRleHQQAhgEIAA"
cmpcyvpse015dih9u877ce5ks,Club de Boxeo Pitbull Team (Sevilla),,604 28 33 32,Club de Boxeo Pitbull Team (Sevilla),,España,google-maps,atleevobox,NUEVO,MEDIA,,,2026-05-19T18:29:09.327Z,2026-05-19T18:29:09.327Z,https://comerciosevilla.es/club-de-boxeo-pitbull-team-sevilla/,"Polígono Calonge, C. Plutonio, 4, Norte, 41007 Sevilla",Sevilla,4.9,173,https://maps.google.com/?cid=12112474351332696653&g_mp=Cidnb29nbGUubWFwcy5wbGFjZXMudjEuUGxhY2VzLlNlYXJjaFRleHQQAhgEIAA,sports_coaching,OPERATIONAL,"Importado desde Google Maps
Tipo: Sports coaching
Dirección: Polígono Calonge, C. Plutonio, 4, Norte, 41007 Sevilla
Google: 4.9⭐ (173 reseñas)
Web: https://comerciosevilla.es/club-de-boxeo-pitbull-team-sevilla/
Maps: https://maps.google.com/?cid=12112474351332696653&g_mp=Cidnb29nbGUubWFwcy5wbGFjZXMudjEuUGxhY2VzLlNlYXJjaFRleHQQAhgEIAA"
cmpcyvq1e015eih9u5ktb6s0p,Kaká Boxing Club,,635 34 15 54,Kaká Boxing Club,,España,google-maps,atleevobox,NUEVO,MEDIA,,,2026-05-19T18:29:09.651Z,2026-05-19T18:29:09.651Z,https://www.instagram.com/kaka_boxing_club/profilecard/?igsh=MTQwdzVhZmM0Z284dg==,"C. San Fernando, 16, Norte, 41015 Sevilla",Sevilla,5,103,https://maps.google.com/?cid=15987858363326570890&g_mp=Cidnb29nbGUubWFwcy5wbGFjZXMudjEuUGxhY2VzLlNlYXJjaFRleHQQAhgEIAA,sports_club,OPERATIONAL,"Importado desde Google Maps
Tipo: Club deportivo
Dirección: C. San Fernando, 16, Norte, 41015 Sevilla
Google: 5⭐ (103 reseñas)
Web: https://www.instagram.com/kaka_boxing_club/profilecard/?igsh=MTQwdzVhZmM0Z284dg==
Maps: https://maps.google.com/?cid=15987858363326570890&g_mp=Cidnb29nbGUubWFwcy5wbGFjZXMudjEuUGxhY2VzLlNlYXJjaFRleHQQAhgEIAA"
cmpcyvqal015fih9u5jj69fyr,Escuela de Boxeo - Ale Boxing Club,,645 19 25 72,Escuela de Boxeo - Ale Boxing Club,,España,google-maps,atleevobox,NUEVO,MEDIA,,,2026-05-19T18:29:09.981Z,2026-05-19T18:29:09.981Z,http://www.aleboxingclub.com/,"C. Pagés del Corro, 64, 41010 Sevilla",Sevilla,4.9,171,https://maps.google.com/?cid=14490723098206145081&g_mp=Cidnb29nbGUubWFwcy5wbGFjZXMudjEuUGxhY2VzLlNlYXJjaFRleHQQAhgEIAA,sports_club,OPERATIONAL,"Importado desde Google Maps
Tipo: Club deportivo
Dirección: C. Pagés del Corro, 64, 41010 Sevilla
Google: 4.9⭐ (171 reseñas)
Web: http://www.aleboxingclub.com/
Maps: https://maps.google.com/?cid=14490723098206145081&g_mp=Cidnb29nbGUubWFwcy5wbGFjZXMudjEuUGxhY2VzLlNlYXJjaFRleHQQAhgEIAA"
cmpcyvqjm015gih9uyg1qcow6,Brooklyn Fitboxing Sevilla-nervión,,682 35 89 87,Brooklyn Fitboxing Sevilla-nervión,,España,google-maps,atleevobox,NUEVO,MEDIA,,,2026-05-19T18:29:10.307Z,2026-05-19T18:29:10.307Z,https://bfclick.com/nervion-gmb,"Av. San Francisco Javier, 20, 41018 Sevilla",Sevilla,4.9,240,https://maps.google.com/?cid=5814876865888125433&g_mp=Cidnb29nbGUubWFwcy5wbGFjZXMudjEuUGxhY2VzLlNlYXJjaFRleHQQAhgEIAA,gym,OPERATIONAL,"Importado desde Google Maps
Tipo: Gimnasio
Dirección: Av. San Francisco Javier, 20, 41018 Sevilla
Google: 4.9⭐ (240 reseñas)
Web: https://bfclick.com/nervion-gmb
Maps: https://maps.google.com/?cid=5814876865888125433&g_mp=Cidnb29nbGUubWFwcy5wbGFjZXMudjEuUGxhY2VzLlNlYXJjaFRleHQQAhgEIAA"
cmpcyvqsp015hih9ux0vsbqs4,Club Boxeo Mano de Piedra Mairena del Aljarafe,,606 90 37 75,Club Boxeo Mano de Piedra Mairena del Aljarafe,,España,google-maps,atleevobox,NUEVO,MEDIA,,,2026-05-19T18:29:10.633Z,2026-05-19T18:29:10.633Z,https://boxeomanodepiedra.com/,"C. Zurbarán, 42a, 41927 Mairena del Aljarafe, Sevilla",Sevilla,5,408,https://maps.google.com/?cid=3197888892784119497&g_mp=Cidnb29nbGUubWFwcy5wbGFjZXMudjEuUGxhY2VzLlNlYXJjaFRleHQQAhgEIAA,sports_club,OPERATIONAL,"Importado desde Google Maps
Tipo: Club deportivo
Dirección: C. Zurbarán, 42a, 41927 Mairena del Aljarafe, Sevilla
Google: 5⭐ (408 reseñas)
Web: https://boxeomanodepiedra.com/
Maps: https://maps.google.com/?cid=3197888892784119497&g_mp=Cidnb29nbGUubWFwcy5wbGFjZXMudjEuUGxhY2VzLlNlYXJjaFRleHQQAhgEIAA"
cmpcyvr1n015iih9uw7xsk6ir,Hook Fitbox Republica,,614 00 36 70,Hook Fitbox Republica,,España,google-maps,atleevobox,NUEVO,MEDIA,,,2026-05-19T18:29:10.956Z,2026-05-19T18:29:10.956Z,https://www.hookfitbox.com/,"C. Esperanza de Triana, 57, 41010 Sevilla",Sevilla,5,18,https://maps.google.com/?cid=10453030125212633364&g_mp=Cidnb29nbGUubWFwcy5wbGFjZXMudjEuUGxhY2VzLlNlYXJjaFRleHQQAhgEIAA,sports_coaching,OPERATIONAL,"Importado desde Google Maps
Tipo: Sports coaching
Dirección: C. Esperanza de Triana, 57, 41010 Sevilla
Google: 5⭐ (18 reseñas)
Web: https://www.hookfitbox.com/
Maps: https://maps.google.com/?cid=10453030125212633364&g_mp=Cidnb29nbGUubWFwcy5wbGFjZXMudjEuUGxhY2VzLlNlYXJjaFRleHQQAhgEIAA"
cmpcyvrar015jih9udpjejuu4,Boxing Clan - Boxeo Sevilla,,609 96 02 48,Boxing Clan - Boxeo Sevilla,,España,google-maps,atleevobox,NUEVO,MEDIA,,,2026-05-19T18:29:11.283Z,2026-05-19T18:29:11.283Z,https://boxingclan.wodbuster.com/,"C. Federico García Lorca, 3, Local Bajo A, 41005 Sevilla",Sevilla,5,13,https://maps.google.com/?cid=18415863929013348420&g_mp=Cidnb29nbGUubWFwcy5wbGFjZXMudjEuUGxhY2VzLlNlYXJjaFRleHQQAhgEIAA,sports_club,OPERATIONAL,"Importado desde Google Maps
Tipo: Club deportivo
Dirección: C. Federico García Lorca, 3, Local Bajo A, 41005 Sevilla
Google: 5⭐ (13 reseñas)
Web: https://boxingclan.wodbuster.com/
Maps: https://maps.google.com/?cid=18415863929013348420&g_mp=Cidnb29nbGUubWFwcy5wbGFjZXMudjEuUGxhY2VzLlNlYXJjaFRleHQQAhgEIAA"
cmpcyvrk4015kih9uon5w6j5m,Hook Fitbox Club,,614 12 05 21,Hook Fitbox Club,,España,google-maps,atleevobox,NUEVO,MEDIA,,,2026-05-19T18:29:11.620Z,2026-05-19T18:29:11.620Z,http://www.hookfitbox.com/,"Av. de Alemania, 7, Local 8, 41012 Sevilla",Sevilla,5,111,https://maps.google.com/?cid=3266634668199596195&g_mp=Cidnb29nbGUubWFwcy5wbGFjZXMudjEuUGxhY2VzLlNlYXJjaFRleHQQAhgEIAA,fitness_center,OPERATIONAL,"Importado desde Google Maps
Tipo: Centro deportivo
Dirección: Av. de Alemania, 7, Local 8, 41012 Sevilla
Google: 5⭐ (111 reseñas)
Web: http://www.hookfitbox.com/
Maps: https://maps.google.com/?cid=3266634668199596195&g_mp=Cidnb29nbGUubWFwcy5wbGFjZXMudjEuUGxhY2VzLlNlYXJjaFRleHQQAhgEIAA"
cmpcyvrt8015lih9usyx9bmoi,Brooklyn Fitboxing SEVILLA-ESTE,,600 59 45 45,Brooklyn Fitboxing SEVILLA-ESTE,,España,google-maps,atleevobox,NUEVO,MEDIA,,,2026-05-19T18:29:11.949Z,2026-05-19T18:29:11.949Z,https://bfclick.com/sevilla-gmb,"C. Eufrates, 8, 41020 Sevilla",Sevilla,4.9,177,https://maps.google.com/?cid=16066433509592690444&g_mp=Cidnb29nbGUubWFwcy5wbGFjZXMudjEuUGxhY2VzLlNlYXJjaFRleHQQAhgEIAA,gym,OPERATIONAL,"Importado desde Google Maps
Tipo: Gimnasio
Dirección: C. Eufrates, 8, 41020 Sevilla
Google: 4.9⭐ (177 reseñas)
Web: https://bfclick.com/sevilla-gmb
Maps: https://maps.google.com/?cid=16066433509592690444&g_mp=Cidnb29nbGUubWFwcy5wbGFjZXMudjEuUGxhY2VzLlNlYXJjaFRleHQQAhgEIAA"
cmpcyvs32015mih9uv45rwjvm,Centro Deportivo Crossfight,,954 45 87 06,Centro Deportivo Crossfight,,España,google-maps,atleevobox,NUEVO,MEDIA,,,2026-05-19T18:29:12.303Z,2026-05-19T18:29:12.303Z,https://www.facebook.com/CD-Crossfight-363113817229961/?fref=ts,"C. Virgen de Fátima, 12, 41010 Sevilla",Sevilla,5,305,https://maps.google.com/?cid=6690897282975279063&g_mp=Cidnb29nbGUubWFwcy5wbGFjZXMudjEuUGxhY2VzLlNlYXJjaFRleHQQAhgEIAA,gym,OPERATIONAL,"Importado desde Google Maps
Tipo: Gimnasio
Dirección: C. Virgen de Fátima, 12, 41010 Sevilla
Google: 5⭐ (305 reseñas)
Web: https://www.facebook.com/CD-Crossfight-363113817229961/?fref=ts
Maps: https://maps.google.com/?cid=6690897282975279063&g_mp=Cidnb29nbGUubWFwcy5wbGFjZXMudjEuUGxhY2VzLlNlYXJjaFRleHQQAhgEIAA"
cmpcyvse6015nih9u60q7wfyk,DL8FIGHT BOXING CLUB,,614 38 18 66,DL8FIGHT BOXING CLUB,,España,google-maps,atleevobox,NUEVO,MEDIA,,,2026-05-19T18:29:12.702Z,2026-05-19T18:29:12.702Z,https://www.dl8fight.com/,"C. Pino Gargalla, 22, 41016 Sevilla",Sevilla,4.8,61,https://maps.google.com/?cid=9233040590729304090&g_mp=Cidnb29nbGUubWFwcy5wbGFjZXMudjEuUGxhY2VzLlNlYXJjaFRleHQQAhgEIAA,sports_club,OPERATIONAL,"Importado desde Google Maps
Tipo: Club deportivo
Dirección: C. Pino Gargalla, 22, 41016 Sevilla
Google: 4.8⭐ (61 reseñas)
Web: https://www.dl8fight.com/
Maps: https://maps.google.com/?cid=9233040590729304090&g_mp=Cidnb29nbGUubWFwcy5wbGFjZXMudjEuUGxhY2VzLlNlYXJjaFRleHQQAhgEIAA"
cmpcyvsnb015oih9ulqkfyvxf,DRACO FIGHT CLUB,,667 72 03 80,DRACO FIGHT CLUB,,España,google-maps,atleevobox,NUEVO,MEDIA,,,2026-05-19T18:29:13.032Z,2026-05-19T18:29:13.032Z,https://dracofightclub.es/,"C. Vía Apia, 44, 41089 Montequinto, Sevilla",Sevilla,5,419,https://maps.google.com/?cid=10074484068270059358&g_mp=Cidnb29nbGUubWFwcy5wbGFjZXMudjEuUGxhY2VzLlNlYXJjaFRleHQQAhgEIAA,sports_school,OPERATIONAL,"Importado desde Google Maps
Tipo: Escuela deportiva
Dirección: C. Vía Apia, 44, 41089 Montequinto, Sevilla
Google: 5⭐ (419 reseñas)
Web: https://dracofightclub.es/
Maps: https://maps.google.com/?cid=10074484068270059358&g_mp=Cidnb29nbGUubWFwcy5wbGFjZXMudjEuUGxhY2VzLlNlYXJjaFRleHQQAhgEIAA"
cmpcyvtak015pih9u7xa586yt,Sevilla Fight Center,,,Sevilla Fight Center,,España,google-maps,atleevobox,NUEVO,MEDIA,,,2026-05-19T18:29:13.869Z,2026-05-19T18:29:13.869Z,,"C. Mastín, 23, 41007 Sevilla",Sevilla,5,6,https://maps.google.com/?cid=14632515201742352827&g_mp=Cidnb29nbGUubWFwcy5wbGFjZXMudjEuUGxhY2VzLlNlYXJjaFRleHQQAhgEIAA,gym,OPERATIONAL,"Importado desde Google Maps
Tipo: Gimnasio
Dirección: C. Mastín, 23, 41007 Sevilla
Google: 5⭐ (6 reseñas)
Maps: https://maps.google.com/?cid=14632515201742352827&g_mp=Cidnb29nbGUubWFwcy5wbGFjZXMudjEuUGxhY2VzLlNlYXJjaFRleHQQAhgEIAA"
cmpcyvtl0015qih9ubqgctpnu,Club Boxeo Dos Hermanas,,660 51 36 33,Club Boxeo Dos Hermanas,,España,google-maps,atleevobox,NUEVO,MEDIA,,,2026-05-19T18:29:14.245Z,2026-05-19T18:29:14.245Z,https://boxeodoshermanas.es/,"C. Pintor Amalio García del Moral, 23, 41702 Dos Hermanas, Sevilla",Sevilla,4.9,72,https://maps.google.com/?cid=15868893351402496709&g_mp=Cidnb29nbGUubWFwcy5wbGFjZXMudjEuUGxhY2VzLlNlYXJjaFRleHQQAhgEIAA,sports_coaching,OPERATIONAL,"Importado desde Google Maps
Tipo: Sports coaching
Dirección: C. Pintor Amalio García del Moral, 23, 41702 Dos Hermanas, Sevilla
Google: 4.9⭐ (72 reseñas)
Web: https://boxeodoshermanas.es/
Maps: https://maps.google.com/?cid=15868893351402496709&g_mp=Cidnb29nbGUubWFwcy5wbGFjZXMudjEuUGxhY2VzLlNlYXJjaFRleHQQAhgEIAA"
cmpcyvtud015rih9uwmre38w4,Gimnasio Family Gym,,,Gimnasio Family Gym,,España,google-maps,atleevobox,NUEVO,MEDIA,,,2026-05-19T18:29:14.581Z,2026-05-19T18:29:14.581Z,,"Calle Juan Núñez, 4, 41008 Sevilla",Sevilla,4.8,90,https://maps.google.com/?cid=13325810497131531902&g_mp=Cidnb29nbGUubWFwcy5wbGFjZXMudjEuUGxhY2VzLlNlYXJjaFRleHQQAhgEIAA,gym,OPERATIONAL,"Importado desde Google Maps
Tipo: Gimnasio
Dirección: Calle Juan Núñez, 4, 41008 Sevilla
Google: 4.8⭐ (90 reseñas)
Maps: https://maps.google.com/?cid=13325810497131531902&g_mp=Cidnb29nbGUubWFwcy5wbGFjZXMudjEuUGxhY2VzLlNlYXJjaFRleHQQAhgEIAA"
cmpcyvu3d015sih9u49bpqv8y,Brooklyn Fitboxing Aljarafe,,644 94 53 65,Brooklyn Fitboxing Aljarafe,,España,google-maps,atleevobox,NUEVO,MEDIA,,,2026-05-19T18:29:14.905Z,2026-05-19T18:29:14.905Z,https://bfclick.com/aljarafe-gmb,"C. Industria, 5, Ed. Metropol, 3, 41927 Mairena del Aljarafe, Sevilla",Sevilla,4.8,220,https://maps.google.com/?cid=18358381962621842539&g_mp=Cidnb29nbGUubWFwcy5wbGFjZXMudjEuUGxhY2VzLlNlYXJjaFRleHQQAhgEIAA,gym,OPERATIONAL,"Importado desde Google Maps
Tipo: Gimnasio
Dirección: C. Industria, 5, Ed. Metropol, 3, 41927 Mairena del Aljarafe, Sevilla
Google: 4.8⭐ (220 reseñas)
Web: https://bfclick.com/aljarafe-gmb
Maps: https://maps.google.com/?cid=18358381962621842539&g_mp=Cidnb29nbGUubWFwcy5wbGFjZXMudjEuUGxhY2VzLlNlYXJjaFRleHQQAhgEIAA"
cmpcyvucd015tih9ued0psidr,Century Fitness - Tu Gimnasio en Sevilla,,691 84 08 73,Century Fitness - Tu Gimnasio en Sevilla,,España,google-maps,atleevobox,NUEVO,MEDIA,,,2026-05-19T18:29:15.230Z,2026-05-19T18:29:15.230Z,https://www.centuryfitness.es/?utm_source=google-mybusiness&utm_medium=local-pack&utm_campaign=website,"Av. del Alcalde Manuel del Valle, 50, Norte, 41015 Sevilla",Sevilla,4.8,3044,https://maps.google.com/?cid=4457123243678328102&g_mp=Cidnb29nbGUubWFwcy5wbGFjZXMudjEuUGxhY2VzLlNlYXJjaFRleHQQAhgEIAA,gym,OPERATIONAL,"Importado desde Google Maps
Tipo: Gimnasio
Dirección: Av. del Alcalde Manuel del Valle, 50, Norte, 41015 Sevilla
Google: 4.8⭐ (3044 reseñas)
Web: https://www.centuryfitness.es/?utm_source=google-mybusiness&utm_medium=local-pack&utm_campaign=website
Maps: https://maps.google.com/?cid=4457123243678328102&g_mp=Cidnb29nbGUubWFwcy5wbGFjZXMudjEuUGxhY2VzLlNlYXJjaFRleHQQAhgEIAA"
cmpcyvulg015uih9ur98xytzg,Club Deportivo Torrebox,,650 44 48 86,Club Deportivo Torrebox,,España,google-maps,atleevobox,NUEVO,MEDIA,,,2026-05-19T18:29:15.557Z,2026-05-19T18:29:15.557Z,,"C. Torremegía, 58, 41016 Sevilla",Sevilla,4.7,34,https://maps.google.com/?cid=731543946665890383&g_mp=Cidnb29nbGUubWFwcy5wbGFjZXMudjEuUGxhY2VzLlNlYXJjaFRleHQQAhgEIAA,gym,OPERATIONAL,"Importado desde Google Maps
Tipo: Gimnasio
Dirección: C. Torremegía, 58, 41016 Sevilla
Google: 4.7⭐ (34 reseñas)
Maps: https://maps.google.com/?cid=731543946665890383&g_mp=Cidnb29nbGUubWFwcy5wbGFjZXMudjEuUGxhY2VzLlNlYXJjaFRleHQQAhgEIAA"
cmpcyvuv7015vih9urmlqjfsj,Cuesta Sport Fitness Center Sevilla,,955 06 97 23,Cuesta Sport Fitness Center Sevilla,,España,google-maps,atleevobox,NUEVO,MEDIA,,,2026-05-19T18:29:15.908Z,2026-05-19T18:29:15.908Z,https://www.cuestasport.com/%20%20https://www.areafit.es/cuesta,"Cta. del Rosario, 8, Casco Antiguo, 41004 Sevilla",Sevilla,4.4,427,https://maps.google.com/?cid=13488177497195621142&g_mp=Cidnb29nbGUubWFwcy5wbGFjZXMudjEuUGxhY2VzLlNlYXJjaFRleHQQAhgEIAA,gym,OPERATIONAL,"Importado desde Google Maps
Tipo: Gimnasio
Dirección: Cta. del Rosario, 8, Casco Antiguo, 41004 Sevilla
Google: 4.4⭐ (427 reseñas)
Web: https://www.cuestasport.com/%20%20https://www.areafit.es/cuesta
Maps: https://maps.google.com/?cid=13488177497195621142&g_mp=Cidnb29nbGUubWFwcy5wbGFjZXMudjEuUGxhY2VzLlNlYXJjaFRleHQQAhgEIAA"
cmpcyvv49015wih9uoar68xv1,Camp Muay - Centro de Entrenamiento Alto Rendimiento,,665 46 37 92,Camp Muay - Centro de Entrenamiento Alto Rendimiento,,España,google-maps,atleevobox,NUEVO,MEDIA,,,2026-05-19T18:29:16.234Z,2026-05-19T18:29:16.234Z,,"Mercado de abastos, C. Médicos Mundi, 2, Planta alta, 41020 Sevilla",Sevilla,4.9,69,https://maps.google.com/?cid=6513409231997823634&g_mp=Cidnb29nbGUubWFwcy5wbGFjZXMudjEuUGxhY2VzLlNlYXJjaFRleHQQAhgEIAA,gym,OPERATIONAL,"Importado desde Google Maps
Tipo: Gimnasio
Dirección: Mercado de abastos, C. Médicos Mundi, 2, Planta alta, 41020 Sevilla
Google: 4.9⭐ (69 reseñas)
Maps: https://maps.google.com/?cid=6513409231997823634&g_mp=Cidnb29nbGUubWFwcy5wbGFjZXMudjEuUGxhY2VzLlNlYXJjaFRleHQQAhgEIAA"
cmpcyvvdw015xih9u8i72icf3,Escuela De Boxeo Seda Alvarez,,646 40 16 11,Escuela De Boxeo Seda Alvarez,,España,google-maps,atleevobox,NUEVO,MEDIA,,,2026-05-19T18:29:16.580Z,2026-05-19T18:29:16.580Z,https://www.instagram.com/escueladeboxeo_sedaalvarez?igsh=M3RmNzRxNGxxNWNr,"C. la Industria, 22, 41900 Camas, Sevilla",Sevilla,5,37,https://maps.google.com/?cid=2115375761669964040&g_mp=Cidnb29nbGUubWFwcy5wbGFjZXMudjEuUGxhY2VzLlNlYXJjaFRleHQQAhgEIAA,gym,OPERATIONAL,"Importado desde Google Maps
Tipo: Gimnasio
Dirección: C. la Industria, 22, 41900 Camas, Sevilla
Google: 5⭐ (37 reseñas)
Web: https://www.instagram.com/escueladeboxeo_sedaalvarez?igsh=M3RmNzRxNGxxNWNr
Maps: https://maps.google.com/?cid=2115375761669964040&g_mp=Cidnb29nbGUubWFwcy5wbGFjZXMudjEuUGxhY2VzLlNlYXJjaFRleHQQAhgEIAA"
cmpcyvvmv015yih9uazomoc9i,SBM fitbox,,649 53 62 39,SBM fitbox,,España,google-maps,atleevobox,NUEVO,MEDIA,,,2026-05-19T18:29:16.904Z,2026-05-19T18:29:16.904Z,https://sbm.wodbuster.com/,"C. Juan de Pineda, 126, 41010 Sevilla",Sevilla,5,39,https://maps.google.com/?cid=18440094572065507381&g_mp=Cidnb29nbGUubWFwcy5wbGFjZXMudjEuUGxhY2VzLlNlYXJjaFRleHQQAhgEIAA,gym,OPERATIONAL,"Importado desde Google Maps
Tipo: Gimnasio
Dirección: C. Juan de Pineda, 126, 41010 Sevilla
Google: 5⭐ (39 reseñas)
Web: https://sbm.wodbuster.com/
Maps: https://maps.google.com/?cid=18440094572065507381&g_mp=Cidnb29nbGUubWFwcy5wbGFjZXMudjEuUGxhY2VzLlNlYXJjaFRleHQQAhgEIAA"
cmpcyvvw1015zih9uomvzbxyh,Hon Ken Artes Marciales,,670 87 32 84,Hon Ken Artes Marciales,,España,google-maps,atleevobox,NUEVO,MEDIA,,,2026-05-19T18:29:17.233Z,2026-05-19T18:29:17.233Z,https://www.facebook.com/HONKEN.JOSEHERRERA.ARTESMARCIALES/,"C. Manuel Arellano, 3, 41010 Sevilla",Sevilla,4.9,49,https://maps.google.com/?cid=14009308070274800214&g_mp=Cidnb29nbGUubWFwcy5wbGFjZXMudjEuUGxhY2VzLlNlYXJjaFRleHQQAhgEIAA,sports_school,OPERATIONAL,"Importado desde Google Maps
Tipo: Escuela deportiva
Dirección: C. Manuel Arellano, 3, 41010 Sevilla
Google: 4.9⭐ (49 reseñas)
Web: https://www.facebook.com/HONKEN.JOSEHERRERA.ARTESMARCIALES/
Maps: https://maps.google.com/?cid=14009308070274800214&g_mp=Cidnb29nbGUubWFwcy5wbGFjZXMudjEuUGxhY2VzLlNlYXJjaFRleHQQAhgEIAA"
cmpcyvw510160ih9ucy97qtpc,BOXEO SAN JOSE,,,BOXEO SAN JOSE,,España,google-maps,atleevobox,NUEVO,MEDIA,,,2026-05-19T18:29:17.557Z,2026-05-19T18:29:17.557Z,https://instagram.com/boxeosanjose?igshid=MzRlODBiNWFlZA==,"C. Isaac Newton, 19, 41300 La Rinconada, Sevilla",Sevilla,4.8,95,https://maps.google.com/?cid=11095153429103095321&g_mp=Cidnb29nbGUubWFwcy5wbGFjZXMudjEuUGxhY2VzLlNlYXJjaFRleHQQAhgEIAA,fitness_center,OPERATIONAL,"Importado desde Google Maps
Tipo: Centro deportivo
Dirección: C. Isaac Newton, 19, 41300 La Rinconada, Sevilla
Google: 4.8⭐ (95 reseñas)
Web: https://instagram.com/boxeosanjose?igshid=MzRlODBiNWFlZA==
Maps: https://maps.google.com/?cid=11095153429103095321&g_mp=Cidnb29nbGUubWFwcy5wbGFjZXMudjEuUGxhY2VzLlNlYXJjaFRleHQQAhgEIAA"
cmpcyvwec0161ih9umh7v2hu4,Gimnasio ACM Sevilla,,722 31 04 29,Gimnasio ACM Sevilla,,España,google-maps,atleevobox,NUEVO,MEDIA,,,2026-05-19T18:29:17.893Z,2026-05-19T18:29:17.893Z,https://instagram.com/gimnasioacmsevilla?utm_medium=copy_link,"Av. la Industria, 23, 41007 Sevilla",Sevilla,4.6,201,https://maps.google.com/?cid=18375863626840185027&g_mp=Cidnb29nbGUubWFwcy5wbGFjZXMudjEuUGxhY2VzLlNlYXJjaFRleHQQAhgEIAA,gym,OPERATIONAL,"Importado desde Google Maps
Tipo: Gimnasio
Dirección: Av. la Industria, 23, 41007 Sevilla
Google: 4.6⭐ (201 reseñas)
Web: https://instagram.com/gimnasioacmsevilla?utm_medium=copy_link
Maps: https://maps.google.com/?cid=18375863626840185027&g_mp=Cidnb29nbGUubWFwcy5wbGFjZXMudjEuUGxhY2VzLlNlYXJjaFRleHQQAhgEIAA"
cmpcyvwnc0162ih9u74krg67l,Kai Sing Thai,,629 90 63 76,Kai Sing Thai,,España,google-maps,atleevobox,NUEVO,MEDIA,,,2026-05-19T18:29:18.216Z,2026-05-19T18:29:18.216Z,https://www.facebook.com/kaisingthai/,"C. Castillo de Aroche, 41013 Sevilla",Sevilla,4.8,24,https://maps.google.com/?cid=8926753523008188694&g_mp=Cidnb29nbGUubWFwcy5wbGFjZXMudjEuUGxhY2VzLlNlYXJjaFRleHQQAhgEIAA,sports_coaching,OPERATIONAL,"Importado desde Google Maps
Tipo: Sports coaching
Dirección: C. Castillo de Aroche, 41013 Sevilla
Google: 4.8⭐ (24 reseñas)
Web: https://www.facebook.com/kaisingthai/
Maps: https://maps.google.com/?cid=8926753523008188694&g_mp=Cidnb29nbGUubWFwcy5wbGFjZXMudjEuUGxhY2VzLlNlYXJjaFRleHQQAhgEIAA"
cmpcyvx180163ih9u7my5t3zu,Crazy Team Sevilla,,633 58 96 93,Crazy Team Sevilla,,España,google-maps,atleevobox,NUEVO,MEDIA,,,2026-05-19T18:29:18.717Z,2026-05-19T18:29:18.717Z,,"Local Sutemi Academy, Avenida de Finlandia, 41012 Sevilla",Sevilla,5,36,https://maps.google.com/?cid=10506467578769692936&g_mp=Cidnb29nbGUubWFwcy5wbGFjZXMudjEuUGxhY2VzLlNlYXJjaFRleHQQAhgEIAA,sports_school,OPERATIONAL,"Importado desde Google Maps
Tipo: Escuela deportiva
Dirección: Local Sutemi Academy, Avenida de Finlandia, 41012 Sevilla
Google: 5⭐ (36 reseñas)
Maps: https://maps.google.com/?cid=10506467578769692936&g_mp=Cidnb29nbGUubWFwcy5wbGFjZXMudjEuUGxhY2VzLlNlYXJjaFRleHQQAhgEIAA"
cmpcyvxag0164ih9uguffrtiy,Macarena box,,675 80 62 36,Macarena box,,España,google-maps,atleevobox,NUEVO,MEDIA,,,2026-05-19T18:29:19.048Z,2026-05-19T18:29:19.048Z,https://www.facebook.com/CrossFitMacarenaBox/,"C/ San Juan Bosco, 12, 41008 Sevilla",Sevilla,4.7,99,https://maps.google.com/?cid=16007956061679466516&g_mp=Cidnb29nbGUubWFwcy5wbGFjZXMudjEuUGxhY2VzLlNlYXJjaFRleHQQAhgEIAA,gym,OPERATIONAL,"Importado desde Google Maps
Tipo: Gimnasio
Dirección: C/ San Juan Bosco, 12, 41008 Sevilla
Google: 4.7⭐ (99 reseñas)
Web: https://www.facebook.com/CrossFitMacarenaBox/
Maps: https://maps.google.com/?cid=16007956061679466516&g_mp=Cidnb29nbGUubWFwcy5wbGFjZXMudjEuUGxhY2VzLlNlYXJjaFRleHQQAhgEIAA"
cmpcyvxjj0165ih9umtkk0ewi,Jaramillo Academy Boran Gym,,639 34 77 77,Jaramillo Academy Boran Gym,,España,google-maps,atleevobox,NUEVO,MEDIA,,,2026-05-19T18:29:19.376Z,2026-05-19T18:29:19.376Z,http://www.borangymjaramillo.es/,"Sta. Lucía, 37, local 2, Casco Antiguo, 41003 Sevilla",Sevilla,4.8,70,https://maps.google.com/?cid=13774105980389537771&g_mp=Cidnb29nbGUubWFwcy5wbGFjZXMudjEuUGxhY2VzLlNlYXJjaFRleHQQAhgEIAA,sports_school,OPERATIONAL,"Importado desde Google Maps
Tipo: Escuela deportiva
Dirección: Sta. Lucía, 37, local 2, Casco Antiguo, 41003 Sevilla
Google: 4.8⭐ (70 reseñas)
Web: http://www.borangymjaramillo.es/
Maps: https://maps.google.com/?cid=13774105980389537771&g_mp=Cidnb29nbGUubWFwcy5wbGFjZXMudjEuUGxhY2VzLlNlYXJjaFRleHQQAhgEIAA"
cmpcyvxsp0166ih9uaxnig4sv,Sutemi MMA,,,Sutemi MMA,,España,google-maps,atleevobox,NUEVO,MEDIA,,,2026-05-19T18:29:19.705Z,2026-05-19T18:29:19.705Z,,"P.I. Navisa, C. Herramientas, 84, 41006 Sevilla",Sevilla,4.7,66,https://maps.google.com/?cid=2858070307835931390&g_mp=Cidnb29nbGUubWFwcy5wbGFjZXMudjEuUGxhY2VzLlNlYXJjaFRleHQQAhgEIAA,gym,OPERATIONAL,"Importado desde Google Maps
Tipo: Gimnasio
Dirección: P.I. Navisa, C. Herramientas, 84, 41006 Sevilla
Google: 4.7⭐ (66 reseñas)
Maps: https://maps.google.com/?cid=2858070307835931390&g_mp=Cidnb29nbGUubWFwcy5wbGFjZXMudjEuUGxhY2VzLlNlYXJjaFRleHQQAhgEIAA"
cmpcyvy240167ih9urnog5x6z,Budokan Sevilla,,617 74 67 26,Budokan Sevilla,,España,google-maps,atleevobox,NUEVO,MEDIA,,,2026-05-19T18:29:20.044Z,2026-05-19T18:29:20.044Z,http://www.budokansevilla.com/,"C. Macarena, 38, Casco Antiguo, 41003 Sevilla",Sevilla,4.5,45,https://maps.google.com/?cid=2963258283545462617&g_mp=Cidnb29nbGUubWFwcy5wbGFjZXMudjEuUGxhY2VzLlNlYXJjaFRleHQQAhgEIAA,sports_school,OPERATIONAL,"Importado desde Google Maps
Tipo: Escuela deportiva
Dirección: C. Macarena, 38, Casco Antiguo, 41003 Sevilla
Google: 4.5⭐ (45 reseñas)
Web: http://www.budokansevilla.com/
Maps: https://maps.google.com/?cid=2963258283545462617&g_mp=Cidnb29nbGUubWFwcy5wbGFjZXMudjEuUGxhY2VzLlNlYXJjaFRleHQQAhgEIAA"
cmpcyvyb50168ih9uj2odpugj,Gimnasio VivaGym Sevilla Este,,,Gimnasio VivaGym Sevilla Este,,España,google-maps,atleevobox,NUEVO,MEDIA,,,2026-05-19T18:29:20.370Z,2026-05-19T18:29:20.370Z,https://www.vivagym.com/es-es/gimnasios/sevilla/capital/este/?utm_campaign=250922_es_gmb_conversion_generic_sevilla-este&utm_medium=organic&utm_source=gmb,"C. Argos, 13, 41020 Sevilla",Sevilla,4.1,635,https://maps.google.com/?cid=7267346229673538447&g_mp=Cidnb29nbGUubWFwcy5wbGFjZXMudjEuUGxhY2VzLlNlYXJjaFRleHQQAhgEIAA,gym,OPERATIONAL,"Importado desde Google Maps
Tipo: Gimnasio
Dirección: C. Argos, 13, 41020 Sevilla
Google: 4.1⭐ (635 reseñas)
Web: https://www.vivagym.com/es-es/gimnasios/sevilla/capital/este/?utm_campaign=250922_es_gmb_conversion_generic_sevilla-este&utm_medium=organic&utm_source=gmb
Maps: https://maps.google.com/?cid=7267346229673538447&g_mp=Cidnb29nbGUubWFwcy5wbGFjZXMudjEuUGxhY2VzLlNlYXJjaFRleHQQAhgEIAA"
cmpcyvyk60169ih9ur6dr9io6,VALHALLA BOX,,638 77 94 55,VALHALLA BOX,,España,google-maps,atleevobox,NUEVO,MEDIA,,,2026-05-19T18:29:20.694Z,2026-05-19T18:29:20.694Z,https://valhallabox.es/,"C. Vía Apia, 2, 41089 Dos Hermanas, Sevilla",Sevilla,4.9,71,https://maps.google.com/?cid=1908416464146407750&g_mp=Cidnb29nbGUubWFwcy5wbGFjZXMudjEuUGxhY2VzLlNlYXJjaFRleHQQAhgEIAA,fitness_center,OPERATIONAL,"Importado desde Google Maps
Tipo: Centro deportivo
Dirección: C. Vía Apia, 2, 41089 Dos Hermanas, Sevilla
Google: 4.9⭐ (71 reseñas)
Web: https://valhallabox.es/
Maps: https://maps.google.com/?cid=1908416464146407750&g_mp=Cidnb29nbGUubWFwcy5wbGFjZXMudjEuUGxhY2VzLlNlYXJjaFRleHQQAhgEIAA"
cmpcyvytc016aih9u8rdjr28p,Boxeo Suarez,,649 58 45 63,Boxeo Suarez,,España,google-maps,atleevobox,NUEVO,MEDIA,,,2026-05-19T18:29:21.024Z,2026-05-19T18:29:21.024Z,,"Av. los Pirralos, 19, 41701 Dos Hermanas, Sevilla",Sevilla,4.9,19,https://maps.google.com/?cid=4740331718897620249&g_mp=Cidnb29nbGUubWFwcy5wbGFjZXMudjEuUGxhY2VzLlNlYXJjaFRleHQQAhgEIAA,gym,OPERATIONAL,"Importado desde Google Maps
Tipo: Gimnasio
Dirección: Av. los Pirralos, 19, 41701 Dos Hermanas, Sevilla
Google: 4.9⭐ (19 reseñas)
Maps: https://maps.google.com/?cid=4740331718897620249&g_mp=Cidnb29nbGUubWFwcy5wbGFjZXMudjEuUGxhY2VzLlNlYXJjaFRleHQQAhgEIAA"
cmpcyvz3b016bih9ub3broq30,Federación Andaluza de Boxeo,,639 23 53 23,Federación Andaluza de Boxeo,,España,google-maps,atleevobox,NUEVO,MEDIA,,,2026-05-19T18:29:21.383Z,2026-05-19T18:29:21.383Z,http://faboxeo.es/,"Pl. de S. Francisco, 6, Casco Antiguo, 41004 Sevilla",Sevilla,4.2,5,https://maps.google.com/?cid=7506971164621768510&g_mp=Cidnb29nbGUubWFwcy5wbGFjZXMudjEuUGxhY2VzLlNlYXJjaFRleHQQAhgEIAA,sports_club,OPERATIONAL,"Importado desde Google Maps
Tipo: Club deportivo
Dirección: Pl. de S. Francisco, 6, Casco Antiguo, 41004 Sevilla
Google: 4.2⭐ (5 reseñas)
Web: http://faboxeo.es/
Maps: https://maps.google.com/?cid=7506971164621768510&g_mp=Cidnb29nbGUubWFwcy5wbGFjZXMudjEuUGxhY2VzLlNlYXJjaFRleHQQAhgEIAA"
cmpcyvzch016cih9usvnr0oet,YO10 Sport Club Sevilla,,955 75 41 85,YO10 Sport Club Sevilla,,España,google-maps,atleevobox,NUEVO,MEDIA,,,2026-05-19T18:29:21.713Z,2026-05-19T18:29:21.713Z,https://www.yodiez.com/centro/sevilla.html,"Torre Sevilla Calle Gonzalo Jiménez de Quesada, C.C. Torre-Sevilla, 2, Planta - local 79, 41092 Sevilla",Sevilla,4.8,573,https://maps.google.com/?cid=11351146178446161930&g_mp=Cidnb29nbGUubWFwcy5wbGFjZXMudjEuUGxhY2VzLlNlYXJjaFRleHQQAhgEIAA,fitness_center,OPERATIONAL,"Importado desde Google Maps
Tipo: Centro deportivo
Dirección: Torre Sevilla Calle Gonzalo Jiménez de Quesada, C.C. Torre-Sevilla, 2, Planta - local 79, 41092 Sevilla
Google: 4.8⭐ (573 reseñas)
Web: https://www.yodiez.com/centro/sevilla.html
Maps: https://maps.google.com/?cid=11351146178446161930&g_mp=Cidnb29nbGUubWFwcy5wbGFjZXMudjEuUGxhY2VzLlNlYXJjaFRleHQQAhgEIAA"
cmpcyvzlh016dih9um9x0jbp1,Germano Sport,,954 37 28 72,Germano Sport,,España,google-maps,atleevobox,NUEVO,MEDIA,,,2026-05-19T18:29:22.038Z,2026-05-19T18:29:22.038Z,http://www.germanosport.com/,"C. Macarena, 38, Casco Antiguo, 41003 Sevilla",Sevilla,4.7,201,https://maps.google.com/?cid=4446092461414629830&g_mp=Cidnb29nbGUubWFwcy5wbGFjZXMudjEuUGxhY2VzLlNlYXJjaFRleHQQAhgEIAA,gym,OPERATIONAL,"Importado desde Google Maps
Tipo: Gimnasio
Dirección: C. Macarena, 38, Casco Antiguo, 41003 Sevilla
Google: 4.7⭐ (201 reseñas)
Web: http://www.germanosport.com/
Maps: https://maps.google.com/?cid=4446092461414629830&g_mp=Cidnb29nbGUubWFwcy5wbGFjZXMudjEuUGxhY2VzLlNlYXJjaFRleHQQAhgEIAA"
cmpcyvzun016eih9u7wsazsuc,Synergym Sevilla Triana Tejares,,,Synergym Sevilla Triana Tejares,,España,google-maps,atleevobox,NUEVO,MEDIA,,,2026-05-19T18:29:22.368Z,2026-05-19T18:29:22.368Z,https://synergym.es/sevilla-vega-de-triana/,"Ronda de los Tejares, 29, 41010 Sevilla",Sevilla,4.8,857,https://maps.google.com/?cid=9589708133575906410&g_mp=Cidnb29nbGUubWFwcy5wbGFjZXMudjEuUGxhY2VzLlNlYXJjaFRleHQQAhgEIAA,gym,OPERATIONAL,"Importado desde Google Maps
Tipo: Gimnasio
Dirección: Ronda de los Tejares, 29, 41010 Sevilla
Google: 4.8⭐ (857 reseñas)
Web: https://synergym.es/sevilla-vega-de-triana/
Maps: https://maps.google.com/?cid=9589708133575906410&g_mp=Cidnb29nbGUubWFwcy5wbGFjZXMudjEuUGxhY2VzLlNlYXJjaFRleHQQAhgEIAA"
cmpcyw04k016fih9uikwezlbz,28 FIGHTCLUB,,665 46 37 92,28 FIGHTCLUB,,España,google-maps,atleevobox,NUEVO,MEDIA,,,2026-05-19T18:29:22.725Z,2026-05-19T18:29:22.725Z,https://www.instagram.com/campmuay?igsh=ZTNjNHV4dnB3b2F2,"Sierra de Calvitero, 34, 41704 Dos Hermanas, Sevilla",Sevilla,5,13,https://maps.google.com/?cid=5031014550281545158&g_mp=Cidnb29nbGUubWFwcy5wbGFjZXMudjEuUGxhY2VzLlNlYXJjaFRleHQQAhgEIAA,sports_coaching,OPERATIONAL,"Importado desde Google Maps
Tipo: Sports coaching
Dirección: Sierra de Calvitero, 34, 41704 Dos Hermanas, Sevilla
Google: 5⭐ (13 reseñas)
Web: https://www.instagram.com/campmuay?igsh=ZTNjNHV4dnB3b2F2
Maps: https://maps.google.com/?cid=5031014550281545158&g_mp=Cidnb29nbGUubWFwcy5wbGFjZXMudjEuUGxhY2VzLlNlYXJjaFRleHQQAhgEIAA"
cmpcyw0dv016gih9u5s8tdkju,Team Monster Brazilian Jiu-Jitsu,,657 40 71 02,Team Monster Brazilian Jiu-Jitsu,,España,google-maps,atleevobox,NUEVO,MEDIA,,,2026-05-19T18:29:23.060Z,2026-05-19T18:29:23.060Z,https://www.facebook.com/ctteammonsteroficial,"Av. la Prensa, 6, 41007 Sevilla",Sevilla,5,39,https://maps.google.com/?cid=11981077827353659762&g_mp=Cidnb29nbGUubWFwcy5wbGFjZXMudjEuUGxhY2VzLlNlYXJjaFRleHQQAhgEIAA,sports_club,OPERATIONAL,"Importado desde Google Maps
Tipo: Club deportivo
Dirección: Av. la Prensa, 6, 41007 Sevilla
Google: 5⭐ (39 reseñas)
Web: https://www.facebook.com/ctteammonsteroficial
Maps: https://maps.google.com/?cid=11981077827353659762&g_mp=Cidnb29nbGUubWFwcy5wbGFjZXMudjEuUGxhY2VzLlNlYXJjaFRleHQQAhgEIAA"
cmpcyw0mx016hih9u5z5tr1vc,Fufutrainer,,611 49 50 78,Fufutrainer,,España,google-maps,atleevobox,NUEVO,MEDIA,,,2026-05-19T18:29:23.386Z,2026-05-19T18:29:23.386Z,https://instagram.com/fufutrainer,"Av. de la Buhaira, 3, 41018 Sevilla",Sevilla,5,11,https://maps.google.com/?cid=1365616528480962567&g_mp=Cidnb29nbGUubWFwcy5wbGFjZXMudjEuUGxhY2VzLlNlYXJjaFRleHQQAhgEIAA,health,OPERATIONAL,"Importado desde Google Maps
Tipo: Salud y bienestar
Dirección: Av. de la Buhaira, 3, 41018 Sevilla
Google: 5⭐ (11 reseñas)
Web: https://instagram.com/fufutrainer
Maps: https://maps.google.com/?cid=1365616528480962567&g_mp=Cidnb29nbGUubWFwcy5wbGFjZXMudjEuUGxhY2VzLlNlYXJjaFRleHQQAhgEIAA"
cmpcyw0wd016iih9u9bus3qn8,Canibal CrossBox | Los Remedios,,611 62 86 81,Canibal CrossBox | Los Remedios,,España,google-maps,atleevobox,NUEVO,MEDIA,,,2026-05-19T18:29:23.725Z,2026-05-19T18:29:23.725Z,,"Av. Pdte. Adolfo Suárez, 6, Local 2, 41011 Sevilla",Sevilla,5,33,https://maps.google.com/?cid=11164753445095284998&g_mp=Cidnb29nbGUubWFwcy5wbGFjZXMudjEuUGxhY2VzLlNlYXJjaFRleHQQAhgEIAA,gym,OPERATIONAL,"Importado desde Google Maps
Tipo: Gimnasio
Dirección: Av. Pdte. Adolfo Suárez, 6, Local 2, 41011 Sevilla
Google: 5⭐ (33 reseñas)
Maps: https://maps.google.com/?cid=11164753445095284998&g_mp=Cidnb29nbGUubWFwcy5wbGFjZXMudjEuUGxhY2VzLlNlYXJjaFRleHQQAhgEIAA"
cmpcyw164016jih9ufyhyh3jv,"Il Coliseum - Tienda de boxeo, MMA y brazilian jiu jitsu en Sevilla",,,"Il Coliseum - Tienda de boxeo, MMA y brazilian jiu jitsu en Sevilla",,España,google-maps,atleevobox,NUEVO,MEDIA,,,2026-05-19T18:29:24.076Z,2026-05-19T18:29:24.076Z,https://ilcoliseum.com/,"C. Numa, 41089 Dos Hermanas, Sevilla",Sevilla,4.7,123,https://maps.google.com/?cid=3292572738269010770&g_mp=Cidnb29nbGUubWFwcy5wbGFjZXMudjEuUGxhY2VzLlNlYXJjaFRleHQQAhgEIAA,sporting_goods_store,OPERATIONAL,"Importado desde Google Maps
Tipo: Tienda de deportes
Dirección: C. Numa, 41089 Dos Hermanas, Sevilla
Google: 4.7⭐ (123 reseñas)
Web: https://ilcoliseum.com/
Maps: https://maps.google.com/?cid=3292572738269010770&g_mp=Cidnb29nbGUubWFwcy5wbGFjZXMudjEuUGxhY2VzLlNlYXJjaFRleHQQAhgEIAA"
cmpcyw1fg016kih9uusqm0wxg,Gimnasio Atlas Sevilla - Polideportivo Universitario San Juan Bosco,,954 42 23 54,Gimnasio Atlas Sevilla - Polideportivo Universitario San Juan Bosco,,España,google-maps,atleevobox,NUEVO,MEDIA,,,2026-05-19T18:29:24.412Z,2026-05-19T18:29:24.412Z,https://polideportivodonbosco.com/,"C. Salesianos, 3, 41008 Sevilla",Sevilla,4.6,256,https://maps.google.com/?cid=8850288624964413511&g_mp=Cidnb29nbGUubWFwcy5wbGFjZXMudjEuUGxhY2VzLlNlYXJjaFRleHQQAhgEIAA,gym,OPERATIONAL,"Importado desde Google Maps
Tipo: Gimnasio
Dirección: C. Salesianos, 3, 41008 Sevilla
Google: 4.6⭐ (256 reseñas)
Web: https://polideportivodonbosco.com/
Maps: https://maps.google.com/?cid=8850288624964413511&g_mp=Cidnb29nbGUubWFwcy5wbGFjZXMudjEuUGxhY2VzLlNlYXJjaFRleHQQAhgEIAA"
cmpcyw1ol016lih9uok23fvha,Montero MMA Team,,650 15 31 63,Montero MMA Team,,España,google-maps,atleevobox,NUEVO,MEDIA,,,2026-05-19T18:29:24.741Z,2026-05-19T18:29:24.741Z,https://www.facebook.com/Montero-BJJ-Team-1300489503425660,"C. Numa, 25, 41089 Dos Hermanas, Sevilla",Sevilla,4.9,33,https://maps.google.com/?cid=11514202546499440439&g_mp=Cidnb29nbGUubWFwcy5wbGFjZXMudjEuUGxhY2VzLlNlYXJjaFRleHQQAhgEIAA,sports_club,OPERATIONAL,"Importado desde Google Maps
Tipo: Club deportivo
Dirección: C. Numa, 25, 41089 Dos Hermanas, Sevilla
Google: 4.9⭐ (33 reseñas)
Web: https://www.facebook.com/Montero-BJJ-Team-1300489503425660
Maps: https://maps.google.com/?cid=11514202546499440439&g_mp=Cidnb29nbGUubWFwcy5wbGFjZXMudjEuUGxhY2VzLlNlYXJjaFRleHQQAhgEIAA"
cmpcyw1xq016mih9ucg6yhgte,Urban Hero El Pino,,623 06 99 66,Urban Hero El Pino,,España,google-maps,atleevobox,NUEVO,MEDIA,,,2026-05-19T18:29:25.071Z,2026-05-19T18:29:25.071Z,http://www.urbanherotrainingcenter.com/,"Polígono El Pino, C. Pino Doncel, 10, 41016 Sevilla",Sevilla,5,92,https://maps.google.com/?cid=11779942052907658697&g_mp=Cidnb29nbGUubWFwcy5wbGFjZXMudjEuUGxhY2VzLlNlYXJjaFRleHQQAhgEIAA,fitness_center,OPERATIONAL,"Importado desde Google Maps
Tipo: Centro deportivo
Dirección: Polígono El Pino, C. Pino Doncel, 10, 41016 Sevilla
Google: 5⭐ (92 reseñas)
Web: http://www.urbanherotrainingcenter.com/
Maps: https://maps.google.com/?cid=11779942052907658697&g_mp=Cidnb29nbGUubWFwcy5wbGFjZXMudjEuUGxhY2VzLlNlYXJjaFRleHQQAhgEIAA"
cmpcyw26v016nih9u974tmh51,Cuesta Box,,955 06 97 23,Cuesta Box,,España,google-maps,atleevobox,NUEVO,MEDIA,,,2026-05-19T18:29:25.400Z,2026-05-19T18:29:25.400Z,http://cuestasport.com/,"Cta. del Rosario, 8, Casco Antiguo, 41004 Sevilla",Sevilla,5,9,https://maps.google.com/?cid=351656208449041142&g_mp=Cidnb29nbGUubWFwcy5wbGFjZXMudjEuUGxhY2VzLlNlYXJjaFRleHQQAhgEIAA,gym,OPERATIONAL,"Importado desde Google Maps
Tipo: Gimnasio
Dirección: Cta. del Rosario, 8, Casco Antiguo, 41004 Sevilla
Google: 5⭐ (9 reseñas)
Web: http://cuestasport.com/
Maps: https://maps.google.com/?cid=351656208449041142&g_mp=Cidnb29nbGUubWFwcy5wbGFjZXMudjEuUGxhY2VzLlNlYXJjaFRleHQQAhgEIAA"
cmpcyw2g0016oih9u267akqs0,MoMA CrossFit,,676 01 97 87,MoMA CrossFit,,España,google-maps,atleevobox,NUEVO,MEDIA,,,2026-05-19T18:29:25.729Z,2026-05-19T18:29:25.729Z,https://momafit.es/,"C. Gramil, 12, Norte, 41008 Sevilla",Sevilla,5,58,https://maps.google.com/?cid=11198986305095289131&g_mp=Cidnb29nbGUubWFwcy5wbGFjZXMudjEuUGxhY2VzLlNlYXJjaFRleHQQAhgEIAA,gym,OPERATIONAL,"Importado desde Google Maps
Tipo: Gimnasio
Dirección: C. Gramil, 12, Norte, 41008 Sevilla
Google: 5⭐ (58 reseñas)
Web: https://momafit.es/
Maps: https://maps.google.com/?cid=11198986305095289131&g_mp=Cidnb29nbGUubWFwcy5wbGFjZXMudjEuUGxhY2VzLlNlYXJjaFRleHQQAhgEIAA"
cmpcyw2pi016pih9umi4kstzo,Centro Deportivo Tiro de Línea,,955 47 53 31,Centro Deportivo Tiro de Línea,,España,google-maps,atleevobox,NUEVO,MEDIA,,,2026-05-19T18:29:26.070Z,2026-05-19T18:29:26.070Z,,"Lora del Río, s/n, 41013 Sevilla",Sevilla,4.2,301,https://maps.google.com/?cid=7684267840181789365&g_mp=Cidnb29nbGUubWFwcy5wbGFjZXMudjEuUGxhY2VzLlNlYXJjaFRleHQQAhgEIAA,fitness_center,OPERATIONAL,"Importado desde Google Maps
Tipo: Centro deportivo
Dirección: Lora del Río, s/n, 41013 Sevilla
Google: 4.2⭐ (301 reseñas)
Maps: https://maps.google.com/?cid=7684267840181789365&g_mp=Cidnb29nbGUubWFwcy5wbGFjZXMudjEuUGxhY2VzLlNlYXJjaFRleHQQAhgEIAA"
cmpcyw2yw016qih9ubv1agu2n,Mas Fitness GYM,,693 57 71 49,Mas Fitness GYM,,España,google-maps,atleevobox,NUEVO,MEDIA,,,2026-05-19T18:29:26.408Z,2026-05-19T18:29:26.408Z,https://masfitnessgym.com/,"C. Estrella Sadir, local 1B, Norte, 41015 Sevilla",Sevilla,4.9,101,https://maps.google.com/?cid=6647070152917608722&g_mp=Cidnb29nbGUubWFwcy5wbGFjZXMudjEuUGxhY2VzLlNlYXJjaFRleHQQAhgEIAA,gym,OPERATIONAL,"Importado desde Google Maps
Tipo: Gimnasio
Dirección: C. Estrella Sadir, local 1B, Norte, 41015 Sevilla
Google: 4.9⭐ (101 reseñas)
Web: https://masfitnessgym.com/
Maps: https://maps.google.com/?cid=6647070152917608722&g_mp=Cidnb29nbGUubWFwcy5wbGFjZXMudjEuUGxhY2VzLlNlYXJjaFRleHQQAhgEIAA"
cmpcyw37y016rih9umdq6mrt1,Club de Artes Marciales KokoroSD,,622 23 78 32,Club de Artes Marciales KokoroSD,,España,google-maps,atleevobox,NUEVO,MEDIA,,,2026-05-19T18:29:26.735Z,2026-05-19T18:29:26.735Z,https://clubkokorosd.es/,"Dojo Kidokan, C. Cueva de Menga, 1, local 7, 41020 Sevilla",Sevilla,5,7,https://maps.google.com/?cid=8503484645110906763&g_mp=Cidnb29nbGUubWFwcy5wbGFjZXMudjEuUGxhY2VzLlNlYXJjaFRleHQQAhgEIAA,sports_school,OPERATIONAL,"Importado desde Google Maps
Tipo: Escuela deportiva
Dirección: Dojo Kidokan, C. Cueva de Menga, 1, local 7, 41020 Sevilla
Google: 5⭐ (7 reseñas)
Web: https://clubkokorosd.es/
Maps: https://maps.google.com/?cid=8503484645110906763&g_mp=Cidnb29nbGUubWFwcy5wbGFjZXMudjEuUGxhY2VzLlNlYXJjaFRleHQQAhgEIAA"
cmpcyw3hl016sih9uqbgrtpet,Club Deportivo CDAKYO,,685 92 29 80,Club Deportivo CDAKYO,,España,google-maps,atleevobox,NUEVO,MEDIA,,,2026-05-19T18:29:27.081Z,2026-05-19T18:29:27.081Z,,"C. Martín Ruiz, 34-36, 41900 Camas, Sevilla",Sevilla,4.9,39,https://maps.google.com/?cid=1712379096858327528&g_mp=Cidnb29nbGUubWFwcy5wbGFjZXMudjEuUGxhY2VzLlNlYXJjaFRleHQQAhgEIAA,gym,OPERATIONAL,"Importado desde Google Maps
Tipo: Gimnasio
Dirección: C. Martín Ruiz, 34-36, 41900 Camas, Sevilla
Google: 4.9⭐ (39 reseñas)
Maps: https://maps.google.com/?cid=1712379096858327528&g_mp=Cidnb29nbGUubWFwcy5wbGFjZXMudjEuUGxhY2VzLlNlYXJjaFRleHQQAhgEIAA"
cmpcyw3rg016tih9us3au3z8l,Masmusculo SUPERGYM Sevilla,,958 87 23 82,Masmusculo SUPERGYM Sevilla,,España,google-maps,atleevobox,NUEVO,MEDIA,,,2026-05-19T18:29:27.436Z,2026-05-19T18:29:27.436Z,https://masmusculo.fit/sevilla/,"C. Metalurgia, C. Bronce, 15 Esquina, Norte, 41007 Sevilla",Sevilla,4.6,408,https://maps.google.com/?cid=16239413002132227703&g_mp=Cidnb29nbGUubWFwcy5wbGFjZXMudjEuUGxhY2VzLlNlYXJjaFRleHQQAhgEIAA,gym,OPERATIONAL,"Importado desde Google Maps
Tipo: Gimnasio
Dirección: C. Metalurgia, C. Bronce, 15 Esquina, Norte, 41007 Sevilla
Google: 4.6⭐ (408 reseñas)
Web: https://masmusculo.fit/sevilla/
Maps: https://maps.google.com/?cid=16239413002132227703&g_mp=Cidnb29nbGUubWFwcy5wbGFjZXMudjEuUGxhY2VzLlNlYXJjaFRleHQQAhgEIAA"
cmpcyw40o016uih9uvo0d7ek9,Gimnasio Family Fitness,,954 57 92 59,Gimnasio Family Fitness,,España,google-maps,atleevobox,NUEVO,MEDIA,,,2026-05-19T18:29:27.768Z,2026-05-19T18:29:27.768Z,,"C. Alonso Carrillo, 24, 41007 Sevilla",Sevilla,4.7,138,https://maps.google.com/?cid=16598363394918103208&g_mp=Cidnb29nbGUubWFwcy5wbGFjZXMudjEuUGxhY2VzLlNlYXJjaFRleHQQAhgEIAA,gym,OPERATIONAL,"Importado desde Google Maps
Tipo: Gimnasio
Dirección: C. Alonso Carrillo, 24, 41007 Sevilla
Google: 4.7⭐ (138 reseñas)
Maps: https://maps.google.com/?cid=16598363394918103208&g_mp=Cidnb29nbGUubWFwcy5wbGFjZXMudjEuUGxhY2VzLlNlYXJjaFRleHQQAhgEIAA"
cmpcyw4a7016vih9uetmi7c13,Sivana Box,,,Sivana Box,,España,google-maps,atleevobox,NUEVO,MEDIA,,,2026-05-19T18:29:28.112Z,2026-05-19T18:29:28.112Z,,"C. Cerrajeros, 10, 41980 La Algaba, Sevilla",Sevilla,4.8,49,https://maps.google.com/?cid=5822535037350421095&g_mp=Cidnb29nbGUubWFwcy5wbGFjZXMudjEuUGxhY2VzLlNlYXJjaFRleHQQAhgEIAA,gym,OPERATIONAL,"Importado desde Google Maps
Tipo: Gimnasio
Dirección: C. Cerrajeros, 10, 41980 La Algaba, Sevilla
Google: 4.8⭐ (49 reseñas)
Maps: https://maps.google.com/?cid=5822535037350421095&g_mp=Cidnb29nbGUubWFwcy5wbGFjZXMudjEuUGxhY2VzLlNlYXJjaFRleHQQAhgEIAA"
cmpcyw63l016wih9ulnvex5kf,SERPABOX Escuela de boxeo,,617 11 81 57,SERPABOX Escuela de boxeo,,España,google-maps,atleevobox,NUEVO,MEDIA,,,2026-05-19T18:29:30.466Z,2026-05-19T18:29:30.466Z,,"cogullada, agrupacion del nido, C. de Tomás A. Edison, nave 22, 50014 Zaragoza",Zaragoza,4.9,46,https://maps.google.com/?cid=175739392981048081&g_mp=Cidnb29nbGUubWFwcy5wbGFjZXMudjEuUGxhY2VzLlNlYXJjaFRleHQQAhgEIAA,sports_coaching,OPERATIONAL,"Importado desde Google Maps
Tipo: Sports coaching
Dirección: cogullada, agrupacion del nido, C. de Tomás A. Edison, nave 22, 50014 Zaragoza
Google: 4.9⭐ (46 reseñas)
Maps: https://maps.google.com/?cid=175739392981048081&g_mp=Cidnb29nbGUubWFwcy5wbGFjZXMudjEuUGxhY2VzLlNlYXJjaFRleHQQAhgEIAA"
cmpcyw6co016xih9u8ux252ob,MTZ Fight Gym,,976 92 84 25,MTZ Fight Gym,,España,google-maps,atleevobox,NUEVO,MEDIA,,,2026-05-19T18:29:30.793Z,2026-05-19T18:29:30.793Z,,"P.º de Cuéllar, 5, San José, 50007 Zaragoza",Zaragoza,4.8,78,https://maps.google.com/?cid=5456657459582058554&g_mp=Cidnb29nbGUubWFwcy5wbGFjZXMudjEuUGxhY2VzLlNlYXJjaFRleHQQAhgEIAA,sports_coaching,OPERATIONAL,"Importado desde Google Maps
Tipo: Sports coaching
Dirección: P.º de Cuéllar, 5, San José, 50007 Zaragoza
Google: 4.8⭐ (78 reseñas)
Maps: https://maps.google.com/?cid=5456657459582058554&g_mp=Cidnb29nbGUubWFwcy5wbGFjZXMudjEuUGxhY2VzLlNlYXJjaFRleHQQAhgEIAA"
cmpcyw6lq016yih9udzyvflgu,Gym Team Alves - Gimnasio boxeo bjj kickboxing taekwondo en Zaragoza,,615 36 09 94,Gym Team Alves - Gimnasio boxeo bjj kickboxing taekwondo en Zaragoza,,España,google-maps,atleevobox,NUEVO,MEDIA,,,2026-05-19T18:29:31.119Z,2026-05-19T18:29:31.119Z,https://teamalves.info/,"C. del Teniente Ortiz de Zárate, 10, 1ª Planta, 50015 Zaragoza",Zaragoza,4.9,127,https://maps.google.com/?cid=4988747761878977043&g_mp=Cidnb29nbGUubWFwcy5wbGFjZXMudjEuUGxhY2VzLlNlYXJjaFRleHQQAhgEIAA,sports_coaching,OPERATIONAL,"Importado desde Google Maps
Tipo: Sports coaching
Dirección: C. del Teniente Ortiz de Zárate, 10, 1ª Planta, 50015 Zaragoza
Google: 4.9⭐ (127 reseñas)
Web: https://teamalves.info/
Maps: https://maps.google.com/?cid=4988747761878977043&g_mp=Cidnb29nbGUubWFwcy5wbGFjZXMudjEuUGxhY2VzLlNlYXJjaFRleHQQAhgEIAA"
cmpcyw6uu016zih9ub1s5ysn7,The Boxer Club GranCasa,,,The Boxer Club GranCasa,,España,google-maps,atleevobox,NUEVO,MEDIA,,,2026-05-19T18:29:31.447Z,2026-05-19T18:29:31.447Z,https://theboxerclub.es/clubs/boxer-club-zaragoza-gran-casa/,"C. de María Zambrano, 35, 50018 Zaragoza",Zaragoza,5,96,https://maps.google.com/?cid=14559656408445102335&g_mp=Cidnb29nbGUubWFwcy5wbGFjZXMudjEuUGxhY2VzLlNlYXJjaFRleHQQAhgEIAA,sports_coaching,OPERATIONAL,"Importado desde Google Maps
Tipo: Sports coaching
Dirección: C. de María Zambrano, 35, 50018 Zaragoza
Google: 5⭐ (96 reseñas)
Web: https://theboxerclub.es/clubs/boxer-club-zaragoza-gran-casa/
Maps: https://maps.google.com/?cid=14559656408445102335&g_mp=Cidnb29nbGUubWFwcy5wbGFjZXMudjEuUGxhY2VzLlNlYXJjaFRleHQQAhgEIAA"
cmpcyw7400170ih9uvu3sx6xx,Brooklyn Fitboxing Zaragoza centro,,658 83 96 18,Brooklyn Fitboxing Zaragoza centro,,España,google-maps,atleevobox,NUEVO,MEDIA,,,2026-05-19T18:29:31.777Z,2026-05-19T18:29:31.777Z,https://bfclick.com/zaragoza-centro-gmb,"C. de Sta. Joaquina de Vedruna, 24, 50008 Zaragoza",Zaragoza,4.8,163,https://maps.google.com/?cid=11959657562489812858&g_mp=Cidnb29nbGUubWFwcy5wbGFjZXMudjEuUGxhY2VzLlNlYXJjaFRleHQQAhgEIAA,gym,OPERATIONAL,"Importado desde Google Maps
Tipo: Gimnasio
Dirección: C. de Sta. Joaquina de Vedruna, 24, 50008 Zaragoza
Google: 4.8⭐ (163 reseñas)
Web: https://bfclick.com/zaragoza-centro-gmb
Maps: https://maps.google.com/?cid=11959657562489812858&g_mp=Cidnb29nbGUubWFwcy5wbGFjZXMudjEuUGxhY2VzLlNlYXJjaFRleHQQAhgEIAA"
cmpcyw7db0171ih9utmt2ryvx,Indesport Boxing Club,,641 55 78 57,Indesport Boxing Club,,España,google-maps,atleevobox,NUEVO,MEDIA,,,2026-05-19T18:29:32.111Z,2026-05-19T18:29:32.111Z,https://indesport.es/,"C/ del Maestro Mingote, 50002 Zaragoza",Zaragoza,5,22,https://maps.google.com/?cid=366829283537239705&g_mp=Cidnb29nbGUubWFwcy5wbGFjZXMudjEuUGxhY2VzLlNlYXJjaFRleHQQAhgEIAA,sports_coaching,OPERATIONAL,"Importado desde Google Maps
Tipo: Sports coaching
Dirección: C/ del Maestro Mingote, 50002 Zaragoza
Google: 5⭐ (22 reseñas)
Web: https://indesport.es/
Maps: https://maps.google.com/?cid=366829283537239705&g_mp=Cidnb29nbGUubWFwcy5wbGFjZXMudjEuUGxhY2VzLlNlYXJjaFRleHQQAhgEIAA"
cmpcyw7mc0172ih9uycf1az6t,Gimnasio Seul,,976 52 63 73,Gimnasio Seul,,España,google-maps,atleevobox,NUEVO,MEDIA,,,2026-05-19T18:29:32.436Z,2026-05-19T18:29:32.436Z,http://gimnasioseul.com/,"C. de Pablo Neruda, 30, 50018 Zaragoza",Zaragoza,4.8,85,https://maps.google.com/?cid=5356147090643000530&g_mp=Cidnb29nbGUubWFwcy5wbGFjZXMudjEuUGxhY2VzLlNlYXJjaFRleHQQAhgEIAA,sports_coaching,OPERATIONAL,"Importado desde Google Maps
Tipo: Sports coaching
Dirección: C. de Pablo Neruda, 30, 50018 Zaragoza
Google: 4.8⭐ (85 reseñas)
Web: http://gimnasioseul.com/
Maps: https://maps.google.com/?cid=5356147090643000530&g_mp=Cidnb29nbGUubWFwcy5wbGFjZXMudjEuUGxhY2VzLlNlYXJjaFRleHQQAhgEIAA"
cmpcyw7wc0173ih9utqqp26nm,The Boxer Club Delicias,,,The Boxer Club Delicias,,España,google-maps,atleevobox,NUEVO,MEDIA,,,2026-05-19T18:29:32.797Z,2026-05-19T18:29:32.797Z,https://theboxerclub.es/clubs/boxer-club-zaragoza-delicias/,"C. de Santander, Delicias, 50010 Zaragoza",Zaragoza,4.9,33,https://maps.google.com/?cid=6344940165320460105&g_mp=Cidnb29nbGUubWFwcy5wbGFjZXMudjEuUGxhY2VzLlNlYXJjaFRleHQQAhgEIAA,sports_coaching,OPERATIONAL,"Importado desde Google Maps
Tipo: Sports coaching
Dirección: C. de Santander, Delicias, 50010 Zaragoza
Google: 4.9⭐ (33 reseñas)
Web: https://theboxerclub.es/clubs/boxer-club-zaragoza-delicias/
Maps: https://maps.google.com/?cid=6344940165320460105&g_mp=Cidnb29nbGUubWFwcy5wbGFjZXMudjEuUGxhY2VzLlNlYXJjaFRleHQQAhgEIAA"
cmpcyw85q0174ih9uekq16vte,Dambesportsgymzgz,,654 62 58 56,Dambesportsgymzgz,,España,google-maps,atleevobox,NUEVO,MEDIA,,,2026-05-19T18:29:33.135Z,2026-05-19T18:29:33.135Z,,"C. de la Estación, 50014 Zaragoza",Zaragoza,4.8,50,https://maps.google.com/?cid=9258292860017640910&g_mp=Cidnb29nbGUubWFwcy5wbGFjZXMudjEuUGxhY2VzLlNlYXJjaFRleHQQAhgEIAA,gym,OPERATIONAL,"Importado desde Google Maps
Tipo: Gimnasio
Dirección: C. de la Estación, 50014 Zaragoza
Google: 4.8⭐ (50 reseñas)
Maps: https://maps.google.com/?cid=9258292860017640910&g_mp=Cidnb29nbGUubWFwcy5wbGFjZXMudjEuUGxhY2VzLlNlYXJjaFRleHQQAhgEIAA"
cmpcyw8fb0175ih9u2euicntp,Bibi boxeo,,663 44 18 16,Bibi boxeo,,España,google-maps,atleevobox,NUEVO,MEDIA,,,2026-05-19T18:29:33.479Z,2026-05-19T18:29:33.479Z,,"C. del Valle de Broto, 6, 50015 Zaragoza",Zaragoza,5,23,https://maps.google.com/?cid=650292597654594396&g_mp=Cidnb29nbGUubWFwcy5wbGFjZXMudjEuUGxhY2VzLlNlYXJjaFRleHQQAhgEIAA,gym,OPERATIONAL,"Importado desde Google Maps
Tipo: Gimnasio
Dirección: C. del Valle de Broto, 6, 50015 Zaragoza
Google: 5⭐ (23 reseñas)
Maps: https://maps.google.com/?cid=650292597654594396&g_mp=Cidnb29nbGUubWFwcy5wbGFjZXMudjEuUGxhY2VzLlNlYXJjaFRleHQQAhgEIAA"
cmpcyw8oh0176ih9uunpcks5e,Gimnasio Kyobox,,976 57 49 89,Gimnasio Kyobox,,España,google-maps,atleevobox,NUEVO,MEDIA,,,2026-05-19T18:29:33.810Z,2026-05-19T18:29:33.810Z,https://www.gimnasiokyobox.es/,"Travesia del Riego, 5, Santa Isabel, 50016 Zaragoza",Zaragoza,4.8,98,https://maps.google.com/?cid=16289593307332850576&g_mp=Cidnb29nbGUubWFwcy5wbGFjZXMudjEuUGxhY2VzLlNlYXJjaFRleHQQAhgEIAA,gym,OPERATIONAL,"Importado desde Google Maps
Tipo: Gimnasio
Dirección: Travesia del Riego, 5, Santa Isabel, 50016 Zaragoza
Google: 4.8⭐ (98 reseñas)
Web: https://www.gimnasiokyobox.es/
Maps: https://maps.google.com/?cid=16289593307332850576&g_mp=Cidnb29nbGUubWFwcy5wbGFjZXMudjEuUGxhY2VzLlNlYXJjaFRleHQQAhgEIAA"
cmpcyw8xf0177ih9u9t2oofll,EIAMM,,651 62 75 52,EIAMM,,España,google-maps,atleevobox,NUEVO,MEDIA,,,2026-05-19T18:29:34.131Z,2026-05-19T18:29:34.131Z,https://www.eiamm.com/,"C. Andrea Palladio, 12, 50021 Zaragoza",Zaragoza,4.8,149,https://maps.google.com/?cid=15691894394688789647&g_mp=Cidnb29nbGUubWFwcy5wbGFjZXMudjEuUGxhY2VzLlNlYXJjaFRleHQQAhgEIAA,sports_school,OPERATIONAL,"Importado desde Google Maps
Tipo: Escuela deportiva
Dirección: C. Andrea Palladio, 12, 50021 Zaragoza
Google: 4.8⭐ (149 reseñas)
Web: https://www.eiamm.com/
Maps: https://maps.google.com/?cid=15691894394688789647&g_mp=Cidnb29nbGUubWFwcy5wbGFjZXMudjEuUGxhY2VzLlNlYXJjaFRleHQQAhgEIAA"
cmpcyw96s0178ih9u2d70aqnx,Gimnasio Boxeo k1 bjj Utebo,,642 06 12 98,Gimnasio Boxeo k1 bjj Utebo,,España,google-maps,atleevobox,NUEVO,MEDIA,,,2026-05-19T18:29:34.468Z,2026-05-19T18:29:34.468Z,http://boxeo-k1-utebo.vercel.app/,"C. de San Andrés, 13, 50180 Utebo, Zaragoza",Zaragoza,4.8,18,https://maps.google.com/?cid=4757621476593219949&g_mp=Cidnb29nbGUubWFwcy5wbGFjZXMudjEuUGxhY2VzLlNlYXJjaFRleHQQAhgEIAA,sports_school,OPERATIONAL,"Importado desde Google Maps
Tipo: Escuela deportiva
Dirección: C. de San Andrés, 13, 50180 Utebo, Zaragoza
Google: 4.8⭐ (18 reseñas)
Web: http://boxeo-k1-utebo.vercel.app/
Maps: https://maps.google.com/?cid=4757621476593219949&g_mp=Cidnb29nbGUubWFwcy5wbGFjZXMudjEuUGxhY2VzLlNlYXJjaFRleHQQAhgEIAA"
cmpcyw9fv0179ih9uupfy8ynz,Gallarbox | Escuela de boxeo,,660 51 18 48,Gallarbox | Escuela de boxeo,,España,google-maps,atleevobox,NUEVO,MEDIA,,,2026-05-19T18:29:34.796Z,2026-05-19T18:29:34.796Z,https://gallarbox.es/,"C. la Alberca, 50194 Movera, Zaragoza",Zaragoza,5,10,https://maps.google.com/?cid=4272877562089333801&g_mp=Cidnb29nbGUubWFwcy5wbGFjZXMudjEuUGxhY2VzLlNlYXJjaFRleHQQAhgEIAA,sports_coaching,OPERATIONAL,"Importado desde Google Maps
Tipo: Sports coaching
Dirección: C. la Alberca, 50194 Movera, Zaragoza
Google: 5⭐ (10 reseñas)
Web: https://gallarbox.es/
Maps: https://maps.google.com/?cid=4272877562089333801&g_mp=Cidnb29nbGUubWFwcy5wbGFjZXMudjEuUGxhY2VzLlNlYXJjaFRleHQQAhgEIAA"
cmpcyw9ou017aih9uelpwojfy,Escuela De Boxeo,,,Escuela De Boxeo,,España,google-maps,atleevobox,NUEVO,MEDIA,,,2026-05-19T18:29:35.118Z,2026-05-19T18:29:35.118Z,,"C. del Valle de Broto, 4, 50015 Zaragoza",Zaragoza,5,3,https://maps.google.com/?cid=6236674025833587475&g_mp=Cidnb29nbGUubWFwcy5wbGFjZXMudjEuUGxhY2VzLlNlYXJjaFRleHQQAhgEIAA,gym,OPERATIONAL,"Importado desde Google Maps
Tipo: Gimnasio
Dirección: C. del Valle de Broto, 4, 50015 Zaragoza
Google: 5⭐ (3 reseñas)
Maps: https://maps.google.com/?cid=6236674025833587475&g_mp=Cidnb29nbGUubWFwcy5wbGFjZXMudjEuUGxhY2VzLlNlYXJjaFRleHQQAhgEIAA"
cmpcywa2b017bih9um0e1feuu,Brooklyn Fitboxing Montecanal,,685 30 48 76,Brooklyn Fitboxing Montecanal,,España,google-maps,atleevobox,NUEVO,MEDIA,,,2026-05-19T18:29:35.603Z,2026-05-19T18:29:35.603Z,https://bfclick.com/montecanal-gmb,"Av. de la Ilustración, 5, Casablanca, 50012 Zaragoza",Zaragoza,4.9,317,https://maps.google.com/?cid=12109971318181150536&g_mp=Cidnb29nbGUubWFwcy5wbGFjZXMudjEuUGxhY2VzLlNlYXJjaFRleHQQAhgEIAA,gym,OPERATIONAL,"Importado desde Google Maps
Tipo: Gimnasio
Dirección: Av. de la Ilustración, 5, Casablanca, 50012 Zaragoza
Google: 4.9⭐ (317 reseñas)
Web: https://bfclick.com/montecanal-gmb
Maps: https://maps.google.com/?cid=12109971318181150536&g_mp=Cidnb29nbGUubWFwcy5wbGFjZXMudjEuUGxhY2VzLlNlYXJjaFRleHQQAhgEIAA"
cmpcywabg017cih9udca1i2mk,Gimnasio Iron Salfer,,622 73 87 39,Gimnasio Iron Salfer,,España,google-maps,atleevobox,NUEVO,MEDIA,,,2026-05-19T18:29:35.932Z,2026-05-19T18:29:35.932Z,http://ironsalfer.com/,"C. de la Paz, 22, 50008 Zaragoza",Zaragoza,4.8,117,https://maps.google.com/?cid=8552695713040756974&g_mp=Cidnb29nbGUubWFwcy5wbGFjZXMudjEuUGxhY2VzLlNlYXJjaFRleHQQAhgEIAA,gym,OPERATIONAL,"Importado desde Google Maps
Tipo: Gimnasio
Dirección: C. de la Paz, 22, 50008 Zaragoza
Google: 4.8⭐ (117 reseñas)
Web: http://ironsalfer.com/
Maps: https://maps.google.com/?cid=8552695713040756974&g_mp=Cidnb29nbGUubWFwcy5wbGFjZXMudjEuUGxhY2VzLlNlYXJjaFRleHQQAhgEIAA"
cmpcywakn017dih9uivxxhyv1,club de boxeo,,631 28 41 15,club de boxeo,,España,google-maps,atleevobox,NUEVO,MEDIA,,,2026-05-19T18:29:36.264Z,2026-05-19T18:29:36.264Z,,"C. del Valle de Broto, 4, 50015 Zaragoza",Zaragoza,1,1,https://maps.google.com/?cid=8366879204495682826&g_mp=Cidnb29nbGUubWFwcy5wbGFjZXMudjEuUGxhY2VzLlNlYXJjaFRleHQQAhgEIAA,sports_club,OPERATIONAL,"Importado desde Google Maps
Tipo: Club deportivo
Dirección: C. del Valle de Broto, 4, 50015 Zaragoza
Google: 1⭐ (1 reseñas)
Maps: https://maps.google.com/?cid=8366879204495682826&g_mp=Cidnb29nbGUubWFwcy5wbGFjZXMudjEuUGxhY2VzLlNlYXJjaFRleHQQAhgEIAA"
cmpcywatq017eih9uu78s3jcm,Batalladores Miguelón Team,,642 60 86 39,Batalladores Miguelón Team,,España,google-maps,atleevobox,NUEVO,MEDIA,,,2026-05-19T18:29:36.590Z,2026-05-19T18:29:36.590Z,https://www.facebook.com/batalladoresmiguelonteam/,"Polígono Argualas, Nave 20, Casablanca, 50012 Zaragoza",Zaragoza,5,8,https://maps.google.com/?cid=3485916593464421495&g_mp=Cidnb29nbGUubWFwcy5wbGFjZXMudjEuUGxhY2VzLlNlYXJjaFRleHQQAhgEIAA,sports_club,OPERATIONAL,"Importado desde Google Maps
Tipo: Club deportivo
Dirección: Polígono Argualas, Nave 20, Casablanca, 50012 Zaragoza
Google: 5⭐ (8 reseñas)
Web: https://www.facebook.com/batalladoresmiguelonteam/
Maps: https://maps.google.com/?cid=3485916593464421495&g_mp=Cidnb29nbGUubWFwcy5wbGFjZXMudjEuUGxhY2VzLlNlYXJjaFRleHQQAhgEIAA"
cmpcywb2x017fih9umqwwf8xy,Viking brothers gym,,876 65 08 41,Viking brothers gym,,España,google-maps,atleevobox,NUEVO,MEDIA,,,2026-05-19T18:29:36.922Z,2026-05-19T18:29:36.922Z,https://vikingbrothersgym.github.io/vikingbrothersgym/,"C. de Miraflores, 12, 50008 Zaragoza",Zaragoza,4.9,89,https://maps.google.com/?cid=3947748946851118067&g_mp=Cidnb29nbGUubWFwcy5wbGFjZXMudjEuUGxhY2VzLlNlYXJjaFRleHQQAhgEIAA,gym,OPERATIONAL,"Importado desde Google Maps
Tipo: Gimnasio
Dirección: C. de Miraflores, 12, 50008 Zaragoza
Google: 4.9⭐ (89 reseñas)
Web: https://vikingbrothersgym.github.io/vikingbrothersgym/
Maps: https://maps.google.com/?cid=3947748946851118067&g_mp=Cidnb29nbGUubWFwcy5wbGFjZXMudjEuUGxhY2VzLlNlYXJjaFRleHQQAhgEIAA"
cmpcywbcl017gih9ugr2vdk89,Cachorros Boxing Club,,601 56 34 60,Cachorros Boxing Club,,España,google-maps,atleevobox,NUEVO,MEDIA,,,2026-05-19T18:29:37.269Z,2026-05-19T18:29:37.269Z,https://cachorros-boxing-club.com/,"Camino viejo, 50196 La Muela, Zaragoza",Zaragoza,5,9,https://maps.google.com/?cid=4878657060463617319&g_mp=Cidnb29nbGUubWFwcy5wbGFjZXMudjEuUGxhY2VzLlNlYXJjaFRleHQQAhgEIAA,sports_club,OPERATIONAL,"Importado desde Google Maps
Tipo: Club deportivo
Dirección: Camino viejo, 50196 La Muela, Zaragoza
Google: 5⭐ (9 reseñas)
Web: https://cachorros-boxing-club.com/
Maps: https://maps.google.com/?cid=4878657060463617319&g_mp=Cidnb29nbGUubWFwcy5wbGFjZXMudjEuUGxhY2VzLlNlYXJjaFRleHQQAhgEIAA"
cmpcywbt7017hih9uxwu4867f,SABÁH | Centro de Masajes y Estética en Zaragoza,,976 23 69 56,SABÁH | Centro de Masajes y Estética en Zaragoza,,España,google-maps,atleevobox,NUEVO,MEDIA,,,2026-05-19T18:29:37.868Z,2026-05-19T18:29:37.868Z,https://sabah.es/,"Calle de Don, C. de Jerónimo Blancas, 7, Casco Antiguo, 50001 Zaragoza",Zaragoza,4.6,641,https://maps.google.com/?cid=10060435714216088940&g_mp=Cidnb29nbGUubWFwcy5wbGFjZXMudjEuUGxhY2VzLlNlYXJjaFRleHQQAhgEIAA,wellness_center,OPERATIONAL,"Importado desde Google Maps
Tipo: Centro de salud y bienestar
Dirección: Calle de Don, C. de Jerónimo Blancas, 7, Casco Antiguo, 50001 Zaragoza
Google: 4.6⭐ (641 reseñas)
Web: https://sabah.es/
Maps: https://maps.google.com/?cid=10060435714216088940&g_mp=Cidnb29nbGUubWFwcy5wbGFjZXMudjEuUGxhY2VzLlNlYXJjaFRleHQQAhgEIAA"
cmpcywc78017iih9utsx5wclr,White Gym,,976 55 73 71,White Gym,,España,google-maps,atleevobox,NUEVO,MEDIA,,,2026-05-19T18:29:38.373Z,2026-05-19T18:29:38.373Z,http://whitegym.es/,"Cam. Almotilla, 1, 50012 Zaragoza",Zaragoza,4.2,124,https://maps.google.com/?cid=17533870934905222125&g_mp=Cidnb29nbGUubWFwcy5wbGFjZXMudjEuUGxhY2VzLlNlYXJjaFRleHQQAhgEIAA,fitness_center,OPERATIONAL,"Importado desde Google Maps
Tipo: Centro deportivo
Dirección: Cam. Almotilla, 1, 50012 Zaragoza
Google: 4.2⭐ (124 reseñas)
Web: http://whitegym.es/
Maps: https://maps.google.com/?cid=17533870934905222125&g_mp=Cidnb29nbGUubWFwcy5wbGFjZXMudjEuUGxhY2VzLlNlYXJjaFRleHQQAhgEIAA"
cmpcywcge017jih9uumvgzrpa,Werdum Training Center Zaragoza,,671 10 09 92,Werdum Training Center Zaragoza,,España,google-maps,atleevobox,NUEVO,MEDIA,,,2026-05-19T18:29:38.703Z,2026-05-19T18:29:38.703Z,http://www.werdumtrainingcenter.com/,"C. de Manuel Lasala, 24, 50006 Zaragoza",Zaragoza,4.5,41,https://maps.google.com/?cid=9998026147976726181&g_mp=Cidnb29nbGUubWFwcy5wbGFjZXMudjEuUGxhY2VzLlNlYXJjaFRleHQQAhgEIAA,fitness_center,OPERATIONAL,"Importado desde Google Maps
Tipo: Centro deportivo
Dirección: C. de Manuel Lasala, 24, 50006 Zaragoza
Google: 4.5⭐ (41 reseñas)
Web: http://www.werdumtrainingcenter.com/
Maps: https://maps.google.com/?cid=9998026147976726181&g_mp=Cidnb29nbGUubWFwcy5wbGFjZXMudjEuUGxhY2VzLlNlYXJjaFRleHQQAhgEIAA"
cmpcywcwt017kih9uyhkqck9s,Ronin Artes Marciales,,633 27 22 68,Ronin Artes Marciales,,España,google-maps,atleevobox,NUEVO,MEDIA,,,2026-05-19T18:29:39.293Z,2026-05-19T18:29:39.293Z,https://ronin-zaragoza-artes-marciales.com/,"C. del Teniente Ortiz de Zárate, 10, 50015 Zaragoza",Zaragoza,4.9,34,https://maps.google.com/?cid=15611879777022670147&g_mp=Cidnb29nbGUubWFwcy5wbGFjZXMudjEuUGxhY2VzLlNlYXJjaFRleHQQAhgEIAA,gym,OPERATIONAL,"Importado desde Google Maps
Tipo: Gimnasio
Dirección: C. del Teniente Ortiz de Zárate, 10, 50015 Zaragoza
Google: 4.9⭐ (34 reseñas)
Web: https://ronin-zaragoza-artes-marciales.com/
Maps: https://maps.google.com/?cid=15611879777022670147&g_mp=Cidnb29nbGUubWFwcy5wbGFjZXMudjEuUGxhY2VzLlNlYXJjaFRleHQQAhgEIAA"
cmpcywd5w017lih9us89ugci7,Holiday Gym Zaragoza,,,Holiday Gym Zaragoza,,España,google-maps,atleevobox,NUEVO,MEDIA,,,2026-05-19T18:29:39.620Z,2026-05-19T18:29:39.620Z,http://holidaygym.es/holiday-gym-zaragoza,"Av. de Navarra, 180, 50011 Zaragoza",Zaragoza,3.6,621,https://maps.google.com/?cid=9897346720035288472&g_mp=Cidnb29nbGUubWFwcy5wbGFjZXMudjEuUGxhY2VzLlNlYXJjaFRleHQQAhgEIAA,gym,OPERATIONAL,"Importado desde Google Maps
Tipo: Gimnasio
Dirección: Av. de Navarra, 180, 50011 Zaragoza
Google: 3.6⭐ (621 reseñas)
Web: http://holidaygym.es/holiday-gym-zaragoza
Maps: https://maps.google.com/?cid=9897346720035288472&g_mp=Cidnb29nbGUubWFwcy5wbGFjZXMudjEuUGxhY2VzLlNlYXJjaFRleHQQAhgEIAA"
cmpcywdme017mih9u6jz9shpe,Kronos Box Cross-Training,,666 86 52 57,Kronos Box Cross-Training,,España,google-maps,atleevobox,NUEVO,MEDIA,,,2026-05-19T18:29:39.949Z,2026-05-19T18:29:39.949Z,http://www.kronosbox.com/,"Calle Ariza, 1, Local, 9A, 50011 Zaragoza",Zaragoza,4.9,164,https://maps.google.com/?cid=15518941431227202035&g_mp=Cidnb29nbGUubWFwcy5wbGFjZXMudjEuUGxhY2VzLlNlYXJjaFRleHQQAhgEIAA,gym,OPERATIONAL,"Importado desde Google Maps
Tipo: Gimnasio
Dirección: Calle Ariza, 1, Local, 9A, 50011 Zaragoza
Google: 4.9⭐ (164 reseñas)
Web: http://www.kronosbox.com/
Maps: https://maps.google.com/?cid=15518941431227202035&g_mp=Cidnb29nbGUubWFwcy5wbGFjZXMudjEuUGxhY2VzLlNlYXJjaFRleHQQAhgEIAA"
cmpcywdw9017nih9ub2emfyrw,Muay Thai-Boxeo-Bjj-Mma,,,Muay Thai-Boxeo-Bjj-Mma,,España,google-maps,atleevobox,NUEVO,MEDIA,,,2026-05-19T18:29:40.569Z,2026-05-19T18:29:40.569Z,,"P.º de Cuéllar, 5, San José, 50007 Zaragoza",Zaragoza,,,https://maps.google.com/?cid=1531149999044077145&g_mp=Cidnb29nbGUubWFwcy5wbGFjZXMudjEuUGxhY2VzLlNlYXJjaFRleHQQAhgEIAA,gym,OPERATIONAL,"Importado desde Google Maps
Tipo: Gimnasio
Dirección: P.º de Cuéllar, 5, San José, 50007 Zaragoza
Maps: https://maps.google.com/?cid=1531149999044077145&g_mp=Cidnb29nbGUubWFwcy5wbGFjZXMudjEuUGxhY2VzLlNlYXJjaFRleHQQAhgEIAA"
cmpcywe5w017oih9ukpmdaosz,Fitness Park Zaragoza - Delicias,,656 44 87 58,Fitness Park Zaragoza - Delicias,,España,google-maps,atleevobox,NUEVO,MEDIA,,,2026-05-19T18:29:40.917Z,2026-05-19T18:29:40.917Z,https://www.fitnesspark.es/club/zaragoza-delicias/,"Av. de Navarra, 50-52, 50010 Zaragoza",Zaragoza,4.7,786,https://maps.google.com/?cid=12957426090292851178&g_mp=Cidnb29nbGUubWFwcy5wbGFjZXMudjEuUGxhY2VzLlNlYXJjaFRleHQQAhgEIAA,gym,OPERATIONAL,"Importado desde Google Maps
Tipo: Gimnasio
Dirección: Av. de Navarra, 50-52, 50010 Zaragoza
Google: 4.7⭐ (786 reseñas)
Web: https://www.fitnesspark.es/club/zaragoza-delicias/
Maps: https://maps.google.com/?cid=12957426090292851178&g_mp=Cidnb29nbGUubWFwcy5wbGFjZXMudjEuUGxhY2VzLlNlYXJjaFRleHQQAhgEIAA"
cmpcywefk017pih9u813oi68b,Gimnasio Aragón Karate,,644 71 08 64,Gimnasio Aragón Karate,,España,google-maps,atleevobox,NUEVO,MEDIA,,,2026-05-19T18:29:41.265Z,2026-05-19T18:29:41.265Z,http://gimnasioaragon.com/,"Av. de San José, 47, 49, 50013 Zaragoza",Zaragoza,4.8,95,https://maps.google.com/?cid=3790606702237236372&g_mp=Cidnb29nbGUubWFwcy5wbGFjZXMudjEuUGxhY2VzLlNlYXJjaFRleHQQAhgEIAA,gym,OPERATIONAL,"Importado desde Google Maps
Tipo: Gimnasio
Dirección: Av. de San José, 47, 49, 50013 Zaragoza
Google: 4.8⭐ (95 reseñas)
Web: http://gimnasioaragon.com/
Maps: https://maps.google.com/?cid=3790606702237236372&g_mp=Cidnb29nbGUubWFwcy5wbGFjZXMudjEuUGxhY2VzLlNlYXJjaFRleHQQAhgEIAA"
cmpcyweov017qih9uh68lefne,Gimnasio Almozara,,607 72 06 11,Gimnasio Almozara,,España,google-maps,atleevobox,NUEVO,MEDIA,,,2026-05-19T18:29:41.600Z,2026-05-19T18:29:41.600Z,https://gimnasioalmozara.com/,"C. de la Batalla de Almansa, 9, local, 50003 Zaragoza",Zaragoza,4.6,40,https://maps.google.com/?cid=4743604448311605523&g_mp=Cidnb29nbGUubWFwcy5wbGFjZXMudjEuUGxhY2VzLlNlYXJjaFRleHQQAhgEIAA,sports_school,OPERATIONAL,"Importado desde Google Maps
Tipo: Escuela deportiva
Dirección: C. de la Batalla de Almansa, 9, local, 50003 Zaragoza
Google: 4.6⭐ (40 reseñas)
Web: https://gimnasioalmozara.com/
Maps: https://maps.google.com/?cid=4743604448311605523&g_mp=Cidnb29nbGUubWFwcy5wbGFjZXMudjEuUGxhY2VzLlNlYXJjaFRleHQQAhgEIAA"
cmpcyweyd017rih9ugra7dsgx,Gimnasio Muscle Center by VivaGym Zaragoza,,,Gimnasio Muscle Center by VivaGym Zaragoza,,España,google-maps,atleevobox,NUEVO,MEDIA,,,2026-05-19T18:29:41.942Z,2026-05-19T18:29:41.942Z,http://www.muscle-center.com/,"C. de Fray Juan Regla, 18, Delicias, 50017 Zaragoza",Zaragoza,4.8,198,https://maps.google.com/?cid=5053034515165672801&g_mp=Cidnb29nbGUubWFwcy5wbGFjZXMudjEuUGxhY2VzLlNlYXJjaFRleHQQAhgEIAA,gym,OPERATIONAL,"Importado desde Google Maps
Tipo: Gimnasio
Dirección: C. de Fray Juan Regla, 18, Delicias, 50017 Zaragoza
Google: 4.8⭐ (198 reseñas)
Web: http://www.muscle-center.com/
Maps: https://maps.google.com/?cid=5053034515165672801&g_mp=Cidnb29nbGUubWFwcy5wbGFjZXMudjEuUGxhY2VzLlNlYXJjaFRleHQQAhgEIAA"
cmpcywf80017sih9uch7giyy3,Fitness Park Zaragoza - Goya,,611 88 73 16,Fitness Park Zaragoza - Goya,,España,google-maps,atleevobox,NUEVO,MEDIA,,,2026-05-19T18:29:42.288Z,2026-05-19T18:29:42.288Z,https://www.fitnesspark.es/club/zaragoza-goya,"C. de Juan José Lorente, 1, 50005 Zaragoza",Zaragoza,4.9,750,https://maps.google.com/?cid=16696744052484772781&g_mp=Cidnb29nbGUubWFwcy5wbGFjZXMudjEuUGxhY2VzLlNlYXJjaFRleHQQAhgEIAA,gym,OPERATIONAL,"Importado desde Google Maps
Tipo: Gimnasio
Dirección: C. de Juan José Lorente, 1, 50005 Zaragoza
Google: 4.9⭐ (750 reseñas)
Web: https://www.fitnesspark.es/club/zaragoza-goya
Maps: https://maps.google.com/?cid=16696744052484772781&g_mp=Cidnb29nbGUubWFwcy5wbGFjZXMudjEuUGxhY2VzLlNlYXJjaFRleHQQAhgEIAA"
cmpcywfi6017tih9u88x5w2pz,Kim-Il,,,Kim-Il,,España,google-maps,atleevobox,NUEVO,MEDIA,,,2026-05-19T18:29:42.654Z,2026-05-19T18:29:42.654Z,,"C. de San Roque, 26, Delicias, 50010 Zaragoza",Zaragoza,4.9,38,https://maps.google.com/?cid=13834768368245449833&g_mp=Cidnb29nbGUubWFwcy5wbGFjZXMudjEuUGxhY2VzLlNlYXJjaFRleHQQAhgEIAA,gym,OPERATIONAL,"Importado desde Google Maps
Tipo: Gimnasio
Dirección: C. de San Roque, 26, Delicias, 50010 Zaragoza
Google: 4.9⭐ (38 reseñas)
Maps: https://maps.google.com/?cid=13834768368245449833&g_mp=Cidnb29nbGUubWFwcy5wbGFjZXMudjEuUGxhY2VzLlNlYXJjaFRleHQQAhgEIAA"
cmpcywfrp017uih9uzhqaelpn,Gimnasio Karate - Kan,,976 35 56 60,Gimnasio Karate - Kan,,España,google-maps,atleevobox,NUEVO,MEDIA,,,2026-05-19T18:29:42.997Z,2026-05-19T18:29:42.997Z,http://www.karatekan.es/,"C. de San Antonio María Claret, 36, 38, 50005 Zaragoza",Zaragoza,4.7,94,https://maps.google.com/?cid=6640149396774748529&g_mp=Cidnb29nbGUubWFwcy5wbGFjZXMudjEuUGxhY2VzLlNlYXJjaFRleHQQAhgEIAA,sports_school,OPERATIONAL,"Importado desde Google Maps
Tipo: Escuela deportiva
Dirección: C. de San Antonio María Claret, 36, 38, 50005 Zaragoza
Google: 4.7⭐ (94 reseñas)
Web: http://www.karatekan.es/
Maps: https://maps.google.com/?cid=6640149396774748529&g_mp=Cidnb29nbGUubWFwcy5wbGFjZXMudjEuUGxhY2VzLlNlYXJjaFRleHQQAhgEIAA"
cmpcywg19017vih9uj768f2ss,Rocalla Box CrossTraining,,678 96 80 19,Rocalla Box CrossTraining,,España,google-maps,atleevobox,NUEVO,MEDIA,,,2026-05-19T18:29:43.342Z,2026-05-19T18:29:43.342Z,https://rocallabox.com/,"Polígono Argualas, nave 20, Casablanca, 50012 Zaragoza",Zaragoza,4.8,82,https://maps.google.com/?cid=6979716187159699011&g_mp=Cidnb29nbGUubWFwcy5wbGFjZXMudjEuUGxhY2VzLlNlYXJjaFRleHQQAhgEIAA,gym,OPERATIONAL,"Importado desde Google Maps
Tipo: Gimnasio
Dirección: Polígono Argualas, nave 20, Casablanca, 50012 Zaragoza
Google: 4.8⭐ (82 reseñas)
Web: https://rocallabox.com/
Maps: https://maps.google.com/?cid=6979716187159699011&g_mp=Cidnb29nbGUubWFwcy5wbGFjZXMudjEuUGxhY2VzLlNlYXJjaFRleHQQAhgEIAA"
cmpcywgat017wih9uxn78y0hv,Centro Deportivo Olimpic,,876 65 31 91,Centro Deportivo Olimpic,,España,google-maps,atleevobox,NUEVO,MEDIA,,,2026-05-19T18:29:43.686Z,2026-05-19T18:29:43.686Z,,"C. del Dr. Horno Alcorta, 13, local gimnasio, 50004 Zaragoza",Zaragoza,4.7,63,https://maps.google.com/?cid=7612830529831167488&g_mp=Cidnb29nbGUubWFwcy5wbGFjZXMudjEuUGxhY2VzLlNlYXJjaFRleHQQAhgEIAA,fitness_center,OPERATIONAL,"Importado desde Google Maps
Tipo: Centro deportivo
Dirección: C. del Dr. Horno Alcorta, 13, local gimnasio, 50004 Zaragoza
Google: 4.7⭐ (63 reseñas)
Maps: https://maps.google.com/?cid=7612830529831167488&g_mp=Cidnb29nbGUubWFwcy5wbGFjZXMudjEuUGxhY2VzLlNlYXJjaFRleHQQAhgEIAA"
cmpcywgkd017xih9uhlfnya2w,Gimnasio Apolo,,976 29 77 06,Gimnasio Apolo,,España,google-maps,atleevobox,NUEVO,MEDIA,,,2026-05-19T18:29:44.029Z,2026-05-19T18:29:44.029Z,http://www.gimnasioapolo.es/,"C. de Pascuala Perié, 18, 50014 Zaragoza",Zaragoza,4.9,144,https://maps.google.com/?cid=10773528497455208987&g_mp=Cidnb29nbGUubWFwcy5wbGFjZXMudjEuUGxhY2VzLlNlYXJjaFRleHQQAhgEIAA,gym,OPERATIONAL,"Importado desde Google Maps
Tipo: Gimnasio
Dirección: C. de Pascuala Perié, 18, 50014 Zaragoza
Google: 4.9⭐ (144 reseñas)
Web: http://www.gimnasioapolo.es/
Maps: https://maps.google.com/?cid=10773528497455208987&g_mp=Cidnb29nbGUubWFwcy5wbGFjZXMudjEuUGxhY2VzLlNlYXJjaFRleHQQAhgEIAA"
cmpcywgto017yih9uc3hzpo0z,IpponGym Zaragoza,,617 50 18 83,IpponGym Zaragoza,,España,google-maps,atleevobox,NUEVO,MEDIA,,,2026-05-19T18:29:44.365Z,2026-05-19T18:29:44.365Z,,"C. de Leopoldo Romeo, 9, 50002 Zaragoza",Zaragoza,4.9,47,https://maps.google.com/?cid=8208192150615003083&g_mp=Cidnb29nbGUubWFwcy5wbGFjZXMudjEuUGxhY2VzLlNlYXJjaFRleHQQAhgEIAA,gym,OPERATIONAL,"Importado desde Google Maps
Tipo: Gimnasio
Dirección: C. de Leopoldo Romeo, 9, 50002 Zaragoza
Google: 4.9⭐ (47 reseñas)
Maps: https://maps.google.com/?cid=8208192150615003083&g_mp=Cidnb29nbGUubWFwcy5wbGFjZXMudjEuUGxhY2VzLlNlYXJjaFRleHQQAhgEIAA"
cmpcywh35017zih9uyeyesyq7,Gimnasio Wha Rang,,976 37 68 33,Gimnasio Wha Rang,,España,google-maps,atleevobox,NUEVO,MEDIA,,,2026-05-19T18:29:44.705Z,2026-05-19T18:29:44.705Z,http://m.me/gymwharang,"C. de Sevilla, 21, 50006 Zaragoza",Zaragoza,4.6,18,https://maps.google.com/?cid=17978609608490493480&g_mp=Cidnb29nbGUubWFwcy5wbGFjZXMudjEuUGxhY2VzLlNlYXJjaFRleHQQAhgEIAA,sports_school,OPERATIONAL,"Importado desde Google Maps
Tipo: Escuela deportiva
Dirección: C. de Sevilla, 21, 50006 Zaragoza
Google: 4.6⭐ (18 reseñas)
Web: http://m.me/gymwharang
Maps: https://maps.google.com/?cid=17978609608490493480&g_mp=Cidnb29nbGUubWFwcy5wbGFjZXMudjEuUGxhY2VzLlNlYXJjaFRleHQQAhgEIAA"
cmpcywhvl0180ih9uby9klr1g,Asociación Club Boxeo Málaga,,675 74 21 59,Asociación Club Boxeo Málaga,,España,google-maps,atleevobox,NUEVO,MEDIA,,,2026-05-19T18:29:45.730Z,2026-05-19T18:29:45.730Z,http://www.boxeomalaga.com/,"C. Sherlock Holmes, 1, Teatinos-Universidad, 29006 Málaga",Málaga,4.9,246,https://maps.google.com/?cid=4236083387378016739&g_mp=Cidnb29nbGUubWFwcy5wbGFjZXMudjEuUGxhY2VzLlNlYXJjaFRleHQQAhgEIAA,sports_club,OPERATIONAL,"Importado desde Google Maps
Tipo: Club deportivo
Dirección: C. Sherlock Holmes, 1, Teatinos-Universidad, 29006 Málaga
Google: 4.9⭐ (246 reseñas)
Web: http://www.boxeomalaga.com/
Maps: https://maps.google.com/?cid=4236083387378016739&g_mp=Cidnb29nbGUubWFwcy5wbGFjZXMudjEuUGxhY2VzLlNlYXJjaFRleHQQAhgEIAA"
cmpcywi7o0181ih9umhezl6pp,Escuela de Boxeo Pablo “El Bigote” Valverde,,692 19 93 62,Escuela de Boxeo Pablo “El Bigote” Valverde,,España,google-maps,atleevobox,NUEVO,MEDIA,,,2026-05-19T18:29:46.164Z,2026-05-19T18:29:46.164Z,https://boxeoelbigote.com/,"Alameda de Capuchinos, 68, Distrito Centro, 29014 Málaga",Málaga,5,64,https://maps.google.com/?cid=13809025675481073694&g_mp=Cidnb29nbGUubWFwcy5wbGFjZXMudjEuUGxhY2VzLlNlYXJjaFRleHQQAhgEIAA,sports_coaching,OPERATIONAL,"Importado desde Google Maps
Tipo: Sports coaching
Dirección: Alameda de Capuchinos, 68, Distrito Centro, 29014 Málaga
Google: 5⭐ (64 reseñas)
Web: https://boxeoelbigote.com/
Maps: https://maps.google.com/?cid=13809025675481073694&g_mp=Cidnb29nbGUubWFwcy5wbGFjZXMudjEuUGxhY2VzLlNlYXJjaFRleHQQAhgEIAA"
cmpcywiha0182ih9u0ft4t24b,Alter Boxing,,657 75 76 25,Alter Boxing,,España,google-maps,atleevobox,NUEVO,MEDIA,,,2026-05-19T18:29:46.510Z,2026-05-19T18:29:46.510Z,http://www.alterboxing.com/,"Av. de los Guindos, 33, Carretera de Cádiz, 29004 Málaga",Málaga,5,128,https://maps.google.com/?cid=12022582671604543478&g_mp=Cidnb29nbGUubWFwcy5wbGFjZXMudjEuUGxhY2VzLlNlYXJjaFRleHQQAhgEIAA,fitness_center,OPERATIONAL,"Importado desde Google Maps
Tipo: Centro deportivo
Dirección: Av. de los Guindos, 33, Carretera de Cádiz, 29004 Málaga
Google: 5⭐ (128 reseñas)
Web: http://www.alterboxing.com/
Maps: https://maps.google.com/?cid=12022582671604543478&g_mp=Cidnb29nbGUubWFwcy5wbGFjZXMudjEuUGxhY2VzLlNlYXJjaFRleHQQAhgEIAA"
cmpcywir60183ih9upctyc3xf,Club de Lucha FBK Miguel Power,,665 66 77 19,Club de Lucha FBK Miguel Power,,España,google-maps,atleevobox,NUEVO,MEDIA,,,2026-05-19T18:29:46.866Z,2026-05-19T18:29:46.866Z,,"C. Moreno Nieto, 8, Bailén-Miraflores, 29011 Málaga",Málaga,4.8,74,https://maps.google.com/?cid=13367332504403992916&g_mp=Cidnb29nbGUubWFwcy5wbGFjZXMudjEuUGxhY2VzLlNlYXJjaFRleHQQAhgEIAA,sports_coaching,OPERATIONAL,"Importado desde Google Maps
Tipo: Sports coaching
Dirección: C. Moreno Nieto, 8, Bailén-Miraflores, 29011 Málaga
Google: 4.8⭐ (74 reseñas)
Maps: https://maps.google.com/?cid=13367332504403992916&g_mp=Cidnb29nbGUubWFwcy5wbGFjZXMudjEuUGxhY2VzLlNlYXJjaFRleHQQAhgEIAA"
cmpcywj5b0184ih9up5lp5nar,Brooklyn Fitboxing Teatinos,,698 95 49 00,Brooklyn Fitboxing Teatinos,,España,google-maps,atleevobox,NUEVO,MEDIA,,,2026-05-19T18:29:47.376Z,2026-05-19T18:29:47.376Z,https://bfclick.com/teatinos-gmb,"Av. Jorge Luis Borges, 16, Teatinos-Universidad, 29010 Málaga",Málaga,5,331,https://maps.google.com/?cid=13353528068792600265&g_mp=Cidnb29nbGUubWFwcy5wbGFjZXMudjEuUGxhY2VzLlNlYXJjaFRleHQQAhgEIAA,gym,OPERATIONAL,"Importado desde Google Maps
Tipo: Gimnasio
Dirección: Av. Jorge Luis Borges, 16, Teatinos-Universidad, 29010 Málaga
Google: 5⭐ (331 reseñas)
Web: https://bfclick.com/teatinos-gmb
Maps: https://maps.google.com/?cid=13353528068792600265&g_mp=Cidnb29nbGUubWFwcy5wbGFjZXMudjEuUGxhY2VzLlNlYXJjaFRleHQQAhgEIAA"
cmpcywjem0185ih9u22ozwq6d,Saga Heredia,,664 82 66 13,Saga Heredia,,España,google-maps,atleevobox,NUEVO,MEDIA,,,2026-05-19T18:29:47.710Z,2026-05-19T18:29:47.710Z,,"C. Cuevas del Becerro, 12b, Cruz de Humilladero, 29006 Málaga",Málaga,4.7,140,https://maps.google.com/?cid=18349763721889220801&g_mp=Cidnb29nbGUubWFwcy5wbGFjZXMudjEuUGxhY2VzLlNlYXJjaFRleHQQAhgEIAA,gym,OPERATIONAL,"Importado desde Google Maps
Tipo: Gimnasio
Dirección: C. Cuevas del Becerro, 12b, Cruz de Humilladero, 29006 Málaga
Google: 4.7⭐ (140 reseñas)
Maps: https://maps.google.com/?cid=18349763721889220801&g_mp=Cidnb29nbGUubWFwcy5wbGFjZXMudjEuUGxhY2VzLlNlYXJjaFRleHQQAhgEIAA"
cmpcywjnx0186ih9uqgjrmyzf,Brooklyn Fitboxing Perchel,,611 04 65 18,Brooklyn Fitboxing Perchel,,España,google-maps,atleevobox,NUEVO,MEDIA,,,2026-05-19T18:29:48.045Z,2026-05-19T18:29:48.045Z,https://bfclick.com/perchel-gmb,"Callejones del Perchel, 10, Distrito Centro, 29002 Málaga",Málaga,4.9,356,https://maps.google.com/?cid=7921893811658108882&g_mp=Cidnb29nbGUubWFwcy5wbGFjZXMudjEuUGxhY2VzLlNlYXJjaFRleHQQAhgEIAA,gym,OPERATIONAL,"Importado desde Google Maps
Tipo: Gimnasio
Dirección: Callejones del Perchel, 10, Distrito Centro, 29002 Málaga
Google: 4.9⭐ (356 reseñas)
Web: https://bfclick.com/perchel-gmb
Maps: https://maps.google.com/?cid=7921893811658108882&g_mp=Cidnb29nbGUubWFwcy5wbGFjZXMudjEuUGxhY2VzLlNlYXJjaFRleHQQAhgEIAA"
cmpcywjx80187ih9uoi6czumw,Club Málaga Boxea,,626 32 25 06,Club Málaga Boxea,,España,google-maps,atleevobox,NUEVO,MEDIA,,,2026-05-19T18:29:48.380Z,2026-05-19T18:29:48.380Z,https://www.malagaboxea.com/,"C. Bodegueros, 8, Carretera de Cádiz, 29006 Málaga",Málaga,5,2,https://maps.google.com/?cid=11965221147755572163&g_mp=Cidnb29nbGUubWFwcy5wbGFjZXMudjEuUGxhY2VzLlNlYXJjaFRleHQQAhgEIAA,sports_club,OPERATIONAL,"Importado desde Google Maps
Tipo: Club deportivo
Dirección: C. Bodegueros, 8, Carretera de Cádiz, 29006 Málaga
Google: 5⭐ (2 reseñas)
Web: https://www.malagaboxea.com/
Maps: https://maps.google.com/?cid=11965221147755572163&g_mp=Cidnb29nbGUubWFwcy5wbGFjZXMudjEuUGxhY2VzLlNlYXJjaFRleHQQAhgEIAA"
cmpcywk6g0188ih9uai2gjo4i,C. D. Kick Boxing Albuera,,677 35 02 82,C. D. Kick Boxing Albuera,,España,google-maps,atleevobox,NUEVO,MEDIA,,,2026-05-19T18:29:48.713Z,2026-05-19T18:29:48.713Z,,"C. Sondalezas, n1 local 7, Bailén-Miraflores, 29010 Málaga",Málaga,5,14,https://maps.google.com/?cid=12036077471259578057&g_mp=Cidnb29nbGUubWFwcy5wbGFjZXMudjEuUGxhY2VzLlNlYXJjaFRleHQQAhgEIAA,sports_club,OPERATIONAL,"Importado desde Google Maps
Tipo: Club deportivo
Dirección: C. Sondalezas, n1 local 7, Bailén-Miraflores, 29010 Málaga
Google: 5⭐ (14 reseñas)
Maps: https://maps.google.com/?cid=12036077471259578057&g_mp=Cidnb29nbGUubWFwcy5wbGFjZXMudjEuUGxhY2VzLlNlYXJjaFRleHQQAhgEIAA"
cmpcywkg50189ih9ufu8uynh3,Boxeo Élite,,617 23 42 76,Boxeo Élite,,España,google-maps,atleevobox,NUEVO,MEDIA,,,2026-05-19T18:29:49.061Z,2026-05-19T18:29:49.061Z,,"C. Arango, 9, Distrito Centro, 29007 Málaga",Málaga,4.1,28,https://maps.google.com/?cid=1569069268889526524&g_mp=Cidnb29nbGUubWFwcy5wbGFjZXMudjEuUGxhY2VzLlNlYXJjaFRleHQQAhgEIAA,sports_club,OPERATIONAL,"Importado desde Google Maps
Tipo: Club deportivo
Dirección: C. Arango, 9, Distrito Centro, 29007 Málaga
Google: 4.1⭐ (28 reseñas)
Maps: https://maps.google.com/?cid=1569069268889526524&g_mp=Cidnb29nbGUubWFwcy5wbGFjZXMudjEuUGxhY2VzLlNlYXJjaFRleHQQAhgEIAA"
cmpcywkpk018aih9udx5caotp,El Templo,,951 15 07 08,El Templo,,España,google-maps,atleevobox,NUEVO,MEDIA,,,2026-05-19T18:29:49.400Z,2026-05-19T18:29:49.400Z,https://www.herediapromotion.com/,"C. del Alcalde Díaz Zafra, 12, Cruz de Humilladero, 29006 Málaga",Málaga,5,7,https://maps.google.com/?cid=13957260997208072017&g_mp=Cidnb29nbGUubWFwcy5wbGFjZXMudjEuUGxhY2VzLlNlYXJjaFRleHQQAhgEIAA,sports_coaching,OPERATIONAL,"Importado desde Google Maps
Tipo: Sports coaching
Dirección: C. del Alcalde Díaz Zafra, 12, Cruz de Humilladero, 29006 Málaga
Google: 5⭐ (7 reseñas)
Web: https://www.herediapromotion.com/
Maps: https://maps.google.com/?cid=13957260997208072017&g_mp=Cidnb29nbGUubWFwcy5wbGFjZXMudjEuUGxhY2VzLlNlYXJjaFRleHQQAhgEIAA"
cmpcywkyv018bih9ud86pjzfl,Box Olimpo,,658 56 01 09,Box Olimpo,,España,google-maps,atleevobox,NUEVO,MEDIA,,,2026-05-19T18:29:49.735Z,2026-05-19T18:29:49.735Z,http://boxolimpo.com/,"C. la Orotava, 39, Cruz de Humilladero, 29006 Málaga",Málaga,4.9,163,https://maps.google.com/?cid=7643310799268203233&g_mp=Cidnb29nbGUubWFwcy5wbGFjZXMudjEuUGxhY2VzLlNlYXJjaFRleHQQAhgEIAA,fitness_center,OPERATIONAL,"Importado desde Google Maps
Tipo: Centro deportivo
Dirección: C. la Orotava, 39, Cruz de Humilladero, 29006 Málaga
Google: 4.9⭐ (163 reseñas)
Web: http://boxolimpo.com/
Maps: https://maps.google.com/?cid=7643310799268203233&g_mp=Cidnb29nbGUubWFwcy5wbGFjZXMudjEuUGxhY2VzLlNlYXJjaFRleHQQAhgEIAA"
cmpcywl83018cih9uox2pe228,Muay thai school malaga,,675 22 38 42,Muay thai school malaga,,España,google-maps,atleevobox,NUEVO,MEDIA,,,2026-05-19T18:29:50.068Z,2026-05-19T18:29:50.068Z,https://www.facebook.com/Muay-thai-school-malaga-780670745362884/,"C. Obispo Salvador de los Reyes, 42, Distrito Centro, 29013 Málaga",Málaga,4.9,179,https://maps.google.com/?cid=17521138544647162811&g_mp=Cidnb29nbGUubWFwcy5wbGFjZXMudjEuUGxhY2VzLlNlYXJjaFRleHQQAhgEIAA,gym,OPERATIONAL,"Importado desde Google Maps
Tipo: Gimnasio
Dirección: C. Obispo Salvador de los Reyes, 42, Distrito Centro, 29013 Málaga
Google: 4.9⭐ (179 reseñas)
Web: https://www.facebook.com/Muay-thai-school-malaga-780670745362884/
Maps: https://maps.google.com/?cid=17521138544647162811&g_mp=Cidnb29nbGUubWFwcy5wbGFjZXMudjEuUGxhY2VzLlNlYXJjaFRleHQQAhgEIAA"
cmpcywlmd018dih9uwfc9n70v,Distrito Oeste Boxing,,637 34 99 47,Distrito Oeste Boxing,,España,google-maps,atleevobox,NUEVO,MEDIA,,,2026-05-19T18:29:50.581Z,2026-05-19T18:29:50.581Z,,"C. Cantimpla, 8, Carretera de Cádiz, 29003 Málaga",Málaga,4.7,33,https://maps.google.com/?cid=15658510950615983679&g_mp=Cidnb29nbGUubWFwcy5wbGFjZXMudjEuUGxhY2VzLlNlYXJjaFRleHQQAhgEIAA,gym,OPERATIONAL,"Importado desde Google Maps
Tipo: Gimnasio
Dirección: C. Cantimpla, 8, Carretera de Cádiz, 29003 Málaga
Google: 4.7⭐ (33 reseñas)
Maps: https://maps.google.com/?cid=15658510950615983679&g_mp=Cidnb29nbGUubWFwcy5wbGFjZXMudjEuUGxhY2VzLlNlYXJjaFRleHQQAhgEIAA"
cmpcywlvo018eih9uzxpftrjn,Club Deportivo Lekonen,,696 81 64 04,Club Deportivo Lekonen,,España,google-maps,atleevobox,NUEVO,MEDIA,,,2026-05-19T18:29:50.916Z,2026-05-19T18:29:50.916Z,https://capoeira.digital/,"Av de Europa, 120, Carretera de Cádiz, 29003 Málaga",Málaga,4.8,33,https://maps.google.com/?cid=49760184638123349&g_mp=Cidnb29nbGUubWFwcy5wbGFjZXMudjEuUGxhY2VzLlNlYXJjaFRleHQQAhgEIAA,sports_club,OPERATIONAL,"Importado desde Google Maps
Tipo: Club deportivo
Dirección: Av de Europa, 120, Carretera de Cádiz, 29003 Málaga
Google: 4.8⭐ (33 reseñas)
Web: https://capoeira.digital/
Maps: https://maps.google.com/?cid=49760184638123349&g_mp=Cidnb29nbGUubWFwcy5wbGFjZXMudjEuUGxhY2VzLlNlYXJjaFRleHQQAhgEIAA"
cmpcywm5u018fih9u1en7n7lf,Box Distrito 9,,661 55 42 73,Box Distrito 9,,España,google-maps,atleevobox,NUEVO,MEDIA,,,2026-05-19T18:29:51.283Z,2026-05-19T18:29:51.283Z,,"C. Felipe González Vallejo, 6, Campanillas, 29590 Málaga",Málaga,5,20,https://maps.google.com/?cid=7322716862954166918&g_mp=Cidnb29nbGUubWFwcy5wbGFjZXMudjEuUGxhY2VzLlNlYXJjaFRleHQQAhgEIAA,gym,OPERATIONAL,"Importado desde Google Maps
Tipo: Gimnasio
Dirección: C. Felipe González Vallejo, 6, Campanillas, 29590 Málaga
Google: 5⭐ (20 reseñas)
Maps: https://maps.google.com/?cid=7322716862954166918&g_mp=Cidnb29nbGUubWFwcy5wbGFjZXMudjEuUGxhY2VzLlNlYXJjaFRleHQQAhgEIAA"
cmpcywmgq018gih9u51im6pwo,Training Thai Studio,,,Training Thai Studio,,España,google-maps,atleevobox,NUEVO,MEDIA,,,2026-05-19T18:29:51.674Z,2026-05-19T18:29:51.674Z,,"C. Sondalezas, 13, Bailén-Miraflores, 29010 Málaga",Málaga,5,135,https://maps.google.com/?cid=4536469838198132033&g_mp=Cidnb29nbGUubWFwcy5wbGFjZXMudjEuUGxhY2VzLlNlYXJjaFRleHQQAhgEIAA,sports_coaching,OPERATIONAL,"Importado desde Google Maps
Tipo: Sports coaching
Dirección: C. Sondalezas, 13, Bailén-Miraflores, 29010 Málaga
Google: 5⭐ (135 reseñas)
Maps: https://maps.google.com/?cid=4536469838198132033&g_mp=Cidnb29nbGUubWFwcy5wbGFjZXMudjEuUGxhY2VzLlNlYXJjaFRleHQQAhgEIAA"
cmpcywodf018hih9u0ojoftsq,Morales Box Bilbao,,688 75 66 37,Morales Box Bilbao,,España,google-maps,atleevobox,NUEVO,MEDIA,,,2026-05-19T18:29:54.147Z,2026-05-19T18:29:54.147Z,http://www.moralesbox.com/,"Alameda de Recalde, 35, Abando, 48009 Bilbao, Vizcaya",Bilbao,5,65,https://maps.google.com/?cid=16690649213299182151&g_mp=Cidnb29nbGUubWFwcy5wbGFjZXMudjEuUGxhY2VzLlNlYXJjaFRleHQQAhgEIAA,gym,OPERATIONAL,"Importado desde Google Maps
Tipo: Gimnasio
Dirección: Alameda de Recalde, 35, Abando, 48009 Bilbao, Vizcaya
Google: 5⭐ (65 reseñas)
Web: http://www.moralesbox.com/
Maps: https://maps.google.com/?cid=16690649213299182151&g_mp=Cidnb29nbGUubWFwcy5wbGFjZXMudjEuUGxhY2VzLlNlYXJjaFRleHQQAhgEIAA"
cmpcywomp018iih9uvrkp844n,Brooklyn Fitboxing Bilbao,,608 26 50 97,Brooklyn Fitboxing Bilbao,,España,google-maps,atleevobox,NUEVO,MEDIA,,,2026-05-19T18:29:54.482Z,2026-05-19T18:29:54.482Z,https://bfclick.com/bilbao-gmb,"C. del, Calle Gral. Concha, 10, Abando, 48008 Bilbao, Vizcaya",Bilbao,4.9,329,https://maps.google.com/?cid=14805200655925353900&g_mp=Cidnb29nbGUubWFwcy5wbGFjZXMudjEuUGxhY2VzLlNlYXJjaFRleHQQAhgEIAA,gym,OPERATIONAL,"Importado desde Google Maps
Tipo: Gimnasio
Dirección: C. del, Calle Gral. Concha, 10, Abando, 48008 Bilbao, Vizcaya
Google: 4.9⭐ (329 reseñas)
Web: https://bfclick.com/bilbao-gmb
Maps: https://maps.google.com/?cid=14805200655925353900&g_mp=Cidnb29nbGUubWFwcy5wbGFjZXMudjEuUGxhY2VzLlNlYXJjaFRleHQQAhgEIAA"
cmpcywow0018jih9u0k93c5cl,Box Hardifit Kirol Cluba,,662 49 41 50,Box Hardifit Kirol Cluba,,España,google-maps,atleevobox,NUEVO,MEDIA,,,2026-05-19T18:29:54.816Z,2026-05-19T18:29:54.816Z,https://hardifit.com/,"Nicolás Alcorta Kalea, 1 Nicolás Arcolta1 entreplanta, Errekalde, 48003 Bilbao, Vizcaya",Bilbao,5,106,https://maps.google.com/?cid=4722922827284247874&g_mp=Cidnb29nbGUubWFwcy5wbGFjZXMudjEuUGxhY2VzLlNlYXJjaFRleHQQAhgEIAA,gym,OPERATIONAL,"Importado desde Google Maps
Tipo: Gimnasio
Dirección: Nicolás Alcorta Kalea, 1 Nicolás Arcolta1 entreplanta, Errekalde, 48003 Bilbao, Vizcaya
Google: 5⭐ (106 reseñas)
Web: https://hardifit.com/
Maps: https://maps.google.com/?cid=4722922827284247874&g_mp=Cidnb29nbGUubWFwcy5wbGFjZXMudjEuUGxhY2VzLlNlYXJjaFRleHQQAhgEIAA"
cmpcywp5b018kih9uay5vyaae,Brooklyn Fitboxing San mamés,,608 26 50 97,Brooklyn Fitboxing San mamés,,España,google-maps,atleevobox,NUEVO,MEDIA,,,2026-05-19T18:29:55.152Z,2026-05-19T18:29:55.152Z,https://bfclick.com/san-mames-gmb,"Sabino Arana Etorbidea, 30, Basurtu-Zorrotza, 48013 Bilbao, Bizkaia",Bilbao,4.9,252,https://maps.google.com/?cid=14232236867411292160&g_mp=Cidnb29nbGUubWFwcy5wbGFjZXMudjEuUGxhY2VzLlNlYXJjaFRleHQQAhgEIAA,gym,OPERATIONAL,"Importado desde Google Maps
Tipo: Gimnasio
Dirección: Sabino Arana Etorbidea, 30, Basurtu-Zorrotza, 48013 Bilbao, Bizkaia
Google: 4.9⭐ (252 reseñas)
Web: https://bfclick.com/san-mames-gmb
Maps: https://maps.google.com/?cid=14232236867411292160&g_mp=Cidnb29nbGUubWFwcy5wbGFjZXMudjEuUGxhY2VzLlNlYXJjaFRleHQQAhgEIAA"
cmpcywphd018lih9uy746fpc6,Bilboboxing,,747 47 13 47,Bilboboxing,,España,google-maps,atleevobox,NUEVO,MEDIA,,,2026-05-19T18:29:55.585Z,2026-05-19T18:29:55.585Z,,"Langaran Kalea, 44, Otxarkoaga - Txurdinaga, 48004 Bilbao, Bizkaia",Bilbao,4.8,26,https://maps.google.com/?cid=5442492388502211537&g_mp=Cidnb29nbGUubWFwcy5wbGFjZXMudjEuUGxhY2VzLlNlYXJjaFRleHQQAhgEIAA,sports_club,OPERATIONAL,"Importado desde Google Maps
Tipo: Club deportivo
Dirección: Langaran Kalea, 44, Otxarkoaga - Txurdinaga, 48004 Bilbao, Bizkaia
Google: 4.8⭐ (26 reseñas)
Maps: https://maps.google.com/?cid=5442492388502211537&g_mp=Cidnb29nbGUubWFwcy5wbGFjZXMudjEuUGxhY2VzLlNlYXJjaFRleHQQAhgEIAA"
cmpcywpqp018mih9u7vavx4a6,Energym,,946 02 77 57,Energym,,España,google-maps,atleevobox,NUEVO,MEDIA,,,2026-05-19T18:29:55.922Z,2026-05-19T18:29:55.922Z,https://www.energym-bilbao.com/,"Jaén K., 1, Errekalde, 48012 Bilbao, Bizkaia",Bilbao,4.9,104,https://maps.google.com/?cid=15691731073491403554&g_mp=Cidnb29nbGUubWFwcy5wbGFjZXMudjEuUGxhY2VzLlNlYXJjaFRleHQQAhgEIAA,gym,OPERATIONAL,"Importado desde Google Maps
Tipo: Gimnasio
Dirección: Jaén K., 1, Errekalde, 48012 Bilbao, Bizkaia
Google: 4.9⭐ (104 reseñas)
Web: https://www.energym-bilbao.com/
Maps: https://maps.google.com/?cid=15691731073491403554&g_mp=Cidnb29nbGUubWFwcy5wbGFjZXMudjEuUGxhY2VzLlNlYXJjaFRleHQQAhgEIAA"
cmpcywq3i018nih9ustzcmbgp,SA Fight Company,,602 65 33 84,SA Fight Company,,España,google-maps,atleevobox,NUEVO,MEDIA,,,2026-05-19T18:29:56.383Z,2026-05-19T18:29:56.383Z,,"Calle Morgan 83, C. Islas Canarias, 51, Deusto, 48014 Bilbao, Vizcaya",Bilbao,5,166,https://maps.google.com/?cid=6710882316125443042&g_mp=Cidnb29nbGUubWFwcy5wbGFjZXMudjEuUGxhY2VzLlNlYXJjaFRleHQQAhgEIAA,sports_school,OPERATIONAL,"Importado desde Google Maps
Tipo: Escuela deportiva
Dirección: Calle Morgan 83, C. Islas Canarias, 51, Deusto, 48014 Bilbao, Vizcaya
Google: 5⭐ (166 reseñas)
Maps: https://maps.google.com/?cid=6710882316125443042&g_mp=Cidnb29nbGUubWFwcy5wbGFjZXMudjEuUGxhY2VzLlNlYXJjaFRleHQQAhgEIAA"
cmpcywqcy018oih9u9rgfddsr,BUNK3R BOXING SANTUTXU,,,BUNK3R BOXING SANTUTXU,,España,google-maps,atleevobox,NUEVO,MEDIA,,,2026-05-19T18:29:56.722Z,2026-05-19T18:29:56.722Z,http://www.bunk3rsantutxu.com/,"Iturribide Kalea, 118, Ibaiondo, 48006 Bilbao, Bizkaia",Bilbao,5,59,https://maps.google.com/?cid=5666619091473361762&g_mp=Cidnb29nbGUubWFwcy5wbGFjZXMudjEuUGxhY2VzLlNlYXJjaFRleHQQAhgEIAA,sports_club,OPERATIONAL,"Importado desde Google Maps
Tipo: Club deportivo
Dirección: Iturribide Kalea, 118, Ibaiondo, 48006 Bilbao, Bizkaia
Google: 5⭐ (59 reseñas)
Web: http://www.bunk3rsantutxu.com/
Maps: https://maps.google.com/?cid=5666619091473361762&g_mp=Cidnb29nbGUubWFwcy5wbGFjZXMudjEuUGxhY2VzLlNlYXJjaFRleHQQAhgEIAA"
cmpcywqmb018pih9uqxho4k0r,Blakz Team,,641 30 94 18,Blakz Team,,España,google-maps,atleevobox,NUEVO,MEDIA,,,2026-05-19T18:29:57.059Z,2026-05-19T18:29:57.059Z,http://blakzteam.wixsite.com/blakzteambjj,"Agirre Lehendakariaren Etorb., 91, bajo trasera, Deusto, 48015 Bilbao, Bizkaia",Bilbao,4.9,52,https://maps.google.com/?cid=8543097283452985611&g_mp=Cidnb29nbGUubWFwcy5wbGFjZXMudjEuUGxhY2VzLlNlYXJjaFRleHQQAhgEIAA,gym,OPERATIONAL,"Importado desde Google Maps
Tipo: Gimnasio
Dirección: Agirre Lehendakariaren Etorb., 91, bajo trasera, Deusto, 48015 Bilbao, Bizkaia
Google: 4.9⭐ (52 reseñas)
Web: http://blakzteam.wixsite.com/blakzteambjj
Maps: https://maps.google.com/?cid=8543097283452985611&g_mp=Cidnb29nbGUubWFwcy5wbGFjZXMudjEuUGxhY2VzLlNlYXJjaFRleHQQAhgEIAA"
cmpcywr06018qih9ucm3u9jiz,Bilbao Combat Center,,666 20 84 88,Bilbao Combat Center,,España,google-maps,atleevobox,NUEVO,MEDIA,,,2026-05-19T18:29:57.558Z,2026-05-19T18:29:57.558Z,http://www.bilbaocombatcenter.com/,"Ángel Ortiz Alfau Kalea, 4, Ibaiondo, 48003 Bilbao, Bizkaia",Bilbao,4.8,58,https://maps.google.com/?cid=16438019539886290351&g_mp=Cidnb29nbGUubWFwcy5wbGFjZXMudjEuUGxhY2VzLlNlYXJjaFRleHQQAhgEIAA,sports_school,OPERATIONAL,"Importado desde Google Maps
Tipo: Escuela deportiva
Dirección: Ángel Ortiz Alfau Kalea, 4, Ibaiondo, 48003 Bilbao, Bizkaia
Google: 4.8⭐ (58 reseñas)
Web: http://www.bilbaocombatcenter.com/
Maps: https://maps.google.com/?cid=16438019539886290351&g_mp=Cidnb29nbGUubWFwcy5wbGFjZXMudjEuUGxhY2VzLlNlYXJjaFRleHQQAhgEIAA"
cmpcywr9l018rih9uieqbhnvb,London Fitboxing,,946 11 94 47,London Fitboxing,,España,google-maps,atleevobox,NUEVO,MEDIA,,,2026-05-19T18:29:57.897Z,2026-05-19T18:29:57.897Z,https://santutxu.londonfitboxing.com/,"Cocherito de Bilbao Kalea, 11, 48004 Bilbao, Bizkaia",Bilbao,5,3,https://maps.google.com/?cid=4219696456391692607&g_mp=Cidnb29nbGUubWFwcy5wbGFjZXMudjEuUGxhY2VzLlNlYXJjaFRleHQQAhgEIAA,gym,OPERATIONAL,"Importado desde Google Maps
Tipo: Gimnasio
Dirección: Cocherito de Bilbao Kalea, 11, 48004 Bilbao, Bizkaia
Google: 5⭐ (3 reseñas)
Web: https://santutxu.londonfitboxing.com/
Maps: https://maps.google.com/?cid=4219696456391692607&g_mp=Cidnb29nbGUubWFwcy5wbGFjZXMudjEuUGxhY2VzLlNlYXJjaFRleHQQAhgEIAA"
cmpcywrj6018sih9upc85j0z5,GOLDEN JAB,,614 89 71 07,GOLDEN JAB,,España,google-maps,atleevobox,NUEVO,MEDIA,,,2026-05-19T18:29:58.242Z,2026-05-19T18:29:58.242Z,,"C. Pintores Arrúe, 16, Deusto, 48015 Bilbao, Vizcaya",Bilbao,4.8,4,https://maps.google.com/?cid=14799530753808368881&g_mp=Cidnb29nbGUubWFwcy5wbGFjZXMudjEuUGxhY2VzLlNlYXJjaFRleHQQAhgEIAA,sports_club,OPERATIONAL,"Importado desde Google Maps
Tipo: Club deportivo
Dirección: C. Pintores Arrúe, 16, Deusto, 48015 Bilbao, Vizcaya
Google: 4.8⭐ (4 reseñas)
Maps: https://maps.google.com/?cid=14799530753808368881&g_mp=Cidnb29nbGUubWFwcy5wbGFjZXMudjEuUGxhY2VzLlNlYXJjaFRleHQQAhgEIAA"
cmpcywrsm018tih9uyqq1tgms,Top Team Bilbao,,692 89 76 70,Top Team Bilbao,,España,google-maps,atleevobox,NUEVO,MEDIA,,,2026-05-19T18:29:58.583Z,2026-05-19T18:29:58.583Z,https://www.instagram.com/___top_team___?igsh=MWU1OTl5Z3ZxcHFrNA==,"Blas de Otero Kalea, 8, Deusto, 48014 Bilbao, Bizkaia",Bilbao,5,19,https://maps.google.com/?cid=6002126724126931764&g_mp=Cidnb29nbGUubWFwcy5wbGFjZXMudjEuUGxhY2VzLlNlYXJjaFRleHQQAhgEIAA,sports_coaching,OPERATIONAL,"Importado desde Google Maps
Tipo: Sports coaching
Dirección: Blas de Otero Kalea, 8, Deusto, 48014 Bilbao, Bizkaia
Google: 5⭐ (19 reseñas)
Web: https://www.instagram.com/___top_team___?igsh=MWU1OTl5Z3ZxcHFrNA==
Maps: https://maps.google.com/?cid=6002126724126931764&g_mp=Cidnb29nbGUubWFwcy5wbGFjZXMudjEuUGxhY2VzLlNlYXJjaFRleHQQAhgEIAA"
cmpcyws1w018uih9uo65jccdd,Global K.O,,,Global K.O,,España,google-maps,atleevobox,NUEVO,MEDIA,,,2026-05-19T18:29:58.917Z,2026-05-19T18:29:58.917Z,https://instagram.com/global.k.o?igshid=YmMyMTA2M2Y=,"Medina de Pomar Kalea, 4, Errekalde, 48012 Bilbao, Bizkaia",Bilbao,4.9,8,https://maps.google.com/?cid=12187176220145533989&g_mp=Cidnb29nbGUubWFwcy5wbGFjZXMudjEuUGxhY2VzLlNlYXJjaFRleHQQAhgEIAA,gym,OPERATIONAL,"Importado desde Google Maps
Tipo: Gimnasio
Dirección: Medina de Pomar Kalea, 4, Errekalde, 48012 Bilbao, Bizkaia
Google: 4.9⭐ (8 reseñas)
Web: https://instagram.com/global.k.o?igshid=YmMyMTA2M2Y=
Maps: https://maps.google.com/?cid=12187176220145533989&g_mp=Cidnb29nbGUubWFwcy5wbGFjZXMudjEuUGxhY2VzLlNlYXJjaFRleHQQAhgEIAA"
cmpcywsbe018vih9ub1itr587,Nivel3 Indautxu,,944 41 60 99,Nivel3 Indautxu,,España,google-maps,atleevobox,NUEVO,MEDIA,,,2026-05-19T18:29:59.258Z,2026-05-19T18:29:59.258Z,http://www.niveltres.com/,"Simón Bolívar Kalea, 13, Abando, 48010 Bilbao, Bizkaia",Bilbao,4.7,202,https://maps.google.com/?cid=4574518086726668315&g_mp=Cidnb29nbGUubWFwcy5wbGFjZXMudjEuUGxhY2VzLlNlYXJjaFRleHQQAhgEIAA,gym,OPERATIONAL,"Importado desde Google Maps
Tipo: Gimnasio
Dirección: Simón Bolívar Kalea, 13, Abando, 48010 Bilbao, Bizkaia
Google: 4.7⭐ (202 reseñas)
Web: http://www.niveltres.com/
Maps: https://maps.google.com/?cid=4574518086726668315&g_mp=Cidnb29nbGUubWFwcy5wbGFjZXMudjEuUGxhY2VzLlNlYXJjaFRleHQQAhgEIAA"
cmpcywskn018wih9u68agh18o,BUNK3R BOXING TEAM (Club y Gimnasio de Boxeo),,,BUNK3R BOXING TEAM (Club y Gimnasio de Boxeo),,España,google-maps,atleevobox,NUEVO,MEDIA,,,2026-05-19T18:29:59.591Z,2026-05-19T18:29:59.591Z,http://bunk3rboxingteam.com/,"Villa de Plentzia Kalea, 48930 Areeta / Las Arenas, Bizkaia",Bilbao,5,113,https://maps.google.com/?cid=12681715361779724650&g_mp=Cidnb29nbGUubWFwcy5wbGFjZXMudjEuUGxhY2VzLlNlYXJjaFRleHQQAhgEIAA,sports_coaching,OPERATIONAL,"Importado desde Google Maps
Tipo: Sports coaching
Dirección: Villa de Plentzia Kalea, 48930 Areeta / Las Arenas, Bizkaia
Google: 5⭐ (113 reseñas)
Web: http://bunk3rboxingteam.com/
Maps: https://maps.google.com/?cid=12681715361779724650&g_mp=Cidnb29nbGUubWFwcy5wbGFjZXMudjEuUGxhY2VzLlNlYXJjaFRleHQQAhgEIAA"
cmpcywstv018xih9uevakxgk9,Gimnasio y Tienda Kancho Oyama (Centro de Pilates),,944 75 90 67,Gimnasio y Tienda Kancho Oyama (Centro de Pilates),,España,google-maps,atleevobox,NUEVO,MEDIA,,,2026-05-19T18:29:59.923Z,2026-05-19T18:29:59.923Z,http://www.kanchooyama.com/,"Agirre Lehendakariaren Etorb., 27, Deusto, 48014 Bilbao, Bizkaia",Bilbao,4.7,91,https://maps.google.com/?cid=2164239114825271965&g_mp=Cidnb29nbGUubWFwcy5wbGFjZXMudjEuUGxhY2VzLlNlYXJjaFRleHQQAhgEIAA,gym,OPERATIONAL,"Importado desde Google Maps
Tipo: Gimnasio
Dirección: Agirre Lehendakariaren Etorb., 27, Deusto, 48014 Bilbao, Bizkaia
Google: 4.7⭐ (91 reseñas)
Web: http://www.kanchooyama.com/
Maps: https://maps.google.com/?cid=2164239114825271965&g_mp=Cidnb29nbGUubWFwcy5wbGFjZXMudjEuUGxhY2VzLlNlYXJjaFRleHQQAhgEIAA"
cmpcywt31018yih9u36cbq85p,Distrito 480 Bilbao - Boutique de Entrenamiento,,679 44 20 87,Distrito 480 Bilbao - Boutique de Entrenamiento,,España,google-maps,atleevobox,NUEVO,MEDIA,,,2026-05-19T18:30:00.253Z,2026-05-19T18:30:00.253Z,https://distrito480bilbao.com/,"José María de Escuza Kalea, 5, Abando, 48013 Bilbao, Bizkaia",Bilbao,4.9,313,https://maps.google.com/?cid=13123874712531046633&g_mp=Cidnb29nbGUubWFwcy5wbGFjZXMudjEuUGxhY2VzLlNlYXJjaFRleHQQAhgEIAA,gym,OPERATIONAL,"Importado desde Google Maps
Tipo: Gimnasio
Dirección: José María de Escuza Kalea, 5, Abando, 48013 Bilbao, Bizkaia
Google: 4.9⭐ (313 reseñas)
Web: https://distrito480bilbao.com/
Maps: https://maps.google.com/?cid=13123874712531046633&g_mp=Cidnb29nbGUubWFwcy5wbGFjZXMudjEuUGxhY2VzLlNlYXJjaFRleHQQAhgEIAA"
cmpcywtg9018zih9uob2onwi4,Summit Fitness Studio - Entrenamiento Dirigido,,688 88 58 26,Summit Fitness Studio - Entrenamiento Dirigido,,España,google-maps,atleevobox,NUEVO,MEDIA,,,2026-05-19T18:30:00.729Z,2026-05-19T18:30:00.729Z,https://summitpt.es/centros/bilbao/,"Lersundi K., 16, Abando, 48009 Bilbao, Bizkaia",Bilbao,4.7,128,https://maps.google.com/?cid=15001252470266800451&g_mp=Cidnb29nbGUubWFwcy5wbGFjZXMudjEuUGxhY2VzLlNlYXJjaFRleHQQAhgEIAA,gym,OPERATIONAL,"Importado desde Google Maps
Tipo: Gimnasio
Dirección: Lersundi K., 16, Abando, 48009 Bilbao, Bizkaia
Google: 4.7⭐ (128 reseñas)
Web: https://summitpt.es/centros/bilbao/
Maps: https://maps.google.com/?cid=15001252470266800451&g_mp=Cidnb29nbGUubWFwcy5wbGFjZXMudjEuUGxhY2VzLlNlYXJjaFRleHQQAhgEIAA"
cmpcywtq60190ih9u1hyeltom,Crossteam Lions Bilbao,,644 30 00 35,Crossteam Lions Bilbao,,España,google-maps,atleevobox,NUEVO,MEDIA,,,2026-05-19T18:30:01.086Z,2026-05-19T18:30:01.086Z,http://crossteamlions.com/,"Ramón y Cajal Etorb., 31, Deusto, 48014 Bilbao, Bizkaia",Bilbao,5,55,https://maps.google.com/?cid=13904936446728546743&g_mp=Cidnb29nbGUubWFwcy5wbGFjZXMudjEuUGxhY2VzLlNlYXJjaFRleHQQAhgEIAA,gym,OPERATIONAL,"Importado desde Google Maps
Tipo: Gimnasio
Dirección: Ramón y Cajal Etorb., 31, Deusto, 48014 Bilbao, Bizkaia
Google: 5⭐ (55 reseñas)
Web: http://crossteamlions.com/
Maps: https://maps.google.com/?cid=13904936446728546743&g_mp=Cidnb29nbGUubWFwcy5wbGFjZXMudjEuUGxhY2VzLlNlYXJjaFRleHQQAhgEIAA"
cmpcywtzy0191ih9uhlvvu7ja,Fitness Park Bilbao-Intermodal,,695 60 85 52,Fitness Park Bilbao-Intermodal,,España,google-maps,atleevobox,NUEVO,MEDIA,,,2026-05-19T18:30:01.438Z,2026-05-19T18:30:01.438Z,https://www.fitnesspark.es/club/bilbao-intermodal/?utm_medium=Local_Inventory&utm_source=GMB&utm_campaign=Bilbao-Intermodal&utm_content=Yext,"C. Gurtubay, 1, Planta 1, Basurto-Zorroza, 48013 Bilbao, Vizcaya",Bilbao,4.5,1935,https://maps.google.com/?cid=14562121151659945878&g_mp=Cidnb29nbGUubWFwcy5wbGFjZXMudjEuUGxhY2VzLlNlYXJjaFRleHQQAhgEIAA,fitness_center,OPERATIONAL,"Importado desde Google Maps
Tipo: Centro deportivo
Dirección: C. Gurtubay, 1, Planta 1, Basurto-Zorroza, 48013 Bilbao, Vizcaya
Google: 4.5⭐ (1935 reseñas)
Web: https://www.fitnesspark.es/club/bilbao-intermodal/?utm_medium=Local_Inventory&utm_source=GMB&utm_campaign=Bilbao-Intermodal&utm_content=Yext
Maps: https://maps.google.com/?cid=14562121151659945878&g_mp=Cidnb29nbGUubWFwcy5wbGFjZXMudjEuUGxhY2VzLlNlYXJjaFRleHQQAhgEIAA"
cmpcywu9b0192ih9uhdqonbq0,Gimnasio Artes Marciales - Mugendo Indautxu,,944 21 21 14,Gimnasio Artes Marciales - Mugendo Indautxu,,España,google-maps,atleevobox,NUEVO,MEDIA,,,2026-05-19T18:30:01.776Z,2026-05-19T18:30:01.776Z,http://mugendoeuskadi.com/,"Arechavaleta Kalea, 4, Abando, 48010 Bilbao, Bizkaia",Bilbao,4.7,81,https://maps.google.com/?cid=10151331922803789890&g_mp=Cidnb29nbGUubWFwcy5wbGFjZXMudjEuUGxhY2VzLlNlYXJjaFRleHQQAhgEIAA,sports_school,OPERATIONAL,"Importado desde Google Maps
Tipo: Escuela deportiva
Dirección: Arechavaleta Kalea, 4, Abando, 48010 Bilbao, Bizkaia
Google: 4.7⭐ (81 reseñas)
Web: http://mugendoeuskadi.com/
Maps: https://maps.google.com/?cid=10151331922803789890&g_mp=Cidnb29nbGUubWFwcy5wbGFjZXMudjEuUGxhY2VzLlNlYXJjaFRleHQQAhgEIAA"
cmpcywuiq0193ih9uzm56rlr0,Escuela de Artes Marciales y Defensa Personal Mugenkai Bilbao,,944 23 05 20,Escuela de Artes Marciales y Defensa Personal Mugenkai Bilbao,,España,google-maps,atleevobox,NUEVO,MEDIA,,,2026-05-19T18:30:02.114Z,2026-05-19T18:30:02.114Z,http://www.mugenkai.es/,"Cosme Echevarrieta Kalea, 4, Abando, 48009 Bilbao, Bizkaia",Bilbao,5,28,https://maps.google.com/?cid=1026897066954680292&g_mp=Cidnb29nbGUubWFwcy5wbGFjZXMudjEuUGxhY2VzLlNlYXJjaFRleHQQAhgEIAA,sports_school,OPERATIONAL,"Importado desde Google Maps
Tipo: Escuela deportiva
Dirección: Cosme Echevarrieta Kalea, 4, Abando, 48009 Bilbao, Bizkaia
Google: 5⭐ (28 reseñas)
Web: http://www.mugenkai.es/
Maps: https://maps.google.com/?cid=1026897066954680292&g_mp=Cidnb29nbGUubWFwcy5wbGFjZXMudjEuUGxhY2VzLlNlYXJjaFRleHQQAhgEIAA"
cmpcywus70194ih9u51jdd4zv,Club Deportivo Bilbao,,944 23 11 08,Club Deportivo Bilbao,,España,google-maps,atleevobox,NUEVO,MEDIA,,,2026-05-19T18:30:02.455Z,2026-05-19T18:30:02.455Z,http://www.club-deportivo.com/,"Alameda de Recalde, 28, Abando, 48009 Bilbao, Vizcaya",Bilbao,4.3,137,https://maps.google.com/?cid=15667648817085665965&g_mp=Cidnb29nbGUubWFwcy5wbGFjZXMudjEuUGxhY2VzLlNlYXJjaFRleHQQAhgEIAA,fitness_center,OPERATIONAL,"Importado desde Google Maps
Tipo: Centro deportivo
Dirección: Alameda de Recalde, 28, Abando, 48009 Bilbao, Vizcaya
Google: 4.3⭐ (137 reseñas)
Web: http://www.club-deportivo.com/
Maps: https://maps.google.com/?cid=15667648817085665965&g_mp=Cidnb29nbGUubWFwcy5wbGFjZXMudjEuUGxhY2VzLlNlYXJjaFRleHQQAhgEIAA"
cmpcywv6f0195ih9umv70dyq1,Gimnasio Bilbo Center,,944 10 16 39,Gimnasio Bilbo Center,,España,google-maps,atleevobox,NUEVO,MEDIA,,,2026-05-19T18:30:02.967Z,2026-05-19T18:30:02.967Z,http://www.gimnasiobilbocenter.com/,"Fernández del Campo K., 10, LOCAL, Abando, 48010 Bilbao, Bizkaia",Bilbao,4.8,112,https://maps.google.com/?cid=10251626095295676768&g_mp=Cidnb29nbGUubWFwcy5wbGFjZXMudjEuUGxhY2VzLlNlYXJjaFRleHQQAhgEIAA,gym,OPERATIONAL,"Importado desde Google Maps
Tipo: Gimnasio
Dirección: Fernández del Campo K., 10, LOCAL, Abando, 48010 Bilbao, Bizkaia
Google: 4.8⭐ (112 reseñas)
Web: http://www.gimnasiobilbocenter.com/
Maps: https://maps.google.com/?cid=10251626095295676768&g_mp=Cidnb29nbGUubWFwcy5wbGFjZXMudjEuUGxhY2VzLlNlYXJjaFRleHQQAhgEIAA"
cmpcywvg40196ih9uxxhbq4vs,Being Fit,,608 67 22 92,Being Fit,,España,google-maps,atleevobox,NUEVO,MEDIA,,,2026-05-19T18:30:03.317Z,2026-05-19T18:30:03.317Z,http://beingfit.es/,"Máximo Aguirre Kalea, 11, Abando, 48009 Bilbao, Bizkaia",Bilbao,4.8,57,https://maps.google.com/?cid=13049972702204604725&g_mp=Cidnb29nbGUubWFwcy5wbGFjZXMudjEuUGxhY2VzLlNlYXJjaFRleHQQAhgEIAA,gym,OPERATIONAL,"Importado desde Google Maps
Tipo: Gimnasio
Dirección: Máximo Aguirre Kalea, 11, Abando, 48009 Bilbao, Bizkaia
Google: 4.8⭐ (57 reseñas)
Web: http://beingfit.es/
Maps: https://maps.google.com/?cid=13049972702204604725&g_mp=Cidnb29nbGUubWFwcy5wbGFjZXMudjEuUGxhY2VzLlNlYXJjaFRleHQQAhgEIAA"
cmpcywvpp0197ih9uq4kwev5h,TotalFit Bilbao,,747 40 80 81,TotalFit Bilbao,,España,google-maps,atleevobox,NUEVO,MEDIA,,,2026-05-19T18:30:03.661Z,2026-05-19T18:30:03.661Z,https://www.totalfitbilbao.com/,"Urkixo Zumarkalea, 20, Abando, 48008 Bilbao, Bizkaia",Bilbao,5,212,https://maps.google.com/?cid=11884824919410778738&g_mp=Cidnb29nbGUubWFwcy5wbGFjZXMudjEuUGxhY2VzLlNlYXJjaFRleHQQAhgEIAA,gym,OPERATIONAL,"Importado desde Google Maps
Tipo: Gimnasio
Dirección: Urkixo Zumarkalea, 20, Abando, 48008 Bilbao, Bizkaia
Google: 5⭐ (212 reseñas)
Web: https://www.totalfitbilbao.com/
Maps: https://maps.google.com/?cid=11884824919410778738&g_mp=Cidnb29nbGUubWFwcy5wbGFjZXMudjEuUGxhY2VzLlNlYXJjaFRleHQQAhgEIAA"
cmpcywvz40198ih9uje78bcia,SAMBO D.P. BILBAO ( Artes marciales y Lucha ),,656 76 49 22,SAMBO D.P. BILBAO ( Artes marciales y Lucha ),,España,google-maps,atleevobox,NUEVO,MEDIA,,,2026-05-19T18:30:04.001Z,2026-05-19T18:30:04.001Z,https://www.artesmarcialesbilbao.com/,"Indautxu Plaza Galeria comercial, enfrente del Eroski, entrada Metro, Abando, 48010 Bilbao, Vizcaya",Bilbao,5,9,https://maps.google.com/?cid=15807300933190098170&g_mp=Cidnb29nbGUubWFwcy5wbGFjZXMudjEuUGxhY2VzLlNlYXJjaFRleHQQAhgEIAA,gym,OPERATIONAL,"Importado desde Google Maps
Tipo: Gimnasio
Dirección: Indautxu Plaza Galeria comercial, enfrente del Eroski, entrada Metro, Abando, 48010 Bilbao, Vizcaya
Google: 5⭐ (9 reseñas)
Web: https://www.artesmarcialesbilbao.com/
Maps: https://maps.google.com/?cid=15807300933190098170&g_mp=Cidnb29nbGUubWFwcy5wbGFjZXMudjEuUGxhY2VzLlNlYXJjaFRleHQQAhgEIAA"
cmpcyww9t0199ih9u2cvci78c,Boxeo Basati - Box de Boxeo en Bilbao,,603 10 76 90,Boxeo Basati - Box de Boxeo en Bilbao,,España,google-maps,atleevobox,NUEVO,MEDIA,,,2026-05-19T18:30:04.385Z,2026-05-19T18:30:04.385Z,https://basati.es/boxeo-en-bilbao/,"Telleria Kalea, Piso 1 Dept. 5, 48004 Bilbao, Bizkaia",Bilbao,,,https://maps.google.com/?cid=12093571129566511183&g_mp=Cidnb29nbGUubWFwcy5wbGFjZXMudjEuUGxhY2VzLlNlYXJjaFRleHQQAhgEIAA,sports_coaching,OPERATIONAL,"Importado desde Google Maps
Tipo: Sports coaching
Dirección: Telleria Kalea, Piso 1 Dept. 5, 48004 Bilbao, Bizkaia
Web: https://basati.es/boxeo-en-bilbao/
Maps: https://maps.google.com/?cid=12093571129566511183&g_mp=Cidnb29nbGUubWFwcy5wbGFjZXMudjEuUGxhY2VzLlNlYXJjaFRleHQQAhgEIAA"
cmpcywwlh019aih9uez5fojbh,SACBOX KUKUIAGA,,611 84 74 01,SACBOX KUKUIAGA,,España,google-maps,atleevobox,NUEVO,MEDIA,,,2026-05-19T18:30:04.806Z,2026-05-19T18:30:04.806Z,https://www.facebook.com/Sacboxx,"Plaza Zintururi, 48450 Kukullaga, Bizkaia",Bilbao,4.8,17,https://maps.google.com/?cid=129599650623328886&g_mp=Cidnb29nbGUubWFwcy5wbGFjZXMudjEuUGxhY2VzLlNlYXJjaFRleHQQAhgEIAA,sports_club,OPERATIONAL,"Importado desde Google Maps
Tipo: Club deportivo
Dirección: Plaza Zintururi, 48450 Kukullaga, Bizkaia
Google: 4.8⭐ (17 reseñas)
Web: https://www.facebook.com/Sacboxx
Maps: https://maps.google.com/?cid=129599650623328886&g_mp=Cidnb29nbGUubWFwcy5wbGFjZXMudjEuUGxhY2VzLlNlYXJjaFRleHQQAhgEIAA"
cmpcywwuo019bih9uge17rem2,Fitness Park Bilbao - Zubiarte,,654 13 19 58,Fitness Park Bilbao - Zubiarte,,España,google-maps,atleevobox,NUEVO,MEDIA,,,2026-05-19T18:30:05.136Z,2026-05-19T18:30:05.136Z,https://www.fitnesspark.es/club/bilbao-zubiarte/,"Leizaola Lehendakariaren Kalea, 2, Abando, 48011 Bilbao, Bizkaia",Bilbao,4.7,704,https://maps.google.com/?cid=14416488585489997597&g_mp=Cidnb29nbGUubWFwcy5wbGFjZXMudjEuUGxhY2VzLlNlYXJjaFRleHQQAhgEIAA,gym,OPERATIONAL,"Importado desde Google Maps
Tipo: Gimnasio
Dirección: Leizaola Lehendakariaren Kalea, 2, Abando, 48011 Bilbao, Bizkaia
Google: 4.7⭐ (704 reseñas)
Web: https://www.fitnesspark.es/club/bilbao-zubiarte/
Maps: https://maps.google.com/?cid=14416488585489997597&g_mp=Cidnb29nbGUubWFwcy5wbGFjZXMudjEuUGxhY2VzLlNlYXJjaFRleHQQAhgEIAA"
cmpcywx43019cih9uf8cz19gf,RRG Bilbao,,,RRG Bilbao,,España,google-maps,atleevobox,NUEVO,MEDIA,,,2026-05-19T18:30:05.475Z,2026-05-19T18:30:05.475Z,https://www.facebook.com/RRGbilbaoentrenamientopersonal/,"Alameda de San Mamés, 43 bis, 3º planta, Abando, 48010 Bilbao, Vizcaya",Bilbao,5,3,https://maps.google.com/?cid=15542495754270429650&g_mp=Cidnb29nbGUubWFwcy5wbGFjZXMudjEuUGxhY2VzLlNlYXJjaFRleHQQAhgEIAA,gym,OPERATIONAL,"Importado desde Google Maps
Tipo: Gimnasio
Dirección: Alameda de San Mamés, 43 bis, 3º planta, Abando, 48010 Bilbao, Vizcaya
Google: 5⭐ (3 reseñas)
Web: https://www.facebook.com/RRGbilbaoentrenamientopersonal/
Maps: https://maps.google.com/?cid=15542495754270429650&g_mp=Cidnb29nbGUubWFwcy5wbGFjZXMudjEuUGxhY2VzLlNlYXJjaFRleHQQAhgEIAA"
cmpcywxde019dih9u7hhz2uq3,Gimnasio Bam,,944 45 36 22,Gimnasio Bam,,España,google-maps,atleevobox,NUEVO,MEDIA,,,2026-05-19T18:30:05.810Z,2026-05-19T18:30:05.810Z,https://carneroantonio.com/,"Uribarri Kalea, 13, BAJO, 48007 Bilbao, Bizkaia",Bilbao,4.7,29,https://maps.google.com/?cid=2564227958204960322&g_mp=Cidnb29nbGUubWFwcy5wbGFjZXMudjEuUGxhY2VzLlNlYXJjaFRleHQQAhgEIAA,gym,OPERATIONAL,"Importado desde Google Maps
Tipo: Gimnasio
Dirección: Uribarri Kalea, 13, BAJO, 48007 Bilbao, Bizkaia
Google: 4.7⭐ (29 reseñas)
Web: https://carneroantonio.com/
Maps: https://maps.google.com/?cid=2564227958204960322&g_mp=Cidnb29nbGUubWFwcy5wbGFjZXMudjEuUGxhY2VzLlNlYXJjaFRleHQQAhgEIAA"
cmpcywxmp019eih9uq0w8xlps,Curves Bilbao,,944 21 50 09,Curves Bilbao,,España,google-maps,atleevobox,NUEVO,MEDIA,,,2026-05-19T18:30:06.146Z,2026-05-19T18:30:06.146Z,https://www.curves.eu/es/gimnasio-mujeres/other/bilbao/,"Fernández del Campo K., 29, Abando, 48010 Bilbao, Bizkaia",Bilbao,4.8,302,https://maps.google.com/?cid=10637256288888824917&g_mp=Cidnb29nbGUubWFwcy5wbGFjZXMudjEuUGxhY2VzLlNlYXJjaFRleHQQAhgEIAA,fitness_center,OPERATIONAL,"Importado desde Google Maps
Tipo: Centro deportivo
Dirección: Fernández del Campo K., 29, Abando, 48010 Bilbao, Bizkaia
Google: 4.8⭐ (302 reseñas)
Web: https://www.curves.eu/es/gimnasio-mujeres/other/bilbao/
Maps: https://maps.google.com/?cid=10637256288888824917&g_mp=Cidnb29nbGUubWFwcy5wbGFjZXMudjEuUGxhY2VzLlNlYXJjaFRleHQQAhgEIAA"
cmpcywxw4019fih9u22x6vf63,BETiFIT BILBAO I GYM EN BILBAO,,608 56 29 64,BETiFIT BILBAO I GYM EN BILBAO,,España,google-maps,atleevobox,NUEVO,MEDIA,,,2026-05-19T18:30:06.484Z,2026-05-19T18:30:06.484Z,https://betifit.com/gimnasios/betifit-bilbao/,"Poza Lizentziatuaren Kalea, 69, Abando, 48013 Bilbao, Bizkaia",Bilbao,4.4,43,https://maps.google.com/?cid=8367728522724651580&g_mp=Cidnb29nbGUubWFwcy5wbGFjZXMudjEuUGxhY2VzLlNlYXJjaFRleHQQAhgEIAA,gym,OPERATIONAL,"Importado desde Google Maps
Tipo: Gimnasio
Dirección: Poza Lizentziatuaren Kalea, 69, Abando, 48013 Bilbao, Bizkaia
Google: 4.4⭐ (43 reseñas)
Web: https://betifit.com/gimnasios/betifit-bilbao/
Maps: https://maps.google.com/?cid=8367728522724651580&g_mp=Cidnb29nbGUubWFwcy5wbGFjZXMudjEuUGxhY2VzLlNlYXJjaFRleHQQAhgEIAA"
cmpcywy5k019gih9uukj7dkhd,Gimnasio Contact | Contact Gym,,944 26 07 62,Gimnasio Contact | Contact Gym,,España,google-maps,atleevobox,NUEVO,MEDIA,,,2026-05-19T18:30:06.825Z,2026-05-19T18:30:06.825Z,https://gimnasiocontact.wixsite.com/contactgym,"Iparragirre Kalea, 12, 48970 Basauri, Bizkaia",Bilbao,5,34,https://maps.google.com/?cid=153504275712673597&g_mp=Cidnb29nbGUubWFwcy5wbGFjZXMudjEuUGxhY2VzLlNlYXJjaFRleHQQAhgEIAA,gym,OPERATIONAL,"Importado desde Google Maps
Tipo: Gimnasio
Dirección: Iparragirre Kalea, 12, 48970 Basauri, Bizkaia
Google: 5⭐ (34 reseñas)
Web: https://gimnasiocontact.wixsite.com/contactgym
Maps: https://maps.google.com/?cid=153504275712673597&g_mp=Cidnb29nbGUubWFwcy5wbGFjZXMudjEuUGxhY2VzLlNlYXJjaFRleHQQAhgEIAA"
cmpcywyfa019hih9utc2ed3vd,Synergym Bilbao Deusto,,,Synergym Bilbao Deusto,,España,google-maps,atleevobox,NUEVO,MEDIA,,,2026-05-19T18:30:07.174Z,2026-05-19T18:30:07.174Z,https://www.synergym.es/bilbao-deusto/,"Botica Vieja, 17, Deusto, 48014 Bilbao, Vizcaya",Bilbao,4.6,454,https://maps.google.com/?cid=11383246688577268170&g_mp=Cidnb29nbGUubWFwcy5wbGFjZXMudjEuUGxhY2VzLlNlYXJjaFRleHQQAhgEIAA,gym,OPERATIONAL,"Importado desde Google Maps
Tipo: Gimnasio
Dirección: Botica Vieja, 17, Deusto, 48014 Bilbao, Vizcaya
Google: 4.6⭐ (454 reseñas)
Web: https://www.synergym.es/bilbao-deusto/
Maps: https://maps.google.com/?cid=11383246688577268170&g_mp=Cidnb29nbGUubWFwcy5wbGFjZXMudjEuUGxhY2VzLlNlYXJjaFRleHQQAhgEIAA"
cmpcywyow019iih9uzk5y7t8y,Escuela de Artes Marciales y Defensa Personal - Mugendo Deusto,,944 36 20 44,Escuela de Artes Marciales y Defensa Personal - Mugendo Deusto,,España,google-maps,atleevobox,NUEVO,MEDIA,,,2026-05-19T18:30:07.521Z,2026-05-19T18:30:07.521Z,https://mugendoeuskadi.com/,"Agirre Lehendakariaren Etorb., 38, Deusto, 48014 Bilbao, Bizkaia",Bilbao,4.8,28,https://maps.google.com/?cid=12992464571425374295&g_mp=Cidnb29nbGUubWFwcy5wbGFjZXMudjEuUGxhY2VzLlNlYXJjaFRleHQQAhgEIAA,sports_school,OPERATIONAL,"Importado desde Google Maps
Tipo: Escuela deportiva
Dirección: Agirre Lehendakariaren Etorb., 38, Deusto, 48014 Bilbao, Bizkaia
Google: 4.8⭐ (28 reseñas)
Web: https://mugendoeuskadi.com/
Maps: https://maps.google.com/?cid=12992464571425374295&g_mp=Cidnb29nbGUubWFwcy5wbGFjZXMudjEuUGxhY2VzLlNlYXJjaFRleHQQAhgEIAA"
cmpcywyy0019jih9uyz6f1hpc,Gimnasio C21,,944 48 01 97,Gimnasio C21,,España,google-maps,atleevobox,NUEVO,MEDIA,,,2026-05-19T18:30:07.848Z,2026-05-19T18:30:07.848Z,http://www.gimnasioc21.com/,"C. Islas Canarias, 21, Deusto, 48015 Bilbao, Vizcaya",Bilbao,4.6,138,https://maps.google.com/?cid=17177966688686253298&g_mp=Cidnb29nbGUubWFwcy5wbGFjZXMudjEuUGxhY2VzLlNlYXJjaFRleHQQAhgEIAA,gym,OPERATIONAL,"Importado desde Google Maps
Tipo: Gimnasio
Dirección: C. Islas Canarias, 21, Deusto, 48015 Bilbao, Vizcaya
Google: 4.6⭐ (138 reseñas)
Web: http://www.gimnasioc21.com/
Maps: https://maps.google.com/?cid=17177966688686253298&g_mp=Cidnb29nbGUubWFwcy5wbGFjZXMudjEuUGxhY2VzLlNlYXJjaFRleHQQAhgEIAA"
cmpcywz7c019kih9uuwktvl04,Estudio Training Euskalduna - Gimnasio,,688 72 26 55,Estudio Training Euskalduna - Gimnasio,,España,google-maps,atleevobox,NUEVO,MEDIA,,,2026-05-19T18:30:08.184Z,2026-05-19T18:30:08.184Z,https://www.estudiotraining.es/?utm_source=g-ficha,"Jesusen Bihotza Plaza, 5, local 6, Abando, 48011 Bilbao, Vizcaya",Bilbao,5,168,https://maps.google.com/?cid=14189513658856566944&g_mp=Cidnb29nbGUubWFwcy5wbGFjZXMudjEuUGxhY2VzLlNlYXJjaFRleHQQAhgEIAA,gym,OPERATIONAL,"Importado desde Google Maps
Tipo: Gimnasio
Dirección: Jesusen Bihotza Plaza, 5, local 6, Abando, 48011 Bilbao, Vizcaya
Google: 5⭐ (168 reseñas)
Web: https://www.estudiotraining.es/?utm_source=g-ficha
Maps: https://maps.google.com/?cid=14189513658856566944&g_mp=Cidnb29nbGUubWFwcy5wbGFjZXMudjEuUGxhY2VzLlNlYXJjaFRleHQQAhgEIAA"
cmpcywzgq019lih9umbxyq2tj,Gimnasio VivaGym Autonomía 53,,,Gimnasio VivaGym Autonomía 53,,España,google-maps,atleevobox,NUEVO,MEDIA,,,2026-05-19T18:30:08.522Z,2026-05-19T18:30:08.522Z,https://www.vivagym.com/es-es/gimnasios/vizcaya/bilbao/autonomia-53/?utm_campaign=250922_es_gmb_conversion_generic_autonomia-53&utm_medium=organic&utm_source=gmb,"Autonomia Kalea, 53, Errekalde, 48012 Bilbao, Bizkaia",Bilbao,4.6,203,https://maps.google.com/?cid=1857931755370214818&g_mp=Cidnb29nbGUubWFwcy5wbGFjZXMudjEuUGxhY2VzLlNlYXJjaFRleHQQAhgEIAA,gym,OPERATIONAL,"Importado desde Google Maps
Tipo: Gimnasio
Dirección: Autonomia Kalea, 53, Errekalde, 48012 Bilbao, Bizkaia
Google: 4.6⭐ (203 reseñas)
Web: https://www.vivagym.com/es-es/gimnasios/vizcaya/bilbao/autonomia-53/?utm_campaign=250922_es_gmb_conversion_generic_autonomia-53&utm_medium=organic&utm_source=gmb
Maps: https://maps.google.com/?cid=1857931755370214818&g_mp=Cidnb29nbGUubWFwcy5wbGFjZXMudjEuUGxhY2VzLlNlYXJjaFRleHQQAhgEIAA"
cmpcywzpw019mih9ukmplj1i7,Synergym Bilbao Ametzola,,,Synergym Bilbao Ametzola,,España,google-maps,atleevobox,NUEVO,MEDIA,,,2026-05-19T18:30:08.853Z,2026-05-19T18:30:08.853Z,https://synergym.es/date-de-alta/bilbao-ametzola/?m-step=1,"Andrés Isasi Kalea, 8, Errekalde, 48012 Bilbao, Bizkaia",Bilbao,4.1,72,https://maps.google.com/?cid=12358248308512041772&g_mp=Cidnb29nbGUubWFwcy5wbGFjZXMudjEuUGxhY2VzLlNlYXJjaFRleHQQAhgEIAA,gym,OPERATIONAL,"Importado desde Google Maps
Tipo: Gimnasio
Dirección: Andrés Isasi Kalea, 8, Errekalde, 48012 Bilbao, Bizkaia
Google: 4.1⭐ (72 reseñas)
Web: https://synergym.es/date-de-alta/bilbao-ametzola/?m-step=1
Maps: https://maps.google.com/?cid=12358248308512041772&g_mp=Cidnb29nbGUubWFwcy5wbGFjZXMudjEuUGxhY2VzLlNlYXJjaFRleHQQAhgEIAA"
cmpcywzyz019nih9ucuy5m99x,Club Metropolitan Isozaki,,944 23 44 44,Club Metropolitan Isozaki,,España,google-maps,atleevobox,NUEVO,MEDIA,,,2026-05-19T18:30:09.179Z,2026-05-19T18:30:09.179Z,http://www.clubmetropolitan.com/gimnasio/bilbao,"Uribitarte Pasealekua, 4, Ext, Abando, 48001 Bilbao, Bizkaia",Bilbao,4.3,1059,https://maps.google.com/?cid=5134764082073366744&g_mp=Cidnb29nbGUubWFwcy5wbGFjZXMudjEuUGxhY2VzLlNlYXJjaFRleHQQAhgEIAA,fitness_center,OPERATIONAL,"Importado desde Google Maps
Tipo: Centro deportivo
Dirección: Uribitarte Pasealekua, 4, Ext, Abando, 48001 Bilbao, Bizkaia
Google: 4.3⭐ (1059 reseñas)
Web: http://www.clubmetropolitan.com/gimnasio/bilbao
Maps: https://maps.google.com/?cid=5134764082073366744&g_mp=Cidnb29nbGUubWFwcy5wbGFjZXMudjEuUGxhY2VzLlNlYXJjaFRleHQQAhgEIAA"
cmpcyx085019oih9udwcb3mt1,GIMNASIO UP&YOU,,944 00 56 00,GIMNASIO UP&YOU,,España,google-maps,atleevobox,NUEVO,MEDIA,,,2026-05-19T18:30:09.509Z,2026-05-19T18:30:09.509Z,https://www.upandyou.es/,"Kalea Manuel Allende, 18, Abando, 48010 Bilbao, Bizkaia",Bilbao,4.1,479,https://maps.google.com/?cid=3746086110511042837&g_mp=Cidnb29nbGUubWFwcy5wbGFjZXMudjEuUGxhY2VzLlNlYXJjaFRleHQQAhgEIAA,gym,OPERATIONAL,"Importado desde Google Maps
Tipo: Gimnasio
Dirección: Kalea Manuel Allende, 18, Abando, 48010 Bilbao, Bizkaia
Google: 4.1⭐ (479 reseñas)
Web: https://www.upandyou.es/
Maps: https://maps.google.com/?cid=3746086110511042837&g_mp=Cidnb29nbGUubWFwcy5wbGFjZXMudjEuUGxhY2VzLlNlYXJjaFRleHQQAhgEIAA"
cmpcyx0hf019pih9upzo9jgrc,Synergym Bilbao Indautxu,,,Synergym Bilbao Indautxu,,España,google-maps,atleevobox,NUEVO,MEDIA,,,2026-05-19T18:30:09.843Z,2026-05-19T18:30:09.843Z,https://www.synergym.es/bilbao-indautxu/,"Egia Jeneralaren Kalea, 38, Abando, 48010 Bilbao, Bizkaia",Bilbao,4.3,272,https://maps.google.com/?cid=6693634356464624291&g_mp=Cidnb29nbGUubWFwcy5wbGFjZXMudjEuUGxhY2VzLlNlYXJjaFRleHQQAhgEIAA,gym,OPERATIONAL,"Importado desde Google Maps
Tipo: Gimnasio
Dirección: Egia Jeneralaren Kalea, 38, Abando, 48010 Bilbao, Bizkaia
Google: 4.3⭐ (272 reseñas)
Web: https://www.synergym.es/bilbao-indautxu/
Maps: https://maps.google.com/?cid=6693634356464624291&g_mp=Cidnb29nbGUubWFwcy5wbGFjZXMudjEuUGxhY2VzLlNlYXJjaFRleHQQAhgEIAA"
cmpcyx0r9019qih9ukvyp7eyh,OTXAR-GYM,,,OTXAR-GYM,,España,google-maps,atleevobox,NUEVO,MEDIA,,,2026-05-19T18:30:10.198Z,2026-05-19T18:30:10.198Z,,"Larrakoetxe Kalea, 3, Otxarkoaga - Txurdinaga, 48004 Bilbao, Bizkaia",Bilbao,4.5,4,https://maps.google.com/?cid=17410172742043564057&g_mp=Cidnb29nbGUubWFwcy5wbGFjZXMudjEuUGxhY2VzLlNlYXJjaFRleHQQAhgEIAA,gym,OPERATIONAL,"Importado desde Google Maps
Tipo: Gimnasio
Dirección: Larrakoetxe Kalea, 3, Otxarkoaga - Txurdinaga, 48004 Bilbao, Bizkaia
Google: 4.5⭐ (4 reseñas)
Maps: https://maps.google.com/?cid=17410172742043564057&g_mp=Cidnb29nbGUubWFwcy5wbGFjZXMudjEuUGxhY2VzLlNlYXJjaFRleHQQAhgEIAA"
cmpcyx11k019rih9uk9aq24ej,MT BOXING Sestao,,605 71 57 44,MT BOXING Sestao,,España,google-maps,atleevobox,NUEVO,MEDIA,,,2026-05-19T18:30:10.535Z,2026-05-19T18:30:10.535Z,http://www.mtboxing.es/,"paseo de la benedicta, S/N, La Iberia, 48910 Sestao, Bizkaia",Bilbao,4.9,50,https://maps.google.com/?cid=4884172562548153824&g_mp=Cidnb29nbGUubWFwcy5wbGFjZXMudjEuUGxhY2VzLlNlYXJjaFRleHQQAhgEIAA,sports_club,OPERATIONAL,"Importado desde Google Maps
Tipo: Club deportivo
Dirección: paseo de la benedicta, S/N, La Iberia, 48910 Sestao, Bizkaia
Google: 4.9⭐ (50 reseñas)
Web: http://www.mtboxing.es/
Maps: https://maps.google.com/?cid=4884172562548153824&g_mp=Cidnb29nbGUubWFwcy5wbGFjZXMudjEuUGxhY2VzLlNlYXJjaFRleHQQAhgEIAA"
cmpcyx1bf019sih9ug3k5qu6c,Boxeo,,,Boxeo,,España,google-maps,atleevobox,NUEVO,MEDIA,,,2026-05-19T18:30:10.923Z,2026-05-19T18:30:10.923Z,,"Deusto, 48015 Bilbao, Vizcaya",Bilbao,,,https://maps.google.com/?cid=15916763791705053851&g_mp=Cidnb29nbGUubWFwcy5wbGFjZXMudjEuUGxhY2VzLlNlYXJjaFRleHQQAhgEIAA,sports_coaching,OPERATIONAL,"Importado desde Google Maps
Tipo: Sports coaching
Dirección: Deusto, 48015 Bilbao, Vizcaya
Maps: https://maps.google.com/?cid=15916763791705053851&g_mp=Cidnb29nbGUubWFwcy5wbGFjZXMudjEuUGxhY2VzLlNlYXJjaFRleHQQAhgEIAA"
cmpcyx1kz019tih9u9mfmpiyu,Mugendo Santutxu,,946 11 94 47,Mugendo Santutxu,,España,google-maps,atleevobox,NUEVO,MEDIA,,,2026-05-19T18:30:11.267Z,2026-05-19T18:30:11.267Z,http://www.mugendoeuskadi.com/,"Cocherito de Bilbao, 11 entrada trasera patio interior, 48004 Bilbao, Vizcaya",Bilbao,4.7,9,https://maps.google.com/?cid=17059667289467917952&g_mp=Cidnb29nbGUubWFwcy5wbGFjZXMudjEuUGxhY2VzLlNlYXJjaFRleHQQAhgEIAA,gym,OPERATIONAL,"Importado desde Google Maps
Tipo: Gimnasio
Dirección: Cocherito de Bilbao, 11 entrada trasera patio interior, 48004 Bilbao, Vizcaya
Google: 4.7⭐ (9 reseñas)
Web: http://www.mugendoeuskadi.com/
Maps: https://maps.google.com/?cid=17059667289467917952&g_mp=Cidnb29nbGUubWFwcy5wbGFjZXMudjEuUGxhY2VzLlNlYXJjaFRleHQQAhgEIAA"
cmpcyx1u6019uih9uume64z47,Gimnasio VivaGym Gran Vía Bilbao,,,Gimnasio VivaGym Gran Vía Bilbao,,España,google-maps,atleevobox,NUEVO,MEDIA,,,2026-05-19T18:30:11.598Z,2026-05-19T18:30:11.598Z,https://www.vivagym.com/es-es/gimnasios/vizcaya/bilbao/gran-via-bilbao/?utm_campaign=250922_es_gmb_conversion_generic_gran-via-bilbao&utm_medium=organic&utm_source=gmb,"Diego Lopez Haroko Kale Nagusia, 83, Abando, 48011 Bilbao, Bizkaia",Bilbao,4.5,711,https://maps.google.com/?cid=11434031538578003&g_mp=Cidnb29nbGUubWFwcy5wbGFjZXMudjEuUGxhY2VzLlNlYXJjaFRleHQQAhgEIAA,gym,OPERATIONAL,"Importado desde Google Maps
Tipo: Gimnasio
Dirección: Diego Lopez Haroko Kale Nagusia, 83, Abando, 48011 Bilbao, Bizkaia
Google: 4.5⭐ (711 reseñas)
Web: https://www.vivagym.com/es-es/gimnasios/vizcaya/bilbao/gran-via-bilbao/?utm_campaign=250922_es_gmb_conversion_generic_gran-via-bilbao&utm_medium=organic&utm_source=gmb
Maps: https://maps.google.com/?cid=11434031538578003&g_mp=Cidnb29nbGUubWFwcy5wbGFjZXMudjEuUGxhY2VzLlNlYXJjaFRleHQQAhgEIAA"
cmpcyx23x019vih9ue0ud7gof,Club Metropolitan Begoña,,944 12 90 66,Club Metropolitan Begoña,,España,google-maps,atleevobox,NUEVO,MEDIA,,,2026-05-19T18:30:11.950Z,2026-05-19T18:30:11.950Z,http://www.clubmetropolitan.com/gimnasio/bilbao/bilbao-ii,"Masustegi Kalea, 25, 48006 Bilbao, Bizkaia",Bilbao,4.3,1215,https://maps.google.com/?cid=12311740498133868343&g_mp=Cidnb29nbGUubWFwcy5wbGFjZXMudjEuUGxhY2VzLlNlYXJjaFRleHQQAhgEIAA,fitness_center,OPERATIONAL,"Importado desde Google Maps
Tipo: Centro deportivo
Dirección: Masustegi Kalea, 25, 48006 Bilbao, Bizkaia
Google: 4.3⭐ (1215 reseñas)
Web: http://www.clubmetropolitan.com/gimnasio/bilbao/bilbao-ii
Maps: https://maps.google.com/?cid=12311740498133868343&g_mp=Cidnb29nbGUubWFwcy5wbGFjZXMudjEuUGxhY2VzLlNlYXJjaFRleHQQAhgEIAA"
cmpcyx2d7019wih9udeeudcdf,MT BOXING Santurtzi,,631 09 42 65,MT BOXING Santurtzi,,España,google-maps,atleevobox,NUEVO,MEDIA,,,2026-05-19T18:30:12.284Z,2026-05-19T18:30:12.284Z,https://instagram.com/mt.boxing?igshid=YmMyMTA2M2Y=,"Fundación Hogar Hiribidea, 14, 48980 Santurtzi, Bizkaia",Bilbao,5,52,https://maps.google.com/?cid=8472698107587310290&g_mp=Cidnb29nbGUubWFwcy5wbGFjZXMudjEuUGxhY2VzLlNlYXJjaFRleHQQAhgEIAA,sports_club,OPERATIONAL,"Importado desde Google Maps
Tipo: Club deportivo
Dirección: Fundación Hogar Hiribidea, 14, 48980 Santurtzi, Bizkaia
Google: 5⭐ (52 reseñas)
Web: https://instagram.com/mt.boxing?igshid=YmMyMTA2M2Y=
Maps: https://maps.google.com/?cid=8472698107587310290&g_mp=Cidnb29nbGUubWFwcy5wbGFjZXMudjEuUGxhY2VzLlNlYXJjaFRleHQQAhgEIAA"
cmpcyx2mn019xih9u7uc1yzff,SMCenter Bilbao,,620 88 58 84,SMCenter Bilbao,,España,google-maps,atleevobox,NUEVO,MEDIA,,,2026-05-19T18:30:12.624Z,2026-05-19T18:30:12.624Z,https://www.smcenterbilbao.com/,"Luis Power Kalea, 16, Deusto, 48014 Bilbao, Bizkaia",Bilbao,4.8,38,https://maps.google.com/?cid=14447411031694680031&g_mp=Cidnb29nbGUubWFwcy5wbGFjZXMudjEuUGxhY2VzLlNlYXJjaFRleHQQAhgEIAA,gym,OPERATIONAL,"Importado desde Google Maps
Tipo: Gimnasio
Dirección: Luis Power Kalea, 16, Deusto, 48014 Bilbao, Bizkaia
Google: 4.8⭐ (38 reseñas)
Web: https://www.smcenterbilbao.com/
Maps: https://maps.google.com/?cid=14447411031694680031&g_mp=Cidnb29nbGUubWFwcy5wbGFjZXMudjEuUGxhY2VzLlNlYXJjaFRleHQQAhgEIAA"
cmpcyx2vt019yih9ug6a2e0of,Golden Sport,,633 10 24 70,Golden Sport,,España,google-maps,atleevobox,NUEVO,MEDIA,,,2026-05-19T18:30:12.954Z,2026-05-19T18:30:12.954Z,,"Costa Kalea, 11, Abando, 48010 Bilbao, Bizkaia",Bilbao,4.6,50,https://maps.google.com/?cid=4156763860183372375&g_mp=Cidnb29nbGUubWFwcy5wbGFjZXMudjEuUGxhY2VzLlNlYXJjaFRleHQQAhgEIAA,gym,OPERATIONAL,"Importado desde Google Maps
Tipo: Gimnasio
Dirección: Costa Kalea, 11, Abando, 48010 Bilbao, Bizkaia
Google: 4.6⭐ (50 reseñas)
Maps: https://maps.google.com/?cid=4156763860183372375&g_mp=Cidnb29nbGUubWFwcy5wbGFjZXMudjEuUGxhY2VzLlNlYXJjaFRleHQQAhgEIAA"
cmpcyx35j019zih9uuj78hvez,Onfit Center Electrofitness Bilbao,,608 98 83 15,Onfit Center Electrofitness Bilbao,,España,google-maps,atleevobox,NUEVO,MEDIA,,,2026-05-19T18:30:13.303Z,2026-05-19T18:30:13.303Z,http://onfitcenter.com/,"C. de Rodríguez Arias, 23, bajo A, Abando, 48011 Bilbao, Vizcaya",Bilbao,5,4,https://maps.google.com/?cid=1075343460766779064&g_mp=Cidnb29nbGUubWFwcy5wbGFjZXMudjEuUGxhY2VzLlNlYXJjaFRleHQQAhgEIAA,gym,OPERATIONAL,"Importado desde Google Maps
Tipo: Gimnasio
Dirección: C. de Rodríguez Arias, 23, bajo A, Abando, 48011 Bilbao, Vizcaya
Google: 5⭐ (4 reseñas)
Web: http://onfitcenter.com/
Maps: https://maps.google.com/?cid=1075343460766779064&g_mp=Cidnb29nbGUubWFwcy5wbGFjZXMudjEuUGxhY2VzLlNlYXJjaFRleHQQAhgEIAA"
cmpcyx3fg01a0ih9u5ckt8krm,Gimnasio VivaGym Deusto,,,Gimnasio VivaGym Deusto,,España,google-maps,atleevobox,NUEVO,MEDIA,,,2026-05-19T18:30:13.661Z,2026-05-19T18:30:13.661Z,https://www.vivagym.com/es-es/gimnasios/vizcaya/bilbao/deusto/?utm_campaign=250922_es_gmb_conversion_generic_deusto&utm_medium=organic&utm_source=gmb,"Madariaga Etorbidea, 24, Centro Comercial Bidarte, Deusto, 48014 Bilbao, Bizkaia",Bilbao,3.9,300,https://maps.google.com/?cid=18388329207560968402&g_mp=Cidnb29nbGUubWFwcy5wbGFjZXMudjEuUGxhY2VzLlNlYXJjaFRleHQQAhgEIAA,gym,OPERATIONAL,"Importado desde Google Maps
Tipo: Gimnasio
Dirección: Madariaga Etorbidea, 24, Centro Comercial Bidarte, Deusto, 48014 Bilbao, Bizkaia
Google: 3.9⭐ (300 reseñas)
Web: https://www.vivagym.com/es-es/gimnasios/vizcaya/bilbao/deusto/?utm_campaign=250922_es_gmb_conversion_generic_deusto&utm_medium=organic&utm_source=gmb
Maps: https://maps.google.com/?cid=18388329207560968402&g_mp=Cidnb29nbGUubWFwcy5wbGFjZXMudjEuUGxhY2VzLlNlYXJjaFRleHQQAhgEIAA"
cmpcyx4t901a1ih9ufg8nf6s0,Motorcity Boxing Club,,717 70 21 43,Motorcity Boxing Club,,España,google-maps,atleevobox,NUEVO,MEDIA,,,2026-05-19T18:30:15.453Z,2026-05-19T18:30:15.453Z,https://www.gymchongma.com/,"Carrer de Sant Joaquim, 22, Nord, 07010 Palma, Illes Balears",Mallorca,4.8,83,https://maps.google.com/?cid=7910039864154230272&g_mp=Cidnb29nbGUubWFwcy5wbGFjZXMudjEuUGxhY2VzLlNlYXJjaFRleHQQAhgEIAA,sports_club,OPERATIONAL,"Importado desde Google Maps
Tipo: Club deportivo
Dirección: Carrer de Sant Joaquim, 22, Nord, 07010 Palma, Illes Balears
Google: 4.8⭐ (83 reseñas)
Web: https://www.gymchongma.com/
Maps: https://maps.google.com/?cid=7910039864154230272&g_mp=Cidnb29nbGUubWFwcy5wbGFjZXMudjEuUGxhY2VzLlNlYXJjaFRleHQQAhgEIAA"
cmpcyx52n01a2ih9ugqaasjz3,Brooklyn Fitboxing Palma centro,,628 16 12 42,Brooklyn Fitboxing Palma centro,,España,google-maps,atleevobox,NUEVO,MEDIA,,,2026-05-19T18:30:15.791Z,2026-05-19T18:30:15.791Z,https://bfclick.com/palma-centro-gmb,"Carrer de Cecili Metel, 14, Centre, 07003 Palma, Illes Balears",Mallorca,4.9,313,https://maps.google.com/?cid=11117331526118482933&g_mp=Cidnb29nbGUubWFwcy5wbGFjZXMudjEuUGxhY2VzLlNlYXJjaFRleHQQAhgEIAA,gym,OPERATIONAL,"Importado desde Google Maps
Tipo: Gimnasio
Dirección: Carrer de Cecili Metel, 14, Centre, 07003 Palma, Illes Balears
Google: 4.9⭐ (313 reseñas)
Web: https://bfclick.com/palma-centro-gmb
Maps: https://maps.google.com/?cid=11117331526118482933&g_mp=Cidnb29nbGUubWFwcy5wbGFjZXMudjEuUGxhY2VzLlNlYXJjaFRleHQQAhgEIAA"
cmpcyx5bu01a3ih9u7rntrs0y,Soul Boxing Club,,622 01 07 34,Soul Boxing Club,,España,google-maps,atleevobox,NUEVO,MEDIA,,,2026-05-19T18:30:16.122Z,2026-05-19T18:30:16.122Z,http://soulboxing.com.es/,"Carrer Gremi de Tintorers, 32, Nord, 07009 Palma, Illes Balears",Mallorca,4.9,86,https://maps.google.com/?cid=5030311312812332701&g_mp=Cidnb29nbGUubWFwcy5wbGFjZXMudjEuUGxhY2VzLlNlYXJjaFRleHQQAhgEIAA,sports_coaching,OPERATIONAL,"Importado desde Google Maps
Tipo: Sports coaching
Dirección: Carrer Gremi de Tintorers, 32, Nord, 07009 Palma, Illes Balears
Google: 4.9⭐ (86 reseñas)
Web: http://soulboxing.com.es/
Maps: https://maps.google.com/?cid=5030311312812332701&g_mp=Cidnb29nbGUubWFwcy5wbGFjZXMudjEuUGxhY2VzLlNlYXJjaFRleHQQAhgEIAA"
cmpcyx5l401a4ih9u8fl3f1re,PRO SPORT PALMA,,639 21 54 25,PRO SPORT PALMA,,España,google-maps,atleevobox,NUEVO,MEDIA,,,2026-05-19T18:30:16.456Z,2026-05-19T18:30:16.456Z,http://www.facebook.com/prosportpalma,"Carrer de Tomàs Forteza, 63, Llevant, 07006 Palma, Illes Balears",Mallorca,4.8,46,https://maps.google.com/?cid=3333058450011614787&g_mp=Cidnb29nbGUubWFwcy5wbGFjZXMudjEuUGxhY2VzLlNlYXJjaFRleHQQAhgEIAA,gym,OPERATIONAL,"Importado desde Google Maps
Tipo: Gimnasio
Dirección: Carrer de Tomàs Forteza, 63, Llevant, 07006 Palma, Illes Balears
Google: 4.8⭐ (46 reseñas)
Web: http://www.facebook.com/prosportpalma
Maps: https://maps.google.com/?cid=3333058450011614787&g_mp=Cidnb29nbGUubWFwcy5wbGFjZXMudjEuUGxhY2VzLlNlYXJjaFRleHQQAhgEIAA"
cmpcyx5ul01a5ih9u1ijy4zlg,GIMNASIO CHONG-MA,,717 70 21 43,GIMNASIO CHONG-MA,,España,google-maps,atleevobox,NUEVO,MEDIA,,,2026-05-19T18:30:16.797Z,2026-05-19T18:30:16.797Z,http://www.gymchongma.com/,"Carrer de Guillem Cifre de Colonya, 8, Nord, 07010 Palma, Illes Balears",Mallorca,4.7,96,https://maps.google.com/?cid=11403775290338622489&g_mp=Cidnb29nbGUubWFwcy5wbGFjZXMudjEuUGxhY2VzLlNlYXJjaFRleHQQAhgEIAA,gym,OPERATIONAL,"Importado desde Google Maps
Tipo: Gimnasio
Dirección: Carrer de Guillem Cifre de Colonya, 8, Nord, 07010 Palma, Illes Balears
Google: 4.7⭐ (96 reseñas)
Web: http://www.gymchongma.com/
Maps: https://maps.google.com/?cid=11403775290338622489&g_mp=Cidnb29nbGUubWFwcy5wbGFjZXMudjEuUGxhY2VzLlNlYXJjaFRleHQQAhgEIAA"
cmpcyx64201a6ih9uvmijhr5r,Liz Aldama Boxing,,602 41 08 96,Liz Aldama Boxing,,España,google-maps,atleevobox,NUEVO,MEDIA,,,2026-05-19T18:30:17.138Z,2026-05-19T18:30:17.138Z,https://lizaldama.com/,"Carrer de Valldargent, 45, Ponent, 07013 Palma, Illes Balears",Mallorca,5,36,https://maps.google.com/?cid=11003290747760919229&g_mp=Cidnb29nbGUubWFwcy5wbGFjZXMudjEuUGxhY2VzLlNlYXJjaFRleHQQAhgEIAA,gym,OPERATIONAL,"Importado desde Google Maps
Tipo: Gimnasio
Dirección: Carrer de Valldargent, 45, Ponent, 07013 Palma, Illes Balears
Google: 5⭐ (36 reseñas)
Web: https://lizaldama.com/
Maps: https://maps.google.com/?cid=11003290747760919229&g_mp=Cidnb29nbGUubWFwcy5wbGFjZXMudjEuUGxhY2VzLlNlYXJjaFRleHQQAhgEIAA"
cmpcyx6db01a7ih9ugpag0cx4,"Sensei Gym (tienda y gimnasio) Muay Thai, boxeo y artes marciales",,649 23 84 68,"Sensei Gym (tienda y gimnasio) Muay Thai, boxeo y artes marciales",,España,google-maps,atleevobox,NUEVO,MEDIA,,,2026-05-19T18:30:17.471Z,2026-05-19T18:30:17.471Z,http://www.senseimuaythai.com/,"C/ d'Àngel Guimerà, 24, Nord, 07004 Palma, Illes Balears",Mallorca,5,37,https://maps.google.com/?cid=4485889973342863511&g_mp=Cidnb29nbGUubWFwcy5wbGFjZXMudjEuUGxhY2VzLlNlYXJjaFRleHQQAhgEIAA,sports_coaching,OPERATIONAL,"Importado desde Google Maps
Tipo: Sports coaching
Dirección: C/ d'Àngel Guimerà, 24, Nord, 07004 Palma, Illes Balears
Google: 5⭐ (37 reseñas)
Web: http://www.senseimuaythai.com/
Maps: https://maps.google.com/?cid=4485889973342863511&g_mp=Cidnb29nbGUubWFwcy5wbGFjZXMudjEuUGxhY2VzLlNlYXJjaFRleHQQAhgEIAA"
cmpcyx6mr01a8ih9uwztfj02f,Nuk Soo Gym,,653 17 03 60,Nuk Soo Gym,,España,google-maps,atleevobox,NUEVO,MEDIA,,,2026-05-19T18:30:17.811Z,2026-05-19T18:30:17.811Z,http://www.nuksoogym.com/,"Carrer Bisbe Cabanelles, 31, Llevant, 07005 Palma, Illes Balears",Mallorca,5,47,https://maps.google.com/?cid=4967365773812825390&g_mp=Cidnb29nbGUubWFwcy5wbGFjZXMudjEuUGxhY2VzLlNlYXJjaFRleHQQAhgEIAA,sports_coaching,OPERATIONAL,"Importado desde Google Maps
Tipo: Sports coaching
Dirección: Carrer Bisbe Cabanelles, 31, Llevant, 07005 Palma, Illes Balears
Google: 5⭐ (47 reseñas)
Web: http://www.nuksoogym.com/
Maps: https://maps.google.com/?cid=4967365773812825390&g_mp=Cidnb29nbGUubWFwcy5wbGFjZXMudjEuUGxhY2VzLlNlYXJjaFRleHQQAhgEIAA"
cmpcyx6wm01a9ih9u1cuccyfx,Team Finito Boxing club,,611 44 06 00,Team Finito Boxing club,,España,google-maps,atleevobox,NUEVO,MEDIA,,,2026-05-19T18:30:18.166Z,2026-05-19T18:30:18.166Z,https://teamfinito.es/,"Carrer de la Murta, 20, Llevant, 07008 Palma, Illes Balears",Mallorca,4.7,13,https://maps.google.com/?cid=4555445019744601349&g_mp=Cidnb29nbGUubWFwcy5wbGFjZXMudjEuUGxhY2VzLlNlYXJjaFRleHQQAhgEIAA,gym,OPERATIONAL,"Importado desde Google Maps
Tipo: Gimnasio
Dirección: Carrer de la Murta, 20, Llevant, 07008 Palma, Illes Balears
Google: 4.7⭐ (13 reseñas)
Web: https://teamfinito.es/
Maps: https://maps.google.com/?cid=4555445019744601349&g_mp=Cidnb29nbGUubWFwcy5wbGFjZXMudjEuUGxhY2VzLlNlYXJjaFRleHQQAhgEIAA"
cmpcyx75t01aaih9unaaxriut,Palma City Boxing,,610 32 68 65,Palma City Boxing,,España,google-maps,atleevobox,NUEVO,MEDIA,,,2026-05-19T18:30:18.498Z,2026-05-19T18:30:18.498Z,,"Carrer Patronat Obrer, 23, Llevant, 07006 Palma, Illes Balears",Mallorca,5,4,https://maps.google.com/?cid=11233607248753741264&g_mp=Cidnb29nbGUubWFwcy5wbGFjZXMudjEuUGxhY2VzLlNlYXJjaFRleHQQAhgEIAA,sports_coaching,OPERATIONAL,"Importado desde Google Maps
Tipo: Sports coaching
Dirección: Carrer Patronat Obrer, 23, Llevant, 07006 Palma, Illes Balears
Google: 5⭐ (4 reseñas)
Maps: https://maps.google.com/?cid=11233607248753741264&g_mp=Cidnb29nbGUubWFwcy5wbGFjZXMudjEuUGxhY2VzLlNlYXJjaFRleHQQAhgEIAA"
cmpcyx7f401abih9u4vh2gsao,Brooklyn Fitboxing Escorxador,,680 73 71 36,Brooklyn Fitboxing Escorxador,,España,google-maps,atleevobox,NUEVO,MEDIA,,,2026-05-19T18:30:18.833Z,2026-05-19T18:30:18.833Z,https://bfclick.com/escorxador-gmb,"Carrer Fra Francesc Palou, 1, Nord, 07010 Palma, Illes Balears",Mallorca,4.9,29,https://maps.google.com/?cid=7083469811650019050&g_mp=Cidnb29nbGUubWFwcy5wbGFjZXMudjEuUGxhY2VzLlNlYXJjaFRleHQQAhgEIAA,gym,OPERATIONAL,"Importado desde Google Maps
Tipo: Gimnasio
Dirección: Carrer Fra Francesc Palou, 1, Nord, 07010 Palma, Illes Balears
Google: 4.9⭐ (29 reseñas)
Web: https://bfclick.com/escorxador-gmb
Maps: https://maps.google.com/?cid=7083469811650019050&g_mp=Cidnb29nbGUubWFwcy5wbGFjZXMudjEuUGxhY2VzLlNlYXJjaFRleHQQAhgEIAA"
cmpcyx7ok01acih9ub76vjn44,Wat Thai,,692 69 23 12,Wat Thai,,España,google-maps,atleevobox,NUEVO,MEDIA,,,2026-05-19T18:30:19.173Z,2026-05-19T18:30:19.173Z,,"Carrer Patronat Obrer, 23, Llevant, 07006 Palma, Illes Balears",Mallorca,5,110,https://maps.google.com/?cid=1725088358872271586&g_mp=Cidnb29nbGUubWFwcy5wbGFjZXMudjEuUGxhY2VzLlNlYXJjaFRleHQQAhgEIAA,sports_school,OPERATIONAL,"Importado desde Google Maps
Tipo: Escuela deportiva
Dirección: Carrer Patronat Obrer, 23, Llevant, 07006 Palma, Illes Balears
Google: 5⭐ (110 reseñas)
Maps: https://maps.google.com/?cid=1725088358872271586&g_mp=Cidnb29nbGUubWFwcy5wbGFjZXMudjEuUGxhY2VzLlNlYXJjaFRleHQQAhgEIAA"
cmpcyx7y201adih9uypo65thd,Neofight Mallorca,,600 54 17 01,Neofight Mallorca,,España,google-maps,atleevobox,NUEVO,MEDIA,,,2026-05-19T18:30:19.515Z,2026-05-19T18:30:19.515Z,https://neofightmma.com/,"Camí de la Vileta, 139, Bajos, Ponent, 07011 Palma, Illes Balears",Mallorca,4.8,79,https://maps.google.com/?cid=17014406844933767539&g_mp=Cidnb29nbGUubWFwcy5wbGFjZXMudjEuUGxhY2VzLlNlYXJjaFRleHQQAhgEIAA,sports_school,OPERATIONAL,"Importado desde Google Maps
Tipo: Escuela deportiva
Dirección: Camí de la Vileta, 139, Bajos, Ponent, 07011 Palma, Illes Balears
Google: 4.8⭐ (79 reseñas)
Web: https://neofightmma.com/
Maps: https://maps.google.com/?cid=17014406844933767539&g_mp=Cidnb29nbGUubWFwcy5wbGFjZXMudjEuUGxhY2VzLlNlYXJjaFRleHQQAhgEIAA"
cmpcyx8a901aeih9uhzq07d6z,Team Tornado Martínez,,608 43 05 20,Team Tornado Martínez,,España,google-maps,atleevobox,NUEVO,MEDIA,,,2026-05-19T18:30:19.953Z,2026-05-19T18:30:19.953Z,https://team-tornado4.webnode.es/,"Carrer del Cardenal Rossell, 74, Platja de Palma i Pla de Sant Jordi, 07007 Coll den Rabassa, Illes Balears",Mallorca,5,29,https://maps.google.com/?cid=9608556987946282982&g_mp=Cidnb29nbGUubWFwcy5wbGFjZXMudjEuUGxhY2VzLlNlYXJjaFRleHQQAhgEIAA,sports_club,OPERATIONAL,"Importado desde Google Maps
Tipo: Club deportivo
Dirección: Carrer del Cardenal Rossell, 74, Platja de Palma i Pla de Sant Jordi, 07007 Coll den Rabassa, Illes Balears
Google: 5⭐ (29 reseñas)
Web: https://team-tornado4.webnode.es/
Maps: https://maps.google.com/?cid=9608556987946282982&g_mp=Cidnb29nbGUubWFwcy5wbGFjZXMudjEuUGxhY2VzLlNlYXJjaFRleHQQAhgEIAA"
cmpcyx8js01afih9uvp9nm75j,Workout Center Mallorca,,625 91 87 65,Workout Center Mallorca,,España,google-maps,atleevobox,NUEVO,MEDIA,,,2026-05-19T18:30:20.296Z,2026-05-19T18:30:20.296Z,https://www.instagram.com/workoutcenter.mallorca/?hl=es,"Carrer Arxiduc Lluís Salvador, 144, Nord, 07004 Palma, Illes Balears",Mallorca,4.9,72,https://maps.google.com/?cid=15232688448765476848&g_mp=Cidnb29nbGUubWFwcy5wbGFjZXMudjEuUGxhY2VzLlNlYXJjaFRleHQQAhgEIAA,gym,OPERATIONAL,"Importado desde Google Maps
Tipo: Gimnasio
Dirección: Carrer Arxiduc Lluís Salvador, 144, Nord, 07004 Palma, Illes Balears
Google: 4.9⭐ (72 reseñas)
Web: https://www.instagram.com/workoutcenter.mallorca/?hl=es
Maps: https://maps.google.com/?cid=15232688448765476848&g_mp=Cidnb29nbGUubWFwcy5wbGFjZXMudjEuUGxhY2VzLlNlYXJjaFRleHQQAhgEIAA"
cmpcyx8t601agih9ulyv8exo6,MegaSport Centre,,971 20 59 22,MegaSport Centre,,España,google-maps,atleevobox,NUEVO,MEDIA,,,2026-05-19T18:30:20.635Z,2026-05-19T18:30:20.635Z,https://megasportcentre.com/?utm_source=google&utm_medium=organic&utm_campaign=my_business,"Carrer dels Fertilitzants, 8, Ponent, 07011 Palma, Illes Balears",Mallorca,4.3,1764,https://maps.google.com/?cid=10780300792838589702&g_mp=Cidnb29nbGUubWFwcy5wbGFjZXMudjEuUGxhY2VzLlNlYXJjaFRleHQQAhgEIAA,gym,OPERATIONAL,"Importado desde Google Maps
Tipo: Gimnasio
Dirección: Carrer dels Fertilitzants, 8, Ponent, 07011 Palma, Illes Balears
Google: 4.3⭐ (1764 reseñas)
Web: https://megasportcentre.com/?utm_source=google&utm_medium=organic&utm_campaign=my_business
Maps: https://maps.google.com/?cid=10780300792838589702&g_mp=Cidnb29nbGUubWFwcy5wbGFjZXMudjEuUGxhY2VzLlNlYXJjaFRleHQQAhgEIAA"
cmpcyx92m01ahih9u7iwsr29p,ASENOV GYM,,657 20 24 64,ASENOV GYM,,España,google-maps,atleevobox,NUEVO,MEDIA,,,2026-05-19T18:30:20.974Z,2026-05-19T18:30:20.974Z,,"Carrer de Màlaga, 24, Llevant, 07008 Palma, Illes Balears",Mallorca,4.9,9,https://maps.google.com/?cid=10761521978099827968&g_mp=Cidnb29nbGUubWFwcy5wbGFjZXMudjEuUGxhY2VzLlNlYXJjaFRleHQQAhgEIAA,sports_club,OPERATIONAL,"Importado desde Google Maps
Tipo: Club deportivo
Dirección: Carrer de Màlaga, 24, Llevant, 07008 Palma, Illes Balears
Google: 4.9⭐ (9 reseñas)
Maps: https://maps.google.com/?cid=10761521978099827968&g_mp=Cidnb29nbGUubWFwcy5wbGFjZXMudjEuUGxhY2VzLlNlYXJjaFRleHQQAhgEIAA"
cmpcyx9bx01aiih9upwy7dhq4,KF Centro de Entrenamiento,,634 58 22 27,KF Centro de Entrenamiento,,España,google-maps,atleevobox,NUEVO,MEDIA,,,2026-05-19T18:30:21.310Z,2026-05-19T18:30:21.310Z,https://www.kfcentroentrenamiento.com/,"Carrer Tanca de Can Balaguer, 23, 07141 Benestar - Sa Cabana, Illes Balears",Mallorca,5,21,https://maps.google.com/?cid=5052429570528229436&g_mp=Cidnb29nbGUubWFwcy5wbGFjZXMudjEuUGxhY2VzLlNlYXJjaFRleHQQAhgEIAA,gym,OPERATIONAL,"Importado desde Google Maps
Tipo: Gimnasio
Dirección: Carrer Tanca de Can Balaguer, 23, 07141 Benestar - Sa Cabana, Illes Balears
Google: 5⭐ (21 reseñas)
Web: https://www.kfcentroentrenamiento.com/
Maps: https://maps.google.com/?cid=5052429570528229436&g_mp=Cidnb29nbGUubWFwcy5wbGFjZXMudjEuUGxhY2VzLlNlYXJjaFRleHQQAhgEIAA"
cmpcyx9lq01ajih9u59v7xv6c,Dochan Fighters,,619 64 71 83,Dochan Fighters,,España,google-maps,atleevobox,NUEVO,MEDIA,,,2026-05-19T18:30:21.662Z,2026-05-19T18:30:21.662Z,,"Carrer de Califòrnia, 7, Llevant, 07007 Palma, Illes Balears",Mallorca,4.6,25,https://maps.google.com/?cid=12065257475377613336&g_mp=Cidnb29nbGUubWFwcy5wbGFjZXMudjEuUGxhY2VzLlNlYXJjaFRleHQQAhgEIAA,gym,OPERATIONAL,"Importado desde Google Maps
Tipo: Gimnasio
Dirección: Carrer de Califòrnia, 7, Llevant, 07007 Palma, Illes Balears
Google: 4.6⭐ (25 reseñas)
Maps: https://maps.google.com/?cid=12065257475377613336&g_mp=Cidnb29nbGUubWFwcy5wbGFjZXMudjEuUGxhY2VzLlNlYXJjaFRleHQQAhgEIAA"
cmpcyx9v601akih9u6a9u9iuv,Isla Mar Boxing Club,,,Isla Mar Boxing Club,,España,google-maps,atleevobox,NUEVO,MEDIA,,,2026-05-19T18:30:22.003Z,2026-05-19T18:30:22.003Z,,"C. dels Foners, 31, Llevant, 07006 Palma, Illes Balears",Mallorca,4.8,5,https://maps.google.com/?cid=8072137087403955104&g_mp=Cidnb29nbGUubWFwcy5wbGFjZXMudjEuUGxhY2VzLlNlYXJjaFRleHQQAhgEIAA,gym,OPERATIONAL,"Importado desde Google Maps
Tipo: Gimnasio
Dirección: C. dels Foners, 31, Llevant, 07006 Palma, Illes Balears
Google: 4.8⭐ (5 reseñas)
Maps: https://maps.google.com/?cid=8072137087403955104&g_mp=Cidnb29nbGUubWFwcy5wbGFjZXMudjEuUGxhY2VzLlNlYXJjaFRleHQQAhgEIAA"
cmpcyxa4z01alih9u02ku1j3b,La Fábrica Mallorca | CrossTraining Palma,,684 00 31 83,La Fábrica Mallorca | CrossTraining Palma,,España,google-maps,atleevobox,NUEVO,MEDIA,,,2026-05-19T18:30:22.355Z,2026-05-19T18:30:22.355Z,,"Carrer Gremi Velluters, 12A, Norte, 07009 Palma, Illes Balears",Mallorca,4.9,99,https://maps.google.com/?cid=1118063378779961954&g_mp=Cidnb29nbGUubWFwcy5wbGFjZXMudjEuUGxhY2VzLlNlYXJjaFRleHQQAhgEIAA,gym,OPERATIONAL,"Importado desde Google Maps
Tipo: Gimnasio
Dirección: Carrer Gremi Velluters, 12A, Norte, 07009 Palma, Illes Balears
Google: 4.9⭐ (99 reseñas)
Maps: https://maps.google.com/?cid=1118063378779961954&g_mp=Cidnb29nbGUubWFwcy5wbGFjZXMudjEuUGxhY2VzLlNlYXJjaFRleHQQAhgEIAA"
cmpcyxae901amih9uv2n8hbn5,JM FIGHTERS,,650 82 73 97,JM FIGHTERS,,España,google-maps,atleevobox,NUEVO,MEDIA,,,2026-05-19T18:30:22.690Z,2026-05-19T18:30:22.690Z,http://www.jmfighters.com/,"07181, Carrer del Greco, 2, 07181 Magaluf, Illes Balears",Mallorca,5,54,https://maps.google.com/?cid=7488198712031602032&g_mp=Cidnb29nbGUubWFwcy5wbGFjZXMudjEuUGxhY2VzLlNlYXJjaFRleHQQAhgEIAA,sports_school,OPERATIONAL,"Importado desde Google Maps
Tipo: Escuela deportiva
Dirección: 07181, Carrer del Greco, 2, 07181 Magaluf, Illes Balears
Google: 5⭐ (54 reseñas)
Web: http://www.jmfighters.com/
Maps: https://maps.google.com/?cid=7488198712031602032&g_mp=Cidnb29nbGUubWFwcy5wbGFjZXMudjEuUGxhY2VzLlNlYXJjaFRleHQQAhgEIAA"
cmpcyxanw01anih9ulyn3i764,Neo Gym Artes Marciales Deportes De Contacto,,,Neo Gym Artes Marciales Deportes De Contacto,,España,google-maps,atleevobox,NUEVO,MEDIA,,,2026-05-19T18:30:23.036Z,2026-05-19T18:30:23.036Z,,"Camí de la Vileta, 139, Ponent, 07011 Sa Vileta - Son Rapinya, Illes Balears",Mallorca,5,34,https://maps.google.com/?cid=17390590271837610356&g_mp=Cidnb29nbGUubWFwcy5wbGFjZXMudjEuUGxhY2VzLlNlYXJjaFRleHQQAhgEIAA,gym,OPERATIONAL,"Importado desde Google Maps
Tipo: Gimnasio
Dirección: Camí de la Vileta, 139, Ponent, 07011 Sa Vileta - Son Rapinya, Illes Balears
Google: 5⭐ (34 reseñas)
Maps: https://maps.google.com/?cid=17390590271837610356&g_mp=Cidnb29nbGUubWFwcy5wbGFjZXMudjEuUGxhY2VzLlNlYXJjaFRleHQQAhgEIAA"
cmpcyxaxd01aoih9u3p2cbmv6,Rajafitt,,680 33 41 25,Rajafitt,,España,google-maps,atleevobox,NUEVO,MEDIA,,,2026-05-19T18:30:23.377Z,2026-05-19T18:30:23.377Z,https://www.rajafitt.com/,"Avinguda de Sant Ferran, 33, Ponent, 07013 Palma, Illes Balears",Mallorca,5,25,https://maps.google.com/?cid=16089377987850072391&g_mp=Cidnb29nbGUubWFwcy5wbGFjZXMudjEuUGxhY2VzLlNlYXJjaFRleHQQAhgEIAA,sports_school,OPERATIONAL,"Importado desde Google Maps
Tipo: Escuela deportiva
Dirección: Avinguda de Sant Ferran, 33, Ponent, 07013 Palma, Illes Balears
Google: 5⭐ (25 reseñas)
Web: https://www.rajafitt.com/
Maps: https://maps.google.com/?cid=16089377987850072391&g_mp=Cidnb29nbGUubWFwcy5wbGFjZXMudjEuUGxhY2VzLlNlYXJjaFRleHQQAhgEIAA"
cmpcyxb7701apih9un2oahqwx,S. N. Boxing & Fitness,,,S. N. Boxing & Fitness,,España,google-maps,atleevobox,NUEVO,MEDIA,,,2026-05-19T18:30:23.731Z,2026-05-19T18:30:23.731Z,,"C/ Reis Catòlics, 148, Llevant, 07008 Palma, Illes Balears",Mallorca,4.3,3,https://maps.google.com/?cid=7650894929298803561&g_mp=Cidnb29nbGUubWFwcy5wbGFjZXMudjEuUGxhY2VzLlNlYXJjaFRleHQQAhgEIAA,gym,OPERATIONAL,"Importado desde Google Maps
Tipo: Gimnasio
Dirección: C/ Reis Catòlics, 148, Llevant, 07008 Palma, Illes Balears
Google: 4.3⭐ (3 reseñas)
Maps: https://maps.google.com/?cid=7650894929298803561&g_mp=Cidnb29nbGUubWFwcy5wbGFjZXMudjEuUGxhY2VzLlNlYXJjaFRleHQQAhgEIAA"
cmpcyxbgk01aqih9uvb2cuzda,GioTrainer Mallorca,,622 66 57 29,GioTrainer Mallorca,,España,google-maps,atleevobox,NUEVO,MEDIA,,,2026-05-19T18:30:24.069Z,2026-05-19T18:30:24.069Z,https://giotrainermallorca.com/,"Passatge Particular de Sencelles, 7, Llevant, 07008 Palma, Illes Balears",Mallorca,5,51,https://maps.google.com/?cid=15483402938066253498&g_mp=Cidnb29nbGUubWFwcy5wbGFjZXMudjEuUGxhY2VzLlNlYXJjaFRleHQQAhgEIAA,health,OPERATIONAL,"Importado desde Google Maps
Tipo: Salud y bienestar
Dirección: Passatge Particular de Sencelles, 7, Llevant, 07008 Palma, Illes Balears
Google: 5⭐ (51 reseñas)
Web: https://giotrainermallorca.com/
Maps: https://maps.google.com/?cid=15483402938066253498&g_mp=Cidnb29nbGUubWFwcy5wbGFjZXMudjEuUGxhY2VzLlNlYXJjaFRleHQQAhgEIAA"
cmpcyxbpq01arih9usvcs4ko8,Renegade Martial Arts,,687 35 44 66,Renegade Martial Arts,,España,google-maps,atleevobox,NUEVO,MEDIA,,,2026-05-19T18:30:24.399Z,2026-05-19T18:30:24.399Z,http://www.renegademartialarts.net/,"Carrer d'Albacete, 1, Nord, 07010 Palma, Illes Balears",Mallorca,5,8,https://maps.google.com/?cid=9425533712635848867&g_mp=Cidnb29nbGUubWFwcy5wbGFjZXMudjEuUGxhY2VzLlNlYXJjaFRleHQQAhgEIAA,sports_club,OPERATIONAL,"Importado desde Google Maps
Tipo: Club deportivo
Dirección: Carrer d'Albacete, 1, Nord, 07010 Palma, Illes Balears
Google: 5⭐ (8 reseñas)
Web: http://www.renegademartialarts.net/
Maps: https://maps.google.com/?cid=9425533712635848867&g_mp=Cidnb29nbGUubWFwcy5wbGFjZXMudjEuUGxhY2VzLlNlYXJjaFRleHQQAhgEIAA"
cmpd0jvrs02ggq1seukdmupsk,Getafe Fight Club,,635 27 15 40,Getafe Fight Club,,España,google-maps,atleevobox,NUEVO,MEDIA,,,2026-05-19T19:15:56.440Z,2026-05-19T19:15:56.440Z,https://thefightclub.es/,"C. Morse, 53, 28906 Getafe, Madrid",Madrid,4.9,136,https://maps.google.com/?cid=10993559232950995743&g_mp=Cidnb29nbGUubWFwcy5wbGFjZXMudjEuUGxhY2VzLlNlYXJjaFRleHQQAhgEIAA,fitness_center,OPERATIONAL,"Importado desde Google Maps
Tipo: Centro deportivo
Dirección: C. Morse, 53, 28906 Getafe, Madrid
Google: 4.9⭐ (136 reseñas)
Web: https://thefightclub.es/
Maps: https://maps.google.com/?cid=10993559232950995743&g_mp=Cidnb29nbGUubWFwcy5wbGFjZXMudjEuUGxhY2VzLlNlYXJjaFRleHQQAhgEIAA"
cmpd0jwaq02ghq1sex3miz898,Federación Madrileña de Boxeo,,917 57 08 86,Federación Madrileña de Boxeo,,España,google-maps,atleevobox,NUEVO,MEDIA,,,2026-05-19T19:15:57.122Z,2026-05-19T19:15:57.122Z,https://fedmadboxeo.es/,"C. del Payaso Fofó, 1, Puente de Vallecas, 28018 Madrid",Madrid,4.3,11,https://maps.google.com/?cid=2253252168473170900&g_mp=Cidnb29nbGUubWFwcy5wbGFjZXMudjEuUGxhY2VzLlNlYXJjaFRleHQQAhgEIAA,sports_club,OPERATIONAL,"Importado desde Google Maps
Tipo: Club deportivo
Dirección: C. del Payaso Fofó, 1, Puente de Vallecas, 28018 Madrid
Google: 4.3⭐ (11 reseñas)
Web: https://fedmadboxeo.es/
Maps: https://maps.google.com/?cid=2253252168473170900&g_mp=Cidnb29nbGUubWFwcy5wbGFjZXMudjEuUGxhY2VzLlNlYXJjaFRleHQQAhgEIAA"
cmpd0k0nz02giq1seca0dn4m7,Boxing Xperience Academy,,640 16 31 55,Boxing Xperience Academy,,España,google-maps,atleevobox,NUEVO,MEDIA,,,2026-05-19T19:16:02.784Z,2026-05-19T19:16:02.784Z,https://www.boxingxperience.es/,"C. de Alfredo Castro Camba, 5, Puente de Vallecas, 28053 Madrid",Madrid,5,80,https://maps.google.com/?cid=15828551125142810260&g_mp=Cidnb29nbGUubWFwcy5wbGFjZXMudjEuUGxhY2VzLlNlYXJjaFRleHQQAhgEIAA,sports_coaching,OPERATIONAL,"Importado desde Google Maps
Tipo: Sports coaching
Dirección: C. de Alfredo Castro Camba, 5, Puente de Vallecas, 28053 Madrid
Google: 5⭐ (80 reseñas)
Web: https://www.boxingxperience.es/
Maps: https://maps.google.com/?cid=15828551125142810260&g_mp=Cidnb29nbGUubWFwcy5wbGFjZXMudjEuUGxhY2VzLlNlYXJjaFRleHQQAhgEIAA"
cmpd0k23l02gjq1sekiylvgxv,MADRID BOX Muay Thai Rivas,,653 94 84 92,MADRID BOX Muay Thai Rivas,,España,google-maps,atleevobox,NUEVO,MEDIA,,,2026-05-19T19:16:04.642Z,2026-05-19T19:16:04.642Z,http://www.madridbox.es/,"C. de la Polea, 5, 28522 Rivas-Vaciamadrid, Madrid",Madrid,5,207,https://maps.google.com/?cid=1551343922835573222&g_mp=Cidnb29nbGUubWFwcy5wbGFjZXMudjEuUGxhY2VzLlNlYXJjaFRleHQQAhgEIAA,sports_coaching,OPERATIONAL,"Importado desde Google Maps
Tipo: Sports coaching
Dirección: C. de la Polea, 5, 28522 Rivas-Vaciamadrid, Madrid
Google: 5⭐ (207 reseñas)
Web: http://www.madridbox.es/
Maps: https://maps.google.com/?cid=1551343922835573222&g_mp=Cidnb29nbGUubWFwcy5wbGFjZXMudjEuUGxhY2VzLlNlYXJjaFRleHQQAhgEIAA"
cmpd0k3jr02gkq1seu2twc5ef,Damián Guinea Boxing Studio,,675 69 09 28,Damián Guinea Boxing Studio,,España,google-maps,atleevobox,NUEVO,MEDIA,,,2026-05-19T19:16:06.519Z,2026-05-19T19:16:06.519Z,,"C. Casatejada, 2, Latina, 28054 Madrid",Madrid,4.9,74,https://maps.google.com/?cid=18251764951261111074&g_mp=Cidnb29nbGUubWFwcy5wbGFjZXMudjEuUGxhY2VzLlNlYXJjaFRleHQQAhgEIAA,sports_club,OPERATIONAL,"Importado desde Google Maps
Tipo: Club deportivo
Dirección: C. Casatejada, 2, Latina, 28054 Madrid
Google: 4.9⭐ (74 reseñas)
Maps: https://maps.google.com/?cid=18251764951261111074&g_mp=Cidnb29nbGUubWFwcy5wbGFjZXMudjEuUGxhY2VzLlNlYXJjaFRleHQQAhgEIAA"
cmpd0k3xz02glq1se9bkfz8pl,Conmba Boxing Academy,,639 35 56 04,Conmba Boxing Academy,,España,google-maps,atleevobox,NUEVO,MEDIA,,,2026-05-19T19:16:07.032Z,2026-05-19T19:16:07.032Z,https://conmba.es/,"C. de Bolivia, 40, Chamartín, 28016 Madrid",Madrid,5,22,https://maps.google.com/?cid=13728187440746864542&g_mp=Cidnb29nbGUubWFwcy5wbGFjZXMudjEuUGxhY2VzLlNlYXJjaFRleHQQAhgEIAA,sports_coaching,OPERATIONAL,"Importado desde Google Maps
Tipo: Sports coaching
Dirección: C. de Bolivia, 40, Chamartín, 28016 Madrid
Google: 5⭐ (22 reseñas)
Web: https://conmba.es/
Maps: https://maps.google.com/?cid=13728187440746864542&g_mp=Cidnb29nbGUubWFwcy5wbGFjZXMudjEuUGxhY2VzLlNlYXJjaFRleHQQAhgEIAA"
cmpd0k4uw02gmq1sek7rs57yg,Shogun Fighters Club,,672 69 37 33,Shogun Fighters Club,,España,google-maps,atleevobox,NUEVO,MEDIA,,,2026-05-19T19:16:08.217Z,2026-05-19T19:16:08.217Z,https://shogun-fighters.netlify.app/,"C. de Sierra Toledana, 11, Puente de Vallecas, 28038 Madrid",Madrid,5,35,https://maps.google.com/?cid=12399740682155581639&g_mp=Cidnb29nbGUubWFwcy5wbGFjZXMudjEuUGxhY2VzLlNlYXJjaFRleHQQAhgEIAA,sports_coaching,OPERATIONAL,"Importado desde Google Maps
Tipo: Sports coaching
Dirección: C. de Sierra Toledana, 11, Puente de Vallecas, 28038 Madrid
Google: 5⭐ (35 reseñas)
Web: https://shogun-fighters.netlify.app/
Maps: https://maps.google.com/?cid=12399740682155581639&g_mp=Cidnb29nbGUubWFwcy5wbGFjZXMudjEuUGxhY2VzLlNlYXJjaFRleHQQAhgEIAA"
cmpd0k59802gnq1sejmg077re,Escuela de boxeo Osuna,,616 24 03 77,Escuela de boxeo Osuna,,España,google-maps,atleevobox,NUEVO,MEDIA,,,2026-05-19T19:16:08.732Z,2026-05-19T19:16:08.732Z,https://cys-escueladeboxeoosuna.com/,"Av. Rey Juan Carlos I, 17, 28915 Leganés, Madrid",Madrid,4.8,86,https://maps.google.com/?cid=6348131433654649426&g_mp=Cidnb29nbGUubWFwcy5wbGFjZXMudjEuUGxhY2VzLlNlYXJjaFRleHQQAhgEIAA,sports_coaching,OPERATIONAL,"Importado desde Google Maps
Tipo: Sports coaching
Dirección: Av. Rey Juan Carlos I, 17, 28915 Leganés, Madrid
Google: 4.8⭐ (86 reseñas)
Web: https://cys-escueladeboxeoosuna.com/
Maps: https://maps.google.com/?cid=6348131433654649426&g_mp=Cidnb29nbGUubWFwcy5wbGFjZXMudjEuUGxhY2VzLlNlYXJjaFRleHQQAhgEIAA"
cmpd0k5wa02goq1sevcgg2b7s,La Colonia Exclusive Boxing,,618 41 23 04,La Colonia Exclusive Boxing,,España,google-maps,atleevobox,NUEVO,MEDIA,,,2026-05-19T19:16:09.563Z,2026-05-19T19:16:09.563Z,http://www.lacoloniaexclusiveboxing.com/,"Avenida Somosierra 12 Local 14 (3, 51 km, 28703 San Sebastián de los Reyes, Madrid",Madrid,4.9,67,https://maps.google.com/?cid=16822070717464394687&g_mp=Cidnb29nbGUubWFwcy5wbGFjZXMudjEuUGxhY2VzLlNlYXJjaFRleHQQAhgEIAA,gym,OPERATIONAL,"Importado desde Google Maps
Tipo: Gimnasio
Dirección: Avenida Somosierra 12 Local 14 (3, 51 km, 28703 San Sebastián de los Reyes, Madrid
Google: 4.9⭐ (67 reseñas)
Web: http://www.lacoloniaexclusiveboxing.com/
Maps: https://maps.google.com/?cid=16822070717464394687&g_mp=Cidnb29nbGUubWFwcy5wbGFjZXMudjEuUGxhY2VzLlNlYXJjaFRleHQQAhgEIAA"
cmpd0k65d02gpq1se2za89zs1,EBA Escuela de Boxeo Aluche,,917 11 05 64,EBA Escuela de Boxeo Aluche,,España,google-maps,atleevobox,NUEVO,MEDIA,,,2026-05-19T19:16:09.889Z,2026-05-19T19:16:09.889Z,https://gimnasioaluche.com/,"C. de Maqueda, 8, Latina, 28024 Madrid",Madrid,4.6,158,https://maps.google.com/?cid=9334462061647704006&g_mp=Cidnb29nbGUubWFwcy5wbGFjZXMudjEuUGxhY2VzLlNlYXJjaFRleHQQAhgEIAA,gym,OPERATIONAL,"Importado desde Google Maps
Tipo: Gimnasio
Dirección: C. de Maqueda, 8, Latina, 28024 Madrid
Google: 4.6⭐ (158 reseñas)
Web: https://gimnasioaluche.com/
Maps: https://maps.google.com/?cid=9334462061647704006&g_mp=Cidnb29nbGUubWFwcy5wbGFjZXMudjEuUGxhY2VzLlNlYXJjaFRleHQQAhgEIAA"
cmpd0k6ej02gqq1sedl0oc6mb,Escuela de boxeo,,,Escuela de boxeo,,España,google-maps,atleevobox,NUEVO,MEDIA,,,2026-05-19T19:16:10.220Z,2026-05-19T19:16:10.220Z,,"C. de los Hermanos Gómez, 60, Cdad. Lineal, 28017 Madrid",Madrid,4.8,6,https://maps.google.com/?cid=12691623284577849887&g_mp=Cidnb29nbGUubWFwcy5wbGFjZXMudjEuUGxhY2VzLlNlYXJjaFRleHQQAhgEIAA,sports_club,OPERATIONAL,"Importado desde Google Maps
Tipo: Club deportivo
Dirección: C. de los Hermanos Gómez, 60, Cdad. Lineal, 28017 Madrid
Google: 4.8⭐ (6 reseñas)
Maps: https://maps.google.com/?cid=12691623284577849887&g_mp=Cidnb29nbGUubWFwcy5wbGFjZXMudjEuUGxhY2VzLlNlYXJjaFRleHQQAhgEIAA"
cmpd0k6x402grq1sezs05xx0r,Factory of Fighters,,667 28 97 03,Factory of Fighters,,España,google-maps,atleevobox,NUEVO,MEDIA,,,2026-05-19T19:16:10.888Z,2026-05-19T19:16:10.888Z,http://www.factoryoffighters.com/,"C. de los Gallegos, 14, Vicálvaro, 28032 Madrid",Madrid,4.9,67,https://maps.google.com/?cid=1751422690535341432&g_mp=Cidnb29nbGUubWFwcy5wbGFjZXMudjEuUGxhY2VzLlNlYXJjaFRleHQQAhgEIAA,sports_club,OPERATIONAL,"Importado desde Google Maps
Tipo: Club deportivo
Dirección: C. de los Gallegos, 14, Vicálvaro, 28032 Madrid
Google: 4.9⭐ (67 reseñas)
Web: http://www.factoryoffighters.com/
Maps: https://maps.google.com/?cid=1751422690535341432&g_mp=Cidnb29nbGUubWFwcy5wbGFjZXMudjEuUGxhY2VzLlNlYXJjaFRleHQQAhgEIAA"
cmpd0k76a02gsq1seoqgtv09m,21Boxing Academy,,618 75 09 71,21Boxing Academy,,España,google-maps,atleevobox,NUEVO,MEDIA,,,2026-05-19T19:16:11.218Z,2026-05-19T19:16:11.218Z,https://21boxing.com/?utm_source=google&utm_medium=mybusiness,"C/ de las Alas, 30, Barajas, 28042 Madrid",Madrid,5,40,https://maps.google.com/?cid=12452897167383795312&g_mp=Cidnb29nbGUubWFwcy5wbGFjZXMudjEuUGxhY2VzLlNlYXJjaFRleHQQAhgEIAA,sports_coaching,OPERATIONAL,"Importado desde Google Maps
Tipo: Sports coaching
Dirección: C/ de las Alas, 30, Barajas, 28042 Madrid
Google: 5⭐ (40 reseñas)
Web: https://21boxing.com/?utm_source=google&utm_medium=mybusiness
Maps: https://maps.google.com/?cid=12452897167383795312&g_mp=Cidnb29nbGUubWFwcy5wbGFjZXMudjEuUGxhY2VzLlNlYXJjaFRleHQQAhgEIAA"
cmpd0kbcv02gtq1segpfefwfk,Sparring Garden,,672 80 40 43,Sparring Garden,,España,google-maps,atleevobox,NUEVO,MEDIA,,,2026-05-19T19:16:16.639Z,2026-05-19T19:16:16.639Z,,"Carrer de Roís de Corella, 14, Sant Martí, 08019 Barcelona",Barcelona,5,56,https://maps.google.com/?cid=10507320200091439212&g_mp=Cidnb29nbGUubWFwcy5wbGFjZXMudjEuUGxhY2VzLlNlYXJjaFRleHQQAhgEIAA,sports_club,OPERATIONAL,"Importado desde Google Maps
Tipo: Club deportivo
Dirección: Carrer de Roís de Corella, 14, Sant Martí, 08019 Barcelona
Google: 5⭐ (56 reseñas)
Maps: https://maps.google.com/?cid=10507320200091439212&g_mp=Cidnb29nbGUubWFwcy5wbGFjZXMudjEuUGxhY2VzLlNlYXJjaFRleHQQAhgEIAA"
cmpd0kdcw02guq1sejc5lr19r,Delphi Bcn Team,,687 11 83 16,Delphi Bcn Team,,España,google-maps,atleevobox,NUEVO,MEDIA,,,2026-05-19T19:16:19.233Z,2026-05-19T19:16:19.233Z,https://delphibcn.wixsite.com/bcna/inicio,"Carrer de Santa Úrsula, 5, Nou Barris, 08031 Barcelona",Barcelona,4.9,87,https://maps.google.com/?cid=179432518998606082&g_mp=Cidnb29nbGUubWFwcy5wbGFjZXMudjEuUGxhY2VzLlNlYXJjaFRleHQQAhgEIAA,sports_club,OPERATIONAL,"Importado desde Google Maps
Tipo: Club deportivo
Dirección: Carrer de Santa Úrsula, 5, Nou Barris, 08031 Barcelona
Google: 4.9⭐ (87 reseñas)
Web: https://delphibcn.wixsite.com/bcna/inicio
Maps: https://maps.google.com/?cid=179432518998606082&g_mp=Cidnb29nbGUubWFwcy5wbGFjZXMudjEuUGxhY2VzLlNlYXJjaFRleHQQAhgEIAA"
cmpd0kdvr02gvq1se8i3mmb3j,Club de boxeo Cornellá,,658 44 16 82,Club de boxeo Cornellá,,España,google-maps,atleevobox,NUEVO,MEDIA,,,2026-05-19T19:16:19.911Z,2026-05-19T19:16:19.911Z,,"C. de Ignacio Iglesias, 19, Local 1, 08940 Cornellà de Llobregat, Barcelona",Barcelona,4.9,58,https://maps.google.com/?cid=11062483228900616993&g_mp=Cidnb29nbGUubWFwcy5wbGFjZXMudjEuUGxhY2VzLlNlYXJjaFRleHQQAhgEIAA,sports_club,OPERATIONAL,"Importado desde Google Maps
Tipo: Club deportivo
Dirección: C. de Ignacio Iglesias, 19, Local 1, 08940 Cornellà de Llobregat, Barcelona
Google: 4.9⭐ (58 reseñas)
Maps: https://maps.google.com/?cid=11062483228900616993&g_mp=Cidnb29nbGUubWFwcy5wbGFjZXMudjEuUGxhY2VzLlNlYXJjaFRleHQQAhgEIAA"
cmpd0keyk02gwq1sehf1srk84,Club Boxeo Vega,,635 93 70 57,Club Boxeo Vega,,España,google-maps,atleevobox,NUEVO,MEDIA,,,2026-05-19T19:16:21.308Z,2026-05-19T19:16:21.308Z,https://www.boxeovega.com/,"Carrer de la Verge de Fátima, 10, 08191 Rubí, Barcelona",Barcelona,4.8,74,https://maps.google.com/?cid=16219059984507877463&g_mp=Cidnb29nbGUubWFwcy5wbGFjZXMudjEuUGxhY2VzLlNlYXJjaFRleHQQAhgEIAA,sports_club,OPERATIONAL,"Importado desde Google Maps
Tipo: Club deportivo
Dirección: Carrer de la Verge de Fátima, 10, 08191 Rubí, Barcelona
Google: 4.8⭐ (74 reseñas)
Web: https://www.boxeovega.com/
Maps: https://maps.google.com/?cid=16219059984507877463&g_mp=Cidnb29nbGUubWFwcy5wbGFjZXMudjEuUGxhY2VzLlNlYXJjaFRleHQQAhgEIAA"
cmpd0kfck02gxq1setrv6kima,Club Boxeo Rubí,,935 87 12 52,Club Boxeo Rubí,,España,google-maps,atleevobox,NUEVO,MEDIA,,,2026-05-19T19:16:21.813Z,2026-05-19T19:16:21.813Z,https://boxeorubi.wixsite.com/boxeorubi,"Carrer del Ciclisme, 41, Nave 7, 08191 Rubí, Barcelona",Barcelona,4.9,180,https://maps.google.com/?cid=12067540955308841262&g_mp=Cidnb29nbGUubWFwcy5wbGFjZXMudjEuUGxhY2VzLlNlYXJjaFRleHQQAhgEIAA,gym,OPERATIONAL,"Importado desde Google Maps
Tipo: Gimnasio
Dirección: Carrer del Ciclisme, 41, Nave 7, 08191 Rubí, Barcelona
Google: 4.9⭐ (180 reseñas)
Web: https://boxeorubi.wixsite.com/boxeorubi
Maps: https://maps.google.com/?cid=12067540955308841262&g_mp=Cidnb29nbGUubWFwcy5wbGFjZXMudjEuUGxhY2VzLlNlYXJjaFRleHQQAhgEIAA"
cmpd0kflv02gyq1seuvka1uyy,GYM BOXING SAU'S,,930 24 51 12,GYM BOXING SAU'S,,España,google-maps,atleevobox,NUEVO,MEDIA,,,2026-05-19T19:16:22.148Z,2026-05-19T19:16:22.148Z,https://www.facebook.com/Gym-Boxing-Saus-1933783210183361/,"Carrer de Domènec Martí i Julià, 43, bjs, 08940 Cornellà de Llobregat, Barcelona",Barcelona,4.7,133,https://maps.google.com/?cid=11510033872101740115&g_mp=Cidnb29nbGUubWFwcy5wbGFjZXMudjEuUGxhY2VzLlNlYXJjaFRleHQQAhgEIAA,sports_club,OPERATIONAL,"Importado desde Google Maps
Tipo: Club deportivo
Dirección: Carrer de Domènec Martí i Julià, 43, bjs, 08940 Cornellà de Llobregat, Barcelona
Google: 4.7⭐ (133 reseñas)
Web: https://www.facebook.com/Gym-Boxing-Saus-1933783210183361/
Maps: https://maps.google.com/?cid=11510033872101740115&g_mp=Cidnb29nbGUubWFwcy5wbGFjZXMudjEuUGxhY2VzLlNlYXJjaFRleHQQAhgEIAA"
cmpd0kg4u02gzq1selgoz9kwt,Las Cuerdas del Carmelo,,,Las Cuerdas del Carmelo,,España,google-maps,atleevobox,NUEVO,MEDIA,,,2026-05-19T19:16:22.830Z,2026-05-19T19:16:22.830Z,http://lascuerdasdelcarmelo.com/,"Carrer d'Arbós, 23, Horta-Guinardó, 08032 Barcelona",Barcelona,4.9,44,https://maps.google.com/?cid=12774993466093392040&g_mp=Cidnb29nbGUubWFwcy5wbGFjZXMudjEuUGxhY2VzLlNlYXJjaFRleHQQAhgEIAA,sports_club,OPERATIONAL,"Importado desde Google Maps
Tipo: Club deportivo
Dirección: Carrer d'Arbós, 23, Horta-Guinardó, 08032 Barcelona
Google: 4.9⭐ (44 reseñas)
Web: http://lascuerdasdelcarmelo.com/
Maps: https://maps.google.com/?cid=12774993466093392040&g_mp=Cidnb29nbGUubWFwcy5wbGFjZXMudjEuUGxhY2VzLlNlYXJjaFRleHQQAhgEIAA"
cmpd0kgio02h0q1seri2ujgz0,L'atelier club de boxeo,,629 77 28 83,L'atelier club de boxeo,,España,google-maps,atleevobox,NUEVO,MEDIA,,,2026-05-19T19:16:23.329Z,2026-05-19T19:16:23.329Z,,"08917 Badalona, Barcelona",Barcelona,5,3,https://maps.google.com/?cid=12717613317913626441&g_mp=Cidnb29nbGUubWFwcy5wbGFjZXMudjEuUGxhY2VzLlNlYXJjaFRleHQQAhgEIAA,sports_club,OPERATIONAL,"Importado desde Google Maps
Tipo: Club deportivo
Dirección: 08917 Badalona, Barcelona
Google: 5⭐ (3 reseñas)
Maps: https://maps.google.com/?cid=12717613317913626441&g_mp=Cidnb29nbGUubWFwcy5wbGFjZXMudjEuUGxhY2VzLlNlYXJjaFRleHQQAhgEIAA"
cmpd0kgx002h1q1se2kivyzsr,Barcelona Muay Thai,,933 25 92 86,Barcelona Muay Thai,,España,google-maps,atleevobox,NUEVO,MEDIA,,,2026-05-19T19:16:23.845Z,2026-05-19T19:16:23.845Z,http://xfit.com.es/deportes-de-contacto/muay-thai/,"Carrer d'Entença, 102, bjs, Eixample, 08015 Barcelona",Barcelona,5,6,https://maps.google.com/?cid=14938261773453439705&g_mp=Cidnb29nbGUubWFwcy5wbGFjZXMudjEuUGxhY2VzLlNlYXJjaFRleHQQAhgEIAA,sports_coaching,OPERATIONAL,"Importado desde Google Maps
Tipo: Sports coaching
Dirección: Carrer d'Entença, 102, bjs, Eixample, 08015 Barcelona
Google: 5⭐ (6 reseñas)
Web: http://xfit.com.es/deportes-de-contacto/muay-thai/
Maps: https://maps.google.com/?cid=14938261773453439705&g_mp=Cidnb29nbGUubWFwcy5wbGFjZXMudjEuUGxhY2VzLlNlYXJjaFRleHQQAhgEIAA"
cmpd0khox02h2q1seu4xd6hzc,Club Boxeo Prat,,650 42 85 95,Club Boxeo Prat,,España,google-maps,atleevobox,NUEVO,MEDIA,,,2026-05-19T19:16:24.850Z,2026-05-19T19:16:24.850Z,,"Carrer de Frederica Montseny, 2-8, 08820 Barcelona",Barcelona,4.8,14,https://maps.google.com/?cid=3706162264702083964&g_mp=Cidnb29nbGUubWFwcy5wbGFjZXMudjEuUGxhY2VzLlNlYXJjaFRleHQQAhgEIAA,sports_coaching,OPERATIONAL,"Importado desde Google Maps
Tipo: Sports coaching
Dirección: Carrer de Frederica Montseny, 2-8, 08820 Barcelona
Google: 4.8⭐ (14 reseñas)
Maps: https://maps.google.com/?cid=3706162264702083964&g_mp=Cidnb29nbGUubWFwcy5wbGFjZXMudjEuUGxhY2VzLlNlYXJjaFRleHQQAhgEIAA"
cmpd0khyr02h3q1seowmz8ddp,Elite Top Team,,682 71 44 00,Elite Top Team,,España,google-maps,atleevobox,NUEVO,MEDIA,,,2026-05-19T19:16:25.203Z,2026-05-19T19:16:25.203Z,https://www.instagram.com/bjjelitetopteam/,"Carrer Uva, 32, 08902 L'Hospitalet de Llobregat, Barcelona",Barcelona,4.8,101,https://maps.google.com/?cid=18113129101215335781&g_mp=Cidnb29nbGUubWFwcy5wbGFjZXMudjEuUGxhY2VzLlNlYXJjaFRleHQQAhgEIAA,gym,OPERATIONAL,"Importado desde Google Maps
Tipo: Gimnasio
Dirección: Carrer Uva, 32, 08902 L'Hospitalet de Llobregat, Barcelona
Google: 4.8⭐ (101 reseñas)
Web: https://www.instagram.com/bjjelitetopteam/
Maps: https://maps.google.com/?cid=18113129101215335781&g_mp=Cidnb29nbGUubWFwcy5wbGFjZXMudjEuUGxhY2VzLlNlYXJjaFRleHQQAhgEIAA"
cmpd0ki8d02h4q1sekrj10o7l,HotBox Bcn,,931 82 52 04,HotBox Bcn,,España,google-maps,atleevobox,NUEVO,MEDIA,,,2026-05-19T19:16:25.549Z,2026-05-19T19:16:25.549Z,,"Carrer de Martínez de la Rosa, 59, Gràcia, 08012 Barcelona",Barcelona,4.9,194,https://maps.google.com/?cid=5290125837195254937&g_mp=Cidnb29nbGUubWFwcy5wbGFjZXMudjEuUGxhY2VzLlNlYXJjaFRleHQQAhgEIAA,association_or_organization,OPERATIONAL,"Importado desde Google Maps
Tipo: Asociación u organización
Dirección: Carrer de Martínez de la Rosa, 59, Gràcia, 08012 Barcelona
Google: 4.9⭐ (194 reseñas)
Maps: https://maps.google.com/?cid=5290125837195254937&g_mp=Cidnb29nbGUubWFwcy5wbGFjZXMudjEuUGxhY2VzLlNlYXJjaFRleHQQAhgEIAA"
cmpd0kihn02h5q1sedotzwqm2,Gym Club Odyssey Balmes,,682 37 46 03,Gym Club Odyssey Balmes,,España,google-maps,atleevobox,NUEVO,MEDIA,,,2026-05-19T19:16:25.884Z,2026-05-19T19:16:25.884Z,https://www.odyssey.es/,"Carrer de Balmes, 436, Sarrià-Sant Gervasi, 08022 Barcelona",Barcelona,5,131,https://maps.google.com/?cid=627145424308589284&g_mp=Cidnb29nbGUubWFwcy5wbGFjZXMudjEuUGxhY2VzLlNlYXJjaFRleHQQAhgEIAA,gym,OPERATIONAL,"Importado desde Google Maps
Tipo: Gimnasio
Dirección: Carrer de Balmes, 436, Sarrià-Sant Gervasi, 08022 Barcelona
Google: 5⭐ (131 reseñas)
Web: https://www.odyssey.es/
Maps: https://maps.google.com/?cid=627145424308589284&g_mp=Cidnb29nbGUubWFwcy5wbGFjZXMudjEuUGxhY2VzLlNlYXJjaFRleHQQAhgEIAA"
cmpd0kojw02h6q1se7a40tjks,*,,,*,,España,google-maps,atleevobox,NUEVO,MEDIA,,,2026-05-19T19:16:33.741Z,2026-05-19T19:16:33.741Z,,"Carrer de Pardo, 65, Nou Barris, 08016 Barcelona",Barcelona,5,5,https://maps.google.com/?cid=8994772644907097994&g_mp=Cidnb29nbGUubWFwcy5wbGFjZXMudjEuUGxhY2VzLlNlYXJjaFRleHQQAhgEIAA,sports_coaching,OPERATIONAL,"Importado desde Google Maps
Tipo: Sports coaching
Dirección: Carrer de Pardo, 65, Nou Barris, 08016 Barcelona
Google: 5⭐ (5 reseñas)
Maps: https://maps.google.com/?cid=8994772644907097994&g_mp=Cidnb29nbGUubWFwcy5wbGFjZXMudjEuUGxhY2VzLlNlYXJjaFRleHQQAhgEIAA"
cmpd0kpg602h7q1sea4l22ynr,Gladius Boxing and Health Sl,,623 43 51 39,Gladius Boxing and Health Sl,,España,google-maps,atleevobox,NUEVO,MEDIA,,,2026-05-19T19:16:34.902Z,2026-05-19T19:16:34.902Z,https://gladiusboxingandhealth.com/,"Av. de Cornellà, 135, 08950 Esplugues de Llobregat, Barcelona",Barcelona,4.9,91,https://maps.google.com/?cid=1785724649201721718&g_mp=Cidnb29nbGUubWFwcy5wbGFjZXMudjEuUGxhY2VzLlNlYXJjaFRleHQQAhgEIAA,sports_coaching,OPERATIONAL,"Importado desde Google Maps
Tipo: Sports coaching
Dirección: Av. de Cornellà, 135, 08950 Esplugues de Llobregat, Barcelona
Google: 4.9⭐ (91 reseñas)
Web: https://gladiusboxingandhealth.com/
Maps: https://maps.google.com/?cid=1785724649201721718&g_mp=Cidnb29nbGUubWFwcy5wbGFjZXMudjEuUGxhY2VzLlNlYXJjaFRleHQQAhgEIAA"
cmpd0kpv402h8q1selck9y65a,Kai Zen Training Camp,,663 03 96 76,Kai Zen Training Camp,,España,google-maps,atleevobox,NUEVO,MEDIA,,,2026-05-19T19:16:35.400Z,2026-05-19T19:16:35.400Z,https://kaizentrainingcamp.com/,"Carrer de la Ferreria, 7, Sants-Montjuïc, 08014 Barcelona",Barcelona,5,23,https://maps.google.com/?cid=3448946927445622247&g_mp=Cidnb29nbGUubWFwcy5wbGFjZXMudjEuUGxhY2VzLlNlYXJjaFRleHQQAhgEIAA,sports_coaching,OPERATIONAL,"Importado desde Google Maps
Tipo: Sports coaching
Dirección: Carrer de la Ferreria, 7, Sants-Montjuïc, 08014 Barcelona
Google: 5⭐ (23 reseñas)
Web: https://kaizentrainingcamp.com/
Maps: https://maps.google.com/?cid=3448946927445622247&g_mp=Cidnb29nbGUubWFwcy5wbGFjZXMudjEuUGxhY2VzLlNlYXJjaFRleHQQAhgEIAA"
cmpd0kqnv02h9q1setwgs1gdv,Gallego Prada 360,,931 12 93 54,Gallego Prada 360,,España,google-maps,atleevobox,NUEVO,MEDIA,,,2026-05-19T19:16:36.476Z,2026-05-19T19:16:36.476Z,https://www.gallegoprada360.com/,"Carrer del Taulat, 93, Sant Martí, 08005 Barcelona",Barcelona,4.9,45,https://maps.google.com/?cid=17265396312581333688&g_mp=Cidnb29nbGUubWFwcy5wbGFjZXMudjEuUGxhY2VzLlNlYXJjaFRleHQQAhgEIAA,sports_coaching,OPERATIONAL,"Importado desde Google Maps
Tipo: Sports coaching
Dirección: Carrer del Taulat, 93, Sant Martí, 08005 Barcelona
Google: 4.9⭐ (45 reseñas)
Web: https://www.gallegoprada360.com/
Maps: https://maps.google.com/?cid=17265396312581333688&g_mp=Cidnb29nbGUubWFwcy5wbGFjZXMudjEuUGxhY2VzLlNlYXJjaFRleHQQAhgEIAA"
cmpd0ks9802haq1see4gnztzh,PAKUA Academy,,933 82 49 75,PAKUA Academy,,España,google-maps,atleevobox,NUEVO,MEDIA,,,2026-05-19T19:16:38.540Z,2026-05-19T19:16:38.540Z,https://pakuaacademy.com/,"Carrer de Neptú, 39, Gràcia, 08006 Barcelona",Barcelona,4.7,186,https://maps.google.com/?cid=1736861923516596888&g_mp=Cidnb29nbGUubWFwcy5wbGFjZXMudjEuUGxhY2VzLlNlYXJjaFRleHQQAhgEIAA,sports_school,OPERATIONAL,"Importado desde Google Maps
Tipo: Escuela deportiva
Dirección: Carrer de Neptú, 39, Gràcia, 08006 Barcelona
Google: 4.7⭐ (186 reseñas)
Web: https://pakuaacademy.com/
Maps: https://maps.google.com/?cid=1736861923516596888&g_mp=Cidnb29nbGUubWFwcy5wbGFjZXMudjEuUGxhY2VzLlNlYXJjaFRleHQQAhgEIAA"
cmpd0ksig02hbq1seguwf6nfh,BCNBX - Boxing Coach,,644 31 93 53,BCNBX - Boxing Coach,,España,google-maps,atleevobox,NUEVO,MEDIA,,,2026-05-19T19:16:38.873Z,2026-05-19T19:16:38.873Z,https://www.instagram.com/bcnbx.mk?igsh=MWh4MXVwMjh6NWd0cQ==&utm_source=qr,"Parque de, Ciutat Vella, 08008 Barcelona",Barcelona,5,7,https://maps.google.com/?cid=4073679926970667663&g_mp=Cidnb29nbGUubWFwcy5wbGFjZXMudjEuUGxhY2VzLlNlYXJjaFRleHQQAhgEIAA,sports_coaching,OPERATIONAL,"Importado desde Google Maps
Tipo: Sports coaching
Dirección: Parque de, Ciutat Vella, 08008 Barcelona
Google: 5⭐ (7 reseñas)
Web: https://www.instagram.com/bcnbx.mk?igsh=MWh4MXVwMjh6NWd0cQ==&utm_source=qr
Maps: https://maps.google.com/?cid=4073679926970667663&g_mp=Cidnb29nbGUubWFwcy5wbGFjZXMudjEuUGxhY2VzLlNlYXJjaFRleHQQAhgEIAA"
cmpd0ksw602hcq1se16dpqf3u,Escuela de Artes Marciales Xavi Nadal,,931 39 61 68,Escuela de Artes Marciales Xavi Nadal,,España,google-maps,atleevobox,NUEVO,MEDIA,,,2026-05-19T19:16:39.367Z,2026-05-19T19:16:39.367Z,https://escuelaartesmarcialesxavinadalbarcelona.com/,"Carrer de Siracusa, 7, Gràcia, 08012 Barcelona",Barcelona,5,46,https://maps.google.com/?cid=14205865988342736312&g_mp=Cidnb29nbGUubWFwcy5wbGFjZXMudjEuUGxhY2VzLlNlYXJjaFRleHQQAhgEIAA,sports_school,OPERATIONAL,"Importado desde Google Maps
Tipo: Escuela deportiva
Dirección: Carrer de Siracusa, 7, Gràcia, 08012 Barcelona
Google: 5⭐ (46 reseñas)
Web: https://escuelaartesmarcialesxavinadalbarcelona.com/
Maps: https://maps.google.com/?cid=14205865988342736312&g_mp=Cidnb29nbGUubWFwcy5wbGFjZXMudjEuUGxhY2VzLlNlYXJjaFRleHQQAhgEIAA"
cmpd0ktaa02hdq1sey5yt2zdl,"LION FIGHTERS MMA - Artes Marciales Mixtas, Boxeo, Kick boxing, Grappling, Defensa personal.",,655 52 83 58,"LION FIGHTERS MMA - Artes Marciales Mixtas, Boxeo, Kick boxing, Grappling, Defensa personal.",,España,google-maps,atleevobox,NUEVO,MEDIA,,,2026-05-19T19:16:39.875Z,2026-05-19T19:16:39.875Z,https://lionfightersmma.com/,"Carrer de la Travessera, 24, 08940 Cornellà de Llobregat, Barcelona",Barcelona,4,123,https://maps.google.com/?cid=8638520511744019634&g_mp=Cidnb29nbGUubWFwcy5wbGFjZXMudjEuUGxhY2VzLlNlYXJjaFRleHQQAhgEIAA,sports_coaching,OPERATIONAL,"Importado desde Google Maps
Tipo: Sports coaching
Dirección: Carrer de la Travessera, 24, 08940 Cornellà de Llobregat, Barcelona
Google: 4⭐ (123 reseñas)
Web: https://lionfightersmma.com/
Maps: https://maps.google.com/?cid=8638520511744019634&g_mp=Cidnb29nbGUubWFwcy5wbGFjZXMudjEuUGxhY2VzLlNlYXJjaFRleHQQAhgEIAA"
cmpd0kwxp02heq1se8x6iev5s,Club de Boxeo de Sedaví,,,Club de Boxeo de Sedaví,,España,google-maps,atleevobox,NUEVO,MEDIA,,,2026-05-19T19:16:44.605Z,2026-05-19T19:16:44.605Z,,"Carrer l'Horta, 20, 46910 Sedaví, Valencia",Valencia,5,1,https://maps.google.com/?cid=10701074543559867157&g_mp=Cidnb29nbGUubWFwcy5wbGFjZXMudjEuUGxhY2VzLlNlYXJjaFRleHQQAhgEIAA,sports_club,OPERATIONAL,"Importado desde Google Maps
Tipo: Club deportivo
Dirección: Carrer l'Horta, 20, 46910 Sedaví, Valencia
Google: 5⭐ (1 reseñas)
Maps: https://maps.google.com/?cid=10701074543559867157&g_mp=Cidnb29nbGUubWFwcy5wbGFjZXMudjEuUGxhY2VzLlNlYXJjaFRleHQQAhgEIAA"
cmpd0kxc902hfq1sedlv0m87a,SUMAY BOXEO,,620 80 52 43,SUMAY BOXEO,,España,google-maps,atleevobox,NUEVO,MEDIA,,,2026-05-19T19:16:45.130Z,2026-05-19T19:16:45.130Z,https://sumayboxeoypilates.es/,"Av. dels Tarongers, 7, 46200 Paiporta, Valencia",Valencia,5,17,https://maps.google.com/?cid=13505740942166531390&g_mp=Cidnb29nbGUubWFwcy5wbGFjZXMudjEuUGxhY2VzLlNlYXJjaFRleHQQAhgEIAA,sports_club,OPERATIONAL,"Importado desde Google Maps
Tipo: Club deportivo
Dirección: Av. dels Tarongers, 7, 46200 Paiporta, Valencia
Google: 5⭐ (17 reseñas)
Web: https://sumayboxeoypilates.es/
Maps: https://maps.google.com/?cid=13505740942166531390&g_mp=Cidnb29nbGUubWFwcy5wbGFjZXMudjEuUGxhY2VzLlNlYXJjaFRleHQQAhgEIAA"
cmpd0kxvb02hgq1sepgf2inlt,Stockton Fight Club,,,Stockton Fight Club,,España,google-maps,atleevobox,NUEVO,MEDIA,,,2026-05-19T19:16:45.816Z,2026-05-19T19:16:45.816Z,,"Carrer de l'Escultor Garcia Mas, 27, Campanar, 46035 València, Valencia",Valencia,4.8,30,https://maps.google.com/?cid=2609150948235808132&g_mp=Cidnb29nbGUubWFwcy5wbGFjZXMudjEuUGxhY2VzLlNlYXJjaFRleHQQAhgEIAA,sports_club,OPERATIONAL,"Importado desde Google Maps
Tipo: Club deportivo
Dirección: Carrer de l'Escultor Garcia Mas, 27, Campanar, 46035 València, Valencia
Google: 4.8⭐ (30 reseñas)
Maps: https://maps.google.com/?cid=2609150948235808132&g_mp=Cidnb29nbGUubWFwcy5wbGFjZXMudjEuUGxhY2VzLlNlYXJjaFRleHQQAhgEIAA"
cmpd0ky4u02hhq1sevjnmv03e,Godzilla Boxing Club,,644 87 92 40,Godzilla Boxing Club,,España,google-maps,atleevobox,NUEVO,MEDIA,,,2026-05-19T19:16:46.159Z,2026-05-19T19:16:46.159Z,,"Carrer Ausiàs March, 20B, 46117 Bétera, Valencia",Valencia,4.9,53,https://maps.google.com/?cid=1284824925951594412&g_mp=Cidnb29nbGUubWFwcy5wbGFjZXMudjEuUGxhY2VzLlNlYXJjaFRleHQQAhgEIAA,sports_coaching,OPERATIONAL,"Importado desde Google Maps
Tipo: Sports coaching
Dirección: Carrer Ausiàs March, 20B, 46117 Bétera, Valencia
Google: 4.9⭐ (53 reseñas)
Maps: https://maps.google.com/?cid=1284824925951594412&g_mp=Cidnb29nbGUubWFwcy5wbGFjZXMudjEuUGxhY2VzLlNlYXJjaFRleHQQAhgEIAA"
cmpd0kye402hiq1secnqh9vmc,La Oveja Negra Club de Boxeo,,678 07 16 33,La Oveja Negra Club de Boxeo,,España,google-maps,atleevobox,NUEVO,MEDIA,,,2026-05-19T19:16:46.493Z,2026-05-19T19:16:46.493Z,,"Carrer de L'espart, 1, 46160 Liria, Valencia",Valencia,5,14,https://maps.google.com/?cid=406044390389981711&g_mp=Cidnb29nbGUubWFwcy5wbGFjZXMudjEuUGxhY2VzLlNlYXJjaFRleHQQAhgEIAA,sports_club,OPERATIONAL,"Importado desde Google Maps
Tipo: Club deportivo
Dirección: Carrer de L'espart, 1, 46160 Liria, Valencia
Google: 5⭐ (14 reseñas)
Maps: https://maps.google.com/?cid=406044390389981711&g_mp=Cidnb29nbGUubWFwcy5wbGFjZXMudjEuUGxhY2VzLlNlYXJjaFRleHQQAhgEIAA"
cmpd0kz5s02hjq1sel2cqy697,DM Fight,,613 26 86 19,DM Fight,,España,google-maps,atleevobox,NUEVO,MEDIA,,,2026-05-19T19:16:47.488Z,2026-05-19T19:16:47.488Z,,"Avinguda de José Roca Coll, 25, Patraix, 46014 València, Valencia",Valencia,5,12,https://maps.google.com/?cid=8750344759372873869&g_mp=Cidnb29nbGUubWFwcy5wbGFjZXMudjEuUGxhY2VzLlNlYXJjaFRleHQQAhgEIAA,sports_club,OPERATIONAL,"Importado desde Google Maps
Tipo: Club deportivo
Dirección: Avinguda de José Roca Coll, 25, Patraix, 46014 València, Valencia
Google: 5⭐ (12 reseñas)
Maps: https://maps.google.com/?cid=8750344759372873869&g_mp=Cidnb29nbGUubWFwcy5wbGFjZXMudjEuUGxhY2VzLlNlYXJjaFRleHQQAhgEIAA"
cmpd0kzjv02hkq1se36uieysp,The WareBox,,670 43 88 15,The WareBox,,España,google-maps,atleevobox,NUEVO,MEDIA,,,2026-05-19T19:16:47.995Z,2026-05-19T19:16:47.995Z,https://www.thewarebox.es/,"Carrer d'Aparicio Albiñana, 17, Campanar, 46015 València, Valencia",Valencia,5,23,https://maps.google.com/?cid=9544236365569067974&g_mp=Cidnb29nbGUubWFwcy5wbGFjZXMudjEuUGxhY2VzLlNlYXJjaFRleHQQAhgEIAA,gym,OPERATIONAL,"Importado desde Google Maps
Tipo: Gimnasio
Dirección: Carrer d'Aparicio Albiñana, 17, Campanar, 46015 València, Valencia
Google: 5⭐ (23 reseñas)
Web: https://www.thewarebox.es/
Maps: https://maps.google.com/?cid=9544236365569067974&g_mp=Cidnb29nbGUubWFwcy5wbGFjZXMudjEuUGxhY2VzLlNlYXJjaFRleHQQAhgEIAA"
cmpd0l0cf02hlq1sejiglz0xp,Evolution Box,,960 72 85 85,Evolution Box,,España,google-maps,atleevobox,NUEVO,MEDIA,,,2026-05-19T19:16:49.024Z,2026-05-19T19:16:49.024Z,https://evolutionbox.es/,"Centro empresarial ""La Mina, C. de los Carpinteros, 17, Nave 4, 46200 Paiporta, Valencia",Valencia,4.9,125,https://maps.google.com/?cid=908433814365746810&g_mp=Cidnb29nbGUubWFwcy5wbGFjZXMudjEuUGxhY2VzLlNlYXJjaFRleHQQAhgEIAA,gym,OPERATIONAL,"Importado desde Google Maps
Tipo: Gimnasio
Dirección: Centro empresarial ""La Mina, C. de los Carpinteros, 17, Nave 4, 46200 Paiporta, Valencia
Google: 4.9⭐ (125 reseñas)
Web: https://evolutionbox.es/
Maps: https://maps.google.com/?cid=908433814365746810&g_mp=Cidnb29nbGUubWFwcy5wbGFjZXMudjEuUGxhY2VzLlNlYXJjaFRleHQQAhgEIAA"
cmpd0l0vg02hmq1sena2de82p,Submission fight club Burjassot valencia,,622 14 67 51,Submission fight club Burjassot valencia,,España,google-maps,atleevobox,NUEVO,MEDIA,,,2026-05-19T19:16:49.708Z,2026-05-19T19:16:49.708Z,,"Carrer de Mendizábal, 87, BAJO, 46100 Burjassot, Valencia",Valencia,4.4,48,https://maps.google.com/?cid=17795695110327293403&g_mp=Cidnb29nbGUubWFwcy5wbGFjZXMudjEuUGxhY2VzLlNlYXJjaFRleHQQAhgEIAA,sports_club,OPERATIONAL,"Importado desde Google Maps
Tipo: Club deportivo
Dirección: Carrer de Mendizábal, 87, BAJO, 46100 Burjassot, Valencia
Google: 4.4⭐ (48 reseñas)
Maps: https://maps.google.com/?cid=17795695110327293403&g_mp=Cidnb29nbGUubWFwcy5wbGFjZXMudjEuUGxhY2VzLlNlYXJjaFRleHQQAhgEIAA"
cmpd0l1aj02hnq1se5l29vy0q,Club Deportivo Funakoshiteam,,652 09 61 38,Club Deportivo Funakoshiteam,,España,google-maps,atleevobox,NUEVO,MEDIA,,,2026-05-19T19:16:50.251Z,2026-05-19T19:16:50.251Z,,"Carrer de la Independencia, n°8, 46100 Burjassot, Valencia",Valencia,4.9,68,https://maps.google.com/?cid=6674690857769218888&g_mp=Cidnb29nbGUubWFwcy5wbGFjZXMudjEuUGxhY2VzLlNlYXJjaFRleHQQAhgEIAA,sports_club,OPERATIONAL,"Importado desde Google Maps
Tipo: Club deportivo
Dirección: Carrer de la Independencia, n°8, 46100 Burjassot, Valencia
Google: 4.9⭐ (68 reseñas)
Maps: https://maps.google.com/?cid=6674690857769218888&g_mp=Cidnb29nbGUubWFwcy5wbGFjZXMudjEuUGxhY2VzLlNlYXJjaFRleHQQAhgEIAA"
cmpd0l1lh02hoq1sevbp4w660,Club de Boxeo 12 Asaltos,,618 09 65 40,Club de Boxeo 12 Asaltos,,España,google-maps,atleevobox,NUEVO,MEDIA,,,2026-05-19T19:16:50.613Z,2026-05-19T19:16:50.613Z,,"C. Transport 20, 16, 46702 Gandia, Valencia",Valencia,5,20,https://maps.google.com/?cid=17784675461087991809&g_mp=Cidnb29nbGUubWFwcy5wbGFjZXMudjEuUGxhY2VzLlNlYXJjaFRleHQQAhgEIAA,sports_club,OPERATIONAL,"Importado desde Google Maps
Tipo: Club deportivo
Dirección: C. Transport 20, 16, 46702 Gandia, Valencia
Google: 5⭐ (20 reseñas)
Maps: https://maps.google.com/?cid=17784675461087991809&g_mp=Cidnb29nbGUubWFwcy5wbGFjZXMudjEuUGxhY2VzLlNlYXJjaFRleHQQAhgEIAA"
cmpd0l1zi02hpq1seq9fvvjec,Avangard Boxing Valencia,,676 02 25 31,Avangard Boxing Valencia,,España,google-maps,atleevobox,NUEVO,MEDIA,,,2026-05-19T19:16:51.151Z,2026-05-19T19:16:51.151Z,,"C/ Cami a la Mar, 55, 46120 Alboraia, Valencia",Valencia,5,21,https://maps.google.com/?cid=14315072820932195271&g_mp=Cidnb29nbGUubWFwcy5wbGFjZXMudjEuUGxhY2VzLlNlYXJjaFRleHQQAhgEIAA,sports_coaching,OPERATIONAL,"Importado desde Google Maps
Tipo: Sports coaching
Dirección: C/ Cami a la Mar, 55, 46120 Alboraia, Valencia
Google: 5⭐ (21 reseñas)
Maps: https://maps.google.com/?cid=14315072820932195271&g_mp=Cidnb29nbGUubWFwcy5wbGFjZXMudjEuUGxhY2VzLlNlYXJjaFRleHQQAhgEIAA"
cmpd0l29r02hqq1sezpr2ipk5,Team El Bilaly,,,Team El Bilaly,,España,google-maps,atleevobox,NUEVO,MEDIA,,,2026-05-19T19:16:51.519Z,2026-05-19T19:16:51.519Z,,"Carrer de l'Arquitecte Rodríguez, 8, Rascanya, 46019 València, Valencia",Valencia,5,10,https://maps.google.com/?cid=11717941979506808237&g_mp=Cidnb29nbGUubWFwcy5wbGFjZXMudjEuUGxhY2VzLlNlYXJjaFRleHQQAhgEIAA,sports_club,OPERATIONAL,"Importado desde Google Maps
Tipo: Club deportivo
Dirección: Carrer de l'Arquitecte Rodríguez, 8, Rascanya, 46019 València, Valencia
Google: 5⭐ (10 reseñas)
Maps: https://maps.google.com/?cid=11717941979506808237&g_mp=Cidnb29nbGUubWFwcy5wbGFjZXMudjEuUGxhY2VzLlNlYXJjaFRleHQQAhgEIAA"
cmpd0l2no02hrq1sej6e1xnyu,Wild Fitboxing Valencia,,675 21 56 20,Wild Fitboxing Valencia,,España,google-maps,atleevobox,NUEVO,MEDIA,,,2026-05-19T19:16:52.020Z,2026-05-19T19:16:52.020Z,https://wildfitboxing.com/saidia,"C/ de Fra Pere Vives, 16b, La Saïdia, 46009 València, Valencia",Valencia,5,46,https://maps.google.com/?cid=1704086431721888196&g_mp=Cidnb29nbGUubWFwcy5wbGFjZXMudjEuUGxhY2VzLlNlYXJjaFRleHQQAhgEIAA,gym,OPERATIONAL,"Importado desde Google Maps
Tipo: Gimnasio
Dirección: C/ de Fra Pere Vives, 16b, La Saïdia, 46009 València, Valencia
Google: 5⭐ (46 reseñas)
Web: https://wildfitboxing.com/saidia
Maps: https://maps.google.com/?cid=1704086431721888196&g_mp=Cidnb29nbGUubWFwcy5wbGFjZXMudjEuUGxhY2VzLlNlYXJjaFRleHQQAhgEIAA"
cmpd0l2wx02hsq1sej6s6yudv,Taronja Box Valencia,,635 57 83 96,Taronja Box Valencia,,España,google-maps,atleevobox,NUEVO,MEDIA,,,2026-05-19T19:16:52.354Z,2026-05-19T19:16:52.354Z,https://taronjabox.com/,"C. del Doctor Nicasi Benlloch, 86, Benicalap, 46015 València, Valencia",Valencia,4.9,63,https://maps.google.com/?cid=17149107879406730199&g_mp=Cidnb29nbGUubWFwcy5wbGFjZXMudjEuUGxhY2VzLlNlYXJjaFRleHQQAhgEIAA,fitness_center,OPERATIONAL,"Importado desde Google Maps
Tipo: Centro deportivo
Dirección: C. del Doctor Nicasi Benlloch, 86, Benicalap, 46015 València, Valencia
Google: 4.9⭐ (63 reseñas)
Web: https://taronjabox.com/
Maps: https://maps.google.com/?cid=17149107879406730199&g_mp=Cidnb29nbGUubWFwcy5wbGFjZXMudjEuUGxhY2VzLlNlYXJjaFRleHQQAhgEIAA"
cmpd0l3qg02htq1sehtqrt9r0,Fight4life Home,,681 03 80 07,Fight4life Home,,España,google-maps,atleevobox,NUEVO,MEDIA,,,2026-05-19T19:16:53.416Z,2026-05-19T19:16:53.416Z,https://www.fight4life.es/,"Carrer dels Llanterners, 9, 46120 Alboraia, Valencia",Valencia,4.6,190,https://maps.google.com/?cid=2887559280756799834&g_mp=Cidnb29nbGUubWFwcy5wbGFjZXMudjEuUGxhY2VzLlNlYXJjaFRleHQQAhgEIAA,sports_club,OPERATIONAL,"Importado desde Google Maps
Tipo: Club deportivo
Dirección: Carrer dels Llanterners, 9, 46120 Alboraia, Valencia
Google: 4.6⭐ (190 reseñas)
Web: https://www.fight4life.es/
Maps: https://maps.google.com/?cid=2887559280756799834&g_mp=Cidnb29nbGUubWFwcy5wbGFjZXMudjEuUGxhY2VzLlNlYXJjaFRleHQQAhgEIAA"
cmpd0l41902huq1se1lt1fhcz,MMA Valencia | Club de Lluita Rafelbunyol,,640 85 29 25,MMA Valencia | Club de Lluita Rafelbunyol,,España,google-maps,atleevobox,NUEVO,MEDIA,,,2026-05-19T19:16:53.805Z,2026-05-19T19:16:53.805Z,https://clubdelluitarafelbunyol.es/,"Carrer Camí Fondo, 35, 46138 Rafelbunyol, Valencia",Valencia,5,22,https://maps.google.com/?cid=2322772926627665252&g_mp=Cidnb29nbGUubWFwcy5wbGFjZXMudjEuUGxhY2VzLlNlYXJjaFRleHQQAhgEIAA,sports_club,OPERATIONAL,"Importado desde Google Maps
Tipo: Club deportivo
Dirección: Carrer Camí Fondo, 35, 46138 Rafelbunyol, Valencia
Google: 5⭐ (22 reseñas)
Web: https://clubdelluitarafelbunyol.es/
Maps: https://maps.google.com/?cid=2322772926627665252&g_mp=Cidnb29nbGUubWFwcy5wbGFjZXMudjEuUGxhY2VzLlNlYXJjaFRleHQQAhgEIAA"
cmpd0l4aq02hvq1sep87833y2,Central TFT club Meliana,,,Central TFT club Meliana,,España,google-maps,atleevobox,NUEVO,MEDIA,,,2026-05-19T19:16:54.146Z,2026-05-19T19:16:54.146Z,,"Carrer Pintor Rafael Cardells, 7, 46133 Meliana, Valencia",Valencia,4.9,54,https://maps.google.com/?cid=3882484229424102505&g_mp=Cidnb29nbGUubWFwcy5wbGFjZXMudjEuUGxhY2VzLlNlYXJjaFRleHQQAhgEIAA,gym,OPERATIONAL,"Importado desde Google Maps
Tipo: Gimnasio
Dirección: Carrer Pintor Rafael Cardells, 7, 46133 Meliana, Valencia
Google: 4.9⭐ (54 reseñas)
Maps: https://maps.google.com/?cid=3882484229424102505&g_mp=Cidnb29nbGUubWFwcy5wbGFjZXMudjEuUGxhY2VzLlNlYXJjaFRleHQQAhgEIAA"
cmpd0l4k902hwq1se66vtlj9s,Club Deportivo Duato,,963 71 13 98,Club Deportivo Duato,,España,google-maps,atleevobox,NUEVO,MEDIA,,,2026-05-19T19:16:54.489Z,2026-05-19T19:16:54.489Z,https://www.deportivoduato.com/,"C/ de la Barraca, 127, Bajo, Poblados Marítimos, 46011 València, Valencia",Valencia,5,167,https://maps.google.com/?cid=11405088473602900293&g_mp=Cidnb29nbGUubWFwcy5wbGFjZXMudjEuUGxhY2VzLlNlYXJjaFRleHQQAhgEIAA,gym,OPERATIONAL,"Importado desde Google Maps
Tipo: Gimnasio
Dirección: C/ de la Barraca, 127, Bajo, Poblados Marítimos, 46011 València, Valencia
Google: 5⭐ (167 reseñas)
Web: https://www.deportivoduato.com/
Maps: https://maps.google.com/?cid=11405088473602900293&g_mp=Cidnb29nbGUubWFwcy5wbGFjZXMudjEuUGxhY2VzLlNlYXJjaFRleHQQAhgEIAA"
cmpd0l4tt02hxq1searn377z6,Brooklyn Fitboxing Mislata,,608 26 50 97,Brooklyn Fitboxing Mislata,,España,google-maps,atleevobox,NUEVO,MEDIA,,,2026-05-19T19:16:54.834Z,2026-05-19T19:16:54.834Z,https://www.brooklynfitboxing.com/public/es/es-es/club/MISLATA,"Plaza Mayor, 1, 46920 Mislata, Valencia",Valencia,4.9,173,https://maps.google.com/?cid=17442710020909709129&g_mp=Cidnb29nbGUubWFwcy5wbGFjZXMudjEuUGxhY2VzLlNlYXJjaFRleHQQAhgEIAA,gym,OPERATIONAL,"Importado desde Google Maps
Tipo: Gimnasio
Dirección: Plaza Mayor, 1, 46920 Mislata, Valencia
Google: 4.9⭐ (173 reseñas)
Web: https://www.brooklynfitboxing.com/public/es/es-es/club/MISLATA
Maps: https://maps.google.com/?cid=17442710020909709129&g_mp=Cidnb29nbGUubWFwcy5wbGFjZXMudjEuUGxhY2VzLlNlYXJjaFRleHQQAhgEIAA"
cmpd0l53a02hyq1se6jxn17uy,Club Esportiu Valencia Grao,,638 67 75 31,Club Esportiu Valencia Grao,,España,google-maps,atleevobox,NUEVO,MEDIA,,,2026-05-19T19:16:55.175Z,2026-05-19T19:16:55.175Z,https://esportiuvalencia.es/,"C/ d'Ernest Anastasio, 6, Poblados Marítimos, 46011 València, Valencia",Valencia,4.9,90,https://maps.google.com/?cid=9278798834791661450&g_mp=Cidnb29nbGUubWFwcy5wbGFjZXMudjEuUGxhY2VzLlNlYXJjaFRleHQQAhgEIAA,sports_school,OPERATIONAL,"Importado desde Google Maps
Tipo: Escuela deportiva
Dirección: C/ d'Ernest Anastasio, 6, Poblados Marítimos, 46011 València, Valencia
Google: 4.9⭐ (90 reseñas)
Web: https://esportiuvalencia.es/
Maps: https://maps.google.com/?cid=9278798834791661450&g_mp=Cidnb29nbGUubWFwcy5wbGFjZXMudjEuUGxhY2VzLlNlYXJjaFRleHQQAhgEIAA"
cmpd0l5cn02hzq1sebeo91nmj,Echaleku Boxeo,,665 50 75 50,Echaleku Boxeo,,España,google-maps,atleevobox,NUEVO,MEDIA,,,2026-05-19T19:16:55.512Z,2026-05-19T19:16:55.512Z,https://www.echalekuboxeo.com/,"C/ de Conca, 27, Extramurs, 46007 València, Valencia",Valencia,5,137,https://maps.google.com/?cid=4485539657770740222&g_mp=Cidnb29nbGUubWFwcy5wbGFjZXMudjEuUGxhY2VzLlNlYXJjaFRleHQQAhgEIAA,sporting_goods_store,OPERATIONAL,"Importado desde Google Maps
Tipo: Tienda de deportes
Dirección: C/ de Conca, 27, Extramurs, 46007 València, Valencia
Google: 5⭐ (137 reseñas)
Web: https://www.echalekuboxeo.com/
Maps: https://maps.google.com/?cid=4485539657770740222&g_mp=Cidnb29nbGUubWFwcy5wbGFjZXMudjEuUGxhY2VzLlNlYXJjaFRleHQQAhgEIAA"
cmpd0l5m302i0q1seonq6ky2s,Escuela De Lucha Betera,,647 66 65 14,Escuela De Lucha Betera,,España,google-maps,atleevobox,NUEVO,MEDIA,,,2026-05-19T19:16:55.851Z,2026-05-19T19:16:55.851Z,https://elbbetera.com/,"Av. de la Constitució, 11, 46117 Bétera, Valencia",Valencia,4.7,13,https://maps.google.com/?cid=16690539451762497044&g_mp=Cidnb29nbGUubWFwcy5wbGFjZXMudjEuUGxhY2VzLlNlYXJjaFRleHQQAhgEIAA,sports_school,OPERATIONAL,"Importado desde Google Maps
Tipo: Escuela deportiva
Dirección: Av. de la Constitució, 11, 46117 Bétera, Valencia
Google: 4.7⭐ (13 reseñas)
Web: https://elbbetera.com/
Maps: https://maps.google.com/?cid=16690539451762497044&g_mp=Cidnb29nbGUubWFwcy5wbGFjZXMudjEuUGxhY2VzLlNlYXJjaFRleHQQAhgEIAA"
cmpd0l6ae02i1q1sezmz0afnq,Federación de Boxeo de la Comunidad Valenciana,,650 71 38 56,Federación de Boxeo de la Comunidad Valenciana,,España,google-maps,atleevobox,NUEVO,MEDIA,,,2026-05-19T19:16:56.727Z,2026-05-19T19:16:56.727Z,http://fboxcv.com/,"Carrer de Martí l'Humà, 14, BAJO, Extramurs, 46008 València, Valencia",Valencia,2.3,3,https://maps.google.com/?cid=3086022937523379115&g_mp=Cidnb29nbGUubWFwcy5wbGFjZXMudjEuUGxhY2VzLlNlYXJjaFRleHQQAhgEIAA,corporate_office,OPERATIONAL,"Importado desde Google Maps
Tipo: Oficinas de empresa
Dirección: Carrer de Martí l'Humà, 14, BAJO, Extramurs, 46008 València, Valencia
Google: 2.3⭐ (3 reseñas)
Web: http://fboxcv.com/
Maps: https://maps.google.com/?cid=3086022937523379115&g_mp=Cidnb29nbGUubWFwcy5wbGFjZXMudjEuUGxhY2VzLlNlYXJjaFRleHQQAhgEIAA"
cmpd0lbca02i2q1se8nz8i0xx,Gimnasio Corporea,,615 94 25 45,Gimnasio Corporea,,España,google-maps,atleevobox,NUEVO,MEDIA,,,2026-05-19T19:17:03.274Z,2026-05-19T19:17:03.274Z,https://www.gimnasiocorporea.es/,"Centro Comercial El Osito, C/ Tuéjar, 37, 46183 L'Eliana, Valencia",Valencia,4.3,590,https://maps.google.com/?cid=9447346483010549093&g_mp=Cidnb29nbGUubWFwcy5wbGFjZXMudjEuUGxhY2VzLlNlYXJjaFRleHQQAhgEIAA,gym,OPERATIONAL,"Importado desde Google Maps
Tipo: Gimnasio
Dirección: Centro Comercial El Osito, C/ Tuéjar, 37, 46183 L'Eliana, Valencia
Google: 4.3⭐ (590 reseñas)
Web: https://www.gimnasiocorporea.es/
Maps: https://maps.google.com/?cid=9447346483010549093&g_mp=Cidnb29nbGUubWFwcy5wbGFjZXMudjEuUGxhY2VzLlNlYXJjaFRleHQQAhgEIAA"
cmpd0lcii02i3q1sefys50fkl,Ckmi Combat Academy,,717 10 98 00,Ckmi Combat Academy,,España,google-maps,atleevobox,NUEVO,MEDIA,,,2026-05-19T19:17:04.794Z,2026-05-19T19:17:04.794Z,http://www.combatkravmaga.eu/,"Av. del Primat Reig, 147, BAJO DRCHA, Benimaclet, 46020 València, Valencia",Valencia,4.8,22,https://maps.google.com/?cid=16037841944929604507&g_mp=Cidnb29nbGUubWFwcy5wbGFjZXMudjEuUGxhY2VzLlNlYXJjaFRleHQQAhgEIAA,sports_school,OPERATIONAL,"Importado desde Google Maps
Tipo: Escuela deportiva
Dirección: Av. del Primat Reig, 147, BAJO DRCHA, Benimaclet, 46020 València, Valencia
Google: 4.8⭐ (22 reseñas)
Web: http://www.combatkravmaga.eu/
Maps: https://maps.google.com/?cid=16037841944929604507&g_mp=Cidnb29nbGUubWFwcy5wbGFjZXMudjEuUGxhY2VzLlNlYXJjaFRleHQQAhgEIAA"
cmpd0ldvq02i4q1sev39zf4lm,Antonius Pugilatus,,,Antonius Pugilatus,,España,google-maps,atleevobox,NUEVO,MEDIA,,,2026-05-19T19:17:06.566Z,2026-05-19T19:17:06.566Z,https://www.instagram.com/antonius_pugilatus?igsh=MXZiamk4ZXRlZGx3ag==,"Polígono Nº 18, 145, 46410 Sueca, Valencia",Valencia,5,7,https://maps.google.com/?cid=5570399673876716161&g_mp=Cidnb29nbGUubWFwcy5wbGFjZXMudjEuUGxhY2VzLlNlYXJjaFRleHQQAhgEIAA,sports_coaching,OPERATIONAL,"Importado desde Google Maps
Tipo: Sports coaching
Dirección: Polígono Nº 18, 145, 46410 Sueca, Valencia
Google: 5⭐ (7 reseñas)
Web: https://www.instagram.com/antonius_pugilatus?igsh=MXZiamk4ZXRlZGx3ag==
Maps: https://maps.google.com/?cid=5570399673876716161&g_mp=Cidnb29nbGUubWFwcy5wbGFjZXMudjEuUGxhY2VzLlNlYXJjaFRleHQQAhgEIAA"
cmpd0lejj02i5q1seaidycpn1,Club Kukkiwon (Martial Arts & Fitness Club),,963 65 05 90,Club Kukkiwon (Martial Arts & Fitness Club),,España,google-maps,atleevobox,NUEVO,MEDIA,,,2026-05-19T19:17:07.424Z,2026-05-19T19:17:07.424Z,http://www.clubkukkiwon.es/,"C/ de Bilbao, 29, La Saïdia, 46009 València, Valencia",Valencia,4.5,25,https://maps.google.com/?cid=16299831021357626936&g_mp=Cidnb29nbGUubWFwcy5wbGFjZXMudjEuUGxhY2VzLlNlYXJjaFRleHQQAhgEIAA,sports_school,OPERATIONAL,"Importado desde Google Maps
Tipo: Escuela deportiva
Dirección: C/ de Bilbao, 29, La Saïdia, 46009 València, Valencia
Google: 4.5⭐ (25 reseñas)
Web: http://www.clubkukkiwon.es/
Maps: https://maps.google.com/?cid=16299831021357626936&g_mp=Cidnb29nbGUubWFwcy5wbGFjZXMudjEuUGxhY2VzLlNlYXJjaFRleHQQAhgEIAA"
cmpd0lfd002i6q1se82vg6k77,ALDIFIT ENTRENAMIENTO PERSONAL PALAU,,625 21 82 18,ALDIFIT ENTRENAMIENTO PERSONAL PALAU,,España,google-maps,atleevobox,NUEVO,MEDIA,,,2026-05-19T19:17:08.484Z,2026-05-19T19:17:08.484Z,https://aldifit.com/,"C/ d'Eduard Boscà, 31, Camins al Grau, 46023 València, Valencia",Valencia,4.9,51,https://maps.google.com/?cid=8244587393711067983&g_mp=Cidnb29nbGUubWFwcy5wbGFjZXMudjEuUGxhY2VzLlNlYXJjaFRleHQQAhgEIAA,health,OPERATIONAL,"Importado desde Google Maps
Tipo: Salud y bienestar
Dirección: C/ d'Eduard Boscà, 31, Camins al Grau, 46023 València, Valencia
Google: 4.9⭐ (51 reseñas)
Web: https://aldifit.com/
Maps: https://maps.google.com/?cid=8244587393711067983&g_mp=Cidnb29nbGUubWFwcy5wbGFjZXMudjEuUGxhY2VzLlNlYXJjaFRleHQQAhgEIAA"
cmpd0lfr202i7q1seyxyauims,Gimnasio Linea Sport,,963 74 00 53,Gimnasio Linea Sport,,España,google-maps,atleevobox,NUEVO,MEDIA,,,2026-05-19T19:17:08.990Z,2026-05-19T19:17:08.990Z,,"Carrer de Lluís Oliag, 60, Quatre Carreres, 46006 València, Valencia",Valencia,4.7,123,https://maps.google.com/?cid=3790467964642370150&g_mp=Cidnb29nbGUubWFwcy5wbGFjZXMudjEuUGxhY2VzLlNlYXJjaFRleHQQAhgEIAA,gym,OPERATIONAL,"Importado desde Google Maps
Tipo: Gimnasio
Dirección: Carrer de Lluís Oliag, 60, Quatre Carreres, 46006 València, Valencia
Google: 4.7⭐ (123 reseñas)
Maps: https://maps.google.com/?cid=3790467964642370150&g_mp=Cidnb29nbGUubWFwcy5wbGFjZXMudjEuUGxhY2VzLlNlYXJjaFRleHQQAhgEIAA"
cmpd0lg1a02i8q1seinnnuqs8,Krav Maga Evolution,,960 72 85 85,Krav Maga Evolution,,España,google-maps,atleevobox,NUEVO,MEDIA,,,2026-05-19T19:17:09.358Z,2026-05-19T19:17:09.358Z,https://evolutionbox.es/,"Carrer dels Fusters, Nave 17, 46200 Paiporta, Valencia",Valencia,4.9,35,https://maps.google.com/?cid=8211798738325584051&g_mp=Cidnb29nbGUubWFwcy5wbGFjZXMudjEuUGxhY2VzLlNlYXJjaFRleHQQAhgEIAA,sports_school,OPERATIONAL,"Importado desde Google Maps
Tipo: Escuela deportiva
Dirección: Carrer dels Fusters, Nave 17, 46200 Paiporta, Valencia
Google: 4.9⭐ (35 reseñas)
Web: https://evolutionbox.es/
Maps: https://maps.google.com/?cid=8211798738325584051&g_mp=Cidnb29nbGUubWFwcy5wbGFjZXMudjEuUGxhY2VzLlNlYXJjaFRleHQQAhgEIAA"
cmpd0liio02i9q1se8hri8b0q,YAICI BOXING CLUB,,627 48 08 01,YAICI BOXING CLUB,,España,google-maps,atleevobox,NUEVO,MEDIA,,,2026-05-19T19:17:12.576Z,2026-05-19T19:17:12.576Z,,"41015, Parque Comercial San Jerónimo, C. E, nave 15, Norte, 41015 Sevilla",Sevilla,5,2,https://maps.google.com/?cid=15211081890414221610&g_mp=Cidnb29nbGUubWFwcy5wbGFjZXMudjEuUGxhY2VzLlNlYXJjaFRleHQQAhgEIAA,sports_club,OPERATIONAL,"Importado desde Google Maps
Tipo: Club deportivo
Dirección: 41015, Parque Comercial San Jerónimo, C. E, nave 15, Norte, 41015 Sevilla
Google: 5⭐ (2 reseñas)
Maps: https://maps.google.com/?cid=15211081890414221610&g_mp=Cidnb29nbGUubWFwcy5wbGFjZXMudjEuUGxhY2VzLlNlYXJjaFRleHQQAhgEIAA"
cmpd0lis202iaq1se5m7whnz1,León Boxing Club,,619 90 03 66,León Boxing Club,,España,google-maps,atleevobox,NUEVO,MEDIA,,,2026-05-19T19:17:12.915Z,2026-05-19T19:17:12.915Z,https://leonboxingclub.es/,"C. Concejal José Fernández Martínez, 72, 41807 Espartinas, Sevilla",Sevilla,5,1,https://maps.google.com/?cid=14464709410889499680&g_mp=Cidnb29nbGUubWFwcy5wbGFjZXMudjEuUGxhY2VzLlNlYXJjaFRleHQQAhgEIAA,sports_club,OPERATIONAL,"Importado desde Google Maps
Tipo: Club deportivo
Dirección: C. Concejal José Fernández Martínez, 72, 41807 Espartinas, Sevilla
Google: 5⭐ (1 reseñas)
Web: https://leonboxingclub.es/
Maps: https://maps.google.com/?cid=14464709410889499680&g_mp=Cidnb29nbGUubWFwcy5wbGFjZXMudjEuUGxhY2VzLlNlYXJjaFRleHQQAhgEIAA"
cmpd0lkgy02ibq1seqh5txhgy,Boxeo de tiro de linea,,,Boxeo de tiro de linea,,España,google-maps,atleevobox,NUEVO,MEDIA,,,2026-05-19T19:17:15.107Z,2026-05-19T19:17:15.107Z,,"Sierra del Castaño, 2A, 41013 Sevilla",Sevilla,5,1,https://maps.google.com/?cid=8921113069017809781&g_mp=Cidnb29nbGUubWFwcy5wbGFjZXMudjEuUGxhY2VzLlNlYXJjaFRleHQQAhgEIAA,sports_club,OPERATIONAL,"Importado desde Google Maps
Tipo: Club deportivo
Dirección: Sierra del Castaño, 2A, 41013 Sevilla
Google: 5⭐ (1 reseñas)
Maps: https://maps.google.com/?cid=8921113069017809781&g_mp=Cidnb29nbGUubWFwcy5wbGFjZXMudjEuUGxhY2VzLlNlYXJjaFRleHQQAhgEIAA"
cmpd0lpf202icq1se5g9sf3vy,Club Boxeo El Contragolpe,,667 75 63 05,Club Boxeo El Contragolpe,,España,google-maps,atleevobox,NUEVO,MEDIA,,,2026-05-19T19:17:21.518Z,2026-05-19T19:17:21.518Z,http://www.elcontragolpe.es/,"Polígono Industrial “Las Zarzas, C. Puebla del Río, 2, 41928 Sevilla",Sevilla,5,74,https://maps.google.com/?cid=12448196221240616804&g_mp=Cidnb29nbGUubWFwcy5wbGFjZXMudjEuUGxhY2VzLlNlYXJjaFRleHQQAhgEIAA,sports_club,OPERATIONAL,"Importado desde Google Maps
Tipo: Club deportivo
Dirección: Polígono Industrial “Las Zarzas, C. Puebla del Río, 2, 41928 Sevilla
Google: 5⭐ (74 reseñas)
Web: http://www.elcontragolpe.es/
Maps: https://maps.google.com/?cid=12448196221240616804&g_mp=Cidnb29nbGUubWFwcy5wbGFjZXMudjEuUGxhY2VzLlNlYXJjaFRleHQQAhgEIAA"
cmpd0lzft02idq1set9lchx83,Escuela de Boxeo Zaragoza,,229 114 3539,Escuela de Boxeo Zaragoza,,España,google-maps,atleevobox,NUEVO,MEDIA,,,2026-05-19T19:17:34.505Z,2026-05-19T19:17:34.505Z,,"C. Manlio Fabio Altamirano 614, Ignacio Zaragoza, 91910 Veracruz, Ver., México",Zaragoza,4.9,25,https://maps.google.com/?cid=13395810107905760217&g_mp=Cidnb29nbGUubWFwcy5wbGFjZXMudjEuUGxhY2VzLlNlYXJjaFRleHQQAhgEIAA,gym,OPERATIONAL,"Importado desde Google Maps
Tipo: Gimnasio
Dirección: C. Manlio Fabio Altamirano 614, Ignacio Zaragoza, 91910 Veracruz, Ver., México
Google: 4.9⭐ (25 reseñas)
Maps: https://maps.google.com/?cid=13395810107905760217&g_mp=Cidnb29nbGUubWFwcy5wbGFjZXMudjEuUGxhY2VzLlNlYXJjaFRleHQQAhgEIAA"
cmpd0m6f602ieq1seta79rsu0,Uppercut boxing club,,655 12 01 19,Uppercut boxing club,,España,google-maps,atleevobox,NUEVO,MEDIA,,,2026-05-19T19:17:43.554Z,2026-05-19T19:17:43.554Z,https://www.facebook.com/uppercutboxingclub/,"Mitxelena Kalea, 10, 48950 Altzaga, Bizkaia",Bilbao,4.9,35,https://maps.google.com/?cid=8889677055423973137&g_mp=Cidnb29nbGUubWFwcy5wbGFjZXMudjEuUGxhY2VzLlNlYXJjaFRleHQQAhgEIAA,gym,OPERATIONAL,"Importado desde Google Maps
Tipo: Gimnasio
Dirección: Mitxelena Kalea, 10, 48950 Altzaga, Bizkaia
Google: 4.9⭐ (35 reseñas)
Web: https://www.facebook.com/uppercutboxingclub/
Maps: https://maps.google.com/?cid=8889677055423973137&g_mp=Cidnb29nbGUubWFwcy5wbGFjZXMudjEuUGxhY2VzLlNlYXJjaFRleHQQAhgEIAA"
cmpd0m7hn02ifq1se0rn6bfvo,Sacbox Team,,678 15 85 45,Sacbox Team,,España,google-maps,atleevobox,NUEVO,MEDIA,,,2026-05-19T19:17:44.940Z,2026-05-19T19:17:44.940Z,,"Polígono larrondobeko N, 3, pab 10, 48180 Loiu, Bizkaia",Bilbao,5,8,https://maps.google.com/?cid=12168276721941650968&g_mp=Cidnb29nbGUubWFwcy5wbGFjZXMudjEuUGxhY2VzLlNlYXJjaFRleHQQAhgEIAA,sports_school,OPERATIONAL,"Importado desde Google Maps
Tipo: Escuela deportiva
Dirección: Polígono larrondobeko N, 3, pab 10, 48180 Loiu, Bizkaia
Google: 5⭐ (8 reseñas)
Maps: https://maps.google.com/?cid=12168276721941650968&g_mp=Cidnb29nbGUubWFwcy5wbGFjZXMudjEuUGxhY2VzLlNlYXJjaFRleHQQAhgEIAA"
cmpd0mbv002igq1seitiuzkop,Tatami4all Indautxu,,946 75 65 38,Tatami4all Indautxu,,España,google-maps,atleevobox,NUEVO,MEDIA,,,2026-05-19T19:17:50.604Z,2026-05-19T19:17:50.604Z,http://www.tatami4all.com/,"José María de Escuza Kalea, 2, Abando, 48010 Bilbao, Bizkaia",Bilbao,5,92,https://maps.google.com/?cid=16586635865916123915&g_mp=Cidnb29nbGUubWFwcy5wbGFjZXMudjEuUGxhY2VzLlNlYXJjaFRleHQQAhgEIAA,gym,OPERATIONAL,"Importado desde Google Maps
Tipo: Gimnasio
Dirección: José María de Escuza Kalea, 2, Abando, 48010 Bilbao, Bizkaia
Google: 5⭐ (92 reseñas)
Web: http://www.tatami4all.com/
Maps: https://maps.google.com/?cid=16586635865916123915&g_mp=Cidnb29nbGUubWFwcy5wbGFjZXMudjEuUGxhY2VzLlNlYXJjaFRleHQQAhgEIAA"
cmpd0mdhc02ihq1sebk7h6cny,Barakaldoko Boxeo Eskola,,614 16 67 94,Barakaldoko Boxeo Eskola,,España,google-maps,atleevobox,NUEVO,MEDIA,,,2026-05-19T19:17:52.704Z,2026-05-19T19:17:52.704Z,https://www.barakaldoko-boxeo-eskola.com/,"Autonomia K., 31, 48902 San Vicente de Barakaldo, Bizkaia",Bilbao,4.6,22,https://maps.google.com/?cid=13918197092687664808&g_mp=Cidnb29nbGUubWFwcy5wbGFjZXMudjEuUGxhY2VzLlNlYXJjaFRleHQQAhgEIAA,sports_club,OPERATIONAL,"Importado desde Google Maps
Tipo: Club deportivo
Dirección: Autonomia K., 31, 48902 San Vicente de Barakaldo, Bizkaia
Google: 4.6⭐ (22 reseñas)
Web: https://www.barakaldoko-boxeo-eskola.com/
Maps: https://maps.google.com/?cid=13918197092687664808&g_mp=Cidnb29nbGUubWFwcy5wbGFjZXMudjEuUGxhY2VzLlNlYXJjaFRleHQQAhgEIAA"
cmpd0mes202iiq1sechp6xv2d,IKM Krav Maga Bilbao,,647 16 55 91,IKM Krav Maga Bilbao,,España,google-maps,atleevobox,NUEVO,MEDIA,,,2026-05-19T19:17:54.387Z,2026-05-19T19:17:54.387Z,http://kravmaga-bilbao.com/,"Subterráneo, Galería comercial, Pl. Indautxu, Abando, 48010 Bilbao, Vizcaya",Bilbao,5,17,https://maps.google.com/?cid=4850927730818395129&g_mp=Cidnb29nbGUubWFwcy5wbGFjZXMudjEuUGxhY2VzLlNlYXJjaFRleHQQAhgEIAA,sports_school,OPERATIONAL,"Importado desde Google Maps
Tipo: Escuela deportiva
Dirección: Subterráneo, Galería comercial, Pl. Indautxu, Abando, 48010 Bilbao, Vizcaya
Google: 5⭐ (17 reseñas)
Web: http://kravmaga-bilbao.com/
Maps: https://maps.google.com/?cid=4850927730818395129&g_mp=Cidnb29nbGUubWFwcy5wbGFjZXMudjEuUGxhY2VzLlNlYXJjaFRleHQQAhgEIAA"
cmpd0mi8f02ijq1se8x1lmdcz,Dojang Mallorca,,623 27 82 86,Dojang Mallorca,,España,google-maps,atleevobox,NUEVO,MEDIA,,,2026-05-19T19:17:58.863Z,2026-05-19T19:17:58.863Z,,"Carrer de Pablo Iglesias, 25, Nord, 07004 Palma, Illes Balears",Palma de Mallorca,4.9,27,https://maps.google.com/?cid=8177668931817756740&g_mp=Cidnb29nbGUubWFwcy5wbGFjZXMudjEuUGxhY2VzLlNlYXJjaFRleHQQAhgEIAA,sports_club,OPERATIONAL,"Importado desde Google Maps
Tipo: Club deportivo
Dirección: Carrer de Pablo Iglesias, 25, Nord, 07004 Palma, Illes Balears
Google: 4.9⭐ (27 reseñas)
Maps: https://maps.google.com/?cid=8177668931817756740&g_mp=Cidnb29nbGUubWFwcy5wbGFjZXMudjEuUGxhY2VzLlNlYXJjaFRleHQQAhgEIAA"
cmpd0mn9202ikq1se3o6iegpv,A1- Korat Muay Thai Club,,689 68 55 63,A1- Korat Muay Thai Club,,España,google-maps,atleevobox,NUEVO,MEDIA,,,2026-05-19T19:18:05.367Z,2026-05-19T19:18:05.367Z,http://www.koratmuaythaiclub.com/,"Carrer Nicolau de Pacs, nº6, Llevant, 07006 Palma, Illes Balears",Palma de Mallorca,4.8,30,https://maps.google.com/?cid=12074519769527273951&g_mp=Cidnb29nbGUubWFwcy5wbGFjZXMudjEuUGxhY2VzLlNlYXJjaFRleHQQAhgEIAA,sports_school,OPERATIONAL,"Importado desde Google Maps
Tipo: Escuela deportiva
Dirección: Carrer Nicolau de Pacs, nº6, Llevant, 07006 Palma, Illes Balears
Google: 4.8⭐ (30 reseñas)
Web: http://www.koratmuaythaiclub.com/
Maps: https://maps.google.com/?cid=12074519769527273951&g_mp=Cidnb29nbGUubWFwcy5wbGFjZXMudjEuUGxhY2VzLlNlYXJjaFRleHQQAhgEIAA"
cmpd0mniw02ilq1secu6mhfkf,Chong Ma,,971 47 32 52,Chong Ma,,España,google-maps,atleevobox,NUEVO,MEDIA,,,2026-05-19T19:18:05.720Z,2026-05-19T19:18:05.720Z,https://www.instagram.com/gym.chongma.rafal,"Carrer del Taronger, 4, Llevant, 07008 Palma, Illes Balears",Palma de Mallorca,5,10,https://maps.google.com/?cid=8924559048793953165&g_mp=Cidnb29nbGUubWFwcy5wbGFjZXMudjEuUGxhY2VzLlNlYXJjaFRleHQQAhgEIAA,sports_school,OPERATIONAL,"Importado desde Google Maps
Tipo: Escuela deportiva
Dirección: Carrer del Taronger, 4, Llevant, 07008 Palma, Illes Balears
Google: 5⭐ (10 reseñas)
Web: https://www.instagram.com/gym.chongma.rafal
Maps: https://maps.google.com/?cid=8924559048793953165&g_mp=Cidnb29nbGUubWFwcy5wbGFjZXMudjEuUGxhY2VzLlNlYXJjaFRleHQQAhgEIAA"
cmpd0mnsh02imq1se1505d56q,Escuela Wushu Kwando,,658 96 02 51,Escuela Wushu Kwando,,España,google-maps,atleevobox,NUEVO,MEDIA,,,2026-05-19T19:18:06.066Z,2026-05-19T19:18:06.066Z,http://wushukwando.com/,"Camí Salard, Llevant, 07008 Palma, Illes Balears",Palma de Mallorca,5,7,https://maps.google.com/?cid=7974076200259437677&g_mp=Cidnb29nbGUubWFwcy5wbGFjZXMudjEuUGxhY2VzLlNlYXJjaFRleHQQAhgEIAA,sports_school,OPERATIONAL,"Importado desde Google Maps
Tipo: Escuela deportiva
Dirección: Camí Salard, Llevant, 07008 Palma, Illes Balears
Google: 5⭐ (7 reseñas)
Web: http://wushukwando.com/
Maps: https://maps.google.com/?cid=7974076200259437677&g_mp=Cidnb29nbGUubWFwcy5wbGFjZXMudjEuUGxhY2VzLlNlYXJjaFRleHQQAhgEIAA"
cmpd0mo2l02inq1secpb8dyqy,Asociación Nacional de Defensa Personal y artes marciales TOES,,633 54 01 73,Asociación Nacional de Defensa Personal y artes marciales TOES,,España,google-maps,atleevobox,NUEVO,MEDIA,,,2026-05-19T19:18:06.429Z,2026-05-19T19:18:06.429Z,http://www.santosgym.es/,"C/ de Gumersindo, 36, bajo, Nord, 07004 Palma, Illes Balears",Palma de Mallorca,5,1,https://maps.google.com/?cid=4596253191053995805&g_mp=Cidnb29nbGUubWFwcy5wbGFjZXMudjEuUGxhY2VzLlNlYXJjaFRleHQQAhgEIAA,sports_school,OPERATIONAL,"Importado desde Google Maps
Tipo: Escuela deportiva
Dirección: C/ de Gumersindo, 36, bajo, Nord, 07004 Palma, Illes Balears
Google: 5⭐ (1 reseñas)
Web: http://www.santosgym.es/
Maps: https://maps.google.com/?cid=4596253191053995805&g_mp=Cidnb29nbGUubWFwcy5wbGFjZXMudjEuUGxhY2VzLlNlYXJjaFRleHQQAhgEIAA"
cmpd0mpgj02ioq1seq230nycl,The Boxer Club Plaza Circular,,,The Boxer Club Plaza Circular,,España,google-maps,atleevobox,NUEVO,MEDIA,,,2026-05-19T19:18:08.227Z,2026-05-19T19:18:08.227Z,https://theboxerclub.es/clubs/boxer-club-murcia/,"Ronda de Levante, Pl. Circular, 15, 30008 Murcia",Murcia,4.9,158,https://maps.google.com/?cid=8360386507049310178&g_mp=Cidnb29nbGUubWFwcy5wbGFjZXMudjEuUGxhY2VzLlNlYXJjaFRleHQQAhgEIAA,sports_coaching,OPERATIONAL,"Importado desde Google Maps
Tipo: Sports coaching
Dirección: Ronda de Levante, Pl. Circular, 15, 30008 Murcia
Google: 4.9⭐ (158 reseñas)
Web: https://theboxerclub.es/clubs/boxer-club-murcia/
Maps: https://maps.google.com/?cid=8360386507049310178&g_mp=Cidnb29nbGUubWFwcy5wbGFjZXMudjEuUGxhY2VzLlNlYXJjaFRleHQQAhgEIAA"
cmpd0mpq302ipq1se5hs8ckrn,Brooklyn Fitboxing Murcia,,690 99 89 03,Brooklyn Fitboxing Murcia,,España,google-maps,atleevobox,NUEVO,MEDIA,,,2026-05-19T19:18:08.572Z,2026-05-19T19:18:08.572Z,https://bfclick.com/murcia-gmb,"Av. Juan Carlos I, 50, 30007 Murcia",Murcia,5,179,https://maps.google.com/?cid=2107823436985771357&g_mp=Cidnb29nbGUubWFwcy5wbGFjZXMudjEuUGxhY2VzLlNlYXJjaFRleHQQAhgEIAA,gym,OPERATIONAL,"Importado desde Google Maps
Tipo: Gimnasio
Dirección: Av. Juan Carlos I, 50, 30007 Murcia
Google: 5⭐ (179 reseñas)
Web: https://bfclick.com/murcia-gmb
Maps: https://maps.google.com/?cid=2107823436985771357&g_mp=Cidnb29nbGUubWFwcy5wbGFjZXMudjEuUGxhY2VzLlNlYXJjaFRleHQQAhgEIAA"
cmpd0mpzm02iqq1seh83u1s0x,Murcia Thai Fight,,611 66 84 28,Murcia Thai Fight,,España,google-maps,atleevobox,NUEVO,MEDIA,,,2026-05-19T19:18:08.914Z,2026-05-19T19:18:08.914Z,,"Carr. de Alicante, 161, nave 3, 30007 Murcia",Murcia,5,62,https://maps.google.com/?cid=11433373153432675650&g_mp=Cidnb29nbGUubWFwcy5wbGFjZXMudjEuUGxhY2VzLlNlYXJjaFRleHQQAhgEIAA,sports_coaching,OPERATIONAL,"Importado desde Google Maps
Tipo: Sports coaching
Dirección: Carr. de Alicante, 161, nave 3, 30007 Murcia
Google: 5⭐ (62 reseñas)
Maps: https://maps.google.com/?cid=11433373153432675650&g_mp=Cidnb29nbGUubWFwcy5wbGFjZXMudjEuUGxhY2VzLlNlYXJjaFRleHQQAhgEIAA"
cmpd0mqei02irq1sevmmhtfsp,Gimnasio Rehi,,642 11 90 93,Gimnasio Rehi,,España,google-maps,atleevobox,NUEVO,MEDIA,,,2026-05-19T19:18:09.450Z,2026-05-19T19:18:09.450Z,https://gimnasios.fitness/es/i/2043-gimnasio-rehi/,"Av Infante Don Juan Manuel 4 Bajo, Avenida Infante Juan Manuel, 30011 Murcia",Murcia,4.9,90,https://maps.google.com/?cid=1613625594287193629&g_mp=Cidnb29nbGUubWFwcy5wbGFjZXMudjEuUGxhY2VzLlNlYXJjaFRleHQQAhgEIAA,gym,OPERATIONAL,"Importado desde Google Maps
Tipo: Gimnasio
Dirección: Av Infante Don Juan Manuel 4 Bajo, Avenida Infante Juan Manuel, 30011 Murcia
Google: 4.9⭐ (90 reseñas)
Web: https://gimnasios.fitness/es/i/2043-gimnasio-rehi/
Maps: https://maps.google.com/?cid=1613625594287193629&g_mp=Cidnb29nbGUubWFwcy5wbGFjZXMudjEuUGxhY2VzLlNlYXJjaFRleHQQAhgEIAA"
cmpd0mqoj02isq1se52t673o1,Gimnasio Dragon's Club,,687 38 98 82,Gimnasio Dragon's Club,,España,google-maps,atleevobox,NUEVO,MEDIA,,,2026-05-19T19:18:09.811Z,2026-05-19T19:18:09.811Z,http://dragonsclubgimnasio.com/,"Calle Pinatar, 10, 30010 Murcia",Murcia,4.7,355,https://maps.google.com/?cid=5170420394318976916&g_mp=Cidnb29nbGUubWFwcy5wbGFjZXMudjEuUGxhY2VzLlNlYXJjaFRleHQQAhgEIAA,gym,OPERATIONAL,"Importado desde Google Maps
Tipo: Gimnasio
Dirección: Calle Pinatar, 10, 30010 Murcia
Google: 4.7⭐ (355 reseñas)
Web: http://dragonsclubgimnasio.com/
Maps: https://maps.google.com/?cid=5170420394318976916&g_mp=Cidnb29nbGUubWFwcy5wbGFjZXMudjEuUGxhY2VzLlNlYXJjaFRleHQQAhgEIAA"
cmpd0mqyv02itq1sef9h94tvx,Centro Deportivo GdO (Guante de oro),,621 24 13 41,Centro Deportivo GdO (Guante de oro),,España,google-maps,atleevobox,NUEVO,MEDIA,,,2026-05-19T19:18:10.184Z,2026-05-19T19:18:10.184Z,https://centro-deportivo-gdo.webnode.es/,"Calle Orilla de la Vía, 51, 30011 Murcia",Murcia,4.8,57,https://maps.google.com/?cid=17259767860939541190&g_mp=Cidnb29nbGUubWFwcy5wbGFjZXMudjEuUGxhY2VzLlNlYXJjaFRleHQQAhgEIAA,fitness_center,OPERATIONAL,"Importado desde Google Maps
Tipo: Centro deportivo
Dirección: Calle Orilla de la Vía, 51, 30011 Murcia
Google: 4.8⭐ (57 reseñas)
Web: https://centro-deportivo-gdo.webnode.es/
Maps: https://maps.google.com/?cid=17259767860939541190&g_mp=Cidnb29nbGUubWFwcy5wbGFjZXMudjEuUGxhY2VzLlNlYXJjaFRleHQQAhgEIAA"
cmpd0mr9202iuq1sehjg02spb,Nak Muay Murcia,,637 16 79 67,Nak Muay Murcia,,España,google-maps,atleevobox,NUEVO,MEDIA,,,2026-05-19T19:18:10.550Z,2026-05-19T19:18:10.550Z,http://nakmuaymurcia.com/,"Murcia avenida, bajo número 4, 30012 Murcia",Murcia,5,69,https://maps.google.com/?cid=11423523938145733402&g_mp=Cidnb29nbGUubWFwcy5wbGFjZXMudjEuUGxhY2VzLlNlYXJjaFRleHQQAhgEIAA,,OPERATIONAL,"Importado desde Google Maps
Dirección: Murcia avenida, bajo número 4, 30012 Murcia
Google: 5⭐ (69 reseñas)
Web: http://nakmuaymurcia.com/
Maps: https://maps.google.com/?cid=11423523938145733402&g_mp=Cidnb29nbGUubWFwcy5wbGFjZXMudjEuUGxhY2VzLlNlYXJjaFRleHQQAhgEIAA"
cmpd0mrie02ivq1se4c2i0t6q,Box El Tiro,,604 86 08 71,Box El Tiro,,España,google-maps,atleevobox,NUEVO,MEDIA,,,2026-05-19T19:18:10.886Z,2026-05-19T19:18:10.886Z,https://boxeltiro.es/,"C. Antonio Belmonte Abellan, 11, 30100 Murcia",Murcia,4.9,311,https://maps.google.com/?cid=4422088378998280792&g_mp=Cidnb29nbGUubWFwcy5wbGFjZXMudjEuUGxhY2VzLlNlYXJjaFRleHQQAhgEIAA,gym,OPERATIONAL,"Importado desde Google Maps
Tipo: Gimnasio
Dirección: C. Antonio Belmonte Abellan, 11, 30100 Murcia
Google: 4.9⭐ (311 reseñas)
Web: https://boxeltiro.es/
Maps: https://maps.google.com/?cid=4422088378998280792&g_mp=Cidnb29nbGUubWFwcy5wbGFjZXMudjEuUGxhY2VzLlNlYXJjaFRleHQQAhgEIAA"
cmpd0mrrt02iwq1se6ide8yz5,KanBox Murcia,,686 50 78 82,KanBox Murcia,,España,google-maps,atleevobox,NUEVO,MEDIA,,,2026-05-19T19:18:11.225Z,2026-05-19T19:18:11.225Z,http://kanboxmurcia.com/,"Cam. Recreative, 18, 30100 Murcia",Murcia,4.8,87,https://maps.google.com/?cid=944090233206023578&g_mp=Cidnb29nbGUubWFwcy5wbGFjZXMudjEuUGxhY2VzLlNlYXJjaFRleHQQAhgEIAA,fitness_center,OPERATIONAL,"Importado desde Google Maps
Tipo: Centro deportivo
Dirección: Cam. Recreative, 18, 30100 Murcia
Google: 4.8⭐ (87 reseñas)
Web: http://kanboxmurcia.com/
Maps: https://maps.google.com/?cid=944090233206023578&g_mp=Cidnb29nbGUubWFwcy5wbGFjZXMudjEuUGxhY2VzLlNlYXJjaFRleHQQAhgEIAA"
cmpd0ms0z02ixq1semq0e2nkr,KIKO MARTINEZ ESCUELA BOXEO,,968 30 31 26,KIKO MARTINEZ ESCUELA BOXEO,,España,google-maps,atleevobox,NUEVO,MEDIA,,,2026-05-19T19:18:11.555Z,2026-05-19T19:18:11.555Z,,"Calle Atleta, 1, 30006 Puente Tocinos, Murcia",Murcia,5,2,https://maps.google.com/?cid=6098714645012533151&g_mp=Cidnb29nbGUubWFwcy5wbGFjZXMudjEuUGxhY2VzLlNlYXJjaFRleHQQAhgEIAA,sports_coaching,OPERATIONAL,"Importado desde Google Maps
Tipo: Sports coaching
Dirección: Calle Atleta, 1, 30006 Puente Tocinos, Murcia
Google: 5⭐ (2 reseñas)
Maps: https://maps.google.com/?cid=6098714645012533151&g_mp=Cidnb29nbGUubWFwcy5wbGFjZXMudjEuUGxhY2VzLlNlYXJjaFRleHQQAhgEIAA"
cmpd0msa202iyq1sexo9bm1ut,Northwest Box,,,Northwest Box,,España,google-maps,atleevobox,NUEVO,MEDIA,,,2026-05-19T19:18:11.882Z,2026-05-19T19:18:11.882Z,https://northwest.wodbuster.com/,"Ctra. de Murcia, 19, 30400 Caravaca de la Cruz, Murcia",Murcia,5,66,https://maps.google.com/?cid=12044249603869297734&g_mp=Cidnb29nbGUubWFwcy5wbGFjZXMudjEuUGxhY2VzLlNlYXJjaFRleHQQAhgEIAA,gym,OPERATIONAL,"Importado desde Google Maps
Tipo: Gimnasio
Dirección: Ctra. de Murcia, 19, 30400 Caravaca de la Cruz, Murcia
Google: 5⭐ (66 reseñas)
Web: https://northwest.wodbuster.com/
Maps: https://maps.google.com/?cid=12044249603869297734&g_mp=Cidnb29nbGUubWFwcy5wbGFjZXMudjEuUGxhY2VzLlNlYXJjaFRleHQQAhgEIAA"
cmpd0msj802izq1seddp2hd4v,Mundo Fit Contact Murcia,,641 56 90 48,Mundo Fit Contact Murcia,,España,google-maps,atleevobox,NUEVO,MEDIA,,,2026-05-19T19:18:12.212Z,2026-05-19T19:18:12.212Z,,"C. Actor José Crespo, 30002 Murcia",Murcia,4.9,32,https://maps.google.com/?cid=12205008739464589466&g_mp=Cidnb29nbGUubWFwcy5wbGFjZXMudjEuUGxhY2VzLlNlYXJjaFRleHQQAhgEIAA,fitness_center,OPERATIONAL,"Importado desde Google Maps
Tipo: Centro deportivo
Dirección: C. Actor José Crespo, 30002 Murcia
Google: 4.9⭐ (32 reseñas)
Maps: https://maps.google.com/?cid=12205008739464589466&g_mp=Cidnb29nbGUubWFwcy5wbGFjZXMudjEuUGxhY2VzLlNlYXJjaFRleHQQAhgEIAA"
cmpd0mssn02j0q1sefwa0tdxh,Elite Box Murcia CrossTraining,,618 68 00 98,Elite Box Murcia CrossTraining,,España,google-maps,atleevobox,NUEVO,MEDIA,,,2026-05-19T19:18:12.552Z,2026-05-19T19:18:12.552Z,https://elitebox.wodbuster.com/,"Polígono Camposol, 30006 Puente Tocinos, Murcia",Murcia,5,15,https://maps.google.com/?cid=11508471875677967345&g_mp=Cidnb29nbGUubWFwcy5wbGFjZXMudjEuUGxhY2VzLlNlYXJjaFRleHQQAhgEIAA,gym,OPERATIONAL,"Importado desde Google Maps
Tipo: Gimnasio
Dirección: Polígono Camposol, 30006 Puente Tocinos, Murcia
Google: 5⭐ (15 reseñas)
Web: https://elitebox.wodbuster.com/
Maps: https://maps.google.com/?cid=11508471875677967345&g_mp=Cidnb29nbGUubWFwcy5wbGFjZXMudjEuUGxhY2VzLlNlYXJjaFRleHQQAhgEIAA"
cmpd0mt1r02j1q1se56a0931n,Gimnasio VivaGym Plaza Circular,,,Gimnasio VivaGym Plaza Circular,,España,google-maps,atleevobox,NUEVO,MEDIA,,,2026-05-19T19:18:12.879Z,2026-05-19T19:18:12.879Z,https://www.vivagym.com/es-es/gimnasios/murcia/capital/plaza-circular/?utm_campaign=250922_es_gmb_conversion_generic_plaza-circular&utm_medium=organic&utm_source=gmb,"Rda. de Levante, 15, 30008 Murcia",Murcia,4.3,273,https://maps.google.com/?cid=16590814656925190820&g_mp=Cidnb29nbGUubWFwcy5wbGFjZXMudjEuUGxhY2VzLlNlYXJjaFRleHQQAhgEIAA,gym,OPERATIONAL,"Importado desde Google Maps
Tipo: Gimnasio
Dirección: Rda. de Levante, 15, 30008 Murcia
Google: 4.3⭐ (273 reseñas)
Web: https://www.vivagym.com/es-es/gimnasios/murcia/capital/plaza-circular/?utm_campaign=250922_es_gmb_conversion_generic_plaza-circular&utm_medium=organic&utm_source=gmb
Maps: https://maps.google.com/?cid=16590814656925190820&g_mp=Cidnb29nbGUubWFwcy5wbGFjZXMudjEuUGxhY2VzLlNlYXJjaFRleHQQAhgEIAA"
cmpd0mtbn02j2q1sea6x1bzsz,Panther Box,,680 83 45 66,Panther Box,,España,google-maps,atleevobox,NUEVO,MEDIA,,,2026-05-19T19:18:13.235Z,2026-05-19T19:18:13.235Z,https://www.pantherbox.es/,"C. Cisne, 5, 30009 Murcia",Murcia,5,96,https://maps.google.com/?cid=10914361619239074826&g_mp=Cidnb29nbGUubWFwcy5wbGFjZXMudjEuUGxhY2VzLlNlYXJjaFRleHQQAhgEIAA,fitness_center,OPERATIONAL,"Importado desde Google Maps
Tipo: Centro deportivo
Dirección: C. Cisne, 5, 30009 Murcia
Google: 5⭐ (96 reseñas)
Web: https://www.pantherbox.es/
Maps: https://maps.google.com/?cid=10914361619239074826&g_mp=Cidnb29nbGUubWFwcy5wbGFjZXMudjEuUGxhY2VzLlNlYXJjaFRleHQQAhgEIAA"
cmpd0mtkz02j3q1sefjenmu5o,Synergym Murcia Ronda Sur,,,Synergym Murcia Ronda Sur,,España,google-maps,atleevobox,NUEVO,MEDIA,,,2026-05-19T19:18:13.572Z,2026-05-19T19:18:13.572Z,https://synergym.es/murcia-ronda-sur/,"P.º de Florencia, 29, 30010 San Benito - Patiño, Murcia",Murcia,4.8,803,https://maps.google.com/?cid=2120847404341387840&g_mp=Cidnb29nbGUubWFwcy5wbGFjZXMudjEuUGxhY2VzLlNlYXJjaFRleHQQAhgEIAA,gym,OPERATIONAL,"Importado desde Google Maps
Tipo: Gimnasio
Dirección: P.º de Florencia, 29, 30010 San Benito - Patiño, Murcia
Google: 4.8⭐ (803 reseñas)
Web: https://synergym.es/murcia-ronda-sur/
Maps: https://maps.google.com/?cid=2120847404341387840&g_mp=Cidnb29nbGUubWFwcy5wbGFjZXMudjEuUGxhY2VzLlNlYXJjaFRleHQQAhgEIAA"
cmpd0mtuc02j4q1sep24yk303,Gym Doris,,968 93 29 28,Gym Doris,,España,google-maps,atleevobox,NUEVO,MEDIA,,,2026-05-19T19:18:13.908Z,2026-05-19T19:18:13.908Z,http://www.gymdoris.es/,"C. Palma de Mallorca, 6, 30009 Murcia",Murcia,4.6,1742,https://maps.google.com/?cid=13127406417283191729&g_mp=Cidnb29nbGUubWFwcy5wbGFjZXMudjEuUGxhY2VzLlNlYXJjaFRleHQQAhgEIAA,gym,OPERATIONAL,"Importado desde Google Maps
Tipo: Gimnasio
Dirección: C. Palma de Mallorca, 6, 30009 Murcia
Google: 4.6⭐ (1742 reseñas)
Web: http://www.gymdoris.es/
Maps: https://maps.google.com/?cid=13127406417283191729&g_mp=Cidnb29nbGUubWFwcy5wbGFjZXMudjEuUGxhY2VzLlNlYXJjaFRleHQQAhgEIAA"
cmpd0mu3n02j5q1semzmxifqe,MCM Centro Deportivo,,968 85 29 78,MCM Centro Deportivo,,España,google-maps,atleevobox,NUEVO,MEDIA,,,2026-05-19T19:18:14.243Z,2026-05-19T19:18:14.243Z,http://mcmcentrodeportivo.com/,"Vereda, C. de la Cruz, 70, 30160 Llano de Brujas, Murcia",Murcia,4.3,180,https://maps.google.com/?cid=5029236844171548078&g_mp=Cidnb29nbGUubWFwcy5wbGFjZXMudjEuUGxhY2VzLlNlYXJjaFRleHQQAhgEIAA,gym,OPERATIONAL,"Importado desde Google Maps
Tipo: Gimnasio
Dirección: Vereda, C. de la Cruz, 70, 30160 Llano de Brujas, Murcia
Google: 4.3⭐ (180 reseñas)
Web: http://mcmcentrodeportivo.com/
Maps: https://maps.google.com/?cid=5029236844171548078&g_mp=Cidnb29nbGUubWFwcy5wbGFjZXMudjEuUGxhY2VzLlNlYXJjaFRleHQQAhgEIAA"
cmpd0mucw02j6q1sev84kvw2r,Club Boxeo VÍCTOR D. VÁZQUEZ,,633 61 30 03,Club Boxeo VÍCTOR D. VÁZQUEZ,,España,google-maps,atleevobox,NUEVO,MEDIA,,,2026-05-19T19:18:14.577Z,2026-05-19T19:18:14.577Z,https://club-de-boxeo-victor-d-8.webnode.es/,"Av. Valencia, 33 CAO GYM, 30500 Molina de Segura, Murcia",Murcia,5,30,https://maps.google.com/?cid=9918927378522073210&g_mp=Cidnb29nbGUubWFwcy5wbGFjZXMudjEuUGxhY2VzLlNlYXJjaFRleHQQAhgEIAA,sports_club,OPERATIONAL,"Importado desde Google Maps
Tipo: Club deportivo
Dirección: Av. Valencia, 33 CAO GYM, 30500 Molina de Segura, Murcia
Google: 5⭐ (30 reseñas)
Web: https://club-de-boxeo-victor-d-8.webnode.es/
Maps: https://maps.google.com/?cid=9918927378522073210&g_mp=Cidnb29nbGUubWFwcy5wbGFjZXMudjEuUGxhY2VzLlNlYXJjaFRleHQQAhgEIAA"
cmpd0muqz02j7q1se201czx04,Federación de Boxeo Región de Murcia,,,Federación de Boxeo Región de Murcia,,España,google-maps,atleevobox,NUEVO,MEDIA,,,2026-05-19T19:18:15.083Z,2026-05-19T19:18:15.083Z,,"C. Escuelas, 38D, 30100 Murcia",Murcia,2.3,3,https://maps.google.com/?cid=13606773798053826634&g_mp=Cidnb29nbGUubWFwcy5wbGFjZXMudjEuUGxhY2VzLlNlYXJjaFRleHQQAhgEIAA,gym,OPERATIONAL,"Importado desde Google Maps
Tipo: Gimnasio
Dirección: C. Escuelas, 38D, 30100 Murcia
Google: 2.3⭐ (3 reseñas)
Maps: https://maps.google.com/?cid=13606773798053826634&g_mp=Cidnb29nbGUubWFwcy5wbGFjZXMudjEuUGxhY2VzLlNlYXJjaFRleHQQAhgEIAA"
cmpd0my0502j8q1se4bjgfd2y,Brooklyn Fitboxing Las palmas,,608 26 50 97,Brooklyn Fitboxing Las palmas,,España,google-maps,atleevobox,NUEVO,MEDIA,,,2026-05-19T19:18:19.302Z,2026-05-19T19:18:19.302Z,https://bfclick.com/las-palmas-gmb,"C. de Pérez del Toro, 21, 35004 Las Palmas de Gran Canaria, Las Palmas",Las Palmas de Gran Canaria,4.9,283,https://maps.google.com/?cid=7822933047154346978&g_mp=Cidnb29nbGUubWFwcy5wbGFjZXMudjEuUGxhY2VzLlNlYXJjaFRleHQQAhgEIAA,gym,OPERATIONAL,"Importado desde Google Maps
Tipo: Gimnasio
Dirección: C. de Pérez del Toro, 21, 35004 Las Palmas de Gran Canaria, Las Palmas
Google: 4.9⭐ (283 reseñas)
Web: https://bfclick.com/las-palmas-gmb
Maps: https://maps.google.com/?cid=7822933047154346978&g_mp=Cidnb29nbGUubWFwcy5wbGFjZXMudjEuUGxhY2VzLlNlYXJjaFRleHQQAhgEIAA"
cmpd0my9k02j9q1sesavpyt9f,Club deportivo Franco,,928 50 46 66,Club deportivo Franco,,España,google-maps,atleevobox,NUEVO,MEDIA,,,2026-05-19T19:18:19.641Z,2026-05-19T19:18:19.641Z,http://www.clubdeportivofranco.com/,"C. Luis Morote, 54, 35007 Las Palmas de Gran Canaria, Las Palmas",Las Palmas de Gran Canaria,4.9,57,https://maps.google.com/?cid=1395136835121597893&g_mp=Cidnb29nbGUubWFwcy5wbGFjZXMudjEuUGxhY2VzLlNlYXJjaFRleHQQAhgEIAA,sports_club,OPERATIONAL,"Importado desde Google Maps
Tipo: Club deportivo
Dirección: C. Luis Morote, 54, 35007 Las Palmas de Gran Canaria, Las Palmas
Google: 4.9⭐ (57 reseñas)
Web: http://www.clubdeportivofranco.com/
Maps: https://maps.google.com/?cid=1395136835121597893&g_mp=Cidnb29nbGUubWFwcy5wbGFjZXMudjEuUGxhY2VzLlNlYXJjaFRleHQQAhgEIAA"
cmpd0myjt02jaq1seu6hdwbsm,The Boxer Club Siete Palmas,,,The Boxer Club Siete Palmas,,España,google-maps,atleevobox,NUEVO,MEDIA,,,2026-05-19T19:18:20.010Z,2026-05-19T19:18:20.010Z,https://theboxerclub.es/clubs/boxer-club-siete-palmas/,"Av Pintor Felo Monzón, 44, Centro Comercial 7, 35019 Las Palmas de Gran Canaria, Las Palmas",Las Palmas de Gran Canaria,5,30,https://maps.google.com/?cid=911919028362747345&g_mp=Cidnb29nbGUubWFwcy5wbGFjZXMudjEuUGxhY2VzLlNlYXJjaFRleHQQAhgEIAA,sports_coaching,OPERATIONAL,"Importado desde Google Maps
Tipo: Sports coaching
Dirección: Av Pintor Felo Monzón, 44, Centro Comercial 7, 35019 Las Palmas de Gran Canaria, Las Palmas
Google: 5⭐ (30 reseñas)
Web: https://theboxerclub.es/clubs/boxer-club-siete-palmas/
Maps: https://maps.google.com/?cid=911919028362747345&g_mp=Cidnb29nbGUubWFwcy5wbGFjZXMudjEuUGxhY2VzLlNlYXJjaFRleHQQAhgEIAA"
cmpd0myti02jbq1se0hj0zarj,Brooklyn Fitboxing Las palmas canteras,,665 62 60 79,Brooklyn Fitboxing Las palmas canteras,,España,google-maps,atleevobox,NUEVO,MEDIA,,,2026-05-19T19:18:20.359Z,2026-05-19T19:18:20.359Z,https://bfclick.com/las-palmas-canteras-gmb,"C. Fernando Guanarteme, 32, 35010 Las Palmas de Gran Canaria, Las Palmas",Las Palmas de Gran Canaria,5,165,https://maps.google.com/?cid=13026161960054884205&g_mp=Cidnb29nbGUubWFwcy5wbGFjZXMudjEuUGxhY2VzLlNlYXJjaFRleHQQAhgEIAA,gym,OPERATIONAL,"Importado desde Google Maps
Tipo: Gimnasio
Dirección: C. Fernando Guanarteme, 32, 35010 Las Palmas de Gran Canaria, Las Palmas
Google: 5⭐ (165 reseñas)
Web: https://bfclick.com/las-palmas-canteras-gmb
Maps: https://maps.google.com/?cid=13026161960054884205&g_mp=Cidnb29nbGUubWFwcy5wbGFjZXMudjEuUGxhY2VzLlNlYXJjaFRleHQQAhgEIAA"
cmpd0mz2o02jcq1se1foum6n3,Life4sport Club de Boxeo,,657 42 95 93,Life4sport Club de Boxeo,,España,google-maps,atleevobox,NUEVO,MEDIA,,,2026-05-19T19:18:20.688Z,2026-05-19T19:18:20.688Z,https://www.facebook.com/Life4sport-Club-110315032491448/,"C. Ángel Guimerá, 82, 35004 Las Palmas de Gran Canaria, Las Palmas",Las Palmas de Gran Canaria,4.9,17,https://maps.google.com/?cid=16518917894214882230&g_mp=Cidnb29nbGUubWFwcy5wbGFjZXMudjEuUGxhY2VzLlNlYXJjaFRleHQQAhgEIAA,fitness_center,OPERATIONAL,"Importado desde Google Maps
Tipo: Centro deportivo
Dirección: C. Ángel Guimerá, 82, 35004 Las Palmas de Gran Canaria, Las Palmas
Google: 4.9⭐ (17 reseñas)
Web: https://www.facebook.com/Life4sport-Club-110315032491448/
Maps: https://maps.google.com/?cid=16518917894214882230&g_mp=Cidnb29nbGUubWFwcy5wbGFjZXMudjEuUGxhY2VzLlNlYXJjaFRleHQQAhgEIAA"
cmpd0mzc702jdq1set7pboujz,Boxeo Sandro Bandido (Las palmas de Gran canaria),,602 04 69 59,Boxeo Sandro Bandido (Las palmas de Gran canaria),,España,google-maps,atleevobox,NUEVO,MEDIA,,,2026-05-19T19:18:21.032Z,2026-05-19T19:18:21.032Z,,"C. Pl. Barranco de la Ballena, 35012 Las Palmas de Gran Canaria, Las Palmas",Las Palmas de Gran Canaria,5,15,https://maps.google.com/?cid=3089642154631968946&g_mp=Cidnb29nbGUubWFwcy5wbGFjZXMudjEuUGxhY2VzLlNlYXJjaFRleHQQAhgEIAA,sports_club,OPERATIONAL,"Importado desde Google Maps
Tipo: Club deportivo
Dirección: C. Pl. Barranco de la Ballena, 35012 Las Palmas de Gran Canaria, Las Palmas
Google: 5⭐ (15 reseñas)
Maps: https://maps.google.com/?cid=3089642154631968946&g_mp=Cidnb29nbGUubWFwcy5wbGFjZXMudjEuUGxhY2VzLlNlYXJjaFRleHQQAhgEIAA"
cmpd0mzmg02jeq1sebc2hbnjr,Brooklyn Fitboxing Las palmeras,,608 26 50 97,Brooklyn Fitboxing Las palmeras,,España,google-maps,atleevobox,NUEVO,MEDIA,,,2026-05-19T19:18:21.369Z,2026-05-19T19:18:21.369Z,https://bfclick.com/las-palmeras-gmb,"Calle Dr. Alfonso Chiscano Díaz, s/n, 35019 Las Palmas de Gran Canaria, Las Palmas",Las Palmas de Gran Canaria,4.9,90,https://maps.google.com/?cid=12604631456737840501&g_mp=Cidnb29nbGUubWFwcy5wbGFjZXMudjEuUGxhY2VzLlNlYXJjaFRleHQQAhgEIAA,gym,OPERATIONAL,"Importado desde Google Maps
Tipo: Gimnasio
Dirección: Calle Dr. Alfonso Chiscano Díaz, s/n, 35019 Las Palmas de Gran Canaria, Las Palmas
Google: 4.9⭐ (90 reseñas)
Web: https://bfclick.com/las-palmeras-gmb
Maps: https://maps.google.com/?cid=12604631456737840501&g_mp=Cidnb29nbGUubWFwcy5wbGFjZXMudjEuUGxhY2VzLlNlYXJjaFRleHQQAhgEIAA"
cmpd0mzvq02jfq1secf402ugp,Gym Puerto Las Palmas,,648 57 87 63,Gym Puerto Las Palmas,,España,google-maps,atleevobox,NUEVO,MEDIA,,,2026-05-19T19:18:21.735Z,2026-05-19T19:18:21.735Z,https://degimnasios.com/palmas/las-palmas-de-gran-canaria/gym-puerto,"C. el Guinchete, 14, 35008 Las Palmas de Gran Canaria, Las Palmas",Las Palmas de Gran Canaria,4.9,130,https://maps.google.com/?cid=9184832074003341320&g_mp=Cidnb29nbGUubWFwcy5wbGFjZXMudjEuUGxhY2VzLlNlYXJjaFRleHQQAhgEIAA,fitness_center,OPERATIONAL,"Importado desde Google Maps
Tipo: Centro deportivo
Dirección: C. el Guinchete, 14, 35008 Las Palmas de Gran Canaria, Las Palmas
Google: 4.9⭐ (130 reseñas)
Web: https://degimnasios.com/palmas/las-palmas-de-gran-canaria/gym-puerto
Maps: https://maps.google.com/?cid=9184832074003341320&g_mp=Cidnb29nbGUubWFwcy5wbGFjZXMudjEuUGxhY2VzLlNlYXJjaFRleHQQAhgEIAA"
cmpd0n05202jgq1se16p1p3gr,Club de Boxeo Gallo Team,,627 88 50 35,Club de Boxeo Gallo Team,,España,google-maps,atleevobox,NUEVO,MEDIA,,,2026-05-19T19:18:22.070Z,2026-05-19T19:18:22.070Z,,"C. Betania, 25, 35018 Las Palmas de Gran Canaria, Las Palmas",Las Palmas de Gran Canaria,5,8,https://maps.google.com/?cid=11439788500180709565&g_mp=Cidnb29nbGUubWFwcy5wbGFjZXMudjEuUGxhY2VzLlNlYXJjaFRleHQQAhgEIAA,gym,OPERATIONAL,"Importado desde Google Maps
Tipo: Gimnasio
Dirección: C. Betania, 25, 35018 Las Palmas de Gran Canaria, Las Palmas
Google: 5⭐ (8 reseñas)
Maps: https://maps.google.com/?cid=11439788500180709565&g_mp=Cidnb29nbGUubWFwcy5wbGFjZXMudjEuUGxhY2VzLlNlYXJjaFRleHQQAhgEIAA"
cmpd0n0eo02jhq1sem1lwndis,EAM Del Toro,,676 55 02 30,EAM Del Toro,,España,google-maps,atleevobox,NUEVO,MEDIA,,,2026-05-19T19:18:22.417Z,2026-05-19T19:18:22.417Z,https://cuerpoymentetao.com/centro/escuela-de-artes-marciales-del-toro/,"C. California, 56, 35010 Las Palmas de Gran Canaria, Las Palmas",Las Palmas de Gran Canaria,4.9,98,https://maps.google.com/?cid=10514960300666935783&g_mp=Cidnb29nbGUubWFwcy5wbGFjZXMudjEuUGxhY2VzLlNlYXJjaFRleHQQAhgEIAA,gym,OPERATIONAL,"Importado desde Google Maps
Tipo: Gimnasio
Dirección: C. California, 56, 35010 Las Palmas de Gran Canaria, Las Palmas
Google: 4.9⭐ (98 reseñas)
Web: https://cuerpoymentetao.com/centro/escuela-de-artes-marciales-del-toro/
Maps: https://maps.google.com/?cid=10514960300666935783&g_mp=Cidnb29nbGUubWFwcy5wbGFjZXMudjEuUGxhY2VzLlNlYXJjaFRleHQQAhgEIAA"
cmpd0n0nx02jiq1sedb88hcq7,ELEMENT KICKBOXING LAS PALMAS,,610 71 88 40,ELEMENT KICKBOXING LAS PALMAS,,España,google-maps,atleevobox,NUEVO,MEDIA,,,2026-05-19T19:18:22.750Z,2026-05-19T19:18:22.750Z,,"C. Italia, 49, 35006 Las Palmas de Gran Canaria, Las Palmas",Las Palmas de Gran Canaria,5,15,https://maps.google.com/?cid=966284199283721851&g_mp=Cidnb29nbGUubWFwcy5wbGFjZXMudjEuUGxhY2VzLlNlYXJjaFRleHQQAhgEIAA,gym,OPERATIONAL,"Importado desde Google Maps
Tipo: Gimnasio
Dirección: C. Italia, 49, 35006 Las Palmas de Gran Canaria, Las Palmas
Google: 5⭐ (15 reseñas)
Maps: https://maps.google.com/?cid=966284199283721851&g_mp=Cidnb29nbGUubWFwcy5wbGFjZXMudjEuUGxhY2VzLlNlYXJjaFRleHQQAhgEIAA"
cmpd0n0x402jjq1seu464fp32,Gimnasio Montaña 2 boxeo mma jiujitsu,,,Gimnasio Montaña 2 boxeo mma jiujitsu,,España,google-maps,atleevobox,NUEVO,MEDIA,,,2026-05-19T19:18:23.080Z,2026-05-19T19:18:23.080Z,,"C. Córdoba, 34, 35016 Las Palmas de Gran Canaria, Las Palmas",Las Palmas de Gran Canaria,5,3,https://maps.google.com/?cid=5531397551334215122&g_mp=Cidnb29nbGUubWFwcy5wbGFjZXMudjEuUGxhY2VzLlNlYXJjaFRleHQQAhgEIAA,gym,OPERATIONAL,"Importado desde Google Maps
Tipo: Gimnasio
Dirección: C. Córdoba, 34, 35016 Las Palmas de Gran Canaria, Las Palmas
Google: 5⭐ (3 reseñas)
Maps: https://maps.google.com/?cid=5531397551334215122&g_mp=Cidnb29nbGUubWFwcy5wbGFjZXMudjEuUGxhY2VzLlNlYXJjaFRleHQQAhgEIAA"
cmpd0n16h02jkq1se5sxr7pcf,Werdum Training Center,,928 43 38 72,Werdum Training Center,,España,google-maps,atleevobox,NUEVO,MEDIA,,,2026-05-19T19:18:23.417Z,2026-05-19T19:18:23.417Z,https://www.werdumtrainingcenter.com/,"C. de Pérez del Toro, 81, 35004 Las Palmas de Gran Canaria, Las Palmas",Las Palmas de Gran Canaria,4.9,75,https://maps.google.com/?cid=614386746800991910&g_mp=Cidnb29nbGUubWFwcy5wbGFjZXMudjEuUGxhY2VzLlNlYXJjaFRleHQQAhgEIAA,gym,OPERATIONAL,"Importado desde Google Maps
Tipo: Gimnasio
Dirección: C. de Pérez del Toro, 81, 35004 Las Palmas de Gran Canaria, Las Palmas
Google: 4.9⭐ (75 reseñas)
Web: https://www.werdumtrainingcenter.com/
Maps: https://maps.google.com/?cid=614386746800991910&g_mp=Cidnb29nbGUubWFwcy5wbGFjZXMudjEuUGxhY2VzLlNlYXJjaFRleHQQAhgEIAA"
cmpd0n1fv02jlq1se142thy4m,Top Fight Gym,,928 23 51 42,Top Fight Gym,,España,google-maps,atleevobox,NUEVO,MEDIA,,,2026-05-19T19:18:23.756Z,2026-05-19T19:18:23.756Z,,"Av. de la Feria, 16, 18, 35012 Las Palmas de Gran Canaria, Las Palmas",Las Palmas de Gran Canaria,4.5,25,https://maps.google.com/?cid=9758596744338347195&g_mp=Cidnb29nbGUubWFwcy5wbGFjZXMudjEuUGxhY2VzLlNlYXJjaFRleHQQAhgEIAA,gym,OPERATIONAL,"Importado desde Google Maps
Tipo: Gimnasio
Dirección: Av. de la Feria, 16, 18, 35012 Las Palmas de Gran Canaria, Las Palmas
Google: 4.5⭐ (25 reseñas)
Maps: https://maps.google.com/?cid=9758596744338347195&g_mp=Cidnb29nbGUubWFwcy5wbGFjZXMudjEuUGxhY2VzLlNlYXJjaFRleHQQAhgEIAA"
cmpd0n1pp02jmq1seybtt0vnr,Club Boxeo Vecindario,,651 67 92 52,Club Boxeo Vecindario,,España,google-maps,atleevobox,NUEVO,MEDIA,,,2026-05-19T19:18:24.110Z,2026-05-19T19:18:24.110Z,http://www.facebook.com/ClubBoxeoVecindario,"C. Tiagua, 27, 35110 Vecindario, Las Palmas",Las Palmas de Gran Canaria,4.8,63,https://maps.google.com/?cid=1217602051764156017&g_mp=Cidnb29nbGUubWFwcy5wbGFjZXMudjEuUGxhY2VzLlNlYXJjaFRleHQQAhgEIAA,sports_coaching,OPERATIONAL,"Importado desde Google Maps
Tipo: Sports coaching
Dirección: C. Tiagua, 27, 35110 Vecindario, Las Palmas
Google: 4.8⭐ (63 reseñas)
Web: http://www.facebook.com/ClubBoxeoVecindario
Maps: https://maps.google.com/?cid=1217602051764156017&g_mp=Cidnb29nbGUubWFwcy5wbGFjZXMudjEuUGxhY2VzLlNlYXJjaFRleHQQAhgEIAA"
cmpd0n1yx02jnq1se96wejxk1,Escuela de Boxeo Nauzet,,,Escuela de Boxeo Nauzet,,España,google-maps,atleevobox,NUEVO,MEDIA,,,2026-05-19T19:18:24.442Z,2026-05-19T19:18:24.442Z,http://www.facebook.com/escuelaboxeonauzet/,"C. Fresno, esquina, Numero 28, 35110 Vecindario, Las Palmas",Las Palmas de Gran Canaria,4.9,86,https://maps.google.com/?cid=12647324784837333233&g_mp=Cidnb29nbGUubWFwcy5wbGFjZXMudjEuUGxhY2VzLlNlYXJjaFRleHQQAhgEIAA,sports_coaching,OPERATIONAL,"Importado desde Google Maps
Tipo: Sports coaching
Dirección: C. Fresno, esquina, Numero 28, 35110 Vecindario, Las Palmas
Google: 4.9⭐ (86 reseñas)
Web: http://www.facebook.com/escuelaboxeonauzet/
Maps: https://maps.google.com/?cid=12647324784837333233&g_mp=Cidnb29nbGUubWFwcy5wbGFjZXMudjEuUGxhY2VzLlNlYXJjaFRleHQQAhgEIAA"
cmpd0n28c02joq1se6q2kw7vy,Peraboxing Club,,639 08 96 79,Peraboxing Club,,España,google-maps,atleevobox,NUEVO,MEDIA,,,2026-05-19T19:18:24.780Z,2026-05-19T19:18:24.780Z,,"C. Manuel Pérez Navarro, 5, 35014 Las Palmas de Gran Canaria, Las Palmas",Las Palmas de Gran Canaria,4.6,11,https://maps.google.com/?cid=7827669124924084485&g_mp=Cidnb29nbGUubWFwcy5wbGFjZXMudjEuUGxhY2VzLlNlYXJjaFRleHQQAhgEIAA,gym,OPERATIONAL,"Importado desde Google Maps
Tipo: Gimnasio
Dirección: C. Manuel Pérez Navarro, 5, 35014 Las Palmas de Gran Canaria, Las Palmas
Google: 4.6⭐ (11 reseñas)
Maps: https://maps.google.com/?cid=7827669124924084485&g_mp=Cidnb29nbGUubWFwcy5wbGFjZXMudjEuUGxhY2VzLlNlYXJjaFRleHQQAhgEIAA"
cmpd0n2hj02jpq1se0lbi2hpk,KAEWSAMRIT GYM CANARIAS,,663 58 57 92,KAEWSAMRIT GYM CANARIAS,,España,google-maps,atleevobox,NUEVO,MEDIA,,,2026-05-19T19:18:25.111Z,2026-05-19T19:18:25.111Z,,"Cl. del Dr. Rafael Garcia Perez, 19, 35014 Las Palmas de Gran Canaria, Las Palmas",Las Palmas de Gran Canaria,,,https://maps.google.com/?cid=17739162191091440298&g_mp=Cidnb29nbGUubWFwcy5wbGFjZXMudjEuUGxhY2VzLlNlYXJjaFRleHQQAhgEIAA,sports_coaching,OPERATIONAL,"Importado desde Google Maps
Tipo: Sports coaching
Dirección: Cl. del Dr. Rafael Garcia Perez, 19, 35014 Las Palmas de Gran Canaria, Las Palmas
Maps: https://maps.google.com/?cid=17739162191091440298&g_mp=Cidnb29nbGUubWFwcy5wbGFjZXMudjEuUGxhY2VzLlNlYXJjaFRleHQQAhgEIAA"
cmpd0n2su02jqq1se6ti3w9ee,Sicario Boxing School,,677 28 88 57,Sicario Boxing School,,España,google-maps,atleevobox,NUEVO,MEDIA,,,2026-05-19T19:18:25.519Z,2026-05-19T19:18:25.519Z,,"C. Guadiana, 9, 35014 Las Palmas de Gran Canaria, Las Palmas",Las Palmas de Gran Canaria,5,3,https://maps.google.com/?cid=5658045977407087081&g_mp=Cidnb29nbGUubWFwcy5wbGFjZXMudjEuUGxhY2VzLlNlYXJjaFRleHQQAhgEIAA,sports_coaching,OPERATIONAL,"Importado desde Google Maps
Tipo: Sports coaching
Dirección: C. Guadiana, 9, 35014 Las Palmas de Gran Canaria, Las Palmas
Google: 5⭐ (3 reseñas)
Maps: https://maps.google.com/?cid=5658045977407087081&g_mp=Cidnb29nbGUubWFwcy5wbGFjZXMudjEuUGxhY2VzLlNlYXJjaFRleHQQAhgEIAA"
cmpd0n32h02jrq1sek2prt3pq,KZ BOX TRAINING,,622 43 21 73,KZ BOX TRAINING,,España,google-maps,atleevobox,NUEVO,MEDIA,,,2026-05-19T19:18:25.866Z,2026-05-19T19:18:25.866Z,,"Ctra. de los Tarahales, 35013 Las Palmas de Gran Canaria, Las Palmas",Las Palmas de Gran Canaria,5,66,https://maps.google.com/?cid=1139386878975794402&g_mp=Cidnb29nbGUubWFwcy5wbGFjZXMudjEuUGxhY2VzLlNlYXJjaFRleHQQAhgEIAA,gym,OPERATIONAL,"Importado desde Google Maps
Tipo: Gimnasio
Dirección: Ctra. de los Tarahales, 35013 Las Palmas de Gran Canaria, Las Palmas
Google: 5⭐ (66 reseñas)
Maps: https://maps.google.com/?cid=1139386878975794402&g_mp=Cidnb29nbGUubWFwcy5wbGFjZXMudjEuUGxhY2VzLlNlYXJjaFRleHQQAhgEIAA"
cmpd0n3ch02jsq1seir0x8vid,Dreamfit Gimnasio Las Palmas,,,Dreamfit Gimnasio Las Palmas,,España,google-maps,atleevobox,NUEVO,MEDIA,,,2026-05-19T19:18:26.225Z,2026-05-19T19:18:26.225Z,https://www.dreamfit.es/centros/las-palmas,"Centro Comercial El Muelle, 35008 Las Palmas de Gran Canaria, Las Palmas",Las Palmas de Gran Canaria,4.3,554,https://maps.google.com/?cid=5542466338987350483&g_mp=Cidnb29nbGUubWFwcy5wbGFjZXMudjEuUGxhY2VzLlNlYXJjaFRleHQQAhgEIAA,gym,OPERATIONAL,"Importado desde Google Maps
Tipo: Gimnasio
Dirección: Centro Comercial El Muelle, 35008 Las Palmas de Gran Canaria, Las Palmas
Google: 4.3⭐ (554 reseñas)
Web: https://www.dreamfit.es/centros/las-palmas
Maps: https://maps.google.com/?cid=5542466338987350483&g_mp=Cidnb29nbGUubWFwcy5wbGFjZXMudjEuUGxhY2VzLlNlYXJjaFRleHQQAhgEIAA"
cmpd0n3m402jtq1selbg5rje7,Rat Chinaman Muay Thai Club,,,Rat Chinaman Muay Thai Club,,España,google-maps,atleevobox,NUEVO,MEDIA,,,2026-05-19T19:18:26.573Z,2026-05-19T19:18:26.573Z,,"C. Pablo Penaguilas, 167, 35012 Las Palmas de Gran Canaria, Las Palmas",Las Palmas de Gran Canaria,5,34,https://maps.google.com/?cid=62539859297708705&g_mp=Cidnb29nbGUubWFwcy5wbGFjZXMudjEuUGxhY2VzLlNlYXJjaFRleHQQAhgEIAA,sports_club,OPERATIONAL,"Importado desde Google Maps
Tipo: Club deportivo
Dirección: C. Pablo Penaguilas, 167, 35012 Las Palmas de Gran Canaria, Las Palmas
Google: 5⭐ (34 reseñas)
Maps: https://maps.google.com/?cid=62539859297708705&g_mp=Cidnb29nbGUubWFwcy5wbGFjZXMudjEuUGxhY2VzLlNlYXJjaFRleHQQAhgEIAA"
cmpd0n3vj02juq1se9ay5bh4u,Club ASEP TEAM,,,Club ASEP TEAM,,España,google-maps,atleevobox,NUEVO,MEDIA,,,2026-05-19T19:18:26.912Z,2026-05-19T19:18:26.912Z,https://cuerpoymentetao.com/centro/club-asep-team/,"C. Anzofé, 115, 35009 Las Palmas de Gran Canaria, Las Palmas",Las Palmas de Gran Canaria,4.9,109,https://maps.google.com/?cid=3732559113224806154&g_mp=Cidnb29nbGUubWFwcy5wbGFjZXMudjEuUGxhY2VzLlNlYXJjaFRleHQQAhgEIAA,association_or_organization,OPERATIONAL,"Importado desde Google Maps
Tipo: Asociación u organización
Dirección: C. Anzofé, 115, 35009 Las Palmas de Gran Canaria, Las Palmas
Google: 4.9⭐ (109 reseñas)
Web: https://cuerpoymentetao.com/centro/club-asep-team/
Maps: https://maps.google.com/?cid=3732559113224806154&g_mp=Cidnb29nbGUubWFwcy5wbGFjZXMudjEuUGxhY2VzLlNlYXJjaFRleHQQAhgEIAA"
cmpd0n44u02jvq1sevh4m3w60,Box Connection San Telmo,,696 13 10 70,Box Connection San Telmo,,España,google-maps,atleevobox,NUEVO,MEDIA,,,2026-05-19T19:18:27.246Z,2026-05-19T19:18:27.246Z,http://boxconnectiongc.com/,"Av. Alcalde José Ramirez Bethencourt, 5, 35004 Las Palmas de Gran Canaria, Las Palmas",Las Palmas de Gran Canaria,5,32,https://maps.google.com/?cid=7083476643835445237&g_mp=Cidnb29nbGUubWFwcy5wbGFjZXMudjEuUGxhY2VzLlNlYXJjaFRleHQQAhgEIAA,gym,OPERATIONAL,"Importado desde Google Maps
Tipo: Gimnasio
Dirección: Av. Alcalde José Ramirez Bethencourt, 5, 35004 Las Palmas de Gran Canaria, Las Palmas
Google: 5⭐ (32 reseñas)
Web: http://boxconnectiongc.com/
Maps: https://maps.google.com/?cid=7083476643835445237&g_mp=Cidnb29nbGUubWFwcy5wbGFjZXMudjEuUGxhY2VzLlNlYXJjaFRleHQQAhgEIAA"
cmpd0n4ed02jwq1sewh1yrz46,360 El Templo Box,,651 32 34 49,360 El Templo Box,,España,google-maps,atleevobox,NUEVO,MEDIA,,,2026-05-19T19:18:27.589Z,2026-05-19T19:18:27.589Z,,"C. Sao Paulo, 33, 35008 Las Palmas de Gran Canaria, Las Palmas",Las Palmas de Gran Canaria,4.9,31,https://maps.google.com/?cid=6402484117885474480&g_mp=Cidnb29nbGUubWFwcy5wbGFjZXMudjEuUGxhY2VzLlNlYXJjaFRleHQQAhgEIAA,gym,OPERATIONAL,"Importado desde Google Maps
Tipo: Gimnasio
Dirección: C. Sao Paulo, 33, 35008 Las Palmas de Gran Canaria, Las Palmas
Google: 4.9⭐ (31 reseñas)
Maps: https://maps.google.com/?cid=6402484117885474480&g_mp=Cidnb29nbGUubWFwcy5wbGFjZXMudjEuUGxhY2VzLlNlYXJjaFRleHQQAhgEIAA"
cmpd0n4nn02jxq1sekllv0bjo,Team Romero Brothers,,600 01 67 53,Team Romero Brothers,,España,google-maps,atleevobox,NUEVO,MEDIA,,,2026-05-19T19:18:27.924Z,2026-05-19T19:18:27.924Z,,"C. Betel, 67, 35018 Las Palmas de Gran Canaria, Las Palmas",Las Palmas de Gran Canaria,5,12,https://maps.google.com/?cid=9763712744013963820&g_mp=Cidnb29nbGUubWFwcy5wbGFjZXMudjEuUGxhY2VzLlNlYXJjaFRleHQQAhgEIAA,gym,OPERATIONAL,"Importado desde Google Maps
Tipo: Gimnasio
Dirección: C. Betel, 67, 35018 Las Palmas de Gran Canaria, Las Palmas
Google: 5⭐ (12 reseñas)
Maps: https://maps.google.com/?cid=9763712744013963820&g_mp=Cidnb29nbGUubWFwcy5wbGFjZXMudjEuUGxhY2VzLlNlYXJjaFRleHQQAhgEIAA"
cmpd0n4x602jyq1ser6o5o6hu,Gimnasio VivaGym Las Arenas,,,Gimnasio VivaGym Las Arenas,,España,google-maps,atleevobox,NUEVO,MEDIA,,,2026-05-19T19:18:28.267Z,2026-05-19T19:18:28.267Z,https://www.vivagym.com/es-es/gimnasios/gran-canaria/las-palmas-de-gran-canaria/las-arenas/?utm_campaign=250922_es_gmb_conversion_generic_las-arenas&utm_medium=organic&utm_source=gmb,"Centro Comercial las Arenas, Ctra. del Rincón, S/N, Local T19, 35010 Las Palmas de Gran Canaria, Las Palmas",Las Palmas de Gran Canaria,4.7,730,https://maps.google.com/?cid=10824806550110277639&g_mp=Cidnb29nbGUubWFwcy5wbGFjZXMudjEuUGxhY2VzLlNlYXJjaFRleHQQAhgEIAA,gym,OPERATIONAL,"Importado desde Google Maps
Tipo: Gimnasio
Dirección: Centro Comercial las Arenas, Ctra. del Rincón, S/N, Local T19, 35010 Las Palmas de Gran Canaria, Las Palmas
Google: 4.7⭐ (730 reseñas)
Web: https://www.vivagym.com/es-es/gimnasios/gran-canaria/las-palmas-de-gran-canaria/las-arenas/?utm_campaign=250922_es_gmb_conversion_generic_las-arenas&utm_medium=organic&utm_source=gmb
Maps: https://maps.google.com/?cid=10824806550110277639&g_mp=Cidnb29nbGUubWFwcy5wbGFjZXMudjEuUGxhY2VzLlNlYXJjaFRleHQQAhgEIAA"
cmpd0n56t02jzq1sex6bckld5,YoinBox,,676 70 28 20,YoinBox,,España,google-maps,atleevobox,NUEVO,MEDIA,,,2026-05-19T19:18:28.613Z,2026-05-19T19:18:28.613Z,https://www.yointraining.com/yoinbox,"C. Daoiz, 29, 35010 Las Palmas de Gran Canaria, Las Palmas",Las Palmas de Gran Canaria,5,22,https://maps.google.com/?cid=13059597399874777450&g_mp=Cidnb29nbGUubWFwcy5wbGFjZXMudjEuUGxhY2VzLlNlYXJjaFRleHQQAhgEIAA,gym,OPERATIONAL,"Importado desde Google Maps
Tipo: Gimnasio
Dirección: C. Daoiz, 29, 35010 Las Palmas de Gran Canaria, Las Palmas
Google: 5⭐ (22 reseñas)
Web: https://www.yointraining.com/yoinbox
Maps: https://maps.google.com/?cid=13059597399874777450&g_mp=Cidnb29nbGUubWFwcy5wbGFjZXMudjEuUGxhY2VzLlNlYXJjaFRleHQQAhgEIAA"
cmpd0n5g902k0q1seo73nrwp8,Club Deportivo Ramon Diaz - Escuela de Jiu Jitsu,,669 27 52 25,Club Deportivo Ramon Diaz - Escuela de Jiu Jitsu,,España,google-maps,atleevobox,NUEVO,MEDIA,,,2026-05-19T19:18:28.953Z,2026-05-19T19:18:28.953Z,,"C. Uruguay, 30, 35007 Las Palmas de Gran Canaria, Las Palmas",Las Palmas de Gran Canaria,4.9,140,https://maps.google.com/?cid=8118936333138891626&g_mp=Cidnb29nbGUubWFwcy5wbGFjZXMudjEuUGxhY2VzLlNlYXJjaFRleHQQAhgEIAA,sports_school,OPERATIONAL,"Importado desde Google Maps
Tipo: Escuela deportiva
Dirección: C. Uruguay, 30, 35007 Las Palmas de Gran Canaria, Las Palmas
Google: 4.9⭐ (140 reseñas)
Maps: https://maps.google.com/?cid=8118936333138891626&g_mp=Cidnb29nbGUubWFwcy5wbGFjZXMudjEuUGxhY2VzLlNlYXJjaFRleHQQAhgEIAA"
cmpd0n5pk02k1q1sea0jakngf,Elite Fitness,,692 91 43 14,Elite Fitness,,España,google-maps,atleevobox,NUEVO,MEDIA,,,2026-05-19T19:18:29.288Z,2026-05-19T19:18:29.288Z,https://www.elitefitnesslaspalmas.es/,"Calle Dr. Juan Domínguez Pérez, 57, 35008 Las Palmas de Gran Canaria, Las Palmas",Las Palmas de Gran Canaria,5,84,https://maps.google.com/?cid=6377315575086477858&g_mp=Cidnb29nbGUubWFwcy5wbGFjZXMudjEuUGxhY2VzLlNlYXJjaFRleHQQAhgEIAA,gym,OPERATIONAL,"Importado desde Google Maps
Tipo: Gimnasio
Dirección: Calle Dr. Juan Domínguez Pérez, 57, 35008 Las Palmas de Gran Canaria, Las Palmas
Google: 5⭐ (84 reseñas)
Web: https://www.elitefitnesslaspalmas.es/
Maps: https://maps.google.com/?cid=6377315575086477858&g_mp=Cidnb29nbGUubWFwcy5wbGFjZXMudjEuUGxhY2VzLlNlYXJjaFRleHQQAhgEIAA"
cmpd0n5yz02k2q1seifvz5mw1,Bigman Gym Canarias,,645 31 95 32,Bigman Gym Canarias,,España,google-maps,atleevobox,NUEVO,MEDIA,,,2026-05-19T19:18:29.628Z,2026-05-19T19:18:29.628Z,https://bigmangym.com/,"C. Mariucha, 117, 35012 Las Palmas de Gran Canaria, Las Palmas",Las Palmas de Gran Canaria,4.8,237,https://maps.google.com/?cid=14531633104626538541&g_mp=Cidnb29nbGUubWFwcy5wbGFjZXMudjEuUGxhY2VzLlNlYXJjaFRleHQQAhgEIAA,gym,OPERATIONAL,"Importado desde Google Maps
Tipo: Gimnasio
Dirección: C. Mariucha, 117, 35012 Las Palmas de Gran Canaria, Las Palmas
Google: 4.8⭐ (237 reseñas)
Web: https://bigmangym.com/
Maps: https://maps.google.com/?cid=14531633104626538541&g_mp=Cidnb29nbGUubWFwcy5wbGFjZXMudjEuUGxhY2VzLlNlYXJjaFRleHQQAhgEIAA"
cmpd0n68v02k3q1seke7ty49t,Gimnasio VivaGym Vegueta,,,Gimnasio VivaGym Vegueta,,España,google-maps,atleevobox,NUEVO,MEDIA,,,2026-05-19T19:18:29.983Z,2026-05-19T19:18:29.983Z,https://www.vivagym.com/es-es/gimnasios/gran-canaria/las-palmas-de-gran-canaria/vegueta/?utm_campaign=250922_es_gmb_conversion_generic_vegueta&utm_medium=organic&utm_source=gmb,"C. Bernardino Correa Viera, 8, 35002 Las Palmas de Gran Canaria, Las Palmas",Las Palmas de Gran Canaria,4.3,417,https://maps.google.com/?cid=14641180807712230180&g_mp=Cidnb29nbGUubWFwcy5wbGFjZXMudjEuUGxhY2VzLlNlYXJjaFRleHQQAhgEIAA,gym,OPERATIONAL,"Importado desde Google Maps
Tipo: Gimnasio
Dirección: C. Bernardino Correa Viera, 8, 35002 Las Palmas de Gran Canaria, Las Palmas
Google: 4.3⭐ (417 reseñas)
Web: https://www.vivagym.com/es-es/gimnasios/gran-canaria/las-palmas-de-gran-canaria/vegueta/?utm_campaign=250922_es_gmb_conversion_generic_vegueta&utm_medium=organic&utm_source=gmb
Maps: https://maps.google.com/?cid=14641180807712230180&g_mp=Cidnb29nbGUubWFwcy5wbGFjZXMudjEuUGxhY2VzLlNlYXJjaFRleHQQAhgEIAA"
cmpd0n6i902k4q1sew4xdrjui,Escuela de Artes Marciales Misael Gotera,,681 19 43 77,Escuela de Artes Marciales Misael Gotera,,España,google-maps,atleevobox,NUEVO,MEDIA,,,2026-05-19T19:18:30.321Z,2026-05-19T19:18:30.321Z,https://sites.google.com/view/escuela-misael-gotera/inicio,"C. Castillejos, 74, 35010 Las Palmas de Gran Canaria, Las Palmas",Las Palmas de Gran Canaria,5,29,https://maps.google.com/?cid=12380888174974358409&g_mp=Cidnb29nbGUubWFwcy5wbGFjZXMudjEuUGxhY2VzLlNlYXJjaFRleHQQAhgEIAA,sports_club,OPERATIONAL,"Importado desde Google Maps
Tipo: Club deportivo
Dirección: C. Castillejos, 74, 35010 Las Palmas de Gran Canaria, Las Palmas
Google: 5⭐ (29 reseñas)
Web: https://sites.google.com/view/escuela-misael-gotera/inicio
Maps: https://maps.google.com/?cid=12380888174974358409&g_mp=Cidnb29nbGUubWFwcy5wbGFjZXMudjEuUGxhY2VzLlNlYXJjaFRleHQQAhgEIAA"
cmpd0n6rj02k5q1sel4qisnuu,Personal Trainer Las Palmas | Giaci Trainer,,624 59 56 28,Personal Trainer Las Palmas | Giaci Trainer,,España,google-maps,atleevobox,NUEVO,MEDIA,,,2026-05-19T19:18:30.655Z,2026-05-19T19:18:30.655Z,https://giacintocunsolo.com/it,"35010 Las Palmas de Gran Canaria, Las Palmas",Las Palmas de Gran Canaria,5,33,https://maps.google.com/?cid=6290969635010694985&g_mp=Cidnb29nbGUubWFwcy5wbGFjZXMudjEuUGxhY2VzLlNlYXJjaFRleHQQAhgEIAA,health,OPERATIONAL,"Importado desde Google Maps
Tipo: Salud y bienestar
Dirección: 35010 Las Palmas de Gran Canaria, Las Palmas
Google: 5⭐ (33 reseñas)
Web: https://giacintocunsolo.com/it
Maps: https://maps.google.com/?cid=6290969635010694985&g_mp=Cidnb29nbGUubWFwcy5wbGFjZXMudjEuUGxhY2VzLlNlYXJjaFRleHQQAhgEIAA"
cmpd0nd4h02k6q1selb3lmkda,Club Deportivo 92,,671 66 95 45,Club Deportivo 92,,España,google-maps,atleevobox,NUEVO,MEDIA,,,2026-05-19T19:18:38.897Z,2026-05-19T19:18:38.897Z,,"Av. de la Unión, 71, 35110 Casa Pastores, Las Palmas",Las Palmas de Gran Canaria,4.9,187,https://maps.google.com/?cid=7233932179018874122&g_mp=Cidnb29nbGUubWFwcy5wbGFjZXMudjEuUGxhY2VzLlNlYXJjaFRleHQQAhgEIAA,sports_school,OPERATIONAL,"Importado desde Google Maps
Tipo: Escuela deportiva
Dirección: Av. de la Unión, 71, 35110 Casa Pastores, Las Palmas
Google: 4.9⭐ (187 reseñas)
Maps: https://maps.google.com/?cid=7233932179018874122&g_mp=Cidnb29nbGUubWFwcy5wbGFjZXMudjEuUGxhY2VzLlNlYXJjaFRleHQQAhgEIAA"
cmpd0nde002k7q1sexcambg7x,Coworkgym,,606 68 02 91,Coworkgym,,España,google-maps,atleevobox,NUEVO,MEDIA,,,2026-05-19T19:18:39.240Z,2026-05-19T19:18:39.240Z,https://coworkgymlaspalmas.es/,"C. Luis Doreste Silva, 107, 35004 Las Palmas de Gran Canaria, Las Palmas",Las Palmas de Gran Canaria,4.9,85,https://maps.google.com/?cid=52963808700603976&g_mp=Cidnb29nbGUubWFwcy5wbGFjZXMudjEuUGxhY2VzLlNlYXJjaFRleHQQAhgEIAA,gym,OPERATIONAL,"Importado desde Google Maps
Tipo: Gimnasio
Dirección: C. Luis Doreste Silva, 107, 35004 Las Palmas de Gran Canaria, Las Palmas
Google: 4.9⭐ (85 reseñas)
Web: https://coworkgymlaspalmas.es/
Maps: https://maps.google.com/?cid=52963808700603976&g_mp=Cidnb29nbGUubWFwcy5wbGFjZXMudjEuUGxhY2VzLlNlYXJjaFRleHQQAhgEIAA"
cmpd0ndn902k8q1sebdroj1a5,MAS Training,,676 84 47 96,MAS Training,,España,google-maps,atleevobox,NUEVO,MEDIA,,,2026-05-19T19:18:39.573Z,2026-05-19T19:18:39.573Z,https://www.facebook.com/Mas-Training-Vegueta-888139827872570/,"C. Pedro Cerón, 6, 35001 Las Palmas de Gran Canaria, Las Palmas",Las Palmas de Gran Canaria,5,24,https://maps.google.com/?cid=17682076226223679788&g_mp=Cidnb29nbGUubWFwcy5wbGFjZXMudjEuUGxhY2VzLlNlYXJjaFRleHQQAhgEIAA,gym,OPERATIONAL,"Importado desde Google Maps
Tipo: Gimnasio
Dirección: C. Pedro Cerón, 6, 35001 Las Palmas de Gran Canaria, Las Palmas
Google: 5⭐ (24 reseñas)
Web: https://www.facebook.com/Mas-Training-Vegueta-888139827872570/
Maps: https://maps.google.com/?cid=17682076226223679788&g_mp=Cidnb29nbGUubWFwcy5wbGFjZXMudjEuUGxhY2VzLlNlYXJjaFRleHQQAhgEIAA"
cmpd0ndwn02k9q1sevk4gky83,Federacion Internacional Shou Rou Jing y D.A.,,630 95 87 69,Federacion Internacional Shou Rou Jing y D.A.,,España,google-maps,atleevobox,NUEVO,MEDIA,,,2026-05-19T19:18:39.912Z,2026-05-19T19:18:39.912Z,,"C. Fontanales, 35009 Las Palmas de Gran Canaria, Las Palmas",Las Palmas de Gran Canaria,,,https://maps.google.com/?cid=13969350409603353156&g_mp=Cidnb29nbGUubWFwcy5wbGFjZXMudjEuUGxhY2VzLlNlYXJjaFRleHQQAhgEIAA,sports_school,OPERATIONAL,"Importado desde Google Maps
Tipo: Escuela deportiva
Dirección: C. Fontanales, 35009 Las Palmas de Gran Canaria, Las Palmas
Maps: https://maps.google.com/?cid=13969350409603353156&g_mp=Cidnb29nbGUubWFwcy5wbGFjZXMudjEuUGxhY2VzLlNlYXJjaFRleHQQAhgEIAA"
cmpd0nfsg02kaq1semcyx7nhk,"CLUB DE BOXEO ""LA FAMILIA""",,695 46 81 58,"CLUB DE BOXEO ""LA FAMILIA""",,España,google-maps,atleevobox,NUEVO,MEDIA,,,2026-05-19T19:18:42.352Z,2026-05-19T19:18:42.352Z,https://www.instagram.com/la_familia_club_de_boxeo?igsh=MWE0M3d0c3NmZzR4NQ==,"C. Bolulla, 11, 03009 Alicante",Alicante,5,101,https://maps.google.com/?cid=9521905488993886291&g_mp=Cidnb29nbGUubWFwcy5wbGFjZXMudjEuUGxhY2VzLlNlYXJjaFRleHQQAhgEIAA,sports_coaching,OPERATIONAL,"Importado desde Google Maps
Tipo: Sports coaching
Dirección: C. Bolulla, 11, 03009 Alicante
Google: 5⭐ (101 reseñas)
Web: https://www.instagram.com/la_familia_club_de_boxeo?igsh=MWE0M3d0c3NmZzR4NQ==
Maps: https://maps.google.com/?cid=9521905488993886291&g_mp=Cidnb29nbGUubWFwcy5wbGFjZXMudjEuUGxhY2VzLlNlYXJjaFRleHQQAhgEIAA"
cmpd0ng1v02kbq1sey61y4rbm,Club de Boxeo QUIROZ BOXING,,660 68 65 38,Club de Boxeo QUIROZ BOXING,,España,google-maps,atleevobox,NUEVO,MEDIA,,,2026-05-19T19:18:42.692Z,2026-05-19T19:18:42.692Z,https://www.instagram.com/quiroz_boxing?igsh=ZTcwM2F6cjc3eXRp&utm_source=qr,"Plaza Virgen del Mar, 1, 03009 Alacant, Alicante",Alicante,5,267,https://maps.google.com/?cid=803970393268772352&g_mp=Cidnb29nbGUubWFwcy5wbGFjZXMudjEuUGxhY2VzLlNlYXJjaFRleHQQAhgEIAA,sports_club,OPERATIONAL,"Importado desde Google Maps
Tipo: Club deportivo
Dirección: Plaza Virgen del Mar, 1, 03009 Alacant, Alicante
Google: 5⭐ (267 reseñas)
Web: https://www.instagram.com/quiroz_boxing?igsh=ZTcwM2F6cjc3eXRp&utm_source=qr
Maps: https://maps.google.com/?cid=803970393268772352&g_mp=Cidnb29nbGUubWFwcy5wbGFjZXMudjEuUGxhY2VzLlNlYXJjaFRleHQQAhgEIAA"
cmpd0ngb902kcq1sekme8881f,FIGHTLAND ALICANTE,,966 11 99 96,FIGHTLAND ALICANTE,,España,google-maps,atleevobox,NUEVO,MEDIA,,,2026-05-19T19:18:43.030Z,2026-05-19T19:18:43.030Z,http://www.fightland.es/,"C. Segura, nº 9, 03004 Alicante",Alicante,4.7,53,https://maps.google.com/?cid=13074659079831743239&g_mp=Cidnb29nbGUubWFwcy5wbGFjZXMudjEuUGxhY2VzLlNlYXJjaFRleHQQAhgEIAA,sports_club,OPERATIONAL,"Importado desde Google Maps
Tipo: Club deportivo
Dirección: C. Segura, nº 9, 03004 Alicante
Google: 4.7⭐ (53 reseñas)
Web: http://www.fightland.es/
Maps: https://maps.google.com/?cid=13074659079831743239&g_mp=Cidnb29nbGUubWFwcy5wbGFjZXMudjEuUGxhY2VzLlNlYXJjaFRleHQQAhgEIAA"
cmpd0ngkl02kdq1segu04ejcu,Gio Boxing Club Alicante,,602 05 58 53,Gio Boxing Club Alicante,,España,google-maps,atleevobox,NUEVO,MEDIA,,,2026-05-19T19:18:43.365Z,2026-05-19T19:18:43.365Z,,"Av. Juan Sanchis Candela, 22, 03015 Alicante",Alicante,5,10,https://maps.google.com/?cid=2108289618454652297&g_mp=Cidnb29nbGUubWFwcy5wbGFjZXMudjEuUGxhY2VzLlNlYXJjaFRleHQQAhgEIAA,sports_club,OPERATIONAL,"Importado desde Google Maps
Tipo: Club deportivo
Dirección: Av. Juan Sanchis Candela, 22, 03015 Alicante
Google: 5⭐ (10 reseñas)
Maps: https://maps.google.com/?cid=2108289618454652297&g_mp=Cidnb29nbGUubWFwcy5wbGFjZXMudjEuUGxhY2VzLlNlYXJjaFRleHQQAhgEIAA"
cmpd0ngtu02keq1sehbxyyrl3,Boxeo y Kick Boxing Alicante,,639 56 08 41,Boxeo y Kick Boxing Alicante,,España,google-maps,atleevobox,NUEVO,MEDIA,,,2026-05-19T19:18:43.698Z,2026-05-19T19:18:43.698Z,,"C/ de Perú, 12, 03008 Alicante",Alicante,5,18,https://maps.google.com/?cid=3716135636124400018&g_mp=Cidnb29nbGUubWFwcy5wbGFjZXMudjEuUGxhY2VzLlNlYXJjaFRleHQQAhgEIAA,sports_club,OPERATIONAL,"Importado desde Google Maps
Tipo: Club deportivo
Dirección: C/ de Perú, 12, 03008 Alicante
Google: 5⭐ (18 reseñas)
Maps: https://maps.google.com/?cid=3716135636124400018&g_mp=Cidnb29nbGUubWFwcy5wbGFjZXMudjEuUGxhY2VzLlNlYXJjaFRleHQQAhgEIAA"
cmpd0nh3l02kfq1seux49mreb,Evolution training boxeo & fitness,,613 91 02 23,Evolution training boxeo & fitness,,España,google-maps,atleevobox,NUEVO,MEDIA,,,2026-05-19T19:18:44.049Z,2026-05-19T19:18:44.049Z,,"C/ de Perú, 14, 03008 Alicante",Alicante,5,2,https://maps.google.com/?cid=16799143538580244178&g_mp=Cidnb29nbGUubWFwcy5wbGFjZXMudjEuUGxhY2VzLlNlYXJjaFRleHQQAhgEIAA,gym,OPERATIONAL,"Importado desde Google Maps
Tipo: Gimnasio
Dirección: C/ de Perú, 14, 03008 Alicante
Google: 5⭐ (2 reseñas)
Maps: https://maps.google.com/?cid=16799143538580244178&g_mp=Cidnb29nbGUubWFwcy5wbGFjZXMudjEuUGxhY2VzLlNlYXJjaFRleHQQAhgEIAA"
cmpd0nhcv02kgq1sew3fgrctd,Gimnasio San Gabriel Fitness y Boxeo,,681 02 67 33,Gimnasio San Gabriel Fitness y Boxeo,,España,google-maps,atleevobox,NUEVO,MEDIA,,,2026-05-19T19:18:44.383Z,2026-05-19T19:18:44.383Z,,"C/ de Perú, 13, 03008 Alicante",Alicante,5,13,https://maps.google.com/?cid=17861243927847966147&g_mp=Cidnb29nbGUubWFwcy5wbGFjZXMudjEuUGxhY2VzLlNlYXJjaFRleHQQAhgEIAA,gym,OPERATIONAL,"Importado desde Google Maps
Tipo: Gimnasio
Dirección: C/ de Perú, 13, 03008 Alicante
Google: 5⭐ (13 reseñas)
Maps: https://maps.google.com/?cid=17861243927847966147&g_mp=Cidnb29nbGUubWFwcy5wbGFjZXMudjEuUGxhY2VzLlNlYXJjaFRleHQQAhgEIAA"
cmpd0nhmz02khq1segk32933m,Old School Boxing Club “ Imperia”,,611 85 74 69,Old School Boxing Club “ Imperia”,,España,google-maps,atleevobox,NUEVO,MEDIA,,,2026-05-19T19:18:44.748Z,2026-05-19T19:18:44.748Z,,"Carrer Olof Palme, 9, 03010 Alacant, Alicante",Alicante,4.6,9,https://maps.google.com/?cid=5151990115577482968&g_mp=Cidnb29nbGUubWFwcy5wbGFjZXMudjEuUGxhY2VzLlNlYXJjaFRleHQQAhgEIAA,sports_coaching,OPERATIONAL,"Importado desde Google Maps
Tipo: Sports coaching
Dirección: Carrer Olof Palme, 9, 03010 Alacant, Alicante
Google: 4.6⭐ (9 reseñas)
Maps: https://maps.google.com/?cid=5151990115577482968&g_mp=Cidnb29nbGUubWFwcy5wbGFjZXMudjEuUGxhY2VzLlNlYXJjaFRleHQQAhgEIAA"
cmpd0nhw602kiq1seokk0kh0c,Climent Club | Jiu Jitsu | MMA | Boxeo,,640 58 62 65,Climent Club | Jiu Jitsu | MMA | Boxeo,,España,google-maps,atleevobox,NUEVO,MEDIA,,,2026-05-19T19:18:45.078Z,2026-05-19T19:18:45.078Z,http://www.climentclub.es/,"C. Burgos, 8, 03015 Alicante",Alicante,4.7,198,https://maps.google.com/?cid=245976873371908858&g_mp=Cidnb29nbGUubWFwcy5wbGFjZXMudjEuUGxhY2VzLlNlYXJjaFRleHQQAhgEIAA,sports_school,OPERATIONAL,"Importado desde Google Maps
Tipo: Escuela deportiva
Dirección: C. Burgos, 8, 03015 Alicante
Google: 4.7⭐ (198 reseñas)
Web: http://www.climentclub.es/
Maps: https://maps.google.com/?cid=245976873371908858&g_mp=Cidnb29nbGUubWFwcy5wbGFjZXMudjEuUGxhY2VzLlNlYXJjaFRleHQQAhgEIAA"
cmpd0ni8902kjq1seggg46n0l,Boxeo Total Alicante,,681 02 67 33,Boxeo Total Alicante,,España,google-maps,atleevobox,NUEVO,MEDIA,,,2026-05-19T19:18:45.513Z,2026-05-19T19:18:45.513Z,,"C. de Paraguay, 1, 03008 Alicante",Alicante,5,4,https://maps.google.com/?cid=7496915797350838279&g_mp=Cidnb29nbGUubWFwcy5wbGFjZXMudjEuUGxhY2VzLlNlYXJjaFRleHQQAhgEIAA,,OPERATIONAL,"Importado desde Google Maps
Dirección: C. de Paraguay, 1, 03008 Alicante
Google: 5⭐ (4 reseñas)
Maps: https://maps.google.com/?cid=7496915797350838279&g_mp=Cidnb29nbGUubWFwcy5wbGFjZXMudjEuUGxhY2VzLlNlYXJjaFRleHQQAhgEIAA"
cmpd0nihb02kkq1secu6njmgr,GYM TAO SANT JOAN,,966 37 43 19,GYM TAO SANT JOAN,,España,google-maps,atleevobox,NUEVO,MEDIA,,,2026-05-19T19:18:45.839Z,2026-05-19T19:18:45.839Z,https://www.gymtaoalicante.com/,"Carrer 6 de Desembre, 7, 03550 Sant Joan, Alicante",Alicante,4.8,65,https://maps.google.com/?cid=14323004563118077440&g_mp=Cidnb29nbGUubWFwcy5wbGFjZXMudjEuUGxhY2VzLlNlYXJjaFRleHQQAhgEIAA,gym,OPERATIONAL,"Importado desde Google Maps
Tipo: Gimnasio
Dirección: Carrer 6 de Desembre, 7, 03550 Sant Joan, Alicante
Google: 4.8⭐ (65 reseñas)
Web: https://www.gymtaoalicante.com/
Maps: https://maps.google.com/?cid=14323004563118077440&g_mp=Cidnb29nbGUubWFwcy5wbGFjZXMudjEuUGxhY2VzLlNlYXJjaFRleHQQAhgEIAA"
cmpd0nir202klq1se8jl90qzm,Coliseo Box,,651 15 25 65,Coliseo Box,,España,google-maps,atleevobox,NUEVO,MEDIA,,,2026-05-19T19:18:46.190Z,2026-05-19T19:18:46.190Z,,"Carrer Rubens, 3, 03009 Alacant, Alicante",Alicante,5,69,https://maps.google.com/?cid=2267424526253945088&g_mp=Cidnb29nbGUubWFwcy5wbGFjZXMudjEuUGxhY2VzLlNlYXJjaFRleHQQAhgEIAA,fitness_center,OPERATIONAL,"Importado desde Google Maps
Tipo: Centro deportivo
Dirección: Carrer Rubens, 3, 03009 Alacant, Alicante
Google: 5⭐ (69 reseñas)
Maps: https://maps.google.com/?cid=2267424526253945088&g_mp=Cidnb29nbGUubWFwcy5wbGFjZXMudjEuUGxhY2VzLlNlYXJjaFRleHQQAhgEIAA"
cmpd0nj0g02kmq1sedffn1cep,Club Deportivo Gimeno Team (kick boxing / k1 / boxeo),,653 08 78 71,Club Deportivo Gimeno Team (kick boxing / k1 / boxeo),,España,google-maps,atleevobox,NUEVO,MEDIA,,,2026-05-19T19:18:46.528Z,2026-05-19T19:18:46.528Z,https://www.cdgimenoteam.com/,"C. Camí de l'Algar, 22, local C, 03590 Altea, Alicante",Alicante,5,89,https://maps.google.com/?cid=4004686743147751524&g_mp=Cidnb29nbGUubWFwcy5wbGFjZXMudjEuUGxhY2VzLlNlYXJjaFRleHQQAhgEIAA,sports_club,OPERATIONAL,"Importado desde Google Maps
Tipo: Club deportivo
Dirección: C. Camí de l'Algar, 22, local C, 03590 Altea, Alicante
Google: 5⭐ (89 reseñas)
Web: https://www.cdgimenoteam.com/
Maps: https://maps.google.com/?cid=4004686743147751524&g_mp=Cidnb29nbGUubWFwcy5wbGFjZXMudjEuUGxhY2VzLlNlYXJjaFRleHQQAhgEIAA"
cmpd0nj9p02knq1se0hsj2sn1,UBOXING,,617 27 87 17,UBOXING,,España,google-maps,atleevobox,NUEVO,MEDIA,,,2026-05-19T19:18:46.862Z,2026-05-19T19:18:46.862Z,https://www.instagram.com/dmitriy_oleksandrovich47?igsh=MWJ5cWczbHZqeXF4OA==&utm_source=qr,"C. Gran Via, 1, 03009 Alicante",Alicante,,,https://maps.google.com/?cid=10846719472181999384&g_mp=Cidnb29nbGUubWFwcy5wbGFjZXMudjEuUGxhY2VzLlNlYXJjaFRleHQQAhgEIAA,sports_club,OPERATIONAL,"Importado desde Google Maps
Tipo: Club deportivo
Dirección: C. Gran Via, 1, 03009 Alicante
Web: https://www.instagram.com/dmitriy_oleksandrovich47?igsh=MWJ5cWczbHZqeXF4OA==&utm_source=qr
Maps: https://maps.google.com/?cid=10846719472181999384&g_mp=Cidnb29nbGUubWFwcy5wbGFjZXMudjEuUGxhY2VzLlNlYXJjaFRleHQQAhgEIAA"
cmpd0njit02koq1se222uhk55,Muay Thai JAIDEE BOXING Alicante,,663 61 44 92,Muay Thai JAIDEE BOXING Alicante,,España,google-maps,atleevobox,NUEVO,MEDIA,,,2026-05-19T19:18:47.190Z,2026-05-19T19:18:47.190Z,https://www.jaideeboxingmuaythai.com/,"C. Bailén, 65, local 8, 03690 San Vicente del Raspeig, Alicante",Alicante,5,252,https://maps.google.com/?cid=17780826702781572965&g_mp=Cidnb29nbGUubWFwcy5wbGFjZXMudjEuUGxhY2VzLlNlYXJjaFRleHQQAhgEIAA,sports_school,OPERATIONAL,"Importado desde Google Maps
Tipo: Escuela deportiva
Dirección: C. Bailén, 65, local 8, 03690 San Vicente del Raspeig, Alicante
Google: 5⭐ (252 reseñas)
Web: https://www.jaideeboxingmuaythai.com/
Maps: https://maps.google.com/?cid=17780826702781572965&g_mp=Cidnb29nbGUubWFwcy5wbGFjZXMudjEuUGxhY2VzLlNlYXJjaFRleHQQAhgEIAA"
cmpd0njsc02kpq1serjsa04a3,BOX GRAN VÍA Fitness Center,,657 10 37 64,BOX GRAN VÍA Fitness Center,,España,google-maps,atleevobox,NUEVO,MEDIA,,,2026-05-19T19:18:47.532Z,2026-05-19T19:18:47.532Z,https://granvia.wodbuster.com/,"C. Granja de Rocamora, 4, bajo, 03015 Alicante",Alicante,4.9,48,https://maps.google.com/?cid=6068769377112838975&g_mp=Cidnb29nbGUubWFwcy5wbGFjZXMudjEuUGxhY2VzLlNlYXJjaFRleHQQAhgEIAA,gym,OPERATIONAL,"Importado desde Google Maps
Tipo: Gimnasio
Dirección: C. Granja de Rocamora, 4, bajo, 03015 Alicante
Google: 4.9⭐ (48 reseñas)
Web: https://granvia.wodbuster.com/
Maps: https://maps.google.com/?cid=6068769377112838975&g_mp=Cidnb29nbGUubWFwcy5wbGFjZXMudjEuUGxhY2VzLlNlYXJjaFRleHQQAhgEIAA"
cmpd0nk2102kqq1sep28o2kas,Club De Boxeo Evolution Elche,,675 12 01 82,Club De Boxeo Evolution Elche,,España,google-maps,atleevobox,NUEVO,MEDIA,,,2026-05-19T19:18:47.882Z,2026-05-19T19:18:47.882Z,http://evolutionboxing.es/,"Carrer Petrer, 46, 03206 Elx, Alicante",Alicante,4.9,132,https://maps.google.com/?cid=15454706819910623216&g_mp=Cidnb29nbGUubWFwcy5wbGFjZXMudjEuUGxhY2VzLlNlYXJjaFRleHQQAhgEIAA,sports_club,OPERATIONAL,"Importado desde Google Maps
Tipo: Club deportivo
Dirección: Carrer Petrer, 46, 03206 Elx, Alicante
Google: 4.9⭐ (132 reseñas)
Web: http://evolutionboxing.es/
Maps: https://maps.google.com/?cid=15454706819910623216&g_mp=Cidnb29nbGUubWFwcy5wbGFjZXMudjEuUGxhY2VzLlNlYXJjaFRleHQQAhgEIAA"
cmpd0nkbw02krq1se803mnc9z,Club de Boxeo La Academia,,622 02 29 38,Club de Boxeo La Academia,,España,google-maps,atleevobox,NUEVO,MEDIA,,,2026-05-19T19:18:48.236Z,2026-05-19T19:18:48.236Z,,"Av. de Masnou, 3, edificio La Ermita, 5, 03710 Calpe, Alicante",Alicante,5,25,https://maps.google.com/?cid=6536835306147521686&g_mp=Cidnb29nbGUubWFwcy5wbGFjZXMudjEuUGxhY2VzLlNlYXJjaFRleHQQAhgEIAA,sports_coaching,OPERATIONAL,"Importado desde Google Maps
Tipo: Sports coaching
Dirección: Av. de Masnou, 3, edificio La Ermita, 5, 03710 Calpe, Alicante
Google: 5⭐ (25 reseñas)
Maps: https://maps.google.com/?cid=6536835306147521686&g_mp=Cidnb29nbGUubWFwcy5wbGFjZXMudjEuUGxhY2VzLlNlYXJjaFRleHQQAhgEIAA"
cmpd0nkla02ksq1se8621u2iy,Gimnasio Ondovilla | Boxeo - JiuJitsu - Grappling - MMA | San Vicente del Raspeig,,672 71 68 03,Gimnasio Ondovilla | Boxeo - JiuJitsu - Grappling - MMA | San Vicente del Raspeig,,España,google-maps,atleevobox,NUEVO,MEDIA,,,2026-05-19T19:18:48.574Z,2026-05-19T19:18:48.574Z,https://ondovillafightclub.com/,"Ctra. de Agost, 14, 03690 Sant Vicent del Raspeig, Alicante",Alicante,4.8,18,https://maps.google.com/?cid=5622080869789627757&g_mp=Cidnb29nbGUubWFwcy5wbGFjZXMudjEuUGxhY2VzLlNlYXJjaFRleHQQAhgEIAA,gym,OPERATIONAL,"Importado desde Google Maps
Tipo: Gimnasio
Dirección: Ctra. de Agost, 14, 03690 Sant Vicent del Raspeig, Alicante
Google: 4.8⭐ (18 reseñas)
Web: https://ondovillafightclub.com/
Maps: https://maps.google.com/?cid=5622080869789627757&g_mp=Cidnb29nbGUubWFwcy5wbGFjZXMudjEuUGxhY2VzLlNlYXJjaFRleHQQAhgEIAA"
cmpd0nkw502ktq1sey99acrtz,SAVAGE Deportes de Contacto,,639 88 56 36,SAVAGE Deportes de Contacto,,España,google-maps,atleevobox,NUEVO,MEDIA,,,2026-05-19T19:18:48.966Z,2026-05-19T19:18:48.966Z,http://www.takedown.es/,"C/ Gral. Espartero, 76, 78, 03012 Alicante",Alicante,4.7,46,https://maps.google.com/?cid=16430895008317303455&g_mp=Cidnb29nbGUubWFwcy5wbGFjZXMudjEuUGxhY2VzLlNlYXJjaFRleHQQAhgEIAA,sports_school,OPERATIONAL,"Importado desde Google Maps
Tipo: Escuela deportiva
Dirección: C/ Gral. Espartero, 76, 78, 03012 Alicante
Google: 4.7⭐ (46 reseñas)
Web: http://www.takedown.es/
Maps: https://maps.google.com/?cid=16430895008317303455&g_mp=Cidnb29nbGUubWFwcy5wbGFjZXMudjEuUGxhY2VzLlNlYXJjaFRleHQQAhgEIAA"
cmpd0nl5702kuq1sey1u4l5p0,Boxing Friends,,691 87 91 12,Boxing Friends,,España,google-maps,atleevobox,NUEVO,MEDIA,,,2026-05-19T19:18:49.291Z,2026-05-19T19:18:49.291Z,,"C. Lillo Juan, 127, 03690 San Vicente del Raspeig, Alicante",Alicante,4.9,28,https://maps.google.com/?cid=12900899688630416870&g_mp=Cidnb29nbGUubWFwcy5wbGFjZXMudjEuUGxhY2VzLlNlYXJjaFRleHQQAhgEIAA,sports_coaching,OPERATIONAL,"Importado desde Google Maps
Tipo: Sports coaching
Dirección: C. Lillo Juan, 127, 03690 San Vicente del Raspeig, Alicante
Google: 4.9⭐ (28 reseñas)
Maps: https://maps.google.com/?cid=12900899688630416870&g_mp=Cidnb29nbGUubWFwcy5wbGFjZXMudjEuUGxhY2VzLlNlYXJjaFRleHQQAhgEIAA"
cmpd0nlf702kvq1sen909j40h,Brooklyn Fitboxing Alicante pau 1,,608 26 50 97,Brooklyn Fitboxing Alicante pau 1,,España,google-maps,atleevobox,NUEVO,MEDIA,,,2026-05-19T19:18:49.651Z,2026-05-19T19:18:49.651Z,https://www.brooklynfitboxing.com/public/es/es-es/club/ALICANTE-PAU-1,"Avenida de, Av. José Jornet Navarro, 2, 03005 Alicante",Alicante,4.6,7,https://maps.google.com/?cid=5000249474435994432&g_mp=Cidnb29nbGUubWFwcy5wbGFjZXMudjEuUGxhY2VzLlNlYXJjaFRleHQQAhgEIAA,gym,OPERATIONAL,"Importado desde Google Maps
Tipo: Gimnasio
Dirección: Avenida de, Av. José Jornet Navarro, 2, 03005 Alicante
Google: 4.6⭐ (7 reseñas)
Web: https://www.brooklynfitboxing.com/public/es/es-es/club/ALICANTE-PAU-1
Maps: https://maps.google.com/?cid=5000249474435994432&g_mp=Cidnb29nbGUubWFwcy5wbGFjZXMudjEuUGxhY2VzLlNlYXJjaFRleHQQAhgEIAA"
cmpd0nloq02kwq1seb5ted2sq,Wolves KickBoxing Club - Centro Comercial Fontana,,633 48 20 88,Wolves KickBoxing Club - Centro Comercial Fontana,,España,google-maps,atleevobox,NUEVO,MEDIA,,,2026-05-19T19:18:49.994Z,2026-05-19T19:18:49.994Z,,"Av. de Holanda, Local 86 Planta 1, 03540 Alicante",Alicante,5,13,https://maps.google.com/?cid=13087846890774328263&g_mp=Cidnb29nbGUubWFwcy5wbGFjZXMudjEuUGxhY2VzLlNlYXJjaFRleHQQAhgEIAA,gym,OPERATIONAL,"Importado desde Google Maps
Tipo: Gimnasio
Dirección: Av. de Holanda, Local 86 Planta 1, 03540 Alicante
Google: 5⭐ (13 reseñas)
Maps: https://maps.google.com/?cid=13087846890774328263&g_mp=Cidnb29nbGUubWFwcy5wbGFjZXMudjEuUGxhY2VzLlNlYXJjaFRleHQQAhgEIAA"
cmpd0nlxz02kxq1seenvc51sr,Brooklyn Fitboxing Playa de san juan,,649 95 37 49,Brooklyn Fitboxing Playa de san juan,,España,google-maps,atleevobox,NUEVO,MEDIA,,,2026-05-19T19:18:50.328Z,2026-05-19T19:18:50.328Z,https://bfclick.com/playa-de-san-juan-gmb,"Av. Artista Remigio Soler López, 4, 03540 Alicante",Alicante,4.9,260,https://maps.google.com/?cid=719242317033638949&g_mp=Cidnb29nbGUubWFwcy5wbGFjZXMudjEuUGxhY2VzLlNlYXJjaFRleHQQAhgEIAA,gym,OPERATIONAL,"Importado desde Google Maps
Tipo: Gimnasio
Dirección: Av. Artista Remigio Soler López, 4, 03540 Alicante
Google: 4.9⭐ (260 reseñas)
Web: https://bfclick.com/playa-de-san-juan-gmb
Maps: https://maps.google.com/?cid=719242317033638949&g_mp=Cidnb29nbGUubWFwcy5wbGFjZXMudjEuUGxhY2VzLlNlYXJjaFRleHQQAhgEIAA"
cmpd0nm7902kyq1se9hswx33m,Gold Lion Club,,672 18 16 11,Gold Lion Club,,España,google-maps,atleevobox,NUEVO,MEDIA,,,2026-05-19T19:18:50.661Z,2026-05-19T19:18:50.661Z,,"Carrer Santiago, 57, 03690 Sant Vicent del Raspeig, Alicante",Alicante,5,51,https://maps.google.com/?cid=223349828958773598&g_mp=Cidnb29nbGUubWFwcy5wbGFjZXMudjEuUGxhY2VzLlNlYXJjaFRleHQQAhgEIAA,health,OPERATIONAL,"Importado desde Google Maps
Tipo: Salud y bienestar
Dirección: Carrer Santiago, 57, 03690 Sant Vicent del Raspeig, Alicante
Google: 5⭐ (51 reseñas)
Maps: https://maps.google.com/?cid=223349828958773598&g_mp=Cidnb29nbGUubWFwcy5wbGFjZXMudjEuUGxhY2VzLlNlYXJjaFRleHQQAhgEIAA"
cmpd0nmgj02kzq1sedfezr529,TheBox Playa San Juan - Climent Club Playa San Juan,,626 49 36 68,TheBox Playa San Juan - Climent Club Playa San Juan,,España,google-maps,atleevobox,NUEVO,MEDIA,,,2026-05-19T19:18:50.995Z,2026-05-19T19:18:50.995Z,http://www.crossfitplayasanjuan.com/,"Avinguda Goleta, 11, 03540 Alacant, Alicante",Alicante,4.7,107,https://maps.google.com/?cid=12930038311452610029&g_mp=Cidnb29nbGUubWFwcy5wbGFjZXMudjEuUGxhY2VzLlNlYXJjaFRleHQQAhgEIAA,fitness_center,OPERATIONAL,"Importado desde Google Maps
Tipo: Centro deportivo
Dirección: Avinguda Goleta, 11, 03540 Alacant, Alicante
Google: 4.7⭐ (107 reseñas)
Web: http://www.crossfitplayasanjuan.com/
Maps: https://maps.google.com/?cid=12930038311452610029&g_mp=Cidnb29nbGUubWFwcy5wbGFjZXMudjEuUGxhY2VzLlNlYXJjaFRleHQQAhgEIAA"
cmpd0nmq102l0q1sepsmiosvx,Team Saez Club Deportivo,,687 36 07 70,Team Saez Club Deportivo,,España,google-maps,atleevobox,NUEVO,MEDIA,,,2026-05-19T19:18:51.337Z,2026-05-19T19:18:51.337Z,https://clubdeportivoteamsaez.com/,"Carrer Luis Llorente, 5, 03201 Elx, Alicante",Alicante,4.9,95,https://maps.google.com/?cid=14728731130792369488&g_mp=Cidnb29nbGUubWFwcy5wbGFjZXMudjEuUGxhY2VzLlNlYXJjaFRleHQQAhgEIAA,sports_coaching,OPERATIONAL,"Importado desde Google Maps
Tipo: Sports coaching
Dirección: Carrer Luis Llorente, 5, 03201 Elx, Alicante
Google: 4.9⭐ (95 reseñas)
Web: https://clubdeportivoteamsaez.com/
Maps: https://maps.google.com/?cid=14728731130792369488&g_mp=Cidnb29nbGUubWFwcy5wbGFjZXMudjEuUGxhY2VzLlNlYXJjaFRleHQQAhgEIAA"
cmpd0nn0502l1q1seiqucm72a,Raven Boxing Club,,600 08 80 62,Raven Boxing Club,,España,google-maps,atleevobox,NUEVO,MEDIA,,,2026-05-19T19:18:51.702Z,2026-05-19T19:18:51.702Z,,"C. Aragon, 5, 03300 Orihuela, Alicante",Alicante,5,70,https://maps.google.com/?cid=8112690108337579460&g_mp=Cidnb29nbGUubWFwcy5wbGFjZXMudjEuUGxhY2VzLlNlYXJjaFRleHQQAhgEIAA,sports_club,OPERATIONAL,"Importado desde Google Maps
Tipo: Club deportivo
Dirección: C. Aragon, 5, 03300 Orihuela, Alicante
Google: 5⭐ (70 reseñas)
Maps: https://maps.google.com/?cid=8112690108337579460&g_mp=Cidnb29nbGUubWFwcy5wbGFjZXMudjEuUGxhY2VzLlNlYXJjaFRleHQQAhgEIAA"
cmpd0nnap02l2q1sexg5f3wcu,Fight Club A. Arrieta,,636 39 00 14,Fight Club A. Arrieta,,España,google-maps,atleevobox,NUEVO,MEDIA,,,2026-05-19T19:18:52.081Z,2026-05-19T19:18:52.081Z,https://www.facebook.com/fightclubkickboxing/,"C. Guadassuar, n8, 03202 Altabix, Alicante",Alicante,4.8,65,https://maps.google.com/?cid=11278905261156709485&g_mp=Cidnb29nbGUubWFwcy5wbGFjZXMudjEuUGxhY2VzLlNlYXJjaFRleHQQAhgEIAA,sports_school,OPERATIONAL,"Importado desde Google Maps
Tipo: Escuela deportiva
Dirección: C. Guadassuar, n8, 03202 Altabix, Alicante
Google: 4.8⭐ (65 reseñas)
Web: https://www.facebook.com/fightclubkickboxing/
Maps: https://maps.google.com/?cid=11278905261156709485&g_mp=Cidnb29nbGUubWFwcy5wbGFjZXMudjEuUGxhY2VzLlNlYXJjaFRleHQQAhgEIAA"
cmpd0nnjz02l3q1se4reodl1u,Blumebox Centro Deportivo - Box en San Vicente del Raspeig,,,Blumebox Centro Deportivo - Box en San Vicente del Raspeig,,España,google-maps,atleevobox,NUEVO,MEDIA,,,2026-05-19T19:18:52.415Z,2026-05-19T19:18:52.415Z,https://www.instagram.com/blumebox_/,"Carrer Artes Gráficas, 03690 Sant Vicent del Raspeig, Alicante",Alicante,5,60,https://maps.google.com/?cid=16770311021522946707&g_mp=Cidnb29nbGUubWFwcy5wbGFjZXMudjEuUGxhY2VzLlNlYXJjaFRleHQQAhgEIAA,gym,OPERATIONAL,"Importado desde Google Maps
Tipo: Gimnasio
Dirección: Carrer Artes Gráficas, 03690 Sant Vicent del Raspeig, Alicante
Google: 5⭐ (60 reseñas)
Web: https://www.instagram.com/blumebox_/
Maps: https://maps.google.com/?cid=16770311021522946707&g_mp=Cidnb29nbGUubWFwcy5wbGFjZXMudjEuUGxhY2VzLlNlYXJjaFRleHQQAhgEIAA"
cmpd0nntd02l4q1seoyy7j966,M. N . ARENA BOXING GYM CLUB,,722 47 22 18,M. N . ARENA BOXING GYM CLUB,,España,google-maps,atleevobox,NUEVO,MEDIA,,,2026-05-19T19:18:52.753Z,2026-05-19T19:18:52.753Z,https://www.instagram.com/m.n_arena_boxing/,"Av. de Algorfa, 11, 03160 Almoradí, Alicante",Alicante,5,6,https://maps.google.com/?cid=905727860920402967&g_mp=Cidnb29nbGUubWFwcy5wbGFjZXMudjEuUGxhY2VzLlNlYXJjaFRleHQQAhgEIAA,sports_coaching,OPERATIONAL,"Importado desde Google Maps
Tipo: Sports coaching
Dirección: Av. de Algorfa, 11, 03160 Almoradí, Alicante
Google: 5⭐ (6 reseñas)
Web: https://www.instagram.com/m.n_arena_boxing/
Maps: https://maps.google.com/?cid=905727860920402967&g_mp=Cidnb29nbGUubWFwcy5wbGFjZXMudjEuUGxhY2VzLlNlYXJjaFRleHQQAhgEIAA"
cmpd0no2m02l5q1se5imcvcml,Club De Boxeo Petrer,,677 70 99 99,Club De Boxeo Petrer,,España,google-maps,atleevobox,NUEVO,MEDIA,,,2026-05-19T19:18:53.087Z,2026-05-19T19:18:53.087Z,,"Carrer Nord, 3, 03610 Petrer, Alicante",Alicante,4.9,50,https://maps.google.com/?cid=10937055449901989267&g_mp=Cidnb29nbGUubWFwcy5wbGFjZXMudjEuUGxhY2VzLlNlYXJjaFRleHQQAhgEIAA,sports_coaching,OPERATIONAL,"Importado desde Google Maps
Tipo: Sports coaching
Dirección: Carrer Nord, 3, 03610 Petrer, Alicante
Google: 4.9⭐ (50 reseñas)
Maps: https://maps.google.com/?cid=10937055449901989267&g_mp=Cidnb29nbGUubWFwcy5wbGFjZXMudjEuUGxhY2VzLlNlYXJjaFRleHQQAhgEIAA"
cmpd0noc102l6q1seojcu15b8,iTRAINING - ALICANTE CENTRO,,623 20 93 61,iTRAINING - ALICANTE CENTRO,,España,google-maps,atleevobox,NUEVO,MEDIA,,,2026-05-19T19:18:53.426Z,2026-05-19T19:18:53.426Z,http://www.itraining.es/,"C/ Rafael Terol, 8, 03001 Alacant, Alicante",Alicante,5,394,https://maps.google.com/?cid=13258471175353459282&g_mp=Cidnb29nbGUubWFwcy5wbGFjZXMudjEuUGxhY2VzLlNlYXJjaFRleHQQAhgEIAA,health,OPERATIONAL,"Importado desde Google Maps
Tipo: Salud y bienestar
Dirección: C/ Rafael Terol, 8, 03001 Alacant, Alicante
Google: 5⭐ (394 reseñas)
Web: http://www.itraining.es/
Maps: https://maps.google.com/?cid=13258471175353459282&g_mp=Cidnb29nbGUubWFwcy5wbGFjZXMudjEuUGxhY2VzLlNlYXJjaFRleHQQAhgEIAA"
cmpd0nole02l7q1sefgy76ktz,Academia Artes Marciales Templo Alicante,,966 37 74 17,Academia Artes Marciales Templo Alicante,,España,google-maps,atleevobox,NUEVO,MEDIA,,,2026-05-19T19:18:53.763Z,2026-05-19T19:18:53.763Z,http://www.academiatemploalicante.com/,"C. Arturo, 19, 03007 Alicante",Alicante,4.9,70,https://maps.google.com/?cid=1123152886301100601&g_mp=Cidnb29nbGUubWFwcy5wbGFjZXMudjEuUGxhY2VzLlNlYXJjaFRleHQQAhgEIAA,sports_school,OPERATIONAL,"Importado desde Google Maps
Tipo: Escuela deportiva
Dirección: C. Arturo, 19, 03007 Alicante
Google: 4.9⭐ (70 reseñas)
Web: http://www.academiatemploalicante.com/
Maps: https://maps.google.com/?cid=1123152886301100601&g_mp=Cidnb29nbGUubWFwcy5wbGFjZXMudjEuUGxhY2VzLlNlYXJjaFRleHQQAhgEIAA"
cmpd0nour02l8q1sed79d51bw,Alistar Boxing Club,,688 70 06 94,Alistar Boxing Club,,España,google-maps,atleevobox,NUEVO,MEDIA,,,2026-05-19T19:18:54.099Z,2026-05-19T19:18:54.099Z,https://www.instagram.com/alistar_boxing_club?igsh=cjUxYWR3ODlpZTBt,"C. Elche, 25, 03150 Dolores, Alicante",Alicante,4.9,8,https://maps.google.com/?cid=11592577953449134505&g_mp=Cidnb29nbGUubWFwcy5wbGFjZXMudjEuUGxhY2VzLlNlYXJjaFRleHQQAhgEIAA,sports_club,OPERATIONAL,"Importado desde Google Maps
Tipo: Club deportivo
Dirección: C. Elche, 25, 03150 Dolores, Alicante
Google: 4.9⭐ (8 reseñas)
Web: https://www.instagram.com/alistar_boxing_club?igsh=cjUxYWR3ODlpZTBt
Maps: https://maps.google.com/?cid=11592577953449134505&g_mp=Cidnb29nbGUubWFwcy5wbGFjZXMudjEuUGxhY2VzLlNlYXJjaFRleHQQAhgEIAA"
cmpd0np4p02l9q1sewoelhovf,BOX AKRA,,690 17 90 58,BOX AKRA,,España,google-maps,atleevobox,NUEVO,MEDIA,,,2026-05-19T19:18:54.457Z,2026-05-19T19:18:54.457Z,https://boxakra.com/,"C. Miguel Bernal Martínez, 14A, 03009 Alicante",Alicante,4.9,108,https://maps.google.com/?cid=2590108242394240004&g_mp=Cidnb29nbGUubWFwcy5wbGFjZXMudjEuUGxhY2VzLlNlYXJjaFRleHQQAhgEIAA,gym,OPERATIONAL,"Importado desde Google Maps
Tipo: Gimnasio
Dirección: C. Miguel Bernal Martínez, 14A, 03009 Alicante
Google: 4.9⭐ (108 reseñas)
Web: https://boxakra.com/
Maps: https://maps.google.com/?cid=2590108242394240004&g_mp=Cidnb29nbGUubWFwcy5wbGFjZXMudjEuUGxhY2VzLlNlYXJjaFRleHQQAhgEIAA"
cmpd0npdw02laq1seu8h59kwe,Club deportivo Eldabox,,646 86 38 97,Club deportivo Eldabox,,España,google-maps,atleevobox,NUEVO,MEDIA,,,2026-05-19T19:18:54.789Z,2026-05-19T19:18:54.789Z,,"C. Virgen del Pilar, 1, 03600 Elda, Alicante",Alicante,5,11,https://maps.google.com/?cid=9501235997784661613&g_mp=Cidnb29nbGUubWFwcy5wbGFjZXMudjEuUGxhY2VzLlNlYXJjaFRleHQQAhgEIAA,gym,OPERATIONAL,"Importado desde Google Maps
Tipo: Gimnasio
Dirección: C. Virgen del Pilar, 1, 03600 Elda, Alicante
Google: 5⭐ (11 reseñas)
Maps: https://maps.google.com/?cid=9501235997784661613&g_mp=Cidnb29nbGUubWFwcy5wbGFjZXMudjEuUGxhY2VzLlNlYXJjaFRleHQQAhgEIAA"
cmpd0npn802lbq1se1u1fcn4e,Gimnasio Nak Muay San Vicente - Alicante,,663 86 92 10,Gimnasio Nak Muay San Vicente - Alicante,,España,google-maps,atleevobox,NUEVO,MEDIA,,,2026-05-19T19:18:55.124Z,2026-05-19T19:18:55.124Z,https://blumesportscenter.es/,"C. San Pablo, 64, 03690 San Vicente del Raspeig, Alicante",Alicante,4.8,23,https://maps.google.com/?cid=14302634362018945678&g_mp=Cidnb29nbGUubWFwcy5wbGFjZXMudjEuUGxhY2VzLlNlYXJjaFRleHQQAhgEIAA,sports_coaching,OPERATIONAL,"Importado desde Google Maps
Tipo: Sports coaching
Dirección: C. San Pablo, 64, 03690 San Vicente del Raspeig, Alicante
Google: 4.8⭐ (23 reseñas)
Web: https://blumesportscenter.es/
Maps: https://maps.google.com/?cid=14302634362018945678&g_mp=Cidnb29nbGUubWFwcy5wbGFjZXMudjEuUGxhY2VzLlNlYXJjaFRleHQQAhgEIAA"
cmpd0npwh02lcq1sexltansup,Club De Boxeo.,,647 63 58 51,Club De Boxeo.,,España,google-maps,atleevobox,NUEVO,MEDIA,,,2026-05-19T19:18:55.458Z,2026-05-19T19:18:55.458Z,,"C. José Cartagena, 28, 03159 Daya Nueva, Alicante",Alicante,4.9,11,https://maps.google.com/?cid=9819983664535373064&g_mp=Cidnb29nbGUubWFwcy5wbGFjZXMudjEuUGxhY2VzLlNlYXJjaFRleHQQAhgEIAA,sports_coaching,OPERATIONAL,"Importado desde Google Maps
Tipo: Sports coaching
Dirección: C. José Cartagena, 28, 03159 Daya Nueva, Alicante
Google: 4.9⭐ (11 reseñas)
Maps: https://maps.google.com/?cid=9819983664535373064&g_mp=Cidnb29nbGUubWFwcy5wbGFjZXMudjEuUGxhY2VzLlNlYXJjaFRleHQQAhgEIAA"
cmpd0nq5q02ldq1sems778ye3,Gimnasio Furyo Calasancio,,965 17 21 12,Gimnasio Furyo Calasancio,,España,google-maps,atleevobox,NUEVO,MEDIA,,,2026-05-19T19:18:55.791Z,2026-05-19T19:18:55.791Z,https://centrodeportivofuryo.com/,"Avinguda de Dénia, 82, 03016 Alacant, Alicante",Alicante,5,40,https://maps.google.com/?cid=11406213523103325100&g_mp=Cidnb29nbGUubWFwcy5wbGFjZXMudjEuUGxhY2VzLlNlYXJjaFRleHQQAhgEIAA,gym,OPERATIONAL,"Importado desde Google Maps
Tipo: Gimnasio
Dirección: Avinguda de Dénia, 82, 03016 Alacant, Alicante
Google: 5⭐ (40 reseñas)
Web: https://centrodeportivofuryo.com/
Maps: https://maps.google.com/?cid=11406213523103325100&g_mp=Cidnb29nbGUubWFwcy5wbGFjZXMudjEuUGxhY2VzLlNlYXJjaFRleHQQAhgEIAA"
cmpd0nqey02leq1se6jx6egko,CLUB DE BOXEO ÚLTIMO ASALTO,,690 38 94 64,CLUB DE BOXEO ÚLTIMO ASALTO,,España,google-maps,atleevobox,NUEVO,MEDIA,,,2026-05-19T19:18:56.122Z,2026-05-19T19:18:56.122Z,,"C. Monseñor Espinosa, 3, 03300 Orihuela, Alicante",Alicante,4.9,65,https://maps.google.com/?cid=13951233130454823861&g_mp=Cidnb29nbGUubWFwcy5wbGFjZXMudjEuUGxhY2VzLlNlYXJjaFRleHQQAhgEIAA,sports_club,OPERATIONAL,"Importado desde Google Maps
Tipo: Club deportivo
Dirección: C. Monseñor Espinosa, 3, 03300 Orihuela, Alicante
Google: 4.9⭐ (65 reseñas)
Maps: https://maps.google.com/?cid=13951233130454823861&g_mp=Cidnb29nbGUubWFwcy5wbGFjZXMudjEuUGxhY2VzLlNlYXJjaFRleHQQAhgEIAA"
cmpd0nqou02lfq1seo2zd3g6g,Brooklyn Fitboxing San vicente del raspeig,,608 26 50 97,Brooklyn Fitboxing San vicente del raspeig,,España,google-maps,atleevobox,NUEVO,MEDIA,,,2026-05-19T19:18:56.479Z,2026-05-19T19:18:56.479Z,https://bfclick.com/san-vicente-del-raspeig-gmb,"Av. Ancha de Castelar, 184, 03690 Sant Vicent del Raspeig, Alicante",Alicante,4.8,234,https://maps.google.com/?cid=8174112807372781964&g_mp=Cidnb29nbGUubWFwcy5wbGFjZXMudjEuUGxhY2VzLlNlYXJjaFRleHQQAhgEIAA,gym,OPERATIONAL,"Importado desde Google Maps
Tipo: Gimnasio
Dirección: Av. Ancha de Castelar, 184, 03690 Sant Vicent del Raspeig, Alicante
Google: 4.8⭐ (234 reseñas)
Web: https://bfclick.com/san-vicente-del-raspeig-gmb
Maps: https://maps.google.com/?cid=8174112807372781964&g_mp=Cidnb29nbGUubWFwcy5wbGFjZXMudjEuUGxhY2VzLlNlYXJjaFRleHQQAhgEIAA"
cmpd0nqyf02lgq1ser0iwfrig,GBS BOXING. Club de Boxeo y Artes Marciales,,646 98 54 64,GBS BOXING. Club de Boxeo y Artes Marciales,,España,google-maps,atleevobox,NUEVO,MEDIA,,,2026-05-19T19:18:56.823Z,2026-05-19T19:18:56.823Z,,"Carrer Xixona, 10, 03204 Elx, Alicante",Alicante,4.3,26,https://maps.google.com/?cid=9030816907157569705&g_mp=Cidnb29nbGUubWFwcy5wbGFjZXMudjEuUGxhY2VzLlNlYXJjaFRleHQQAhgEIAA,sports_club,OPERATIONAL,"Importado desde Google Maps
Tipo: Club deportivo
Dirección: Carrer Xixona, 10, 03204 Elx, Alicante
Google: 4.3⭐ (26 reseñas)
Maps: https://maps.google.com/?cid=9030816907157569705&g_mp=Cidnb29nbGUubWFwcy5wbGFjZXMudjEuUGxhY2VzLlNlYXJjaFRleHQQAhgEIAA"
cmpd0nr7s02lhq1seturko8tx,Boxeo Total Training Academy,,673 73 63 23,Boxeo Total Training Academy,,España,google-maps,atleevobox,NUEVO,MEDIA,,,2026-05-19T19:18:57.160Z,2026-05-19T19:18:57.160Z,,"C/ de Perú, 12, 03008 Alicante",Alicante,4,4,https://maps.google.com/?cid=4515225300763049302&g_mp=Cidnb29nbGUubWFwcy5wbGFjZXMudjEuUGxhY2VzLlNlYXJjaFRleHQQAhgEIAA,gym,OPERATIONAL,"Importado desde Google Maps
Tipo: Gimnasio
Dirección: C/ de Perú, 12, 03008 Alicante
Google: 4⭐ (4 reseñas)
Maps: https://maps.google.com/?cid=4515225300763049302&g_mp=Cidnb29nbGUubWFwcy5wbGFjZXMudjEuUGxhY2VzLlNlYXJjaFRleHQQAhgEIAA"
cmpd0nrha02liq1sepmxc90uz,Centro Deportivo Furyo Los Ángeles,,965 17 21 12,Centro Deportivo Furyo Los Ángeles,,España,google-maps,atleevobox,NUEVO,MEDIA,,,2026-05-19T19:18:57.503Z,2026-05-19T19:18:57.503Z,http://centrodeportivofuryo.com/,"C. de Escoto, 4, 03009 Alicante",Alicante,4.6,160,https://maps.google.com/?cid=10515718259412756583&g_mp=Cidnb29nbGUubWFwcy5wbGFjZXMudjEuUGxhY2VzLlNlYXJjaFRleHQQAhgEIAA,gym,OPERATIONAL,"Importado desde Google Maps
Tipo: Gimnasio
Dirección: C. de Escoto, 4, 03009 Alicante
Google: 4.6⭐ (160 reseñas)
Web: http://centrodeportivofuryo.com/
Maps: https://maps.google.com/?cid=10515718259412756583&g_mp=Cidnb29nbGUubWFwcy5wbGFjZXMudjEuUGxhY2VzLlNlYXJjaFRleHQQAhgEIAA"
cmpd0ns0e02ljq1se3u15fcyi,Fight Club Ibi,,648 47 62 89,Fight Club Ibi,,España,google-maps,atleevobox,NUEVO,MEDIA,,,2026-05-19T19:18:58.190Z,2026-05-19T19:18:58.190Z,https://www.instagram.com/fight_club_ibi/,"Calle Ausiàs March, 17-19, 03440 Ibi, Alicante",Alicante,5,32,https://maps.google.com/?cid=5068461099184932767&g_mp=Cidnb29nbGUubWFwcy5wbGFjZXMudjEuUGxhY2VzLlNlYXJjaFRleHQQAhgEIAA,sports_club,OPERATIONAL,"Importado desde Google Maps
Tipo: Club deportivo
Dirección: Calle Ausiàs March, 17-19, 03440 Ibi, Alicante
Google: 5⭐ (32 reseñas)
Web: https://www.instagram.com/fight_club_ibi/
Maps: https://maps.google.com/?cid=5068461099184932767&g_mp=Cidnb29nbGUubWFwcy5wbGFjZXMudjEuUGxhY2VzLlNlYXJjaFRleHQQAhgEIAA"
cmpd0ns9n02lkq1seetgtb1vv,Ram Muay Gym,,686 27 53 52,Ram Muay Gym,,España,google-maps,atleevobox,NUEVO,MEDIA,,,2026-05-19T19:18:58.523Z,2026-05-19T19:18:58.523Z,,"Carrer Comparsa Mariners, 13, 03610 Petrer, Alicante",Alicante,4.7,47,https://maps.google.com/?cid=2242190714647828700&g_mp=Cidnb29nbGUubWFwcy5wbGFjZXMudjEuUGxhY2VzLlNlYXJjaFRleHQQAhgEIAA,gym,OPERATIONAL,"Importado desde Google Maps
Tipo: Gimnasio
Dirección: Carrer Comparsa Mariners, 13, 03610 Petrer, Alicante
Google: 4.7⭐ (47 reseñas)
Maps: https://maps.google.com/?cid=2242190714647828700&g_mp=Cidnb29nbGUubWFwcy5wbGFjZXMudjEuUGxhY2VzLlNlYXJjaFRleHQQAhgEIAA"
cmpd0nsj102llq1se0ymebysq,OASIS Fitness & Academia de Boxeo,,615 34 12 29,OASIS Fitness & Academia de Boxeo,,España,google-maps,atleevobox,NUEVO,MEDIA,,,2026-05-19T19:18:58.861Z,2026-05-19T19:18:58.861Z,https://oasisdeniafitnessyboxeo.es/,"Camí Pou de la Muntanya, 9A, 03700 Dénia, Alicante",Alicante,4.8,102,https://maps.google.com/?cid=16530595744357856295&g_mp=Cidnb29nbGUubWFwcy5wbGFjZXMudjEuUGxhY2VzLlNlYXJjaFRleHQQAhgEIAA,gym,OPERATIONAL,"Importado desde Google Maps
Tipo: Gimnasio
Dirección: Camí Pou de la Muntanya, 9A, 03700 Dénia, Alicante
Google: 4.8⭐ (102 reseñas)
Web: https://oasisdeniafitnessyboxeo.es/
Maps: https://maps.google.com/?cid=16530595744357856295&g_mp=Cidnb29nbGUubWFwcy5wbGFjZXMudjEuUGxhY2VzLlNlYXJjaFRleHQQAhgEIAA"
cmpd0nssa02lmq1sezg0ubdi4,iTRAINING - ALICANTE PAU 2,,613 82 57 77,iTRAINING - ALICANTE PAU 2,,España,google-maps,atleevobox,NUEVO,MEDIA,,,2026-05-19T19:18:59.195Z,2026-05-19T19:18:59.195Z,https://www.itraining.es/,"Cafeteria Red Corner, Av. Isla de Corfú, 5, 03005 Alicante",Alicante,5,411,https://maps.google.com/?cid=4133467511268263510&g_mp=Cidnb29nbGUubWFwcy5wbGFjZXMudjEuUGxhY2VzLlNlYXJjaFRleHQQAhgEIAA,gym,OPERATIONAL,"Importado desde Google Maps
Tipo: Gimnasio
Dirección: Cafeteria Red Corner, Av. Isla de Corfú, 5, 03005 Alicante
Google: 5⭐ (411 reseñas)
Web: https://www.itraining.es/
Maps: https://maps.google.com/?cid=4133467511268263510&g_mp=Cidnb29nbGUubWFwcy5wbGFjZXMudjEuUGxhY2VzLlNlYXJjaFRleHQQAhgEIAA"
cmpd0nt1s02lnq1se193dejpn,MTXS - Centro Deportivo (MTXS GYM),,649 31 50 93,MTXS - Centro Deportivo (MTXS GYM),,España,google-maps,atleevobox,NUEVO,MEDIA,,,2026-05-19T19:18:59.537Z,2026-05-19T19:18:59.537Z,http://www.gimnasio-mtxs.com/,"C. Garachico, 46, 03112 Alicante",Alicante,4.8,266,https://maps.google.com/?cid=3114686135899199240&g_mp=Cidnb29nbGUubWFwcy5wbGFjZXMudjEuUGxhY2VzLlNlYXJjaFRleHQQAhgEIAA,gym,OPERATIONAL,"Importado desde Google Maps
Tipo: Gimnasio
Dirección: C. Garachico, 46, 03112 Alicante
Google: 4.8⭐ (266 reseñas)
Web: http://www.gimnasio-mtxs.com/
Maps: https://maps.google.com/?cid=3114686135899199240&g_mp=Cidnb29nbGUubWFwcy5wbGFjZXMudjEuUGxhY2VzLlNlYXJjaFRleHQQAhgEIAA"
cmpd0ntbe02loq1secm9y7l8e,Snake Thai Boxing,,623 93 40 43,Snake Thai Boxing,,España,google-maps,atleevobox,NUEVO,MEDIA,,,2026-05-19T19:18:59.882Z,2026-05-19T19:18:59.882Z,https://facebook.com/snakethaiboxing/,"C. Reverendo Gil Guillén, 03150 Dolores, Alicante",Alicante,4.9,31,https://maps.google.com/?cid=6965422460001153172&g_mp=Cidnb29nbGUubWFwcy5wbGFjZXMudjEuUGxhY2VzLlNlYXJjaFRleHQQAhgEIAA,sports_coaching,OPERATIONAL,"Importado desde Google Maps
Tipo: Sports coaching
Dirección: C. Reverendo Gil Guillén, 03150 Dolores, Alicante
Google: 4.9⭐ (31 reseñas)
Web: https://facebook.com/snakethaiboxing/
Maps: https://maps.google.com/?cid=6965422460001153172&g_mp=Cidnb29nbGUubWFwcy5wbGFjZXMudjEuUGxhY2VzLlNlYXJjaFRleHQQAhgEIAA"
cmpd0ntkt02lpq1sey1ztnpmz,Box 44 centro de Entrenamiento,,667 98 65 03,Box 44 centro de Entrenamiento,,España,google-maps,atleevobox,NUEVO,MEDIA,,,2026-05-19T19:19:00.221Z,2026-05-19T19:19:00.221Z,https://box44.wodbuster.com/,"Av. Orihuela, 29, 03680 Aspe, Alicante",Alicante,5,28,https://maps.google.com/?cid=4243426228633142027&g_mp=Cidnb29nbGUubWFwcy5wbGFjZXMudjEuUGxhY2VzLlNlYXJjaFRleHQQAhgEIAA,fitness_center,OPERATIONAL,"Importado desde Google Maps
Tipo: Centro deportivo
Dirección: Av. Orihuela, 29, 03680 Aspe, Alicante
Google: 5⭐ (28 reseñas)
Web: https://box44.wodbuster.com/
Maps: https://maps.google.com/?cid=4243426228633142027&g_mp=Cidnb29nbGUubWFwcy5wbGFjZXMudjEuUGxhY2VzLlNlYXJjaFRleHQQAhgEIAA"
cmpd0ntu602lqq1seo1wk27qi,Old School Gym,,722 76 24 09,Old School Gym,,España,google-maps,atleevobox,NUEVO,MEDIA,,,2026-05-19T19:19:00.558Z,2026-05-19T19:19:00.558Z,https://www.instagram.com/oldschoolelda/,"C. Murillo, 6, 03600 ALACANT, Alicante",Alicante,5,3,https://maps.google.com/?cid=15960174060406917621&g_mp=Cidnb29nbGUubWFwcy5wbGFjZXMudjEuUGxhY2VzLlNlYXJjaFRleHQQAhgEIAA,gym,OPERATIONAL,"Importado desde Google Maps
Tipo: Gimnasio
Dirección: C. Murillo, 6, 03600 ALACANT, Alicante
Google: 5⭐ (3 reseñas)
Web: https://www.instagram.com/oldschoolelda/
Maps: https://maps.google.com/?cid=15960174060406917621&g_mp=Cidnb29nbGUubWFwcy5wbGFjZXMudjEuUGxhY2VzLlNlYXJjaFRleHQQAhgEIAA"
cmpd0nu3j02lrq1sei24cho11,"Vista GYM - Gimnasio, SPA & Club de Boxeo",,602 43 00 74,"Vista GYM - Gimnasio, SPA & Club de Boxeo",,España,google-maps,atleevobox,NUEVO,MEDIA,,,2026-05-19T19:19:00.895Z,2026-05-19T19:19:00.895Z,,"Carrer Serra Gelada, 66, 03530 Nou Espai I, Alicante",Alicante,4.5,85,https://maps.google.com/?cid=2604247225987003178&g_mp=Cidnb29nbGUubWFwcy5wbGFjZXMudjEuUGxhY2VzLlNlYXJjaFRleHQQAhgEIAA,gym,OPERATIONAL,"Importado desde Google Maps
Tipo: Gimnasio
Dirección: Carrer Serra Gelada, 66, 03530 Nou Espai I, Alicante
Google: 4.5⭐ (85 reseñas)
Maps: https://maps.google.com/?cid=2604247225987003178&g_mp=Cidnb29nbGUubWFwcy5wbGFjZXMudjEuUGxhY2VzLlNlYXJjaFRleHQQAhgEIAA"
cmpd0nucv02lsq1sehhhvdi26,Team V. Martinez,,654 26 66 76,Team V. Martinez,,España,google-maps,atleevobox,NUEVO,MEDIA,,,2026-05-19T19:19:01.231Z,2026-05-19T19:19:01.231Z,https://www.facebook.com/profile.php?id=100005736195214,"C. Hilarión Eslava, 31, 03204 Elx, Alicante",Alicante,5,46,https://maps.google.com/?cid=12550130746434378933&g_mp=Cidnb29nbGUubWFwcy5wbGFjZXMudjEuUGxhY2VzLlNlYXJjaFRleHQQAhgEIAA,sports_coaching,OPERATIONAL,"Importado desde Google Maps
Tipo: Sports coaching
Dirección: C. Hilarión Eslava, 31, 03204 Elx, Alicante
Google: 5⭐ (46 reseñas)
Web: https://www.facebook.com/profile.php?id=100005736195214
Maps: https://maps.google.com/?cid=12550130746434378933&g_mp=Cidnb29nbGUubWFwcy5wbGFjZXMudjEuUGxhY2VzLlNlYXJjaFRleHQQAhgEIAA"
cmpd0num302ltq1sez64znm96,Club de boxeo Barrull,,,Club de boxeo Barrull,,España,google-maps,atleevobox,NUEVO,MEDIA,,,2026-05-19T19:19:01.563Z,2026-05-19T19:19:01.563Z,,"Carrer Sant Blai, 3, 03801 Alcoi, Alicante",Alicante,5,1,https://maps.google.com/?cid=14814901897555649411&g_mp=Cidnb29nbGUubWFwcy5wbGFjZXMudjEuUGxhY2VzLlNlYXJjaFRleHQQAhgEIAA,sports_club,OPERATIONAL,"Importado desde Google Maps
Tipo: Club deportivo
Dirección: Carrer Sant Blai, 3, 03801 Alcoi, Alicante
Google: 5⭐ (1 reseñas)
Maps: https://maps.google.com/?cid=14814901897555649411&g_mp=Cidnb29nbGUubWFwcy5wbGFjZXMudjEuUGxhY2VzLlNlYXJjaFRleHQQAhgEIAA"
cmpd0nuvq02luq1semh1v8qac,Titan Fitness Alicante,,605 58 71 93,Titan Fitness Alicante,,España,google-maps,atleevobox,NUEVO,MEDIA,,,2026-05-19T19:19:01.911Z,2026-05-19T19:19:01.911Z,https://titanfitnessalicante.es/,"Avenida Elche 51, C. de México, 4, bajo, 03008 Alicante",Alicante,4.9,193,https://maps.google.com/?cid=4567778007743887957&g_mp=Cidnb29nbGUubWFwcy5wbGFjZXMudjEuUGxhY2VzLlNlYXJjaFRleHQQAhgEIAA,gym,OPERATIONAL,"Importado desde Google Maps
Tipo: Gimnasio
Dirección: Avenida Elche 51, C. de México, 4, bajo, 03008 Alicante
Google: 4.9⭐ (193 reseñas)
Web: https://titanfitnessalicante.es/
Maps: https://maps.google.com/?cid=4567778007743887957&g_mp=Cidnb29nbGUubWFwcy5wbGFjZXMudjEuUGxhY2VzLlNlYXJjaFRleHQQAhgEIAA"
cmpd0nv4z02lvq1se3miqddj9,Academia El Temple,,642 86 52 94,Academia El Temple,,España,google-maps,atleevobox,NUEVO,MEDIA,,,2026-05-19T19:19:02.243Z,2026-05-19T19:19:02.243Z,https://instagram.com/academiaeltemple?igshid=ZDdkNTZiNTM=,"Carrer Rigel, 29, 03007 Alacant, Alicante",Alicante,5,68,https://maps.google.com/?cid=15600636179400225147&g_mp=Cidnb29nbGUubWFwcy5wbGFjZXMudjEuUGxhY2VzLlNlYXJjaFRleHQQAhgEIAA,health,OPERATIONAL,"Importado desde Google Maps
Tipo: Salud y bienestar
Dirección: Carrer Rigel, 29, 03007 Alacant, Alicante
Google: 5⭐ (68 reseñas)
Web: https://instagram.com/academiaeltemple?igshid=ZDdkNTZiNTM=
Maps: https://maps.google.com/?cid=15600636179400225147&g_mp=Cidnb29nbGUubWFwcy5wbGFjZXMudjEuUGxhY2VzLlNlYXJjaFRleHQQAhgEIAA"
cmpd0nypv02lwq1seqim68q7b,Club de boxeo la fragua,,622 46 20 95,Club de boxeo la fragua,,España,google-maps,atleevobox,NUEVO,MEDIA,,,2026-05-19T19:19:06.883Z,2026-05-19T19:19:06.883Z,,"Carrer Elda, 25, 03203 Elx, Alicante",Alicante,5,2,https://maps.google.com/?cid=13443556381673953593&g_mp=Cidnb29nbGUubWFwcy5wbGFjZXMudjEuUGxhY2VzLlNlYXJjaFRleHQQAhgEIAA,sports_club,OPERATIONAL,"Importado desde Google Maps
Tipo: Club deportivo
Dirección: Carrer Elda, 25, 03203 Elx, Alicante
Google: 5⭐ (2 reseñas)
Maps: https://maps.google.com/?cid=13443556381673953593&g_mp=Cidnb29nbGUubWFwcy5wbGFjZXMudjEuUGxhY2VzLlNlYXJjaFRleHQQAhgEIAA"
cmpd0o00302lxq1sefp01k2c0,CLUB DE BOXEO DE LA CHICA SANTA POLA,,659 95 21 84,CLUB DE BOXEO DE LA CHICA SANTA POLA,,España,google-maps,atleevobox,NUEVO,MEDIA,,,2026-05-19T19:19:08.547Z,2026-05-19T19:19:08.547Z,,"Av. Albacete, 10, 03130 Santa Pola, Alicante",Alicante,5,6,https://maps.google.com/?cid=7740809290012999869&g_mp=Cidnb29nbGUubWFwcy5wbGFjZXMudjEuUGxhY2VzLlNlYXJjaFRleHQQAhgEIAA,sports_club,OPERATIONAL,"Importado desde Google Maps
Tipo: Club deportivo
Dirección: Av. Albacete, 10, 03130 Santa Pola, Alicante
Google: 5⭐ (6 reseñas)
Maps: https://maps.google.com/?cid=7740809290012999869&g_mp=Cidnb29nbGUubWFwcy5wbGFjZXMudjEuUGxhY2VzLlNlYXJjaFRleHQQAhgEIAA"
cmpd0o11w02lyq1selp3ir0em,Team Saez Carrús Boxing,,687 36 07 70,Team Saez Carrús Boxing,,España,google-maps,atleevobox,NUEVO,MEDIA,,,2026-05-19T19:19:09.909Z,2026-05-19T19:19:09.909Z,https://clubdeportivoteamsaez.com/,"Carrer Vicente Villar Pala, 03206 Elx, Alicante",Alicante,5,22,https://maps.google.com/?cid=14806617131514555273&g_mp=Cidnb29nbGUubWFwcy5wbGFjZXMudjEuUGxhY2VzLlNlYXJjaFRleHQQAhgEIAA,sports_club,OPERATIONAL,"Importado desde Google Maps
Tipo: Club deportivo
Dirección: Carrer Vicente Villar Pala, 03206 Elx, Alicante
Google: 5⭐ (22 reseñas)
Web: https://clubdeportivoteamsaez.com/
Maps: https://maps.google.com/?cid=14806617131514555273&g_mp=Cidnb29nbGUubWFwcy5wbGFjZXMudjEuUGxhY2VzLlNlYXJjaFRleHQQAhgEIAA"
cmpd0o28f02lzq1se3gs3vjve,Club Boxeo IMBox,,691 54 21 14,Club Boxeo IMBox,,España,google-maps,atleevobox,NUEVO,MEDIA,,,2026-05-19T19:19:11.439Z,2026-05-19T19:19:11.439Z,,"C. Cn Manuel Serna, 8, 03340 Albatera, Alicante",Alicante,,,https://maps.google.com/?cid=5672109591742173770&g_mp=Cidnb29nbGUubWFwcy5wbGFjZXMudjEuUGxhY2VzLlNlYXJjaFRleHQQAhgEIAA,sports_club,OPERATIONAL,"Importado desde Google Maps
Tipo: Club deportivo
Dirección: C. Cn Manuel Serna, 8, 03340 Albatera, Alicante
Maps: https://maps.google.com/?cid=5672109591742173770&g_mp=Cidnb29nbGUubWFwcy5wbGFjZXMudjEuUGxhY2VzLlNlYXJjaFRleHQQAhgEIAA"
cmpd0o7h702m0q1sevzu2p9nj,Touch Gloves Club De Boxeo,,633 65 00 91,Touch Gloves Club De Boxeo,,España,google-maps,atleevobox,NUEVO,MEDIA,,,2026-05-19T19:19:18.236Z,2026-05-19T19:19:18.236Z,https://touchglovesboxeo.com/,"Carrer del Riu Serpis, 3, 03778 Beniarbeig, Alicante",Alicante,5,23,https://maps.google.com/?cid=10343459934009934424&g_mp=Cidnb29nbGUubWFwcy5wbGFjZXMudjEuUGxhY2VzLlNlYXJjaFRleHQQAhgEIAA,sports_club,OPERATIONAL,"Importado desde Google Maps
Tipo: Club deportivo
Dirección: Carrer del Riu Serpis, 3, 03778 Beniarbeig, Alicante
Google: 5⭐ (23 reseñas)
Web: https://touchglovesboxeo.com/
Maps: https://maps.google.com/?cid=10343459934009934424&g_mp=Cidnb29nbGUubWFwcy5wbGFjZXMudjEuUGxhY2VzLlNlYXJjaFRleHQQAhgEIAA"
cmpd0o9h202m1q1seugr79vne,CLUB BOXEO SALUD,,660 83 47 02,CLUB BOXEO SALUD,,España,google-maps,atleevobox,NUEVO,MEDIA,,,2026-05-19T19:19:20.822Z,2026-05-19T19:19:20.822Z,https://instagram.com/boxeosalud?utm_source=qr&igshid=MzNlNGNkZWQ4Mg%3D%3D,"Centro Comercial El Prado, Carrer Dr. Barraquer, 2, 2 planta ,Local 8, 03760 Ondara, Alicante",Alicante,4.4,26,https://maps.google.com/?cid=522131202566656163&g_mp=Cidnb29nbGUubWFwcy5wbGFjZXMudjEuUGxhY2VzLlNlYXJjaFRleHQQAhgEIAA,sports_coaching,OPERATIONAL,"Importado desde Google Maps
Tipo: Sports coaching
Dirección: Centro Comercial El Prado, Carrer Dr. Barraquer, 2, 2 planta ,Local 8, 03760 Ondara, Alicante
Google: 4.4⭐ (26 reseñas)
Web: https://instagram.com/boxeosalud?utm_source=qr&igshid=MzNlNGNkZWQ4Mg%3D%3D
Maps: https://maps.google.com/?cid=522131202566656163&g_mp=Cidnb29nbGUubWFwcy5wbGFjZXMudjEuUGxhY2VzLlNlYXJjaFRleHQQAhgEIAA"
cmpd0oae002m2q1se4h83t43m,Club Kick Boxing Guirado Callosa,,,Club Kick Boxing Guirado Callosa,,España,google-maps,atleevobox,NUEVO,MEDIA,,,2026-05-19T19:19:22.008Z,2026-05-19T19:19:22.008Z,,"Carretera de Callosa, 03510 Callosa d'en Sarrià, Alicante",Alicante,5,6,https://maps.google.com/?cid=11873334621325289761&g_mp=Cidnb29nbGUubWFwcy5wbGFjZXMudjEuUGxhY2VzLlNlYXJjaFRleHQQAhgEIAA,gym,OPERATIONAL,"Importado desde Google Maps
Tipo: Gimnasio
Dirección: Carretera de Callosa, 03510 Callosa d'en Sarrià, Alicante
Google: 5⭐ (6 reseñas)
Maps: https://maps.google.com/?cid=11873334621325289761&g_mp=Cidnb29nbGUubWFwcy5wbGFjZXMudjEuUGxhY2VzLlNlYXJjaFRleHQQAhgEIAA"
cmpd0obq402m3q1se1j80re8j,𝙂𝙞𝙢𝙣𝙖𝙨𝙞𝙤 𝘽𝙤𝙭𝙚𝙤 𝘾𝙤𝙧𝙙𝙤𝙗𝙖 | Club Internacional de Boxeo,,647 01 11 48,𝙂𝙞𝙢𝙣𝙖𝙨𝙞𝙤 𝘽𝙤𝙭𝙚𝙤 𝘾𝙤𝙧𝙙𝙤𝙗𝙖 | Club Internacional de Boxeo,,España,google-maps,atleevobox,NUEVO,MEDIA,,,2026-05-19T19:19:23.741Z,2026-05-19T19:19:23.741Z,,"Piscina de la fuensanta, Calle Pintor Pedro Bueno, 3, Sureste, 14010 Córdoba",Córdoba,4.9,36,https://maps.google.com/?cid=15815265108475925710&g_mp=Cidnb29nbGUubWFwcy5wbGFjZXMudjEuUGxhY2VzLlNlYXJjaFRleHQQAhgEIAA,sports_coaching,OPERATIONAL,"Importado desde Google Maps
Tipo: Sports coaching
Dirección: Piscina de la fuensanta, Calle Pintor Pedro Bueno, 3, Sureste, 14010 Córdoba
Google: 4.9⭐ (36 reseñas)
Maps: https://maps.google.com/?cid=15815265108475925710&g_mp=Cidnb29nbGUubWFwcy5wbGFjZXMudjEuUGxhY2VzLlNlYXJjaFRleHQQAhgEIAA"
cmpd0obzw02m4q1sel13sy7ua,El Cazador Boxing Club,,744 61 57 60,El Cazador Boxing Club,,España,google-maps,atleevobox,NUEVO,MEDIA,,,2026-05-19T19:19:24.092Z,2026-05-19T19:19:24.092Z,http://www.elcazadorboxingclub.com/,"Av. de Chinales, 29B, 14007 Córdoba",Córdoba,5,37,https://maps.google.com/?cid=9868921543053342202&g_mp=Cidnb29nbGUubWFwcy5wbGFjZXMudjEuUGxhY2VzLlNlYXJjaFRleHQQAhgEIAA,sports_club,OPERATIONAL,"Importado desde Google Maps
Tipo: Club deportivo
Dirección: Av. de Chinales, 29B, 14007 Córdoba
Google: 5⭐ (37 reseñas)
Web: http://www.elcazadorboxingclub.com/
Maps: https://maps.google.com/?cid=9868921543053342202&g_mp=Cidnb29nbGUubWFwcy5wbGFjZXMudjEuUGxhY2VzLlNlYXJjaFRleHQQAhgEIAA"
cmpd0oc8x02m5q1sea30x1vkh,Club de Boxeo Manuel Pérez - El Cordobés,,,Club de Boxeo Manuel Pérez - El Cordobés,,España,google-maps,atleevobox,NUEVO,MEDIA,,,2026-05-19T19:19:24.418Z,2026-05-19T19:19:24.418Z,https://www.instagram.com/clubdeboxeo_mp/,"C. Conquistador Benito de Baños, Levante, 14007 Córdoba",Córdoba,4.8,29,https://maps.google.com/?cid=2771879214572541949&g_mp=Cidnb29nbGUubWFwcy5wbGFjZXMudjEuUGxhY2VzLlNlYXJjaFRleHQQAhgEIAA,gym,OPERATIONAL,"Importado desde Google Maps
Tipo: Gimnasio
Dirección: C. Conquistador Benito de Baños, Levante, 14007 Córdoba
Google: 4.8⭐ (29 reseñas)
Web: https://www.instagram.com/clubdeboxeo_mp/
Maps: https://maps.google.com/?cid=2771879214572541949&g_mp=Cidnb29nbGUubWFwcy5wbGFjZXMudjEuUGxhY2VzLlNlYXJjaFRleHQQAhgEIAA"
cmpd0ocim02m6q1se7h10v1nl,Clases de Boxeo & Kickboxing - SPAHIRA GYM,,686 85 95 88,Clases de Boxeo & Kickboxing - SPAHIRA GYM,,España,google-maps,atleevobox,NUEVO,MEDIA,,,2026-05-19T19:19:24.767Z,2026-05-19T19:19:24.767Z,http://www.spahiragym.es/,"Av. de Manolete, 3, Poniente Sur, 14005 Córdoba",Córdoba,5,26,https://maps.google.com/?cid=11896463511906238499&g_mp=Cidnb29nbGUubWFwcy5wbGFjZXMudjEuUGxhY2VzLlNlYXJjaFRleHQQAhgEIAA,sports_coaching,OPERATIONAL,"Importado desde Google Maps
Tipo: Sports coaching
Dirección: Av. de Manolete, 3, Poniente Sur, 14005 Córdoba
Google: 5⭐ (26 reseñas)
Web: http://www.spahiragym.es/
Maps: https://maps.google.com/?cid=11896463511906238499&g_mp=Cidnb29nbGUubWFwcy5wbGFjZXMudjEuUGxhY2VzLlNlYXJjaFRleHQQAhgEIAA"
cmpd0ocrw02m7q1seuwx0pou3,Agoge Boxing Córdoba,,672 55 63 01,Agoge Boxing Córdoba,,España,google-maps,atleevobox,NUEVO,MEDIA,,,2026-05-19T19:19:25.101Z,2026-05-19T19:19:25.101Z,https://www.agogecordoba.es/,"Av. Arroyo del Moro, 22, Noroeste, 14011 Córdoba",Córdoba,4.8,57,https://maps.google.com/?cid=10288246657880292848&g_mp=Cidnb29nbGUubWFwcy5wbGFjZXMudjEuUGxhY2VzLlNlYXJjaFRleHQQAhgEIAA,gym,OPERATIONAL,"Importado desde Google Maps
Tipo: Gimnasio
Dirección: Av. Arroyo del Moro, 22, Noroeste, 14011 Córdoba
Google: 4.8⭐ (57 reseñas)
Web: https://www.agogecordoba.es/
Maps: https://maps.google.com/?cid=10288246657880292848&g_mp=Cidnb29nbGUubWFwcy5wbGFjZXMudjEuUGxhY2VzLlNlYXJjaFRleHQQAhgEIAA"
cmpd0od1e02m8q1se0z4ogn2g,Brooklyn Fitboxing Córdoba zoco,,636 61 96 91,Brooklyn Fitboxing Córdoba zoco,,España,google-maps,atleevobox,NUEVO,MEDIA,,,2026-05-19T19:19:25.442Z,2026-05-19T19:19:25.442Z,https://bfclick.com/cordoba-zoco-gmb,"Jose Maria Martorell, 30, Poniente Sur, 14005 Córdoba",Córdoba,4.9,210,https://maps.google.com/?cid=3619996405814915748&g_mp=Cidnb29nbGUubWFwcy5wbGFjZXMudjEuUGxhY2VzLlNlYXJjaFRleHQQAhgEIAA,gym,OPERATIONAL,"Importado desde Google Maps
Tipo: Gimnasio
Dirección: Jose Maria Martorell, 30, Poniente Sur, 14005 Córdoba
Google: 4.9⭐ (210 reseñas)
Web: https://bfclick.com/cordoba-zoco-gmb
Maps: https://maps.google.com/?cid=3619996405814915748&g_mp=Cidnb29nbGUubWFwcy5wbGFjZXMudjEuUGxhY2VzLlNlYXJjaFRleHQQAhgEIAA"
cmpd0odar02m9q1se1t0s72fs,"Club De Boxeo José Gutiérrez ""Guti""",,615 23 27 56,"Club De Boxeo José Gutiérrez ""Guti""",,España,google-maps,atleevobox,NUEVO,MEDIA,,,2026-05-19T19:19:25.779Z,2026-05-19T19:19:25.779Z,http://www.clubboxeoguti.es/,"C. Ing. Torroja y Miret, 32, 14013 Córdoba",Córdoba,4.8,56,https://maps.google.com/?cid=11275197467316080961&g_mp=Cidnb29nbGUubWFwcy5wbGFjZXMudjEuUGxhY2VzLlNlYXJjaFRleHQQAhgEIAA,sports_club,OPERATIONAL,"Importado desde Google Maps
Tipo: Club deportivo
Dirección: C. Ing. Torroja y Miret, 32, 14013 Córdoba
Google: 4.8⭐ (56 reseñas)
Web: http://www.clubboxeoguti.es/
Maps: https://maps.google.com/?cid=11275197467316080961&g_mp=Cidnb29nbGUubWFwcy5wbGFjZXMudjEuUGxhY2VzLlNlYXJjaFRleHQQAhgEIAA"
cmpd0odjy02maq1sem87g3udx,PONCE TEAM CÓRDOBA,,600 96 11 24,PONCE TEAM CÓRDOBA,,España,google-maps,atleevobox,NUEVO,MEDIA,,,2026-05-19T19:19:26.110Z,2026-05-19T19:19:26.110Z,http://www.bloodwarrior.es/,"C. López Amo, 9, Nte. Sierra, 14006 Córdoba",Córdoba,5,65,https://maps.google.com/?cid=11525873425153405995&g_mp=Cidnb29nbGUubWFwcy5wbGFjZXMudjEuUGxhY2VzLlNlYXJjaFRleHQQAhgEIAA,sports_school,OPERATIONAL,"Importado desde Google Maps
Tipo: Escuela deportiva
Dirección: C. López Amo, 9, Nte. Sierra, 14006 Córdoba
Google: 5⭐ (65 reseñas)
Web: http://www.bloodwarrior.es/
Maps: https://maps.google.com/?cid=11525873425153405995&g_mp=Cidnb29nbGUubWFwcy5wbGFjZXMudjEuUGxhY2VzLlNlYXJjaFRleHQQAhgEIAA"
cmpd0odu102mbq1selupr0qvz,Club deportivo Ángel Casado,,665 82 66 70,Club deportivo Ángel Casado,,España,google-maps,atleevobox,NUEVO,MEDIA,,,2026-05-19T19:19:26.474Z,2026-05-19T19:19:26.474Z,http://www.angelcasado.com/,"C. Plata, 5, 14014 Córdoba",Córdoba,4.9,37,https://maps.google.com/?cid=15991838756617135041&g_mp=Cidnb29nbGUubWFwcy5wbGFjZXMudjEuUGxhY2VzLlNlYXJjaFRleHQQAhgEIAA,sports_club,OPERATIONAL,"Importado desde Google Maps
Tipo: Club deportivo
Dirección: C. Plata, 5, 14014 Córdoba
Google: 4.9⭐ (37 reseñas)
Web: http://www.angelcasado.com/
Maps: https://maps.google.com/?cid=15991838756617135041&g_mp=Cidnb29nbGUubWFwcy5wbGFjZXMudjEuUGxhY2VzLlNlYXJjaFRleHQQAhgEIAA"
cmpd0oe3c02mcq1seltp63u7d,Boxeo roke perez gimnasio,,0351 217-8733,Boxeo roke perez gimnasio,,España,google-maps,atleevobox,NUEVO,MEDIA,,,2026-05-19T19:19:26.808Z,2026-05-19T19:19:26.808Z,,"Fructuoso Rivera 423, X5000 Córdoba, Argentina",Córdoba,4.8,100,https://maps.google.com/?cid=4518461678321050257&g_mp=Cidnb29nbGUubWFwcy5wbGFjZXMudjEuUGxhY2VzLlNlYXJjaFRleHQQAhgEIAA,sports_coaching,OPERATIONAL,"Importado desde Google Maps
Tipo: Sports coaching
Dirección: Fructuoso Rivera 423, X5000 Córdoba, Argentina
Google: 4.8⭐ (100 reseñas)
Maps: https://maps.google.com/?cid=4518461678321050257&g_mp=Cidnb29nbGUubWFwcy5wbGFjZXMudjEuUGxhY2VzLlNlYXJjaFRleHQQAhgEIAA"
cmpd0oecr02mdq1se24amvx59,Boxing And Fitness Space ES5,,672 82 41 49,Boxing And Fitness Space ES5,,España,google-maps,atleevobox,NUEVO,MEDIA,,,2026-05-19T19:19:27.148Z,2026-05-19T19:19:27.148Z,,"Av. de Chinales, 29B, 14007 Córdoba",Córdoba,,,https://maps.google.com/?cid=10628985791922472445&g_mp=Cidnb29nbGUubWFwcy5wbGFjZXMudjEuUGxhY2VzLlNlYXJjaFRleHQQAhgEIAA,sports_club,OPERATIONAL,"Importado desde Google Maps
Tipo: Club deportivo
Dirección: Av. de Chinales, 29B, 14007 Córdoba
Maps: https://maps.google.com/?cid=10628985791922472445&g_mp=Cidnb29nbGUubWFwcy5wbGFjZXMudjEuUGxhY2VzLlNlYXJjaFRleHQQAhgEIAA"
cmpd0oem402meq1senthgsr4u,CousinsFit Córdoba,,603 65 92 33,CousinsFit Córdoba,,España,google-maps,atleevobox,NUEVO,MEDIA,,,2026-05-19T19:19:27.485Z,2026-05-19T19:19:27.485Z,https://mtr.bio/cousinsfit-inicio,"Pl. de Vaca de Alfaro, Centro, 14001, Centro, 14001 Córdoba",Córdoba,5,74,https://maps.google.com/?cid=14071027940471200724&g_mp=Cidnb29nbGUubWFwcy5wbGFjZXMudjEuUGxhY2VzLlNlYXJjaFRleHQQAhgEIAA,health,OPERATIONAL,"Importado desde Google Maps
Tipo: Salud y bienestar
Dirección: Pl. de Vaca de Alfaro, Centro, 14001, Centro, 14001 Córdoba
Google: 5⭐ (74 reseñas)
Web: https://mtr.bio/cousinsfit-inicio
Maps: https://maps.google.com/?cid=14071027940471200724&g_mp=Cidnb29nbGUubWFwcy5wbGFjZXMudjEuUGxhY2VzLlNlYXJjaFRleHQQAhgEIAA"
cmpd0oex402mfq1senq9v37vj,SPORT GYM,,957 27 67 08,SPORT GYM,,España,google-maps,atleevobox,NUEVO,MEDIA,,,2026-05-19T19:19:27.881Z,2026-05-19T19:19:27.881Z,http://www.sportgymcordoba.es/,"El Avellano, 10, Nte. Sierra, 14006 Córdoba",Córdoba,4.6,21,https://maps.google.com/?cid=6083497148829801262&g_mp=Cidnb29nbGUubWFwcy5wbGFjZXMudjEuUGxhY2VzLlNlYXJjaFRleHQQAhgEIAA,sporting_goods_store,OPERATIONAL,"Importado desde Google Maps
Tipo: Tienda de deportes
Dirección: El Avellano, 10, Nte. Sierra, 14006 Córdoba
Google: 4.6⭐ (21 reseñas)
Web: http://www.sportgymcordoba.es/
Maps: https://maps.google.com/?cid=6083497148829801262&g_mp=Cidnb29nbGUubWFwcy5wbGFjZXMudjEuUGxhY2VzLlNlYXJjaFRleHQQAhgEIAA"
cmpd0of6d02mgq1semiu2mvlj,Gimnasio Santa Rosa,,957 27 67 08,Gimnasio Santa Rosa,,España,google-maps,atleevobox,NUEVO,MEDIA,,,2026-05-19T19:19:28.214Z,2026-05-19T19:19:28.214Z,https://www.gimnasiosantarosa.com/,"El Avellano, 10, Nte. Sierra, 14006 Córdoba",Córdoba,4.5,44,https://maps.google.com/?cid=14477614393640101419&g_mp=Cidnb29nbGUubWFwcy5wbGFjZXMudjEuUGxhY2VzLlNlYXJjaFRleHQQAhgEIAA,gym,OPERATIONAL,"Importado desde Google Maps
Tipo: Gimnasio
Dirección: El Avellano, 10, Nte. Sierra, 14006 Córdoba
Google: 4.5⭐ (44 reseñas)
Web: https://www.gimnasiosantarosa.com/
Maps: https://maps.google.com/?cid=14477614393640101419&g_mp=Cidnb29nbGUubWFwcy5wbGFjZXMudjEuUGxhY2VzLlNlYXJjaFRleHQQAhgEIAA"
cmpd0offu02mhq1sewyrqwvab,Club Deportivo Angel Casado,,652 95 01 47,Club Deportivo Angel Casado,,España,google-maps,atleevobox,NUEVO,MEDIA,,,2026-05-19T19:19:28.554Z,2026-05-19T19:19:28.554Z,http://www.angelcasado.com/,"Isla Hierro, 4, Noroeste, 14011 Córdoba",Córdoba,4.8,79,https://maps.google.com/?cid=1014166667560636395&g_mp=Cidnb29nbGUubWFwcy5wbGFjZXMudjEuUGxhY2VzLlNlYXJjaFRleHQQAhgEIAA,fitness_center,OPERATIONAL,"Importado desde Google Maps
Tipo: Centro deportivo
Dirección: Isla Hierro, 4, Noroeste, 14011 Córdoba
Google: 4.8⭐ (79 reseñas)
Web: http://www.angelcasado.com/
Maps: https://maps.google.com/?cid=1014166667560636395&g_mp=Cidnb29nbGUubWFwcy5wbGFjZXMudjEuUGxhY2VzLlNlYXJjaFRleHQQAhgEIAA"
cmpd0ofp202miq1sej961o58b,Darkor Academy | Jiu Jitsu y Boxeo Córdoba,,643 31 66 21,Darkor Academy | Jiu Jitsu y Boxeo Córdoba,,España,google-maps,atleevobox,NUEVO,MEDIA,,,2026-05-19T19:19:28.886Z,2026-05-19T19:19:28.886Z,https://darkoracademy.com/,"C. Magistral Seco de Herrera, 2, Poniente Sur, 14005 Córdoba",Córdoba,5,27,https://maps.google.com/?cid=15431408979715040465&g_mp=Cidnb29nbGUubWFwcy5wbGFjZXMudjEuUGxhY2VzLlNlYXJjaFRleHQQAhgEIAA,sports_school,OPERATIONAL,"Importado desde Google Maps
Tipo: Escuela deportiva
Dirección: C. Magistral Seco de Herrera, 2, Poniente Sur, 14005 Córdoba
Google: 5⭐ (27 reseñas)
Web: https://darkoracademy.com/
Maps: https://maps.google.com/?cid=15431408979715040465&g_mp=Cidnb29nbGUubWFwcy5wbGFjZXMudjEuUGxhY2VzLlNlYXJjaFRleHQQAhgEIAA"
cmpd0ofy702mjq1se0fov97uy,𝗠-𝗕𝗢𝗫𝗜𝗡𝗚 – ᴄʟᴜʙ,,0297 432-3571,𝗠-𝗕𝗢𝗫𝗜𝗡𝗚 – ᴄʟᴜʙ,,España,google-maps,atleevobox,NUEVO,MEDIA,,,2026-05-19T19:19:29.216Z,2026-05-19T19:19:29.216Z,https://www.instagram.com/mboxing_club/,"X5000 Córdoba, Argentina",Córdoba,5,26,https://maps.google.com/?cid=6984469784521254988&g_mp=Cidnb29nbGUubWFwcy5wbGFjZXMudjEuUGxhY2VzLlNlYXJjaFRleHQQAhgEIAA,sports_club,OPERATIONAL,"Importado desde Google Maps
Tipo: Club deportivo
Dirección: X5000 Córdoba, Argentina
Google: 5⭐ (26 reseñas)
Web: https://www.instagram.com/mboxing_club/
Maps: https://maps.google.com/?cid=6984469784521254988&g_mp=Cidnb29nbGUubWFwcy5wbGFjZXMudjEuUGxhY2VzLlNlYXJjaFRleHQQAhgEIAA"
cmpd0og7k02mkq1sekajl2gwa,Keikami 1.0,,661 92 73 90,Keikami 1.0,,España,google-maps,atleevobox,NUEVO,MEDIA,,,2026-05-19T19:19:29.553Z,2026-05-19T19:19:29.553Z,http://www.keikami.com/,"C. Murcia, 11, Centro, 14010 Córdoba",Córdoba,4.9,60,https://maps.google.com/?cid=6857178089924550852&g_mp=Cidnb29nbGUubWFwcy5wbGFjZXMudjEuUGxhY2VzLlNlYXJjaFRleHQQAhgEIAA,sports_club,OPERATIONAL,"Importado desde Google Maps
Tipo: Club deportivo
Dirección: C. Murcia, 11, Centro, 14010 Córdoba
Google: 4.9⭐ (60 reseñas)
Web: http://www.keikami.com/
Maps: https://maps.google.com/?cid=6857178089924550852&g_mp=Cidnb29nbGUubWFwcy5wbGFjZXMudjEuUGxhY2VzLlNlYXJjaFRleHQQAhgEIAA"
cmpd0oggw02mlq1se1nbf00jx,Club de boxeadores,,0351 557-5866,Club de boxeadores,,España,google-maps,atleevobox,NUEVO,MEDIA,,,2026-05-19T19:19:29.889Z,2026-05-19T19:19:29.889Z,,"Av. Maipú 637, X5000IBM X5000IBM, Córdoba, Argentina",Córdoba,4.9,14,https://maps.google.com/?cid=317889894103088683&g_mp=Cidnb29nbGUubWFwcy5wbGFjZXMudjEuUGxhY2VzLlNlYXJjaFRleHQQAhgEIAA,gym,OPERATIONAL,"Importado desde Google Maps
Tipo: Gimnasio
Dirección: Av. Maipú 637, X5000IBM X5000IBM, Córdoba, Argentina
Google: 4.9⭐ (14 reseñas)
Maps: https://maps.google.com/?cid=317889894103088683&g_mp=Cidnb29nbGUubWFwcy5wbGFjZXMudjEuUGxhY2VzLlNlYXJjaFRleHQQAhgEIAA"
cmpd0ogqp02mmq1serfxif6kk,keikami 2.0,,601 61 39 83,keikami 2.0,,España,google-maps,atleevobox,NUEVO,MEDIA,,,2026-05-19T19:19:30.241Z,2026-05-19T19:19:30.241Z,https://keikami.com/,"C. los Alfareros, 95, 14014 Córdoba",Córdoba,4.9,41,https://maps.google.com/?cid=2596292742478714818&g_mp=Cidnb29nbGUubWFwcy5wbGFjZXMudjEuUGxhY2VzLlNlYXJjaFRleHQQAhgEIAA,sports_school,OPERATIONAL,"Importado desde Google Maps
Tipo: Escuela deportiva
Dirección: C. los Alfareros, 95, 14014 Córdoba
Google: 4.9⭐ (41 reseñas)
Web: https://keikami.com/
Maps: https://maps.google.com/?cid=2596292742478714818&g_mp=Cidnb29nbGUubWFwcy5wbGFjZXMudjEuUGxhY2VzLlNlYXJjaFRleHQQAhgEIAA"
cmpd0ogzx02mnq1se8smcxpb0,Marta Aguilera Entrenadora Personal en Córdoba,,629 91 84 72,Marta Aguilera Entrenadora Personal en Córdoba,,España,google-maps,atleevobox,NUEVO,MEDIA,,,2026-05-19T19:19:30.574Z,2026-05-19T19:19:30.574Z,https://martaaguilerapersonaltrainer.es/,"Córdoba ES, Calle Sta. María de Trassierra, 59, Noroeste, 14011 Córdoba, SYNERGYM",Córdoba,5,145,https://maps.google.com/?cid=4097430672613296262&g_mp=Cidnb29nbGUubWFwcy5wbGFjZXMudjEuUGxhY2VzLlNlYXJjaFRleHQQAhgEIAA,health,OPERATIONAL,"Importado desde Google Maps
Tipo: Salud y bienestar
Dirección: Córdoba ES, Calle Sta. María de Trassierra, 59, Noroeste, 14011 Córdoba, SYNERGYM
Google: 5⭐ (145 reseñas)
Web: https://martaaguilerapersonaltrainer.es/
Maps: https://maps.google.com/?cid=4097430672613296262&g_mp=Cidnb29nbGUubWFwcy5wbGFjZXMudjEuUGxhY2VzLlNlYXJjaFRleHQQAhgEIAA"
cmpd0oh9b02moq1se2ni01u06,RRTEAM,,613 88 05 63,RRTEAM,,España,google-maps,atleevobox,NUEVO,MEDIA,,,2026-05-19T19:19:30.912Z,2026-05-19T19:19:30.912Z,,"C. Ing. Iribarren, 13, 14013 Córdoba",Córdoba,5,7,https://maps.google.com/?cid=2271868577588942990&g_mp=Cidnb29nbGUubWFwcy5wbGFjZXMudjEuUGxhY2VzLlNlYXJjaFRleHQQAhgEIAA,gym,OPERATIONAL,"Importado desde Google Maps
Tipo: Gimnasio
Dirección: C. Ing. Iribarren, 13, 14013 Córdoba
Google: 5⭐ (7 reseñas)
Maps: https://maps.google.com/?cid=2271868577588942990&g_mp=Cidnb29nbGUubWFwcy5wbGFjZXMudjEuUGxhY2VzLlNlYXJjaFRleHQQAhgEIAA"
cmpd0ohik02mpq1sefopfiha3,club deportivo muay thai hanuman,,635 98 21 91,club deportivo muay thai hanuman,,España,google-maps,atleevobox,NUEVO,MEDIA,,,2026-05-19T19:19:31.244Z,2026-05-19T19:19:31.244Z,https://muaythaihanuman.es/,"C. Escañuela, Centro, 14002 Córdoba",Córdoba,4.9,13,https://maps.google.com/?cid=8989943075150292818&g_mp=Cidnb29nbGUubWFwcy5wbGFjZXMudjEuUGxhY2VzLlNlYXJjaFRleHQQAhgEIAA,gym,OPERATIONAL,"Importado desde Google Maps
Tipo: Gimnasio
Dirección: C. Escañuela, Centro, 14002 Córdoba
Google: 4.9⭐ (13 reseñas)
Web: https://muaythaihanuman.es/
Maps: https://maps.google.com/?cid=8989943075150292818&g_mp=Cidnb29nbGUubWFwcy5wbGFjZXMudjEuUGxhY2VzLlNlYXJjaFRleHQQAhgEIAA"
cmpd0om9t02mqq1se7kjl9t7l,Fight Club,,271 114 8292,Fight Club,,España,google-maps,atleevobox,NUEVO,MEDIA,,,2026-05-19T19:19:37.410Z,2026-05-19T19:19:37.410Z,http://www.facebook.com/fightclubcordoba,"Av 11 2225, San Jose, 94550 Córdoba, Ver., México",Córdoba,4.9,127,https://maps.google.com/?cid=10122797640095168460&g_mp=Cidnb29nbGUubWFwcy5wbGFjZXMudjEuUGxhY2VzLlNlYXJjaFRleHQQAhgEIAA,gym,OPERATIONAL,"Importado desde Google Maps
Tipo: Gimnasio
Dirección: Av 11 2225, San Jose, 94550 Córdoba, Ver., México
Google: 4.9⭐ (127 reseñas)
Web: http://www.facebook.com/fightclubcordoba
Maps: https://maps.google.com/?cid=10122797640095168460&g_mp=Cidnb29nbGUubWFwcy5wbGFjZXMudjEuUGxhY2VzLlNlYXJjaFRleHQQAhgEIAA"
cmpd0op0402mrq1seahdqaclz,Academia Combat,,983 20 99 03,Academia Combat,,España,google-maps,atleevobox,NUEVO,MEDIA,,,2026-05-19T19:19:40.949Z,2026-05-19T19:19:40.949Z,http://www.academiacombat.com/,"Cam. Martillete, 47011 Valladolid",Valladolid,4.8,68,https://maps.google.com/?cid=11666573008364957201&g_mp=Cidnb29nbGUubWFwcy5wbGFjZXMudjEuUGxhY2VzLlNlYXJjaFRleHQQAhgEIAA,sports_school,OPERATIONAL,"Importado desde Google Maps
Tipo: Escuela deportiva
Dirección: Cam. Martillete, 47011 Valladolid
Google: 4.8⭐ (68 reseñas)
Web: http://www.academiacombat.com/
Maps: https://maps.google.com/?cid=11666573008364957201&g_mp=Cidnb29nbGUubWFwcy5wbGFjZXMudjEuUGxhY2VzLlNlYXJjaFRleHQQAhgEIAA"
cmpd0op9n02msq1seoy13wguw,Valladolid Vacceos Box,,619 10 51 44,Valladolid Vacceos Box,,España,google-maps,atleevobox,NUEVO,MEDIA,,,2026-05-19T19:19:41.291Z,2026-05-19T19:19:41.291Z,http://www.valladolidvacceosbox.com,"Av. de el Nte. de Castilla, 22, 47008 Valladolid",Valladolid,4.9,110,https://maps.google.com/?cid=16577315572794619718&g_mp=Cidnb29nbGUubWFwcy5wbGFjZXMudjEuUGxhY2VzLlNlYXJjaFRleHQQAhgEIAA,gym,OPERATIONAL,"Importado desde Google Maps
Tipo: Gimnasio
Dirección: Av. de el Nte. de Castilla, 22, 47008 Valladolid
Google: 4.9⭐ (110 reseñas)
Web: http://www.valladolidvacceosbox.com
Maps: https://maps.google.com/?cid=16577315572794619718&g_mp=Cidnb29nbGUubWFwcy5wbGFjZXMudjEuUGxhY2VzLlNlYXJjaFRleHQQAhgEIAA"
cmpd0opj702mtq1seuh4nvi7m,Veevo,,983 51 17 75,Veevo,,España,google-maps,atleevobox,NUEVO,MEDIA,,,2026-05-19T19:19:41.636Z,2026-05-19T19:19:41.636Z,https://valladolid.veevo.es/,"C. Perú, 15, 47004 Valladolid",Valladolid,4.8,133,https://maps.google.com/?cid=4591629992177597364&g_mp=Cidnb29nbGUubWFwcy5wbGFjZXMudjEuUGxhY2VzLlNlYXJjaFRleHQQAhgEIAA,gym,OPERATIONAL,"Importado desde Google Maps
Tipo: Gimnasio
Dirección: C. Perú, 15, 47004 Valladolid
Google: 4.8⭐ (133 reseñas)
Web: https://valladolid.veevo.es/
Maps: https://maps.google.com/?cid=4591629992177597364&g_mp=Cidnb29nbGUubWFwcy5wbGFjZXMudjEuUGxhY2VzLlNlYXJjaFRleHQQAhgEIAA"
cmpd0opux02muq1se76hvbhmf,Escuela New Fight,,,Escuela New Fight,,España,google-maps,atleevobox,NUEVO,MEDIA,,,2026-05-19T19:19:42.057Z,2026-05-19T19:19:42.057Z,,"C. Tahonas, 5, 47003 Valladolid",Valladolid,4.9,77,https://maps.google.com/?cid=17763446335288123320&g_mp=Cidnb29nbGUubWFwcy5wbGFjZXMudjEuUGxhY2VzLlNlYXJjaFRleHQQAhgEIAA,gym,OPERATIONAL,"Importado desde Google Maps
Tipo: Gimnasio
Dirección: C. Tahonas, 5, 47003 Valladolid
Google: 4.9⭐ (77 reseñas)
Maps: https://maps.google.com/?cid=17763446335288123320&g_mp=Cidnb29nbGUubWFwcy5wbGFjZXMudjEuUGxhY2VzLlNlYXJjaFRleHQQAhgEIAA"
cmpd0oq4602mvq1se296n399i,"Club Boxeo ""La Campiña""",,627 22 47 96,"Club Boxeo ""La Campiña""",,España,google-maps,atleevobox,NUEVO,MEDIA,,,2026-05-19T19:19:42.390Z,2026-05-19T19:19:42.390Z,,"C. de la Aguilera, 6, 47011 Valladolid",Valladolid,4.7,47,https://maps.google.com/?cid=2528555969803409051&g_mp=Cidnb29nbGUubWFwcy5wbGFjZXMudjEuUGxhY2VzLlNlYXJjaFRleHQQAhgEIAA,sports_club,OPERATIONAL,"Importado desde Google Maps
Tipo: Club deportivo
Dirección: C. de la Aguilera, 6, 47011 Valladolid
Google: 4.7⭐ (47 reseñas)
Maps: https://maps.google.com/?cid=2528555969803409051&g_mp=Cidnb29nbGUubWFwcy5wbGFjZXMudjEuUGxhY2VzLlNlYXJjaFRleHQQAhgEIAA"
cmpd0oqdk02mwq1sew8cwmat5,Brooklyn Fitboxing Covaresa,,608 26 50 97,Brooklyn Fitboxing Covaresa,,España,google-maps,atleevobox,NUEVO,MEDIA,,,2026-05-19T19:19:42.729Z,2026-05-19T19:19:42.729Z,https://www.brooklynfitboxing.com/public/es/es-es/club/COVARESA,"P.º de Zorrilla, 157, 47008 Valladolid",Valladolid,4.9,48,https://maps.google.com/?cid=16929042784055678751&g_mp=Cidnb29nbGUubWFwcy5wbGFjZXMudjEuUGxhY2VzLlNlYXJjaFRleHQQAhgEIAA,gym,OPERATIONAL,"Importado desde Google Maps
Tipo: Gimnasio
Dirección: P.º de Zorrilla, 157, 47008 Valladolid
Google: 4.9⭐ (48 reseñas)
Web: https://www.brooklynfitboxing.com/public/es/es-es/club/COVARESA
Maps: https://maps.google.com/?cid=16929042784055678751&g_mp=Cidnb29nbGUubWFwcy5wbGFjZXMudjEuUGxhY2VzLlNlYXJjaFRleHQQAhgEIAA"
cmpd0oqmq02mxq1seafbm3lww,The Monkey Box,,623 46 48 08,The Monkey Box,,España,google-maps,atleevobox,NUEVO,MEDIA,,,2026-05-19T19:19:43.058Z,2026-05-19T19:19:43.058Z,https://themonkeyboxvalladolid.com/,"C. de la Zanfona, 4, nave 1.6, 47012 Valladolid",Valladolid,4.9,127,https://maps.google.com/?cid=11260328314176802239&g_mp=Cidnb29nbGUubWFwcy5wbGFjZXMudjEuUGxhY2VzLlNlYXJjaFRleHQQAhgEIAA,gym,OPERATIONAL,"Importado desde Google Maps
Tipo: Gimnasio
Dirección: C. de la Zanfona, 4, nave 1.6, 47012 Valladolid
Google: 4.9⭐ (127 reseñas)
Web: https://themonkeyboxvalladolid.com/
Maps: https://maps.google.com/?cid=11260328314176802239&g_mp=Cidnb29nbGUubWFwcy5wbGFjZXMudjEuUGxhY2VzLlNlYXJjaFRleHQQAhgEIAA"
cmpd0oqw402myq1sekr5y0yea,Art Gym Sport Gallery Valladolid,,,Art Gym Sport Gallery Valladolid,,España,google-maps,atleevobox,NUEVO,MEDIA,,,2026-05-19T19:19:43.396Z,2026-05-19T19:19:43.396Z,https://valladolid.artgym.es/,"Av. de Salamanca, 100, 47197 Valladolid",Valladolid,4.9,68,https://maps.google.com/?cid=3192867394386225748&g_mp=Cidnb29nbGUubWFwcy5wbGFjZXMudjEuUGxhY2VzLlNlYXJjaFRleHQQAhgEIAA,gym,OPERATIONAL,"Importado desde Google Maps
Tipo: Gimnasio
Dirección: Av. de Salamanca, 100, 47197 Valladolid
Google: 4.9⭐ (68 reseñas)
Web: https://valladolid.artgym.es/
Maps: https://maps.google.com/?cid=3192867394386225748&g_mp=Cidnb29nbGUubWFwcy5wbGFjZXMudjEuUGxhY2VzLlNlYXJjaFRleHQQAhgEIAA"
cmpd0or5b02mzq1se7hqf2jyc,Box Titan Combat,,682 00 27 91,Box Titan Combat,,España,google-maps,atleevobox,NUEVO,MEDIA,,,2026-05-19T19:19:43.728Z,2026-05-19T19:19:43.728Z,http://www.titancombatclub.com/,"C. Cam. de los Barreros, 3, 47140 Laguna de Duero, Valladolid",Valladolid,4.9,160,https://maps.google.com/?cid=14073100775097184466&g_mp=Cidnb29nbGUubWFwcy5wbGFjZXMudjEuUGxhY2VzLlNlYXJjaFRleHQQAhgEIAA,gym,OPERATIONAL,"Importado desde Google Maps
Tipo: Gimnasio
Dirección: C. Cam. de los Barreros, 3, 47140 Laguna de Duero, Valladolid
Google: 4.9⭐ (160 reseñas)
Web: http://www.titancombatclub.com/
Maps: https://maps.google.com/?cid=14073100775097184466&g_mp=Cidnb29nbGUubWFwcy5wbGFjZXMudjEuUGxhY2VzLlNlYXJjaFRleHQQAhgEIAA"
cmpd0oreq02n0q1sen2jp5df4,Synergym Valladolid Delicias,,,Synergym Valladolid Delicias,,España,google-maps,atleevobox,NUEVO,MEDIA,,,2026-05-19T19:19:44.066Z,2026-05-19T19:19:44.066Z,https://synergym.es/valladolid-delicias/,"P.º de Juan Carlos I, 40, 47012 Valladolid",Valladolid,4.8,1662,https://maps.google.com/?cid=11142988928221438130&g_mp=Cidnb29nbGUubWFwcy5wbGFjZXMudjEuUGxhY2VzLlNlYXJjaFRleHQQAhgEIAA,gym,OPERATIONAL,"Importado desde Google Maps
Tipo: Gimnasio
Dirección: P.º de Juan Carlos I, 40, 47012 Valladolid
Google: 4.8⭐ (1662 reseñas)
Web: https://synergym.es/valladolid-delicias/
Maps: https://maps.google.com/?cid=11142988928221438130&g_mp=Cidnb29nbGUubWFwcy5wbGFjZXMudjEuUGxhY2VzLlNlYXJjaFRleHQQAhgEIAA"
cmpd0orny02n1q1sewl79ormt,Mythos Gym,,983 37 04 85,Mythos Gym,,España,google-maps,atleevobox,NUEVO,MEDIA,,,2026-05-19T19:19:44.399Z,2026-05-19T19:19:44.399Z,https://www.mythosgym.es/,"Calle del, C. Prof. Adolfo Miaja de la Muela, 3, 47014 Valladolid",Valladolid,4.8,435,https://maps.google.com/?cid=6131404946048648289&g_mp=Cidnb29nbGUubWFwcy5wbGFjZXMudjEuUGxhY2VzLlNlYXJjaFRleHQQAhgEIAA,gym,OPERATIONAL,"Importado desde Google Maps
Tipo: Gimnasio
Dirección: Calle del, C. Prof. Adolfo Miaja de la Muela, 3, 47014 Valladolid
Google: 4.8⭐ (435 reseñas)
Web: https://www.mythosgym.es/
Maps: https://maps.google.com/?cid=6131404946048648289&g_mp=Cidnb29nbGUubWFwcy5wbGFjZXMudjEuUGxhY2VzLlNlYXJjaFRleHQQAhgEIAA"
cmpd0orxh02n2q1semmrp83fo,Gimnasio AXIS VALLADOLID Entrena cuerpo y mente,,654 56 53 68,Gimnasio AXIS VALLADOLID Entrena cuerpo y mente,,España,google-maps,atleevobox,NUEVO,MEDIA,,,2026-05-19T19:19:44.741Z,2026-05-19T19:19:44.741Z,https://axis.aimharder.com/,"C. Vega, 25, 47004 Valladolid",Valladolid,5,1,https://maps.google.com/?cid=1488973603345282257&g_mp=Cidnb29nbGUubWFwcy5wbGFjZXMudjEuUGxhY2VzLlNlYXJjaFRleHQQAhgEIAA,fitness_center,OPERATIONAL,"Importado desde Google Maps
Tipo: Centro deportivo
Dirección: C. Vega, 25, 47004 Valladolid
Google: 5⭐ (1 reseñas)
Web: https://axis.aimharder.com/
Maps: https://maps.google.com/?cid=1488973603345282257&g_mp=Cidnb29nbGUubWFwcy5wbGFjZXMudjEuUGxhY2VzLlNlYXJjaFRleHQQAhgEIAA"
cmpd0os6p02n3q1se8fq1u8ce,Gimnasio Space Fitness,,635 65 01 15,Gimnasio Space Fitness,,España,google-maps,atleevobox,NUEVO,MEDIA,,,2026-05-19T19:19:45.073Z,2026-05-19T19:19:45.073Z,https://www.gymspacefitness.com/,"C. de Panaderos, 69, 47004 Valladolid",Valladolid,4.9,51,https://maps.google.com/?cid=15275517365967113989&g_mp=Cidnb29nbGUubWFwcy5wbGFjZXMudjEuUGxhY2VzLlNlYXJjaFRleHQQAhgEIAA,gym,OPERATIONAL,"Importado desde Google Maps
Tipo: Gimnasio
Dirección: C. de Panaderos, 69, 47004 Valladolid
Google: 4.9⭐ (51 reseñas)
Web: https://www.gymspacefitness.com/
Maps: https://maps.google.com/?cid=15275517365967113989&g_mp=Cidnb29nbGUubWFwcy5wbGFjZXMudjEuUGxhY2VzLlNlYXJjaFRleHQQAhgEIAA"
cmpd0osgp02n4q1sevghw8ucm,"Entrenamiento personal en Valladolid JYM PERFORMANCE CLUB, S.L.",,683 17 71 60,"Entrenamiento personal en Valladolid JYM PERFORMANCE CLUB, S.L.",,España,google-maps,atleevobox,NUEVO,MEDIA,,,2026-05-19T19:19:45.433Z,2026-05-19T19:19:45.433Z,https://www.entrenamientopersonalvalladolidjpclub.com/,"C. Diego de Almagro, 5, 47195 Arroyo de la Encomienda, Valladolid",Valladolid,5,138,https://maps.google.com/?cid=6786375178929172392&g_mp=Cidnb29nbGUubWFwcy5wbGFjZXMudjEuUGxhY2VzLlNlYXJjaFRleHQQAhgEIAA,fitness_center,OPERATIONAL,"Importado desde Google Maps
Tipo: Centro deportivo
Dirección: C. Diego de Almagro, 5, 47195 Arroyo de la Encomienda, Valladolid
Google: 5⭐ (138 reseñas)
Web: https://www.entrenamientopersonalvalladolidjpclub.com/
Maps: https://maps.google.com/?cid=6786375178929172392&g_mp=Cidnb29nbGUubWFwcy5wbGFjZXMudjEuUGxhY2VzLlNlYXJjaFRleHQQAhgEIAA"
cmpd0ospy02n5q1sede15jtki,CDO Covaresa | Tu club de deporte y ocio en Valladolid,,983 11 41 31,CDO Covaresa | Tu club de deporte y ocio en Valladolid,,España,google-maps,atleevobox,NUEVO,MEDIA,,,2026-05-19T19:19:45.766Z,2026-05-19T19:19:45.766Z,https://cdo-fitness.com/es/centro-deportivo/cdo-covaresa/,"C. Felipe Sánchez Román, s/n, 47008 Valladolid",Valladolid,4,1882,https://maps.google.com/?cid=14659778671695381723&g_mp=Cidnb29nbGUubWFwcy5wbGFjZXMudjEuUGxhY2VzLlNlYXJjaFRleHQQAhgEIAA,gym,OPERATIONAL,"Importado desde Google Maps
Tipo: Gimnasio
Dirección: C. Felipe Sánchez Román, s/n, 47008 Valladolid
Google: 4⭐ (1882 reseñas)
Web: https://cdo-fitness.com/es/centro-deportivo/cdo-covaresa/
Maps: https://maps.google.com/?cid=14659778671695381723&g_mp=Cidnb29nbGUubWFwcy5wbGFjZXMudjEuUGxhY2VzLlNlYXJjaFRleHQQAhgEIAA"
cmpd0osz002n6q1seyjq4u5db,Caballeros de Oc,,600 73 15 22,Caballeros de Oc,,España,google-maps,atleevobox,NUEVO,MEDIA,,,2026-05-19T19:19:46.093Z,2026-05-19T19:19:46.093Z,https://loscaballerosdeoc.com/,"C. Industrias, 26, 47195 Arroyo de la Encomienda, Valladolid",Valladolid,5,38,https://maps.google.com/?cid=846968958433349655&g_mp=Cidnb29nbGUubWFwcy5wbGFjZXMudjEuUGxhY2VzLlNlYXJjaFRleHQQAhgEIAA,sports_school,OPERATIONAL,"Importado desde Google Maps
Tipo: Escuela deportiva
Dirección: C. Industrias, 26, 47195 Arroyo de la Encomienda, Valladolid
Google: 5⭐ (38 reseñas)
Web: https://loscaballerosdeoc.com/
Maps: https://maps.google.com/?cid=846968958433349655&g_mp=Cidnb29nbGUubWFwcy5wbGFjZXMudjEuUGxhY2VzLlNlYXJjaFRleHQQAhgEIAA"
cmpd0ot8m02n7q1seo9ub80l0,imaGym Valladolid centro,,683 68 11 51,imaGym Valladolid centro,,España,google-maps,atleevobox,NUEVO,MEDIA,,,2026-05-19T19:19:46.438Z,2026-05-19T19:19:46.438Z,https://imagym.es/,"P.º Isabel la Catolica, 1, 47001 Valladolid",Valladolid,,,https://maps.google.com/?cid=4526034825203041470&g_mp=Cidnb29nbGUubWFwcy5wbGFjZXMudjEuUGxhY2VzLlNlYXJjaFRleHQQAhgEIAA,gym,OPERATIONAL,"Importado desde Google Maps
Tipo: Gimnasio
Dirección: P.º Isabel la Catolica, 1, 47001 Valladolid
Web: https://imagym.es/
Maps: https://maps.google.com/?cid=4526034825203041470&g_mp=Cidnb29nbGUubWFwcy5wbGFjZXMudjEuUGxhY2VzLlNlYXJjaFRleHQQAhgEIAA"
cmpd0othx02n8q1se6ofz0tls,Racksrooster Box,,722 64 27 73,Racksrooster Box,,España,google-maps,atleevobox,NUEVO,MEDIA,,,2026-05-19T19:19:46.773Z,2026-05-19T19:19:46.773Z,https://racksrooster.com/box/,"Av. Madrid, 46, Nave 14, 47008 Valladolid",Valladolid,5,146,https://maps.google.com/?cid=2072052634491181257&g_mp=Cidnb29nbGUubWFwcy5wbGFjZXMudjEuUGxhY2VzLlNlYXJjaFRleHQQAhgEIAA,gym,OPERATIONAL,"Importado desde Google Maps
Tipo: Gimnasio
Dirección: Av. Madrid, 46, Nave 14, 47008 Valladolid
Google: 5⭐ (146 reseñas)
Web: https://racksrooster.com/box/
Maps: https://maps.google.com/?cid=2072052634491181257&g_mp=Cidnb29nbGUubWFwcy5wbGFjZXMudjEuUGxhY2VzLlNlYXJjaFRleHQQAhgEIAA"
cmpd0otrg02n9q1setxedonv2,Budokan Sport,,983 75 10 16,Budokan Sport,,España,google-maps,atleevobox,NUEVO,MEDIA,,,2026-05-19T19:19:47.117Z,2026-05-19T19:19:47.117Z,http://budokansport.es/,"C. de la Verbena, 1, 47005 Valladolid",Valladolid,4.4,195,https://maps.google.com/?cid=14415168037394268283&g_mp=Cidnb29nbGUubWFwcy5wbGFjZXMudjEuUGxhY2VzLlNlYXJjaFRleHQQAhgEIAA,sports_school,OPERATIONAL,"Importado desde Google Maps
Tipo: Escuela deportiva
Dirección: C. de la Verbena, 1, 47005 Valladolid
Google: 4.4⭐ (195 reseñas)
Web: http://budokansport.es/
Maps: https://maps.google.com/?cid=14415168037394268283&g_mp=Cidnb29nbGUubWFwcy5wbGFjZXMudjEuUGxhY2VzLlNlYXJjaFRleHQQAhgEIAA"
cmpd0ou0r02naq1sezbrbm931,Fitnesspark Valladolid,,983 34 43 00,Fitnesspark Valladolid,,España,google-maps,atleevobox,NUEVO,MEDIA,,,2026-05-19T19:19:47.451Z,2026-05-19T19:19:47.451Z,https://www.fitnessparkvalladolid.es/,"C. Prof. Adolfo Miaja de la Muela, 30, 47014 Valladolid",Valladolid,4.5,122,https://maps.google.com/?cid=18075081069628787102&g_mp=Cidnb29nbGUubWFwcy5wbGFjZXMudjEuUGxhY2VzLlNlYXJjaFRleHQQAhgEIAA,gym,OPERATIONAL,"Importado desde Google Maps
Tipo: Gimnasio
Dirección: C. Prof. Adolfo Miaja de la Muela, 30, 47014 Valladolid
Google: 4.5⭐ (122 reseñas)
Web: https://www.fitnessparkvalladolid.es/
Maps: https://maps.google.com/?cid=18075081069628787102&g_mp=Cidnb29nbGUubWFwcy5wbGFjZXMudjEuUGxhY2VzLlNlYXJjaFRleHQQAhgEIAA"
cmpd0oua202nbq1sekj4l13tg,Gimnasio Chang,,983 34 20 20,Gimnasio Chang,,España,google-maps,atleevobox,NUEVO,MEDIA,,,2026-05-19T19:19:47.786Z,2026-05-19T19:19:47.786Z,http://taekwondochangvall.wixsite.com/chang,"C. San Lorenzo, 22, 47001 Valladolid",Valladolid,4.9,37,https://maps.google.com/?cid=4373565032013430019&g_mp=Cidnb29nbGUubWFwcy5wbGFjZXMudjEuUGxhY2VzLlNlYXJjaFRleHQQAhgEIAA,gym,OPERATIONAL,"Importado desde Google Maps
Tipo: Gimnasio
Dirección: C. San Lorenzo, 22, 47001 Valladolid
Google: 4.9⭐ (37 reseñas)
Web: http://taekwondochangvall.wixsite.com/chang
Maps: https://maps.google.com/?cid=4373565032013430019&g_mp=Cidnb29nbGUubWFwcy5wbGFjZXMudjEuUGxhY2VzLlNlYXJjaFRleHQQAhgEIAA"
cmpd0oukh02ncq1secwxka330,Deconfree Fitness Studio,,647 76 49 83,Deconfree Fitness Studio,,España,google-maps,atleevobox,NUEVO,MEDIA,,,2026-05-19T19:19:48.161Z,2026-05-19T19:19:48.161Z,https://www.deconfreestudio.es/,"C. José María Lacort, 5, 47002 Valladolid",Valladolid,5,73,https://maps.google.com/?cid=3784845575370389573&g_mp=Cidnb29nbGUubWFwcy5wbGFjZXMudjEuUGxhY2VzLlNlYXJjaFRleHQQAhgEIAA,gym,OPERATIONAL,"Importado desde Google Maps
Tipo: Gimnasio
Dirección: C. José María Lacort, 5, 47002 Valladolid
Google: 5⭐ (73 reseñas)
Web: https://www.deconfreestudio.es/
Maps: https://maps.google.com/?cid=3784845575370389573&g_mp=Cidnb29nbGUubWFwcy5wbGFjZXMudjEuUGxhY2VzLlNlYXJjaFRleHQQAhgEIAA"
cmpd0outn02ndq1sekt6p3qxj,CROSSBOX UTOPIA VALLADOLID,,628 09 31 60,CROSSBOX UTOPIA VALLADOLID,,España,google-maps,atleevobox,NUEVO,MEDIA,,,2026-05-19T19:19:48.491Z,2026-05-19T19:19:48.491Z,https://www.utopiasts.com/,"C. de Petirrojo, 23, 47011 Valladolid",Valladolid,4.9,29,https://maps.google.com/?cid=14910533093170885424&g_mp=Cidnb29nbGUubWFwcy5wbGFjZXMudjEuUGxhY2VzLlNlYXJjaFRleHQQAhgEIAA,gym,OPERATIONAL,"Importado desde Google Maps
Tipo: Gimnasio
Dirección: C. de Petirrojo, 23, 47011 Valladolid
Google: 4.9⭐ (29 reseñas)
Web: https://www.utopiasts.com/
Maps: https://maps.google.com/?cid=14910533093170885424&g_mp=Cidnb29nbGUubWFwcy5wbGFjZXMudjEuUGxhY2VzLlNlYXJjaFRleHQQAhgEIAA"
cmpd0ov2v02neq1sezpytzvoz,Synergym Valladolid Plaza,,,Synergym Valladolid Plaza,,España,google-maps,atleevobox,NUEVO,MEDIA,,,2026-05-19T19:19:48.823Z,2026-05-19T19:19:48.823Z,https://www.synergym.es/valladolid-plaza/,"C. San Luis, 9, 47004 Valladolid",Valladolid,4.4,1065,https://maps.google.com/?cid=10410142786028879751&g_mp=Cidnb29nbGUubWFwcy5wbGFjZXMudjEuUGxhY2VzLlNlYXJjaFRleHQQAhgEIAA,gym,OPERATIONAL,"Importado desde Google Maps
Tipo: Gimnasio
Dirección: C. San Luis, 9, 47004 Valladolid
Google: 4.4⭐ (1065 reseñas)
Web: https://www.synergym.es/valladolid-plaza/
Maps: https://maps.google.com/?cid=10410142786028879751&g_mp=Cidnb29nbGUubWFwcy5wbGFjZXMudjEuUGxhY2VzLlNlYXJjaFRleHQQAhgEIAA"
cmpd0ovc602nfq1seix24yy61,Centro de Entrenamineto Personal y Clínica de Fisioterapia Entrena Valladolid,,623 38 15 98,Centro de Entrenamineto Personal y Clínica de Fisioterapia Entrena Valladolid,,España,google-maps,atleevobox,NUEVO,MEDIA,,,2026-05-19T19:19:49.159Z,2026-05-19T19:19:49.159Z,http://www.entrenavalladolid.com/,"C. de la Independencia, 5, 47004 Valladolid",Valladolid,5,139,https://maps.google.com/?cid=18017220474784338814&g_mp=Cidnb29nbGUubWFwcy5wbGFjZXMudjEuUGxhY2VzLlNlYXJjaFRleHQQAhgEIAA,health,OPERATIONAL,"Importado desde Google Maps
Tipo: Salud y bienestar
Dirección: C. de la Independencia, 5, 47004 Valladolid
Google: 5⭐ (139 reseñas)
Web: http://www.entrenavalladolid.com/
Maps: https://maps.google.com/?cid=18017220474784338814&g_mp=Cidnb29nbGUubWFwcy5wbGFjZXMudjEuUGxhY2VzLlNlYXJjaFRleHQQAhgEIAA"
cmpd0ovlx02ngq1serrc9ems2,Synergym Valladolid Paseo Zorrilla,,,Synergym Valladolid Paseo Zorrilla,,España,google-maps,atleevobox,NUEVO,MEDIA,,,2026-05-19T19:19:49.510Z,2026-05-19T19:19:49.510Z,https://synergym.es/valladolid-paseo-zorrilla/,"P.º de Zorrilla, 135, 47008 Valladolid",Valladolid,4.7,625,https://maps.google.com/?cid=8601023718140555945&g_mp=Cidnb29nbGUubWFwcy5wbGFjZXMudjEuUGxhY2VzLlNlYXJjaFRleHQQAhgEIAA,gym,OPERATIONAL,"Importado desde Google Maps
Tipo: Gimnasio
Dirección: P.º de Zorrilla, 135, 47008 Valladolid
Google: 4.7⭐ (625 reseñas)
Web: https://synergym.es/valladolid-paseo-zorrilla/
Maps: https://maps.google.com/?cid=8601023718140555945&g_mp=Cidnb29nbGUubWFwcy5wbGFjZXMudjEuUGxhY2VzLlNlYXJjaFRleHQQAhgEIAA"
cmpd0ovvb02nhq1sew1qh1g35,Sportia,,983 31 26 37,Sportia,,España,google-maps,atleevobox,NUEVO,MEDIA,,,2026-05-19T19:19:49.847Z,2026-05-19T19:19:49.847Z,https://www.sportiagimnasios.com/,"C. Don Sancho, 20, 47002 Valladolid",Valladolid,4.3,197,https://maps.google.com/?cid=9161259586030903272&g_mp=Cidnb29nbGUubWFwcy5wbGFjZXMudjEuUGxhY2VzLlNlYXJjaFRleHQQAhgEIAA,gym,OPERATIONAL,"Importado desde Google Maps
Tipo: Gimnasio
Dirección: C. Don Sancho, 20, 47002 Valladolid
Google: 4.3⭐ (197 reseñas)
Web: https://www.sportiagimnasios.com/
Maps: https://maps.google.com/?cid=9161259586030903272&g_mp=Cidnb29nbGUubWFwcy5wbGFjZXMudjEuUGxhY2VzLlNlYXJjaFRleHQQAhgEIAA"
cmpd0ow5p02niq1se7i2n6n3h,DC Fitness,,663 29 65 31,DC Fitness,,España,google-maps,atleevobox,NUEVO,MEDIA,,,2026-05-19T19:19:50.190Z,2026-05-19T19:19:50.190Z,https://dcfitness.wodbuster.com/#claseprueba,"C. Nueva del Carmen, 21, 47005 Valladolid",Valladolid,5,63,https://maps.google.com/?cid=4493377157145925610&g_mp=Cidnb29nbGUubWFwcy5wbGFjZXMudjEuUGxhY2VzLlNlYXJjaFRleHQQAhgEIAA,gym,OPERATIONAL,"Importado desde Google Maps
Tipo: Gimnasio
Dirección: C. Nueva del Carmen, 21, 47005 Valladolid
Google: 5⭐ (63 reseñas)
Web: https://dcfitness.wodbuster.com/#claseprueba
Maps: https://maps.google.com/?cid=4493377157145925610&g_mp=Cidnb29nbGUubWFwcy5wbGFjZXMudjEuUGxhY2VzLlNlYXJjaFRleHQQAhgEIAA"
cmpd0owf502njq1sendh8fq8l,Bootcamp Valladolid,,635 57 66 82,Bootcamp Valladolid,,España,google-maps,atleevobox,NUEVO,MEDIA,,,2026-05-19T19:19:50.562Z,2026-05-19T19:19:50.562Z,https://www.bootcampvalladolid.com/,"C. Vázquez de Menchaca, 5, 47008 Valladolid",Valladolid,4.9,59,https://maps.google.com/?cid=6965812433752972313&g_mp=Cidnb29nbGUubWFwcy5wbGFjZXMudjEuUGxhY2VzLlNlYXJjaFRleHQQAhgEIAA,fitness_center,OPERATIONAL,"Importado desde Google Maps
Tipo: Centro deportivo
Dirección: C. Vázquez de Menchaca, 5, 47008 Valladolid
Google: 4.9⭐ (59 reseñas)
Web: https://www.bootcampvalladolid.com/
Maps: https://maps.google.com/?cid=6965812433752972313&g_mp=Cidnb29nbGUubWFwcy5wbGFjZXMudjEuUGxhY2VzLlNlYXJjaFRleHQQAhgEIAA"
cmpd0owot02nkq1sed8n5hr8j,MUJER DEPORTE Y SALUD. Centro de entrenamiento para la mujer.,,645 64 26 94,MUJER DEPORTE Y SALUD. Centro de entrenamiento para la mujer.,,España,google-maps,atleevobox,NUEVO,MEDIA,,,2026-05-19T19:19:50.910Z,2026-05-19T19:19:50.910Z,https://beacons.ai/mujerdeporteysalud,"C. Renedo, 13, 47005 Valladolid",Valladolid,5,52,https://maps.google.com/?cid=17795646651770152833&g_mp=Cidnb29nbGUubWFwcy5wbGFjZXMudjEuUGxhY2VzLlNlYXJjaFRleHQQAhgEIAA,fitness_center,OPERATIONAL,"Importado desde Google Maps
Tipo: Centro deportivo
Dirección: C. Renedo, 13, 47005 Valladolid
Google: 5⭐ (52 reseñas)
Web: https://beacons.ai/mujerdeporteysalud
Maps: https://maps.google.com/?cid=17795646651770152833&g_mp=Cidnb29nbGUubWFwcy5wbGFjZXMudjEuUGxhY2VzLlNlYXJjaFRleHQQAhgEIAA"
cmpd0owy602nlq1sehh6v52km,Gimnasio Train Hard,,644 52 18 47,Gimnasio Train Hard,,España,google-maps,atleevobox,NUEVO,MEDIA,,,2026-05-19T19:19:51.247Z,2026-05-19T19:19:51.247Z,,"C. Mariano José de Larra, 53, 47013 Valladolid",Valladolid,4.7,90,https://maps.google.com/?cid=12692241880731666211&g_mp=Cidnb29nbGUubWFwcy5wbGFjZXMudjEuUGxhY2VzLlNlYXJjaFRleHQQAhgEIAA,gym,OPERATIONAL,"Importado desde Google Maps
Tipo: Gimnasio
Dirección: C. Mariano José de Larra, 53, 47013 Valladolid
Google: 4.7⭐ (90 reseñas)
Maps: https://maps.google.com/?cid=12692241880731666211&g_mp=Cidnb29nbGUubWFwcy5wbGFjZXMudjEuUGxhY2VzLlNlYXJjaFRleHQQAhgEIAA"
cmpd0ox7l02nmq1seqdsc6ruo,VERBENA FÉMINA,,685 65 25 96,VERBENA FÉMINA,,España,google-maps,atleevobox,NUEVO,MEDIA,,,2026-05-19T19:19:51.586Z,2026-05-19T19:19:51.586Z,http://www.verbenafemina.com/,"C. Nicolás Salmerón, 4, 47004 Valladolid",Valladolid,4.7,58,https://maps.google.com/?cid=10711775720161834000&g_mp=Cidnb29nbGUubWFwcy5wbGFjZXMudjEuUGxhY2VzLlNlYXJjaFRleHQQAhgEIAA,gym,OPERATIONAL,"Importado desde Google Maps
Tipo: Gimnasio
Dirección: C. Nicolás Salmerón, 4, 47004 Valladolid
Google: 4.7⭐ (58 reseñas)
Web: http://www.verbenafemina.com/
Maps: https://maps.google.com/?cid=10711775720161834000&g_mp=Cidnb29nbGUubWFwcy5wbGFjZXMudjEuUGxhY2VzLlNlYXJjaFRleHQQAhgEIAA"
cmpd0oxgy02nnq1sevcyh5ya2,DS - Arco de Ladrillo - Gimnasio & Fitness Club,,983 48 08 08,DS - Arco de Ladrillo - Gimnasio & Fitness Club,,España,google-maps,atleevobox,NUEVO,MEDIA,,,2026-05-19T19:19:51.922Z,2026-05-19T19:19:51.922Z,https://www.dsarcoladrillo.es/,"C. Sta. Fe, 9, A, 47013 Valladolid",Valladolid,4.9,109,https://maps.google.com/?cid=17924632312215374889&g_mp=Cidnb29nbGUubWFwcy5wbGFjZXMudjEuUGxhY2VzLlNlYXJjaFRleHQQAhgEIAA,gym,OPERATIONAL,"Importado desde Google Maps
Tipo: Gimnasio
Dirección: C. Sta. Fe, 9, A, 47013 Valladolid
Google: 4.9⭐ (109 reseñas)
Web: https://www.dsarcoladrillo.es/
Maps: https://maps.google.com/?cid=17924632312215374889&g_mp=Cidnb29nbGUubWFwcy5wbGFjZXMudjEuUGxhY2VzLlNlYXJjaFRleHQQAhgEIAA"
cmpd0oxq802noq1seuhhlwvi9,Shotokan Valladolid,,983 27 26 32,Shotokan Valladolid,,España,google-maps,atleevobox,NUEVO,MEDIA,,,2026-05-19T19:19:52.256Z,2026-05-19T19:19:52.256Z,http://shotokanluismendez.com/,"P.º de Zorrilla, 117, 47008 Valladolid",Valladolid,4.6,87,https://maps.google.com/?cid=12938652818563012254&g_mp=Cidnb29nbGUubWFwcy5wbGFjZXMudjEuUGxhY2VzLlNlYXJjaFRleHQQAhgEIAA,sports_school,OPERATIONAL,"Importado desde Google Maps
Tipo: Escuela deportiva
Dirección: P.º de Zorrilla, 117, 47008 Valladolid
Google: 4.6⭐ (87 reseñas)
Web: http://shotokanluismendez.com/
Maps: https://maps.google.com/?cid=12938652818563012254&g_mp=Cidnb29nbGUubWFwcy5wbGFjZXMudjEuUGxhY2VzLlNlYXJjaFRleHQQAhgEIAA"
cmpd0oxzl02npq1sebl51v45f,Synergym Valladolid Parquesol,,,Synergym Valladolid Parquesol,,España,google-maps,atleevobox,NUEVO,MEDIA,,,2026-05-19T19:19:52.593Z,2026-05-19T19:19:52.593Z,https://synergym.es/valladolid-parquesol/,"C. de Hernando de Acuña, 61, 47014 Valladolid",Valladolid,4.5,435,https://maps.google.com/?cid=8177516381708587551&g_mp=Cidnb29nbGUubWFwcy5wbGFjZXMudjEuUGxhY2VzLlNlYXJjaFRleHQQAhgEIAA,gym,OPERATIONAL,"Importado desde Google Maps
Tipo: Gimnasio
Dirección: C. de Hernando de Acuña, 61, 47014 Valladolid
Google: 4.5⭐ (435 reseñas)
Web: https://synergym.es/valladolid-parquesol/
Maps: https://maps.google.com/?cid=8177516381708587551&g_mp=Cidnb29nbGUubWFwcy5wbGFjZXMudjEuUGxhY2VzLlNlYXJjaFRleHQQAhgEIAA"
cmpd0oy8r02nqq1se2yn6k6rr,Calderón Xperience Sport Club,,983 51 91 24,Calderón Xperience Sport Club,,España,google-maps,atleevobox,NUEVO,MEDIA,,,2026-05-19T19:19:52.923Z,2026-05-19T19:19:52.923Z,http://www.xperience.es/,"C. de Leopoldo Cano, 14, 47003 Valladolid",Valladolid,4.4,172,https://maps.google.com/?cid=2383730991682694570&g_mp=Cidnb29nbGUubWFwcy5wbGFjZXMudjEuUGxhY2VzLlNlYXJjaFRleHQQAhgEIAA,gym,OPERATIONAL,"Importado desde Google Maps
Tipo: Gimnasio
Dirección: C. de Leopoldo Cano, 14, 47003 Valladolid
Google: 4.4⭐ (172 reseñas)
Web: http://www.xperience.es/
Maps: https://maps.google.com/?cid=2383730991682694570&g_mp=Cidnb29nbGUubWFwcy5wbGFjZXMudjEuUGxhY2VzLlNlYXJjaFRleHQQAhgEIAA"
cmpd0oyip02nrq1sev155w31t,Gimnasio @Victoria_Fit _Pro,,983 33 22 34,Gimnasio @Victoria_Fit _Pro,,España,google-maps,atleevobox,NUEVO,MEDIA,,,2026-05-19T19:19:53.281Z,2026-05-19T19:19:53.281Z,,"C. Neptuno, 15, 47009 Valladolid",Valladolid,4.7,140,https://maps.google.com/?cid=6468703799536481030&g_mp=Cidnb29nbGUubWFwcy5wbGFjZXMudjEuUGxhY2VzLlNlYXJjaFRleHQQAhgEIAA,gym,OPERATIONAL,"Importado desde Google Maps
Tipo: Gimnasio
Dirección: C. Neptuno, 15, 47009 Valladolid
Google: 4.7⭐ (140 reseñas)
Maps: https://maps.google.com/?cid=6468703799536481030&g_mp=Cidnb29nbGUubWFwcy5wbGFjZXMudjEuUGxhY2VzLlNlYXJjaFRleHQQAhgEIAA"
cmpd0oys602nsq1sejf9aby3e,Viding Valladolid,,983 57 29 75,Viding Valladolid,,España,google-maps,atleevobox,NUEVO,MEDIA,,,2026-05-19T19:19:53.622Z,2026-05-19T19:19:53.622Z,https://www.viding.es/viding-valladolid,"Av. De Santander, 2, 47010 Valladolid",Valladolid,3.7,245,https://maps.google.com/?cid=16086370335244034621&g_mp=Cidnb29nbGUubWFwcy5wbGFjZXMudjEuUGxhY2VzLlNlYXJjaFRleHQQAhgEIAA,gym,OPERATIONAL,"Importado desde Google Maps
Tipo: Gimnasio
Dirección: Av. De Santander, 2, 47010 Valladolid
Google: 3.7⭐ (245 reseñas)
Web: https://www.viding.es/viding-valladolid
Maps: https://maps.google.com/?cid=16086370335244034621&g_mp=Cidnb29nbGUubWFwcy5wbGFjZXMudjEuUGxhY2VzLlNlYXJjaFRleHQQAhgEIAA"
cmpd0oz1d02ntq1segdnauvg1,LITTLE ROOM (escuela de Swing en Valladolid y Salamanca),,695 16 18 04,LITTLE ROOM (escuela de Swing en Valladolid y Salamanca),,España,google-maps,atleevobox,NUEVO,MEDIA,,,2026-05-19T19:19:53.954Z,2026-05-19T19:19:53.954Z,https://littleroom.com.es/,"Pl. Ferroviarios, 6, local 7, 47007 Valladolid",Valladolid,4.9,56,https://maps.google.com/?cid=7476325586395759648&g_mp=Cidnb29nbGUubWFwcy5wbGFjZXMudjEuUGxhY2VzLlNlYXJjaFRleHQQAhgEIAA,sports_school,OPERATIONAL,"Importado desde Google Maps
Tipo: Escuela deportiva
Dirección: Pl. Ferroviarios, 6, local 7, 47007 Valladolid
Google: 4.9⭐ (56 reseñas)
Web: https://littleroom.com.es/
Maps: https://maps.google.com/?cid=7476325586395759648&g_mp=Cidnb29nbGUubWFwcy5wbGFjZXMudjEuUGxhY2VzLlNlYXJjaFRleHQQAhgEIAA"
cmpd0ozan02nuq1seyjae1b7j,CrossFit Alcuadrado - Box de CrossFit y HYROX en Valladolid,,983 61 88 74,CrossFit Alcuadrado - Box de CrossFit y HYROX en Valladolid,,España,google-maps,atleevobox,NUEVO,MEDIA,,,2026-05-19T19:19:54.287Z,2026-05-19T19:19:54.287Z,http://alcuadradovalladolid.com/,"Pl. de San Nicolás, 11, 47003 Valladolid",Valladolid,4.9,397,https://maps.google.com/?cid=6174382276015269999&g_mp=Cidnb29nbGUubWFwcy5wbGFjZXMudjEuUGxhY2VzLlNlYXJjaFRleHQQAhgEIAA,gym,OPERATIONAL,"Importado desde Google Maps
Tipo: Gimnasio
Dirección: Pl. de San Nicolás, 11, 47003 Valladolid
Google: 4.9⭐ (397 reseñas)
Web: http://alcuadradovalladolid.com/
Maps: https://maps.google.com/?cid=6174382276015269999&g_mp=Cidnb29nbGUubWFwcy5wbGFjZXMudjEuUGxhY2VzLlNlYXJjaFRleHQQAhgEIAA"
cmpd0ozjv02nvq1sekf917rba,Centro Óscar Rodérickus,,699 09 72 36,Centro Óscar Rodérickus,,España,google-maps,atleevobox,NUEVO,MEDIA,,,2026-05-19T19:19:54.619Z,2026-05-19T19:19:54.619Z,https://oscar-roderickus.my.canva.site/gym,"C. Cárcel de la Corona, 1, 47005 Valladolid",Valladolid,5,24,https://maps.google.com/?cid=4629892402619431918&g_mp=Cidnb29nbGUubWFwcy5wbGFjZXMudjEuUGxhY2VzLlNlYXJjaFRleHQQAhgEIAA,gym,OPERATIONAL,"Importado desde Google Maps
Tipo: Gimnasio
Dirección: C. Cárcel de la Corona, 1, 47005 Valladolid
Google: 5⭐ (24 reseñas)
Web: https://oscar-roderickus.my.canva.site/gym
Maps: https://maps.google.com/?cid=4629892402619431918&g_mp=Cidnb29nbGUubWFwcy5wbGFjZXMudjEuUGxhY2VzLlNlYXJjaFRleHQQAhgEIAA"
cmpd0ozt802nwq1sejhvz52ow,Estudio Carmen Body Rolling,,639 64 09 79,Estudio Carmen Body Rolling,,España,google-maps,atleevobox,NUEVO,MEDIA,,,2026-05-19T19:19:54.956Z,2026-05-19T19:19:54.956Z,http://www.carmenbodyrolling.com/,"C. Nogal, 12, 3°D, 47004 Valladolid",Valladolid,4.9,25,https://maps.google.com/?cid=4811379057792500128&g_mp=Cidnb29nbGUubWFwcy5wbGFjZXMudjEuUGxhY2VzLlNlYXJjaFRleHQQAhgEIAA,gym,OPERATIONAL,"Importado desde Google Maps
Tipo: Gimnasio
Dirección: C. Nogal, 12, 3°D, 47004 Valladolid
Google: 4.9⭐ (25 reseñas)
Web: http://www.carmenbodyrolling.com/
Maps: https://maps.google.com/?cid=4811379057792500128&g_mp=Cidnb29nbGUubWFwcy5wbGFjZXMudjEuUGxhY2VzLlNlYXJjaFRleHQQAhgEIAA"
cmpd0p02802nxq1setow0e20p,Valladogym,,,Valladogym,,España,google-maps,atleevobox,NUEVO,MEDIA,,,2026-05-19T19:19:55.280Z,2026-05-19T19:19:55.280Z,http://valladogym.es/,"C. Gallo, 16, 47012 Valladolid",Valladolid,4.6,35,https://maps.google.com/?cid=104731006787021475&g_mp=Cidnb29nbGUubWFwcy5wbGFjZXMudjEuUGxhY2VzLlNlYXJjaFRleHQQAhgEIAA,gym,OPERATIONAL,"Importado desde Google Maps
Tipo: Gimnasio
Dirección: C. Gallo, 16, 47012 Valladolid
Google: 4.6⭐ (35 reseñas)
Web: http://valladogym.es/
Maps: https://maps.google.com/?cid=104731006787021475&g_mp=Cidnb29nbGUubWFwcy5wbGFjZXMudjEuUGxhY2VzLlNlYXJjaFRleHQQAhgEIAA"
cmpd0p1t502nyq1se2202g3r0,Federación de Castilla y León de Boxeo,,657 34 59 69,Federación de Castilla y León de Boxeo,,España,google-maps,atleevobox,NUEVO,MEDIA,,,2026-05-19T19:19:57.546Z,2026-05-19T19:19:57.546Z,https://www.federacionboxeocastillayleon.com/es,"C. de la Aguilera, 6, 47011 Valladolid",Valladolid,5,1,https://maps.google.com/?cid=206649236395845750&g_mp=Cidnb29nbGUubWFwcy5wbGFjZXMudjEuUGxhY2VzLlNlYXJjaFRleHQQAhgEIAA,sports_club,OPERATIONAL,"Importado desde Google Maps
Tipo: Club deportivo
Dirección: C. de la Aguilera, 6, 47011 Valladolid
Google: 5⭐ (1 reseñas)
Web: https://www.federacionboxeocastillayleon.com/es
Maps: https://maps.google.com/?cid=206649236395845750&g_mp=Cidnb29nbGUubWFwcy5wbGFjZXMudjEuUGxhY2VzLlNlYXJjaFRleHQQAhgEIAA"
cmpd0p4wp02nzq1sevnlsymij,Artes Marciales Valladolid,,983 35 02 28,Artes Marciales Valladolid,,España,google-maps,atleevobox,NUEVO,MEDIA,,,2026-05-19T19:20:01.562Z,2026-05-19T19:20:01.562Z,http://www.artesmarcialesvalladolid.es/,"Calle de S. Quirce, 6, 47003 Valladolid",Valladolid,4.6,45,https://maps.google.com/?cid=4761149712924005618&g_mp=Cidnb29nbGUubWFwcy5wbGFjZXMudjEuUGxhY2VzLlNlYXJjaFRleHQQAhgEIAA,sports_school,OPERATIONAL,"Importado desde Google Maps
Tipo: Escuela deportiva
Dirección: Calle de S. Quirce, 6, 47003 Valladolid
Google: 4.6⭐ (45 reseñas)
Web: http://www.artesmarcialesvalladolid.es/
Maps: https://maps.google.com/?cid=4761149712924005618&g_mp=Cidnb29nbGUubWFwcy5wbGFjZXMudjEuUGxhY2VzLlNlYXJjaFRleHQQAhgEIAA"
cmpd0p64w02o0q1seun7x0c8v,The Boxer Club Plaza Elíptica,,,The Boxer Club Plaza Elíptica,,España,google-maps,atleevobox,NUEVO,MEDIA,,,2026-05-19T19:20:03.152Z,2026-05-19T19:20:03.152Z,https://theboxerclub.es/clubs/the-boxer-club-vigo-centro/,"Praza Francisco Fernández del Riego, Santiago de Vigo, 36203 Vigo, Pontevedra",Vigo,5,81,https://maps.google.com/?cid=7815603872129852149&g_mp=Cidnb29nbGUubWFwcy5wbGFjZXMudjEuUGxhY2VzLlNlYXJjaFRleHQQAhgEIAA,sports_coaching,OPERATIONAL,"Importado desde Google Maps
Tipo: Sports coaching
Dirección: Praza Francisco Fernández del Riego, Santiago de Vigo, 36203 Vigo, Pontevedra
Google: 5⭐ (81 reseñas)
Web: https://theboxerclub.es/clubs/the-boxer-club-vigo-centro/
Maps: https://maps.google.com/?cid=7815603872129852149&g_mp=Cidnb29nbGUubWFwcy5wbGFjZXMudjEuUGxhY2VzLlNlYXJjaFRleHQQAhgEIAA"
cmpd0p6ee02o1q1sedbshwa6i,Club Escuela de boxeo VigoBox. FloridaGym,,655 06 64 43,Club Escuela de boxeo VigoBox. FloridaGym,,España,google-maps,atleevobox,NUEVO,MEDIA,,,2026-05-19T19:20:03.495Z,2026-05-19T19:20:03.495Z,,"Av. da Florida, 34, Coia, 36210 Vigo, Pontevedra",Vigo,4.6,235,https://maps.google.com/?cid=17235760716396079286&g_mp=Cidnb29nbGUubWFwcy5wbGFjZXMudjEuUGxhY2VzLlNlYXJjaFRleHQQAhgEIAA,sports_club,OPERATIONAL,"Importado desde Google Maps
Tipo: Club deportivo
Dirección: Av. da Florida, 34, Coia, 36210 Vigo, Pontevedra
Google: 4.6⭐ (235 reseñas)
Maps: https://maps.google.com/?cid=17235760716396079286&g_mp=Cidnb29nbGUubWFwcy5wbGFjZXMudjEuUGxhY2VzLlNlYXJjaFRleHQQAhgEIAA"
cmpd0p6nl02o2q1sexih98qey,Gimnasio Street Flow,,614 33 56 09,Gimnasio Street Flow,,España,google-maps,atleevobox,NUEVO,MEDIA,,,2026-05-19T19:20:03.825Z,2026-05-19T19:20:03.825Z,https://streetflowvigo.com/,"Rúa de Jenaro de la Fuente, 48, Lavadores, 36205 Vigo, Pontevedra",Vigo,5,11,https://maps.google.com/?cid=15594099596895630363&g_mp=Cidnb29nbGUubWFwcy5wbGFjZXMudjEuUGxhY2VzLlNlYXJjaFRleHQQAhgEIAA,gym,OPERATIONAL,"Importado desde Google Maps
Tipo: Gimnasio
Dirección: Rúa de Jenaro de la Fuente, 48, Lavadores, 36205 Vigo, Pontevedra
Google: 5⭐ (11 reseñas)
Web: https://streetflowvigo.com/
Maps: https://maps.google.com/?cid=15594099596895630363&g_mp=Cidnb29nbGUubWFwcy5wbGFjZXMudjEuUGxhY2VzLlNlYXJjaFRleHQQAhgEIAA"
cmpd0p6x802o3q1sed9ecmm3k,Boxeo El Padrino,,640 58 80 85,Boxeo El Padrino,,España,google-maps,atleevobox,NUEVO,MEDIA,,,2026-05-19T19:20:04.173Z,2026-05-19T19:20:04.173Z,https://www.instagram.com/boxeo_elpadrino?igsh=MXJjazBncjBmYzI2bg==,"R. López Mora, 45, Freijeiro, 36211 Vigo, Pontevedra",Vigo,5,1,https://maps.google.com/?cid=13673190221164676921&g_mp=Cidnb29nbGUubWFwcy5wbGFjZXMudjEuUGxhY2VzLlNlYXJjaFRleHQQAhgEIAA,sports_coaching,OPERATIONAL,"Importado desde Google Maps
Tipo: Sports coaching
Dirección: R. López Mora, 45, Freijeiro, 36211 Vigo, Pontevedra
Google: 5⭐ (1 reseñas)
Web: https://www.instagram.com/boxeo_elpadrino?igsh=MXJjazBncjBmYzI2bg==
Maps: https://maps.google.com/?cid=13673190221164676921&g_mp=Cidnb29nbGUubWFwcy5wbGFjZXMudjEuUGxhY2VzLlNlYXJjaFRleHQQAhgEIAA"
cmpd0p76w02o4q1sezqq6ojtp,Brooklyn Fitboxing Vigo centro,,608 26 50 97,Brooklyn Fitboxing Vigo centro,,España,google-maps,atleevobox,NUEVO,MEDIA,,,2026-05-19T19:20:04.521Z,2026-05-19T19:20:04.521Z,https://bfclick.com/vigo-centro-gmb,"Rúa de Venezuela, 28, Santiago de Vigo, 36203 Vigo, Pontevedra",Vigo,4.8,234,https://maps.google.com/?cid=11545048189901230943&g_mp=Cidnb29nbGUubWFwcy5wbGFjZXMudjEuUGxhY2VzLlNlYXJjaFRleHQQAhgEIAA,gym,OPERATIONAL,"Importado desde Google Maps
Tipo: Gimnasio
Dirección: Rúa de Venezuela, 28, Santiago de Vigo, 36203 Vigo, Pontevedra
Google: 4.8⭐ (234 reseñas)
Web: https://bfclick.com/vigo-centro-gmb
Maps: https://maps.google.com/?cid=11545048189901230943&g_mp=Cidnb29nbGUubWFwcy5wbGFjZXMudjEuUGxhY2VzLlNlYXJjaFRleHQQAhgEIAA"
cmpd0p7g202o5q1sehxp8yimy,La Vieja Escuela Gym,,619 43 42 65,La Vieja Escuela Gym,,España,google-maps,atleevobox,NUEVO,MEDIA,,,2026-05-19T19:20:04.850Z,2026-05-19T19:20:04.850Z,http://laviejaescuelagym.com/,"Camiño Gandariña, 19, Lavadores, 36214 Vigo, Pontevedra",Vigo,4.7,77,https://maps.google.com/?cid=7042311781642620370&g_mp=Cidnb29nbGUubWFwcy5wbGFjZXMudjEuUGxhY2VzLlNlYXJjaFRleHQQAhgEIAA,gym,OPERATIONAL,"Importado desde Google Maps
Tipo: Gimnasio
Dirección: Camiño Gandariña, 19, Lavadores, 36214 Vigo, Pontevedra
Google: 4.7⭐ (77 reseñas)
Web: http://laviejaescuelagym.com/
Maps: https://maps.google.com/?cid=7042311781642620370&g_mp=Cidnb29nbGUubWFwcy5wbGFjZXMudjEuUGxhY2VzLlNlYXJjaFRleHQQAhgEIAA"
cmpd0p7rp02o6q1se3sa6td8g,El Barrio Kickboxing,,717 10 96 08,El Barrio Kickboxing,,España,google-maps,atleevobox,NUEVO,MEDIA,,,2026-05-19T19:20:05.236Z,2026-05-19T19:20:05.236Z,https://www.instagram.com/elbarrio_kickboxing/?hl=es,"R. de Aragón, 187, Teis, 36206 Vigo, Pontevedra",Vigo,5,77,https://maps.google.com/?cid=15701416727141194185&g_mp=Cidnb29nbGUubWFwcy5wbGFjZXMudjEuUGxhY2VzLlNlYXJjaFRleHQQAhgEIAA,sports_club,OPERATIONAL,"Importado desde Google Maps
Tipo: Club deportivo
Dirección: R. de Aragón, 187, Teis, 36206 Vigo, Pontevedra
Google: 5⭐ (77 reseñas)
Web: https://www.instagram.com/elbarrio_kickboxing/?hl=es
Maps: https://maps.google.com/?cid=15701416727141194185&g_mp=Cidnb29nbGUubWFwcy5wbGFjZXMudjEuUGxhY2VzLlNlYXJjaFRleHQQAhgEIAA"
cmpd0p81602o7q1seujp3mtvt,In Legatum Sport Club,,604 03 42 36,In Legatum Sport Club,,España,google-maps,atleevobox,NUEVO,MEDIA,,,2026-05-19T19:20:05.610Z,2026-05-19T19:20:05.610Z,http://www.inlegatum.com/,"Rúa Casiano Martínez, 38, 36208 Vigo, Pontevedra",Vigo,4.8,71,https://maps.google.com/?cid=15101586468878888912&g_mp=Cidnb29nbGUubWFwcy5wbGFjZXMudjEuUGxhY2VzLlNlYXJjaFRleHQQAhgEIAA,fitness_center,OPERATIONAL,"Importado desde Google Maps
Tipo: Centro deportivo
Dirección: Rúa Casiano Martínez, 38, 36208 Vigo, Pontevedra
Google: 4.8⭐ (71 reseñas)
Web: http://www.inlegatum.com/
Maps: https://maps.google.com/?cid=15101586468878888912&g_mp=Cidnb29nbGUubWFwcy5wbGFjZXMudjEuUGxhY2VzLlNlYXJjaFRleHQQAhgEIAA"
cmpd0p8aq02o8q1secpt0yy44,Box 004 Vigo,,626 29 02 43,Box 004 Vigo,,España,google-maps,atleevobox,NUEVO,MEDIA,,,2026-05-19T19:20:05.954Z,2026-05-19T19:20:05.954Z,,"Rúa Carral, 2, 36202 Vigo, Pontevedra",Vigo,5,60,https://maps.google.com/?cid=12370559619035338793&g_mp=Cidnb29nbGUubWFwcy5wbGFjZXMudjEuUGxhY2VzLlNlYXJjaFRleHQQAhgEIAA,fitness_center,OPERATIONAL,"Importado desde Google Maps
Tipo: Centro deportivo
Dirección: Rúa Carral, 2, 36202 Vigo, Pontevedra
Google: 5⭐ (60 reseñas)
Maps: https://maps.google.com/?cid=12370559619035338793&g_mp=Cidnb29nbGUubWFwcy5wbGFjZXMudjEuUGxhY2VzLlNlYXJjaFRleHQQAhgEIAA"
cmpd0p8k602o9q1seheojl2f7,Simon,,986 42 08 67,Simon,,España,google-maps,atleevobox,NUEVO,MEDIA,,,2026-05-19T19:20:06.294Z,2026-05-19T19:20:06.294Z,http://www.gimnasiosimon.es/,"Rúa de Urzáiz, 92, Santiago de Vigo, 36204 Vigo, Pontevedra",Vigo,4.6,133,https://maps.google.com/?cid=17880483239134007675&g_mp=Cidnb29nbGUubWFwcy5wbGFjZXMudjEuUGxhY2VzLlNlYXJjaFRleHQQAhgEIAA,gym,OPERATIONAL,"Importado desde Google Maps
Tipo: Gimnasio
Dirección: Rúa de Urzáiz, 92, Santiago de Vigo, 36204 Vigo, Pontevedra
Google: 4.6⭐ (133 reseñas)
Web: http://www.gimnasiosimon.es/
Maps: https://maps.google.com/?cid=17880483239134007675&g_mp=Cidnb29nbGUubWFwcy5wbGFjZXMudjEuUGxhY2VzLlNlYXJjaFRleHQQAhgEIAA"
cmpd0p8tn02oaq1sepf5k0vo1,AFOUTEZA Fight Club,,,AFOUTEZA Fight Club,,España,google-maps,atleevobox,NUEVO,MEDIA,,,2026-05-19T19:20:06.635Z,2026-05-19T19:20:06.635Z,https://www.instagram.com/afouteza_fightclub?igsh=MWtzaXQ3ZXV2MXpseQ==,"Rúa de Sanjurjo Badía, 104, Teis, 36207 Vigo, Pontevedra",Vigo,5,8,https://maps.google.com/?cid=2996850800626679623&g_mp=Cidnb29nbGUubWFwcy5wbGFjZXMudjEuUGxhY2VzLlNlYXJjaFRleHQQAhgEIAA,gym,OPERATIONAL,"Importado desde Google Maps
Tipo: Gimnasio
Dirección: Rúa de Sanjurjo Badía, 104, Teis, 36207 Vigo, Pontevedra
Google: 5⭐ (8 reseñas)
Web: https://www.instagram.com/afouteza_fightclub?igsh=MWtzaXQ3ZXV2MXpseQ==
Maps: https://maps.google.com/?cid=2996850800626679623&g_mp=Cidnb29nbGUubWFwcy5wbGFjZXMudjEuUGxhY2VzLlNlYXJjaFRleHQQAhgEIAA"
cmpd0p93h02obq1se1x1dsh8r,Edamcenterbjj,,986 17 91 98,Edamcenterbjj,,España,google-maps,atleevobox,NUEVO,MEDIA,,,2026-05-19T19:20:06.990Z,2026-05-19T19:20:06.990Z,https://www.edamcenter.com/,"R. López Mora, 60, Freijeiro, 36211 Vigo, Pontevedra",Vigo,4.9,86,https://maps.google.com/?cid=1790717642156530130&g_mp=Cidnb29nbGUubWFwcy5wbGFjZXMudjEuUGxhY2VzLlNlYXJjaFRleHQQAhgEIAA,gym,OPERATIONAL,"Importado desde Google Maps
Tipo: Gimnasio
Dirección: R. López Mora, 60, Freijeiro, 36211 Vigo, Pontevedra
Google: 4.9⭐ (86 reseñas)
Web: https://www.edamcenter.com/
Maps: https://maps.google.com/?cid=1790717642156530130&g_mp=Cidnb29nbGUubWFwcy5wbGFjZXMudjEuUGxhY2VzLlNlYXJjaFRleHQQAhgEIAA"
cmpd0p9cv02ocq1se7vcl0h6m,Club Polideportivo Saudade - Boxeo Vigo,,633 01 02 76,Club Polideportivo Saudade - Boxeo Vigo,,España,google-maps,atleevobox,NUEVO,MEDIA,,,2026-05-19T19:20:07.328Z,2026-05-19T19:20:07.328Z,https://saudadeboxeo.com/,"R. Ceboleira, 12, Lavadores, 36214 Vigo, Pontevedra",Vigo,4.6,43,https://maps.google.com/?cid=3326223166740583689&g_mp=Cidnb29nbGUubWFwcy5wbGFjZXMudjEuUGxhY2VzLlNlYXJjaFRleHQQAhgEIAA,sports_club,OPERATIONAL,"Importado desde Google Maps
Tipo: Club deportivo
Dirección: R. Ceboleira, 12, Lavadores, 36214 Vigo, Pontevedra
Google: 4.6⭐ (43 reseñas)
Web: https://saudadeboxeo.com/
Maps: https://maps.google.com/?cid=3326223166740583689&g_mp=Cidnb29nbGUubWFwcy5wbGFjZXMudjEuUGxhY2VzLlNlYXJjaFRleHQQAhgEIAA"
cmpd0p9m602odq1sew2s4f6pi,Iron Box Vigo,,623 92 18 78,Iron Box Vigo,,España,google-maps,atleevobox,NUEVO,MEDIA,,,2026-05-19T19:20:07.663Z,2026-05-19T19:20:07.663Z,https://www.ironboxvigo.com/,"C, Rúa Canicouva, 6 nave, 36213 Vigo, Pontevedra",Vigo,4.9,106,https://maps.google.com/?cid=10042659609206296004&g_mp=Cidnb29nbGUubWFwcy5wbGFjZXMudjEuUGxhY2VzLlNlYXJjaFRleHQQAhgEIAA,fitness_center,OPERATIONAL,"Importado desde Google Maps
Tipo: Centro deportivo
Dirección: C, Rúa Canicouva, 6 nave, 36213 Vigo, Pontevedra
Google: 4.9⭐ (106 reseñas)
Web: https://www.ironboxvigo.com/
Maps: https://maps.google.com/?cid=10042659609206296004&g_mp=Cidnb29nbGUubWFwcy5wbGFjZXMudjEuUGxhY2VzLlNlYXJjaFRleHQQAhgEIAA"
cmpd0p9vl02oeq1se0qpmbegk,Gimnasio Arenal (Vigo),,661 86 84 79,Gimnasio Arenal (Vigo),,España,google-maps,atleevobox,NUEVO,MEDIA,,,2026-05-19T19:20:08.001Z,2026-05-19T19:20:08.001Z,http://gimnasioarenalvigo.es/,"Rúa do Areal, 140, Santiago de Vigo, 36201 Vigo, Pontevedra",Vigo,4.6,180,https://maps.google.com/?cid=15298734232601630649&g_mp=Cidnb29nbGUubWFwcy5wbGFjZXMudjEuUGxhY2VzLlNlYXJjaFRleHQQAhgEIAA,gym,OPERATIONAL,"Importado desde Google Maps
Tipo: Gimnasio
Dirección: Rúa do Areal, 140, Santiago de Vigo, 36201 Vigo, Pontevedra
Google: 4.6⭐ (180 reseñas)
Web: http://gimnasioarenalvigo.es/
Maps: https://maps.google.com/?cid=15298734232601630649&g_mp=Cidnb29nbGUubWFwcy5wbGFjZXMudjEuUGxhY2VzLlNlYXJjaFRleHQQAhgEIAA"
cmpd0pa5w02ofq1semycd5atc,Gimnasio VivaGym Plaza Elíptica,,,Gimnasio VivaGym Plaza Elíptica,,España,google-maps,atleevobox,NUEVO,MEDIA,,,2026-05-19T19:20:08.372Z,2026-05-19T19:20:08.372Z,https://www.vivagym.com/es-es/gimnasios/pontevedra/vigo/plaza-eliptica/?utm_campaign=250922_es_gmb_conversion_generic_plaza-eliptica&utm_medium=organic&utm_source=gmb,"Plaza Elíptica, Praza Francisco Fernández del Riego, s/n, C. C, Santiago de Vigo, 36203 Vigo, Pontevedra",Vigo,3.7,342,https://maps.google.com/?cid=12631076698079951635&g_mp=Cidnb29nbGUubWFwcy5wbGFjZXMudjEuUGxhY2VzLlNlYXJjaFRleHQQAhgEIAA,gym,OPERATIONAL,"Importado desde Google Maps
Tipo: Gimnasio
Dirección: Plaza Elíptica, Praza Francisco Fernández del Riego, s/n, C. C, Santiago de Vigo, 36203 Vigo, Pontevedra
Google: 3.7⭐ (342 reseñas)
Web: https://www.vivagym.com/es-es/gimnasios/pontevedra/vigo/plaza-eliptica/?utm_campaign=250922_es_gmb_conversion_generic_plaza-eliptica&utm_medium=organic&utm_source=gmb
Maps: https://maps.google.com/?cid=12631076698079951635&g_mp=Cidnb29nbGUubWFwcy5wbGFjZXMudjEuUGxhY2VzLlNlYXJjaFRleHQQAhgEIAA"
cmpd0pafi02ogq1sehg606vbi,Gimnasio Kiap,,986 22 18 23,Gimnasio Kiap,,España,google-maps,atleevobox,NUEVO,MEDIA,,,2026-05-19T19:20:08.718Z,2026-05-19T19:20:08.718Z,http://www.kiap.es/,"Rúa do Roupeiro, 4, Santiago de Vigo, 36201 Vigo, Pontevedra",Vigo,4.8,115,https://maps.google.com/?cid=392650365791872588&g_mp=Cidnb29nbGUubWFwcy5wbGFjZXMudjEuUGxhY2VzLlNlYXJjaFRleHQQAhgEIAA,gym,OPERATIONAL,"Importado desde Google Maps
Tipo: Gimnasio
Dirección: Rúa do Roupeiro, 4, Santiago de Vigo, 36201 Vigo, Pontevedra
Google: 4.8⭐ (115 reseñas)
Web: http://www.kiap.es/
Maps: https://maps.google.com/?cid=392650365791872588&g_mp=Cidnb29nbGUubWFwcy5wbGFjZXMudjEuUGxhY2VzLlNlYXJjaFRleHQQAhgEIAA"
cmpd0pap302ohq1sewndkwigo,Escola de Boxeo Arkham,,644 03 75 75,Escola de Boxeo Arkham,,España,google-maps,atleevobox,NUEVO,MEDIA,,,2026-05-19T19:20:09.064Z,2026-05-19T19:20:09.064Z,https://www.instagram.com/escolaboxeoarkham?igsh=MXB6YTg0MW5lYTJ5Mg==,"Rúa Arrecife, 2, 36940 Cangas, Pontevedra",Vigo,5,24,https://maps.google.com/?cid=9289195362780964736&g_mp=Cidnb29nbGUubWFwcy5wbGFjZXMudjEuUGxhY2VzLlNlYXJjaFRleHQQAhgEIAA,sports_coaching,OPERATIONAL,"Importado desde Google Maps
Tipo: Sports coaching
Dirección: Rúa Arrecife, 2, 36940 Cangas, Pontevedra
Google: 5⭐ (24 reseñas)
Web: https://www.instagram.com/escolaboxeoarkham?igsh=MXB6YTg0MW5lYTJ5Mg==
Maps: https://maps.google.com/?cid=9289195362780964736&g_mp=Cidnb29nbGUubWFwcy5wbGFjZXMudjEuUGxhY2VzLlNlYXJjaFRleHQQAhgEIAA"
cmpd0payj02oiq1se6lbsz3na,Centaurus Box,,986 23 15 36,Centaurus Box,,España,google-maps,atleevobox,NUEVO,MEDIA,,,2026-05-19T19:20:09.404Z,2026-05-19T19:20:09.404Z,http://www.centaurusbox.com/,"Rúa de Severino Cobas, 63, Lavadores, 36214 Vigo, Pontevedra",Vigo,4.9,183,https://maps.google.com/?cid=3475232887247453913&g_mp=Cidnb29nbGUubWFwcy5wbGFjZXMudjEuUGxhY2VzLlNlYXJjaFRleHQQAhgEIAA,fitness_center,OPERATIONAL,"Importado desde Google Maps
Tipo: Centro deportivo
Dirección: Rúa de Severino Cobas, 63, Lavadores, 36214 Vigo, Pontevedra
Google: 4.9⭐ (183 reseñas)
Web: http://www.centaurusbox.com/
Maps: https://maps.google.com/?cid=3475232887247453913&g_mp=Cidnb29nbGUubWFwcy5wbGFjZXMudjEuUGxhY2VzLlNlYXJjaFRleHQQAhgEIAA"
cmpd0pb8a02ojq1serpali18h,Synergym ~ Pizarro (Vigo),,,Synergym ~ Pizarro (Vigo),,España,google-maps,atleevobox,NUEVO,MEDIA,,,2026-05-19T19:20:09.755Z,2026-05-19T19:20:09.755Z,https://www.synergym.es/vigo/,"R. de Pizarro, 18, Sárdoma, 36204 Vigo, Pontevedra",Vigo,4.7,1463,https://maps.google.com/?cid=8115313365365749644&g_mp=Cidnb29nbGUubWFwcy5wbGFjZXMudjEuUGxhY2VzLlNlYXJjaFRleHQQAhgEIAA,gym,OPERATIONAL,"Importado desde Google Maps
Tipo: Gimnasio
Dirección: R. de Pizarro, 18, Sárdoma, 36204 Vigo, Pontevedra
Google: 4.7⭐ (1463 reseñas)
Web: https://www.synergym.es/vigo/
Maps: https://maps.google.com/?cid=8115313365365749644&g_mp=Cidnb29nbGUubWFwcy5wbGFjZXMudjEuUGxhY2VzLlNlYXJjaFRleHQQAhgEIAA"
cmpd0pbi302okq1sehuljvf1u,Distrito 362 Vigo Plaza América - Boutique de Entrenamiento,,698 19 16 29,Distrito 362 Vigo Plaza América - Boutique de Entrenamiento,,España,google-maps,atleevobox,NUEVO,MEDIA,,,2026-05-19T19:20:10.107Z,2026-05-19T19:20:10.107Z,http://www.distrito362vigo.com/,"Rúa da Coruña, 9, Coia, 36208 Vigo, Pontevedra",Vigo,4.9,381,https://maps.google.com/?cid=4199562030304256500&g_mp=Cidnb29nbGUubWFwcy5wbGFjZXMudjEuUGxhY2VzLlNlYXJjaFRleHQQAhgEIAA,gym,OPERATIONAL,"Importado desde Google Maps
Tipo: Gimnasio
Dirección: Rúa da Coruña, 9, Coia, 36208 Vigo, Pontevedra
Google: 4.9⭐ (381 reseñas)
Web: http://www.distrito362vigo.com/
Maps: https://maps.google.com/?cid=4199562030304256500&g_mp=Cidnb29nbGUubWFwcy5wbGFjZXMudjEuUGxhY2VzLlNlYXJjaFRleHQQAhgEIAA"
cmpd0pbrk02olq1sekyx6wsgl,Florida Gym,,986 20 69 61,Florida Gym,,España,google-maps,atleevobox,NUEVO,MEDIA,,,2026-05-19T19:20:10.448Z,2026-05-19T19:20:10.448Z,http://floridagym.es/,"Av. da Florida, 32, Coia, 36210 Vigo, Pontevedra",Vigo,4.6,99,https://maps.google.com/?cid=7024133606340755674&g_mp=Cidnb29nbGUubWFwcy5wbGFjZXMudjEuUGxhY2VzLlNlYXJjaFRleHQQAhgEIAA,gym,OPERATIONAL,"Importado desde Google Maps
Tipo: Gimnasio
Dirección: Av. da Florida, 32, Coia, 36210 Vigo, Pontevedra
Google: 4.6⭐ (99 reseñas)
Web: http://floridagym.es/
Maps: https://maps.google.com/?cid=7024133606340755674&g_mp=Cidnb29nbGUubWFwcy5wbGFjZXMudjEuUGxhY2VzLlNlYXJjaFRleHQQAhgEIAA"
cmpd0pc1002omq1sepv2ykq2x,Galicia Luchas MMA,,617 84 40 04,Galicia Luchas MMA,,España,google-maps,atleevobox,NUEVO,MEDIA,,,2026-05-19T19:20:10.788Z,2026-05-19T19:20:10.788Z,https://www.galicialuchas.com/,"Av. de Balaídos, 50, Coia, 36210 Vigo, Pontevedra",Vigo,5,1,https://maps.google.com/?cid=8707547134346386145&g_mp=Cidnb29nbGUubWFwcy5wbGFjZXMudjEuUGxhY2VzLlNlYXJjaFRleHQQAhgEIAA,sports_club,OPERATIONAL,"Importado desde Google Maps
Tipo: Club deportivo
Dirección: Av. de Balaídos, 50, Coia, 36210 Vigo, Pontevedra
Google: 5⭐ (1 reseñas)
Web: https://www.galicialuchas.com/
Maps: https://maps.google.com/?cid=8707547134346386145&g_mp=Cidnb29nbGUubWFwcy5wbGFjZXMudjEuUGxhY2VzLlNlYXJjaFRleHQQAhgEIAA"
cmpd0pcaj02onq1sexmiuobp5,Rebel Boutique Fitness Studio,,602 59 71 53,Rebel Boutique Fitness Studio,,España,google-maps,atleevobox,NUEVO,MEDIA,,,2026-05-19T19:20:11.132Z,2026-05-19T19:20:11.132Z,https://rebelfitness.es/,"R. López Mora, 47, Freijeiro, 36211 Vigo, Pontevedra",Vigo,4.9,59,https://maps.google.com/?cid=1491982446585316229&g_mp=Cidnb29nbGUubWFwcy5wbGFjZXMudjEuUGxhY2VzLlNlYXJjaFRleHQQAhgEIAA,health,OPERATIONAL,"Importado desde Google Maps
Tipo: Salud y bienestar
Dirección: R. López Mora, 47, Freijeiro, 36211 Vigo, Pontevedra
Google: 4.9⭐ (59 reseñas)
Web: https://rebelfitness.es/
Maps: https://maps.google.com/?cid=1491982446585316229&g_mp=Cidnb29nbGUubWFwcy5wbGFjZXMudjEuUGxhY2VzLlNlYXJjaFRleHQQAhgEIAA"
cmpd0pck702ooq1sebsxkhoc2,Escuela SKM Combat and self defense,,886 16 58 17,Escuela SKM Combat and self defense,,España,google-maps,atleevobox,NUEVO,MEDIA,,,2026-05-19T19:20:11.480Z,2026-05-19T19:20:11.480Z,http://www.skmspain.com/,"Baixada á Salgueira, 3, Bajo, Sárdoma, 36204 Vigo, Pontevedra",Vigo,5,128,https://maps.google.com/?cid=10597569118362114352&g_mp=Cidnb29nbGUubWFwcy5wbGFjZXMudjEuUGxhY2VzLlNlYXJjaFRleHQQAhgEIAA,sports_school,OPERATIONAL,"Importado desde Google Maps
Tipo: Escuela deportiva
Dirección: Baixada á Salgueira, 3, Bajo, Sárdoma, 36204 Vigo, Pontevedra
Google: 5⭐ (128 reseñas)
Web: http://www.skmspain.com/
Maps: https://maps.google.com/?cid=10597569118362114352&g_mp=Cidnb29nbGUubWFwcy5wbGFjZXMudjEuUGxhY2VzLlNlYXJjaFRleHQQAhgEIAA"
cmpd0pcui02opq1se88eum8ri,MeuFit Vialia Vigo,,690 17 48 38,MeuFit Vialia Vigo,,España,google-maps,atleevobox,NUEVO,MEDIA,,,2026-05-19T19:20:11.850Z,2026-05-19T19:20:11.850Z,https://meufit.gal/meufit-gimnasio-en-vigo/,"Praza Estación, 1, Santiago de Vigo, 36201 Vigo, Pontevedra",Vigo,4.7,329,https://maps.google.com/?cid=1031359951497569720&g_mp=Cidnb29nbGUubWFwcy5wbGFjZXMudjEuUGxhY2VzLlNlYXJjaFRleHQQAhgEIAA,gym,OPERATIONAL,"Importado desde Google Maps
Tipo: Gimnasio
Dirección: Praza Estación, 1, Santiago de Vigo, 36201 Vigo, Pontevedra
Google: 4.7⭐ (329 reseñas)
Web: https://meufit.gal/meufit-gimnasio-en-vigo/
Maps: https://maps.google.com/?cid=1031359951497569720&g_mp=Cidnb29nbGUubWFwcy5wbGFjZXMudjEuUGxhY2VzLlNlYXJjaFRleHQQAhgEIAA"
cmpd0pd4602oqq1sehxv3kv1p,Centro Deportivo Fit Sport Vigo,,629 37 80 17,Centro Deportivo Fit Sport Vigo,,España,google-maps,atleevobox,NUEVO,MEDIA,,,2026-05-19T19:20:12.198Z,2026-05-19T19:20:12.198Z,http://fitsportvigo.es/,"Av. de Castelao, 50, Coia, 36209 Vigo, Pontevedra",Vigo,4.7,122,https://maps.google.com/?cid=6580105768087344177&g_mp=Cidnb29nbGUubWFwcy5wbGFjZXMudjEuUGxhY2VzLlNlYXJjaFRleHQQAhgEIAA,gym,OPERATIONAL,"Importado desde Google Maps
Tipo: Gimnasio
Dirección: Av. de Castelao, 50, Coia, 36209 Vigo, Pontevedra
Google: 4.7⭐ (122 reseñas)
Web: http://fitsportvigo.es/
Maps: https://maps.google.com/?cid=6580105768087344177&g_mp=Cidnb29nbGUubWFwcy5wbGFjZXMudjEuUGxhY2VzLlNlYXJjaFRleHQQAhgEIAA"
cmpd0pddf02orq1sejrnv3n47,Imperium,,986 12 70 36,Imperium,,España,google-maps,atleevobox,NUEVO,MEDIA,,,2026-05-19T19:20:12.531Z,2026-05-19T19:20:12.531Z,,"Rúa de Salamanca, 12, Freixeiro, 36211 Vigo, Pontevedra",Vigo,4.6,113,https://maps.google.com/?cid=18110794343969193099&g_mp=Cidnb29nbGUubWFwcy5wbGFjZXMudjEuUGxhY2VzLlNlYXJjaFRleHQQAhgEIAA,gym,OPERATIONAL,"Importado desde Google Maps
Tipo: Gimnasio
Dirección: Rúa de Salamanca, 12, Freixeiro, 36211 Vigo, Pontevedra
Google: 4.6⭐ (113 reseñas)
Maps: https://maps.google.com/?cid=18110794343969193099&g_mp=Cidnb29nbGUubWFwcy5wbGFjZXMudjEuUGxhY2VzLlNlYXJjaFRleHQQAhgEIAA"
cmpd0pdmv02osq1se5zvmx97g,Body & Mind Gym,,698 15 66 18,Body & Mind Gym,,España,google-maps,atleevobox,NUEVO,MEDIA,,,2026-05-19T19:20:12.871Z,2026-05-19T19:20:12.871Z,https://bodymindgym.es/,"R. López Mora, 45, bajo, Freijeiro, 36211 Pontevedra",Vigo,4.3,56,https://maps.google.com/?cid=17689721639655872826&g_mp=Cidnb29nbGUubWFwcy5wbGFjZXMudjEuUGxhY2VzLlNlYXJjaFRleHQQAhgEIAA,gym,OPERATIONAL,"Importado desde Google Maps
Tipo: Gimnasio
Dirección: R. López Mora, 45, bajo, Freijeiro, 36211 Pontevedra
Google: 4.3⭐ (56 reseñas)
Web: https://bodymindgym.es/
Maps: https://maps.google.com/?cid=17689721639655872826&g_mp=Cidnb29nbGUubWFwcy5wbGFjZXMudjEuUGxhY2VzLlNlYXJjaFRleHQQAhgEIAA"
cmpd0pdw302otq1sejtfqotpv,Distrito 362 Vigo Rosalía de Castro - Boutique de entrenamiento,,647 81 97 62,Distrito 362 Vigo Rosalía de Castro - Boutique de entrenamiento,,España,google-maps,atleevobox,NUEVO,MEDIA,,,2026-05-19T19:20:13.203Z,2026-05-19T19:20:13.203Z,http://www.distrito362vigo.com/,"R. de Rosalía de Castro, 46, Santiago de Vigo, 36201 Vigo, Pontevedra",Vigo,4.9,449,https://maps.google.com/?cid=2359876861561562740&g_mp=Cidnb29nbGUubWFwcy5wbGFjZXMudjEuUGxhY2VzLlNlYXJjaFRleHQQAhgEIAA,gym,OPERATIONAL,"Importado desde Google Maps
Tipo: Gimnasio
Dirección: R. de Rosalía de Castro, 46, Santiago de Vigo, 36201 Vigo, Pontevedra
Google: 4.9⭐ (449 reseñas)
Web: http://www.distrito362vigo.com/
Maps: https://maps.google.com/?cid=2359876861561562740&g_mp=Cidnb29nbGUubWFwcy5wbGFjZXMudjEuUGxhY2VzLlNlYXJjaFRleHQQAhgEIAA"
cmpd0pe5m02ouq1se5ap3dxsv,Team Boxing Cristian Turco,,717 16 09 33,Team Boxing Cristian Turco,,España,google-maps,atleevobox,NUEVO,MEDIA,,,2026-05-19T19:20:13.547Z,2026-05-19T19:20:13.547Z,,"Av. da Florida, 31, Coia, 36210 Vigo, Pontevedra",Vigo,,,https://maps.google.com/?cid=10350376980615130271&g_mp=Cidnb29nbGUubWFwcy5wbGFjZXMudjEuUGxhY2VzLlNlYXJjaFRleHQQAhgEIAA,sports_club,OPERATIONAL,"Importado desde Google Maps
Tipo: Club deportivo
Dirección: Av. da Florida, 31, Coia, 36210 Vigo, Pontevedra
Maps: https://maps.google.com/?cid=10350376980615130271&g_mp=Cidnb29nbGUubWFwcy5wbGFjZXMudjEuUGxhY2VzLlNlYXJjaFRleHQQAhgEIAA"
cmpd0pgth02ovq1sex6uyp0ni,Club de Boxeo David Burgos,,689 78 55 69,Club de Boxeo David Burgos,,España,google-maps,atleevobox,NUEVO,MEDIA,,,2026-05-19T19:20:16.998Z,2026-05-19T19:20:16.998Z,https://davidburgos.club/,"Av. Montecelo, 11, 36161 Pontevedra",Vigo,5,81,https://maps.google.com/?cid=13984857048283318627&g_mp=Cidnb29nbGUubWFwcy5wbGFjZXMudjEuUGxhY2VzLlNlYXJjaFRleHQQAhgEIAA,sports_club,OPERATIONAL,"Importado desde Google Maps
Tipo: Club deportivo
Dirección: Av. Montecelo, 11, 36161 Pontevedra
Google: 5⭐ (81 reseñas)
Web: https://davidburgos.club/
Maps: https://maps.google.com/?cid=13984857048283318627&g_mp=Cidnb29nbGUubWFwcy5wbGFjZXMudjEuUGxhY2VzLlNlYXJjaFRleHQQAhgEIAA"
cmpd0ph8302owq1seyv9wtr9y,Contact Sport,,986 19 71 13,Contact Sport,,España,google-maps,atleevobox,NUEVO,MEDIA,,,2026-05-19T19:20:17.523Z,2026-05-19T19:20:17.523Z,http://www.contactsport.es/,"Av. do Fragoso, 31, Coia, 36210 Vigo, Pontevedra",Vigo,4.8,135,https://maps.google.com/?cid=7496179590634084319&g_mp=Cidnb29nbGUubWFwcy5wbGFjZXMudjEuUGxhY2VzLlNlYXJjaFRleHQQAhgEIAA,sportswear_store,OPERATIONAL,"Importado desde Google Maps
Tipo: Tienda de ropa de deportes
Dirección: Av. do Fragoso, 31, Coia, 36210 Vigo, Pontevedra
Google: 4.8⭐ (135 reseñas)
Web: http://www.contactsport.es/
Maps: https://maps.google.com/?cid=7496179590634084319&g_mp=Cidnb29nbGUubWFwcy5wbGFjZXMudjEuUGxhY2VzLlNlYXJjaFRleHQQAhgEIAA"
cmpd0phm202oxq1seljfs8ub7,LUVA Boxing Club,,699 90 76 19,LUVA Boxing Club,,España,google-maps,atleevobox,NUEVO,MEDIA,,,2026-05-19T19:20:18.027Z,2026-05-19T19:20:18.027Z,https://luvaboxing.com/,"Rúa José Millán, 7, 36001 Pontevedra",Vigo,5,33,https://maps.google.com/?cid=13990524975584688295&g_mp=Cidnb29nbGUubWFwcy5wbGFjZXMudjEuUGxhY2VzLlNlYXJjaFRleHQQAhgEIAA,sports_coaching,OPERATIONAL,"Importado desde Google Maps
Tipo: Sports coaching
Dirección: Rúa José Millán, 7, 36001 Pontevedra
Google: 5⭐ (33 reseñas)
Web: https://luvaboxing.com/
Maps: https://maps.google.com/?cid=13990524975584688295&g_mp=Cidnb29nbGUubWFwcy5wbGFjZXMudjEuUGxhY2VzLlNlYXJjaFRleHQQAhgEIAA"
cmpd0pi4v02oyq1se0b506t2w,Spartan Team Tomiño,,687 29 94 77,Spartan Team Tomiño,,España,google-maps,atleevobox,NUEVO,MEDIA,,,2026-05-19T19:20:18.703Z,2026-05-19T19:20:18.703Z,https://instagram.com/spartanteamk1?igshid=YmMyMTA2M2Y=,"Av. Pío Troncoso, s/n, 36750 Goián, Pontevedra",Vigo,5,42,https://maps.google.com/?cid=5414385412311993372&g_mp=Cidnb29nbGUubWFwcy5wbGFjZXMudjEuUGxhY2VzLlNlYXJjaFRleHQQAhgEIAA,sports_club,OPERATIONAL,"Importado desde Google Maps
Tipo: Club deportivo
Dirección: Av. Pío Troncoso, s/n, 36750 Goián, Pontevedra
Google: 5⭐ (42 reseñas)
Web: https://instagram.com/spartanteamk1?igshid=YmMyMTA2M2Y=
Maps: https://maps.google.com/?cid=5414385412311993372&g_mp=Cidnb29nbGUubWFwcy5wbGFjZXMudjEuUGxhY2VzLlNlYXJjaFRleHQQAhgEIAA"
cmpd0pm7f02ozq1serwszmlsx,Brooklyn Fitboxing Gijón costa,,659 65 81 93,Brooklyn Fitboxing Gijón costa,,España,google-maps,atleevobox,NUEVO,MEDIA,,,2026-05-19T19:20:23.980Z,2026-05-19T19:20:23.980Z,https://bfclick.com/gijon-costa-gmb,"Av. de la Costa, 53, Centro, 33201 Gijón, Asturias",Gijón,5,448,https://maps.google.com/?cid=4023756069098492847&g_mp=Cidnb29nbGUubWFwcy5wbGFjZXMudjEuUGxhY2VzLlNlYXJjaFRleHQQAhgEIAA,gym,OPERATIONAL,"Importado desde Google Maps
Tipo: Gimnasio
Dirección: Av. de la Costa, 53, Centro, 33201 Gijón, Asturias
Google: 5⭐ (448 reseñas)
Web: https://bfclick.com/gijon-costa-gmb
Maps: https://maps.google.com/?cid=4023756069098492847&g_mp=Cidnb29nbGUubWFwcy5wbGFjZXMudjEuUGxhY2VzLlNlYXJjaFRleHQQAhgEIAA"
cmpd0pmgr02p0q1seareeruot,Meré Boxing Academy,,684 66 94 76,Meré Boxing Academy,,España,google-maps,atleevobox,NUEVO,MEDIA,,,2026-05-19T19:20:24.316Z,2026-05-19T19:20:24.316Z,,"C. de los Laboratorios, 25, Gijon-Oeste, 33212 Gijón, Asturias",Gijón,5,75,https://maps.google.com/?cid=13166766334691986071&g_mp=Cidnb29nbGUubWFwcy5wbGFjZXMudjEuUGxhY2VzLlNlYXJjaFRleHQQAhgEIAA,sports_coaching,OPERATIONAL,"Importado desde Google Maps
Tipo: Sports coaching
Dirección: C. de los Laboratorios, 25, Gijon-Oeste, 33212 Gijón, Asturias
Google: 5⭐ (75 reseñas)
Maps: https://maps.google.com/?cid=13166766334691986071&g_mp=Cidnb29nbGUubWFwcy5wbGFjZXMudjEuUGxhY2VzLlNlYXJjaFRleHQQAhgEIAA"
cmpd0pmqc02p1q1seifjh04k2,SANPAR BOX,,605 81 93 98,SANPAR BOX,,España,google-maps,atleevobox,NUEVO,MEDIA,,,2026-05-19T19:20:24.660Z,2026-05-19T19:20:24.660Z,,"C. Rda. Exterior, °6, BAJO, Gijon-Sur, 33209 Gijón, Asturias",Gijón,4.9,43,https://maps.google.com/?cid=16529887246346978785&g_mp=Cidnb29nbGUubWFwcy5wbGFjZXMudjEuUGxhY2VzLlNlYXJjaFRleHQQAhgEIAA,sports_coaching,OPERATIONAL,"Importado desde Google Maps
Tipo: Sports coaching
Dirección: C. Rda. Exterior, °6, BAJO, Gijon-Sur, 33209 Gijón, Asturias
Google: 4.9⭐ (43 reseñas)
Maps: https://maps.google.com/?cid=16529887246346978785&g_mp=Cidnb29nbGUubWFwcy5wbGFjZXMudjEuUGxhY2VzLlNlYXJjaFRleHQQAhgEIAA"
cmpd0pmzt02p2q1seb460euej,Centro Deportivo Tibet,,,Centro Deportivo Tibet,,España,google-maps,atleevobox,NUEVO,MEDIA,,,2026-05-19T19:20:25.001Z,2026-05-19T19:20:25.001Z,,"C. Ana María, 31D, Centro, 33209 Gijón, Asturias",Gijón,4.9,37,https://maps.google.com/?cid=194149528104156772&g_mp=Cidnb29nbGUubWFwcy5wbGFjZXMudjEuUGxhY2VzLlNlYXJjaFRleHQQAhgEIAA,gym,OPERATIONAL,"Importado desde Google Maps
Tipo: Gimnasio
Dirección: C. Ana María, 31D, Centro, 33209 Gijón, Asturias
Google: 4.9⭐ (37 reseñas)
Maps: https://maps.google.com/?cid=194149528104156772&g_mp=Cidnb29nbGUubWFwcy5wbGFjZXMudjEuUGxhY2VzLlNlYXJjaFRleHQQAhgEIAA"
cmpd0pn9v02p3q1se21rw7iyo,Asturkick,,984 50 94 66,Asturkick,,España,google-maps,atleevobox,NUEVO,MEDIA,,,2026-05-19T19:20:25.364Z,2026-05-19T19:20:25.364Z,,"Calle Poeta Alfonso Camín, 10, Centro, 33209 Gijón, Asturias",Gijón,5,27,https://maps.google.com/?cid=11168638359654609102&g_mp=Cidnb29nbGUubWFwcy5wbGFjZXMudjEuUGxhY2VzLlNlYXJjaFRleHQQAhgEIAA,gym,OPERATIONAL,"Importado desde Google Maps
Tipo: Gimnasio
Dirección: Calle Poeta Alfonso Camín, 10, Centro, 33209 Gijón, Asturias
Google: 5⭐ (27 reseñas)
Maps: https://maps.google.com/?cid=11168638359654609102&g_mp=Cidnb29nbGUubWFwcy5wbGFjZXMudjEuUGxhY2VzLlNlYXJjaFRleHQQAhgEIAA"
cmpd0pnjb02p4q1seubbcclc5,Synergym,,,Synergym,,España,google-maps,atleevobox,NUEVO,MEDIA,,,2026-05-19T19:20:25.703Z,2026-05-19T19:20:25.703Z,https://www.synergym.es/gijon/,"C. Soria, 5, Gijon-Sur, 33208 Gijón, Asturias",Gijón,4.6,973,https://maps.google.com/?cid=10825059512466217813&g_mp=Cidnb29nbGUubWFwcy5wbGFjZXMudjEuUGxhY2VzLlNlYXJjaFRleHQQAhgEIAA,gym,OPERATIONAL,"Importado desde Google Maps
Tipo: Gimnasio
Dirección: C. Soria, 5, Gijon-Sur, 33208 Gijón, Asturias
Google: 4.6⭐ (973 reseñas)
Web: https://www.synergym.es/gijon/
Maps: https://maps.google.com/?cid=10825059512466217813&g_mp=Cidnb29nbGUubWFwcy5wbGFjZXMudjEuUGxhY2VzLlNlYXJjaFRleHQQAhgEIAA"
cmpd0pnsv02p5q1seh4pvw7hk,Black Lion Box,,,Black Lion Box,,España,google-maps,atleevobox,NUEVO,MEDIA,,,2026-05-19T19:20:26.047Z,2026-05-19T19:20:26.047Z,,"Tr.ª San Juan, Periurbano - Rural, 33211 Gijón, Asturias",Gijón,5,92,https://maps.google.com/?cid=941847033990684865&g_mp=Cidnb29nbGUubWFwcy5wbGFjZXMudjEuUGxhY2VzLlNlYXJjaFRleHQQAhgEIAA,fitness_center,OPERATIONAL,"Importado desde Google Maps
Tipo: Centro deportivo
Dirección: Tr.ª San Juan, Periurbano - Rural, 33211 Gijón, Asturias
Google: 5⭐ (92 reseñas)
Maps: https://maps.google.com/?cid=941847033990684865&g_mp=Cidnb29nbGUubWFwcy5wbGFjZXMudjEuUGxhY2VzLlNlYXJjaFRleHQQAhgEIAA"
cmpd0po2d02p6q1seizt3nud1,Tu Box,,984 29 77 35,Tu Box,,España,google-maps,atleevobox,NUEVO,MEDIA,,,2026-05-19T19:20:26.389Z,2026-05-19T19:20:26.389Z,http://www.tuboxgijon.com/,"Av. de los Campones, 11, Nave 4, Gijon-Oeste, 33211 Gijón, Asturias",Gijón,4.9,62,https://maps.google.com/?cid=5763315555440044292&g_mp=Cidnb29nbGUubWFwcy5wbGFjZXMudjEuUGxhY2VzLlNlYXJjaFRleHQQAhgEIAA,gym,OPERATIONAL,"Importado desde Google Maps
Tipo: Gimnasio
Dirección: Av. de los Campones, 11, Nave 4, Gijon-Oeste, 33211 Gijón, Asturias
Google: 4.9⭐ (62 reseñas)
Web: http://www.tuboxgijon.com/
Maps: https://maps.google.com/?cid=5763315555440044292&g_mp=Cidnb29nbGUubWFwcy5wbGFjZXMudjEuUGxhY2VzLlNlYXJjaFRleHQQAhgEIAA"
cmpd0pobn02p7q1seikgbct73,Gimnasio Shotokan,,985 34 01 45,Gimnasio Shotokan,,España,google-maps,atleevobox,NUEVO,MEDIA,,,2026-05-19T19:20:26.724Z,2026-05-19T19:20:26.724Z,http://www.gimnasioshotokan.es/,"Calle Donato Argüelles, 19, Centro, 33206 Gijón, Asturias",Gijón,4.2,31,https://maps.google.com/?cid=10624474019879278564&g_mp=Cidnb29nbGUubWFwcy5wbGFjZXMudjEuUGxhY2VzLlNlYXJjaFRleHQQAhgEIAA,sports_school,OPERATIONAL,"Importado desde Google Maps
Tipo: Escuela deportiva
Dirección: Calle Donato Argüelles, 19, Centro, 33206 Gijón, Asturias
Google: 4.2⭐ (31 reseñas)
Web: http://www.gimnasioshotokan.es/
Maps: https://maps.google.com/?cid=10624474019879278564&g_mp=Cidnb29nbGUubWFwcy5wbGFjZXMudjEuUGxhY2VzLlNlYXJjaFRleHQQAhgEIAA"
cmpd0pol702p8q1se28fjzr8i,Sport Center Gijón S.L.U.,,985 17 07 23,Sport Center Gijón S.L.U.,,España,google-maps,atleevobox,NUEVO,MEDIA,,,2026-05-19T19:20:27.068Z,2026-05-19T19:20:27.068Z,https://es-es.facebook.com/Sport-Center-Gij%C3%B3n-323320967862588/,"C. Avilés, 8, Centro, 33207 Gijón, Asturias",Gijón,4.6,17,https://maps.google.com/?cid=7310302547969869957&g_mp=Cidnb29nbGUubWFwcy5wbGFjZXMudjEuUGxhY2VzLlNlYXJjaFRleHQQAhgEIAA,gym,OPERATIONAL,"Importado desde Google Maps
Tipo: Gimnasio
Dirección: C. Avilés, 8, Centro, 33207 Gijón, Asturias
Google: 4.6⭐ (17 reseñas)
Web: https://es-es.facebook.com/Sport-Center-Gij%C3%B3n-323320967862588/
Maps: https://maps.google.com/?cid=7310302547969869957&g_mp=Cidnb29nbGUubWFwcy5wbGFjZXMudjEuUGxhY2VzLlNlYXJjaFRleHQQAhgEIAA"
cmpd0poui02p9q1sek7pxri94,Beltza,,685 47 66 67,Beltza,,España,google-maps,atleevobox,NUEVO,MEDIA,,,2026-05-19T19:20:27.402Z,2026-05-19T19:20:27.402Z,http://www.beltza.es/,"C. San Francisco de Asís, 22, Gijon-Este, 33205 Gijón, Asturias",Gijón,5,7,https://maps.google.com/?cid=8022102310227266312&g_mp=Cidnb29nbGUubWFwcy5wbGFjZXMudjEuUGxhY2VzLlNlYXJjaFRleHQQAhgEIAA,sports_school,OPERATIONAL,"Importado desde Google Maps
Tipo: Escuela deportiva
Dirección: C. San Francisco de Asís, 22, Gijon-Este, 33205 Gijón, Asturias
Google: 5⭐ (7 reseñas)
Web: http://www.beltza.es/
Maps: https://maps.google.com/?cid=8022102310227266312&g_mp=Cidnb29nbGUubWFwcy5wbGFjZXMudjEuUGxhY2VzLlNlYXJjaFRleHQQAhgEIAA"
cmpd0pp3y02paq1se4y57ow3m,Club Metropolitan Gijón,,985 19 66 66,Club Metropolitan Gijón,,España,google-maps,atleevobox,NUEVO,MEDIA,,,2026-05-19T19:20:27.742Z,2026-05-19T19:20:27.742Z,http://www.clubmetropolitan.com/gimnasio/gijon,"Estadio El Molinón Enrique Castro - Quini, Puerta 8, Gijon-Este, 33201 Gijón, Asturias",Gijón,4.2,928,https://maps.google.com/?cid=10336375509426738042&g_mp=Cidnb29nbGUubWFwcy5wbGFjZXMudjEuUGxhY2VzLlNlYXJjaFRleHQQAhgEIAA,fitness_center,OPERATIONAL,"Importado desde Google Maps
Tipo: Centro deportivo
Dirección: Estadio El Molinón Enrique Castro - Quini, Puerta 8, Gijon-Este, 33201 Gijón, Asturias
Google: 4.2⭐ (928 reseñas)
Web: http://www.clubmetropolitan.com/gimnasio/gijon
Maps: https://maps.google.com/?cid=10336375509426738042&g_mp=Cidnb29nbGUubWFwcy5wbGFjZXMudjEuUGxhY2VzLlNlYXJjaFRleHQQAhgEIAA"
cmpd0pphu02pbq1sefsfcs7jy,Asgard Gym,,985 09 33 93,Asgard Gym,,España,google-maps,atleevobox,NUEVO,MEDIA,,,2026-05-19T19:20:28.242Z,2026-05-19T19:20:28.242Z,,"C. Ramón y Cajal, 12, Centro, 33205 Gijón, Asturias",Gijón,4.8,69,https://maps.google.com/?cid=17927839234563709156&g_mp=Cidnb29nbGUubWFwcy5wbGFjZXMudjEuUGxhY2VzLlNlYXJjaFRleHQQAhgEIAA,gym,OPERATIONAL,"Importado desde Google Maps
Tipo: Gimnasio
Dirección: C. Ramón y Cajal, 12, Centro, 33205 Gijón, Asturias
Google: 4.8⭐ (69 reseñas)
Maps: https://maps.google.com/?cid=17927839234563709156&g_mp=Cidnb29nbGUubWFwcy5wbGFjZXMudjEuUGxhY2VzLlNlYXJjaFRleHQQAhgEIAA"
cmpd0ppr602pcq1sezj4ngnji,Escuela de Artes Marciales ZEN,,607 46 60 81,Escuela de Artes Marciales ZEN,,España,google-maps,atleevobox,NUEVO,MEDIA,,,2026-05-19T19:20:28.578Z,2026-05-19T19:20:28.578Z,http://www.artes-marciales-zen.es/,"C. Luanco, 11, Bajo Derecha, Centro, 33207 Gijón, Asturias",Gijón,5,115,https://maps.google.com/?cid=9345928953979157246&g_mp=Cidnb29nbGUubWFwcy5wbGFjZXMudjEuUGxhY2VzLlNlYXJjaFRleHQQAhgEIAA,sports_school,OPERATIONAL,"Importado desde Google Maps
Tipo: Escuela deportiva
Dirección: C. Luanco, 11, Bajo Derecha, Centro, 33207 Gijón, Asturias
Google: 5⭐ (115 reseñas)
Web: http://www.artes-marciales-zen.es/
Maps: https://maps.google.com/?cid=9345928953979157246&g_mp=Cidnb29nbGUubWFwcy5wbGFjZXMudjEuUGxhY2VzLlNlYXJjaFRleHQQAhgEIAA"
cmpd0pq0h02pdq1sebeogv4jt,Área 51- Centro de actividades deportivas Melania Fernán,,651 38 28 77,Área 51- Centro de actividades deportivas Melania Fernán,,España,google-maps,atleevobox,NUEVO,MEDIA,,,2026-05-19T19:20:28.914Z,2026-05-19T19:20:28.914Z,,"C. Soria, 8, Gijon-Sur, 33208 Gijón, Asturias",Gijón,5,52,https://maps.google.com/?cid=8344771982634822155&g_mp=Cidnb29nbGUubWFwcy5wbGFjZXMudjEuUGxhY2VzLlNlYXJjaFRleHQQAhgEIAA,fitness_center,OPERATIONAL,"Importado desde Google Maps
Tipo: Centro deportivo
Dirección: C. Soria, 8, Gijon-Sur, 33208 Gijón, Asturias
Google: 5⭐ (52 reseñas)
Maps: https://maps.google.com/?cid=8344771982634822155&g_mp=Cidnb29nbGUubWFwcy5wbGFjZXMudjEuUGxhY2VzLlNlYXJjaFRleHQQAhgEIAA"
cmpd0pq9u02peq1sebwkr2z6h,Beactive (antiguo Pesas Gym & Fitness),,985 15 37 33,Beactive (antiguo Pesas Gym & Fitness),,España,google-maps,atleevobox,NUEVO,MEDIA,,,2026-05-19T19:20:29.251Z,2026-05-19T19:20:29.251Z,https://www.facebook.com/PESAS-Gym-Fitness-134733826562732/,"C. Sáhara, 21, Centro, Centro, 33208 Gijón, Asturias",Gijón,4.6,82,https://maps.google.com/?cid=4082099739198735443&g_mp=Cidnb29nbGUubWFwcy5wbGFjZXMudjEuUGxhY2VzLlNlYXJjaFRleHQQAhgEIAA,gym,OPERATIONAL,"Importado desde Google Maps
Tipo: Gimnasio
Dirección: C. Sáhara, 21, Centro, Centro, 33208 Gijón, Asturias
Google: 4.6⭐ (82 reseñas)
Web: https://www.facebook.com/PESAS-Gym-Fitness-134733826562732/
Maps: https://maps.google.com/?cid=4082099739198735443&g_mp=Cidnb29nbGUubWFwcy5wbGFjZXMudjEuUGxhY2VzLlNlYXJjaFRleHQQAhgEIAA"
cmpd0pqk902pfq1sejftj4avd,Gimnasio Universal S.L.,,985 34 74 53,Gimnasio Universal S.L.,,España,google-maps,atleevobox,NUEVO,MEDIA,,,2026-05-19T19:20:29.625Z,2026-05-19T19:20:29.625Z,,"Calle Cura Sama, 3, Centro, 33202 Gijón, Asturias",Gijón,4.9,163,https://maps.google.com/?cid=1359184631701100332&g_mp=Cidnb29nbGUubWFwcy5wbGFjZXMudjEuUGxhY2VzLlNlYXJjaFRleHQQAhgEIAA,gym,OPERATIONAL,"Importado desde Google Maps
Tipo: Gimnasio
Dirección: Calle Cura Sama, 3, Centro, 33202 Gijón, Asturias
Google: 4.9⭐ (163 reseñas)
Maps: https://maps.google.com/?cid=1359184631701100332&g_mp=Cidnb29nbGUubWFwcy5wbGFjZXMudjEuUGxhY2VzLlNlYXJjaFRleHQQAhgEIAA"
cmpd0pqtl02pgq1seupw41suz,Escuela Nei de Artes Marciales,,684 68 09 92,Escuela Nei de Artes Marciales,,España,google-maps,atleevobox,NUEVO,MEDIA,,,2026-05-19T19:20:29.961Z,2026-05-19T19:20:29.961Z,http://www.escuelanei.es/,"C. Infiesto, 4, Centro, 33207 Gijón, Asturias",Gijón,4.9,140,https://maps.google.com/?cid=5096833660110106727&g_mp=Cidnb29nbGUubWFwcy5wbGFjZXMudjEuUGxhY2VzLlNlYXJjaFRleHQQAhgEIAA,sports_school,OPERATIONAL,"Importado desde Google Maps
Tipo: Escuela deportiva
Dirección: C. Infiesto, 4, Centro, 33207 Gijón, Asturias
Google: 4.9⭐ (140 reseñas)
Web: http://www.escuelanei.es/
Maps: https://maps.google.com/?cid=5096833660110106727&g_mp=Cidnb29nbGUubWFwcy5wbGFjZXMudjEuUGxhY2VzLlNlYXJjaFRleHQQAhgEIAA"
cmpd0pr2s02phq1se8wsr1a9n,BUJINKAN BUDO GIJÓN -UNRYU KAI-,,625 32 45 91,BUJINKAN BUDO GIJÓN -UNRYU KAI-,,España,google-maps,atleevobox,NUEVO,MEDIA,,,2026-05-19T19:20:30.293Z,2026-05-19T19:20:30.293Z,,"C. Fray Ceferino González, 23, Centro, 33208 Gijón, Asturias",Gijón,5,12,https://maps.google.com/?cid=12089209349127314550&g_mp=Cidnb29nbGUubWFwcy5wbGFjZXMudjEuUGxhY2VzLlNlYXJjaFRleHQQAhgEIAA,sports_school,OPERATIONAL,"Importado desde Google Maps
Tipo: Escuela deportiva
Dirección: C. Fray Ceferino González, 23, Centro, 33208 Gijón, Asturias
Google: 5⭐ (12 reseñas)
Maps: https://maps.google.com/?cid=12089209349127314550&g_mp=Cidnb29nbGUubWFwcy5wbGFjZXMudjEuUGxhY2VzLlNlYXJjaFRleHQQAhgEIAA"
cmpd0prch02piq1sencg5dtu2,Synergym Gijón Laviada,,,Synergym Gijón Laviada,,España,google-maps,atleevobox,NUEVO,MEDIA,,,2026-05-19T19:20:30.642Z,2026-05-19T19:20:30.642Z,https://synergym.es/gijon-laviada/,"C. Pola de Siero, 8, Centro, 33207 Gijón, Asturias",Gijón,4.8,581,https://maps.google.com/?cid=8878179890361669489&g_mp=Cidnb29nbGUubWFwcy5wbGFjZXMudjEuUGxhY2VzLlNlYXJjaFRleHQQAhgEIAA,gym,OPERATIONAL,"Importado desde Google Maps
Tipo: Gimnasio
Dirección: C. Pola de Siero, 8, Centro, 33207 Gijón, Asturias
Google: 4.8⭐ (581 reseñas)
Web: https://synergym.es/gijon-laviada/
Maps: https://maps.google.com/?cid=8878179890361669489&g_mp=Cidnb29nbGUubWFwcy5wbGFjZXMudjEuUGxhY2VzLlNlYXJjaFRleHQQAhgEIAA"
cmpd0prm002pjq1sen87du669,Bandog FC Academy,,684 64 53 47,Bandog FC Academy,,España,google-maps,atleevobox,NUEVO,MEDIA,,,2026-05-19T19:20:30.984Z,2026-05-19T19:20:30.984Z,,"C. Extremadura, 3, Gijon-Sur, 33210 Gijón, Asturias",Gijón,5,54,https://maps.google.com/?cid=8406367417362563359&g_mp=Cidnb29nbGUubWFwcy5wbGFjZXMudjEuUGxhY2VzLlNlYXJjaFRleHQQAhgEIAA,sports_club,OPERATIONAL,"Importado desde Google Maps
Tipo: Club deportivo
Dirección: C. Extremadura, 3, Gijon-Sur, 33210 Gijón, Asturias
Google: 5⭐ (54 reseñas)
Maps: https://maps.google.com/?cid=8406367417362563359&g_mp=Cidnb29nbGUubWFwcy5wbGFjZXMudjEuUGxhY2VzLlNlYXJjaFRleHQQAhgEIAA"
cmpd0prv602pkq1seuauanefy,Gimnasio VivaGym San Agustín,,,Gimnasio VivaGym San Agustín,,España,google-maps,atleevobox,NUEVO,MEDIA,,,2026-05-19T19:20:31.315Z,2026-05-19T19:20:31.315Z,https://www.vivagym.com/es-es/gimnasios/oviedo/gijon/san-agustin/?utm_campaign=250922_es_gmb_conversion_generic_san-agustin&utm_medium=organic&utm_source=gmb,"Plaza Romualdo Alvargonzález Lanquine, C. San Agustín, Centro, 33202 Gijón, Asturias",Gijón,4.5,303,https://maps.google.com/?cid=16076113908753489133&g_mp=Cidnb29nbGUubWFwcy5wbGFjZXMudjEuUGxhY2VzLlNlYXJjaFRleHQQAhgEIAA,gym,OPERATIONAL,"Importado desde Google Maps
Tipo: Gimnasio
Dirección: Plaza Romualdo Alvargonzález Lanquine, C. San Agustín, Centro, 33202 Gijón, Asturias
Google: 4.5⭐ (303 reseñas)
Web: https://www.vivagym.com/es-es/gimnasios/oviedo/gijon/san-agustin/?utm_campaign=250922_es_gmb_conversion_generic_san-agustin&utm_medium=organic&utm_source=gmb
Maps: https://maps.google.com/?cid=16076113908753489133&g_mp=Cidnb29nbGUubWFwcy5wbGFjZXMudjEuUGxhY2VzLlNlYXJjaFRleHQQAhgEIAA"
cmpd0ps4j02plq1sea40vxoq8,Gimnasio Ketán,,669 68 57 32,Gimnasio Ketán,,España,google-maps,atleevobox,NUEVO,MEDIA,,,2026-05-19T19:20:31.652Z,2026-05-19T19:20:31.652Z,http://www.gimnasioketan.com/,"C. Piles, 6, Gijon-Este, 33203 Gijón, Asturias",Gijón,4.7,60,https://maps.google.com/?cid=381999656855848477&g_mp=Cidnb29nbGUubWFwcy5wbGFjZXMudjEuUGxhY2VzLlNlYXJjaFRleHQQAhgEIAA,gym,OPERATIONAL,"Importado desde Google Maps
Tipo: Gimnasio
Dirección: C. Piles, 6, Gijon-Este, 33203 Gijón, Asturias
Google: 4.7⭐ (60 reseñas)
Web: http://www.gimnasioketan.com/
Maps: https://maps.google.com/?cid=381999656855848477&g_mp=Cidnb29nbGUubWFwcy5wbGFjZXMudjEuUGxhY2VzLlNlYXJjaFRleHQQAhgEIAA"
cmpd0psdx02pmq1selsv6qwy5,Gimnasio Olimpic,,984 50 94 66,Gimnasio Olimpic,,España,google-maps,atleevobox,NUEVO,MEDIA,,,2026-05-19T19:20:31.989Z,2026-05-19T19:20:31.989Z,https://gimnasioolimpic.es/,"Calle Poeta Alfonso Camín, 10, Centro, 33209 Gijón, Asturias",Gijón,4.7,83,https://maps.google.com/?cid=6749999735907456890&g_mp=Cidnb29nbGUubWFwcy5wbGFjZXMudjEuUGxhY2VzLlNlYXJjaFRleHQQAhgEIAA,gym,OPERATIONAL,"Importado desde Google Maps
Tipo: Gimnasio
Dirección: Calle Poeta Alfonso Camín, 10, Centro, 33209 Gijón, Asturias
Google: 4.7⭐ (83 reseñas)
Web: https://gimnasioolimpic.es/
Maps: https://maps.google.com/?cid=6749999735907456890&g_mp=Cidnb29nbGUubWFwcy5wbGFjZXMudjEuUGxhY2VzLlNlYXJjaFRleHQQAhgEIAA"
cmpd0psn702pnq1sex56ifdlv,La Galerna Traning Club Gijón,,617 93 80 50,La Galerna Traning Club Gijón,,España,google-maps,atleevobox,NUEVO,MEDIA,,,2026-05-19T19:20:32.323Z,2026-05-19T19:20:32.323Z,http://boxlagalerna.com/,"Av. del Transporte, 11, nave 7, Gijon-Oeste, 33211 Gijón, Asturias",Gijón,5,175,https://maps.google.com/?cid=4123989138810392219&g_mp=Cidnb29nbGUubWFwcy5wbGFjZXMudjEuUGxhY2VzLlNlYXJjaFRleHQQAhgEIAA,gym,OPERATIONAL,"Importado desde Google Maps
Tipo: Gimnasio
Dirección: Av. del Transporte, 11, nave 7, Gijon-Oeste, 33211 Gijón, Asturias
Google: 5⭐ (175 reseñas)
Web: http://boxlagalerna.com/
Maps: https://maps.google.com/?cid=4123989138810392219&g_mp=Cidnb29nbGUubWFwcy5wbGFjZXMudjEuUGxhY2VzLlNlYXJjaFRleHQQAhgEIAA"
cmpd0pswl02poq1sejfvw5koe,Asturiding,,984 06 67 07,Asturiding,,España,google-maps,atleevobox,NUEVO,MEDIA,,,2026-05-19T19:20:32.661Z,2026-05-19T19:20:32.661Z,http://www.asturiding.com/,"Av. de José Manuel Palacio Álvarez, 92, Gijon-Oeste, 33213 Gijón, Asturias",Gijón,4.9,75,https://maps.google.com/?cid=7502358031694242152&g_mp=Cidnb29nbGUubWFwcy5wbGFjZXMudjEuUGxhY2VzLlNlYXJjaFRleHQQAhgEIAA,fitness_center,OPERATIONAL,"Importado desde Google Maps
Tipo: Centro deportivo
Dirección: Av. de José Manuel Palacio Álvarez, 92, Gijon-Oeste, 33213 Gijón, Asturias
Google: 4.9⭐ (75 reseñas)
Web: http://www.asturiding.com/
Maps: https://maps.google.com/?cid=7502358031694242152&g_mp=Cidnb29nbGUubWFwcy5wbGFjZXMudjEuUGxhY2VzLlNlYXJjaFRleHQQAhgEIAA"
cmpd0pt5x02ppq1sen5e3uzpb,Centro Deportivo Gijón,,,Centro Deportivo Gijón,,España,google-maps,atleevobox,NUEVO,MEDIA,,,2026-05-19T19:20:32.998Z,2026-05-19T19:20:32.998Z,,"C. Tirso de Molina, 6, Gijon-Este, 33204 Gijón, Asturias",Gijón,4.5,8,https://maps.google.com/?cid=17028404950523652039&g_mp=Cidnb29nbGUubWFwcy5wbGFjZXMudjEuUGxhY2VzLlNlYXJjaFRleHQQAhgEIAA,gym,OPERATIONAL,"Importado desde Google Maps
Tipo: Gimnasio
Dirección: C. Tirso de Molina, 6, Gijon-Este, 33204 Gijón, Asturias
Google: 4.5⭐ (8 reseñas)
Maps: https://maps.google.com/?cid=17028404950523652039&g_mp=Cidnb29nbGUubWFwcy5wbGFjZXMudjEuUGxhY2VzLlNlYXJjaFRleHQQAhgEIAA"
cmpd0ptfb02pqq1sek6z5anto,Dreamfit Gimnasio Gijón,,,Dreamfit Gimnasio Gijón,,España,google-maps,atleevobox,NUEVO,MEDIA,,,2026-05-19T19:20:33.335Z,2026-05-19T19:20:33.335Z,https://www.dreamfit.es/centros/gijon,"C. Calderón de la Barca, s/n, Gijon-Este, 33204 Gijón, Asturias",Gijón,4.5,620,https://maps.google.com/?cid=17617828397407275785&g_mp=Cidnb29nbGUubWFwcy5wbGFjZXMudjEuUGxhY2VzLlNlYXJjaFRleHQQAhgEIAA,gym,OPERATIONAL,"Importado desde Google Maps
Tipo: Gimnasio
Dirección: C. Calderón de la Barca, s/n, Gijon-Este, 33204 Gijón, Asturias
Google: 4.5⭐ (620 reseñas)
Web: https://www.dreamfit.es/centros/gijon
Maps: https://maps.google.com/?cid=17617828397407275785&g_mp=Cidnb29nbGUubWFwcy5wbGFjZXMudjEuUGxhY2VzLlNlYXJjaFRleHQQAhgEIAA"
cmpd0ptpu02prq1se8fwp75rg,Charly Gym & Fitness,,985 36 60 40,Charly Gym & Fitness,,España,google-maps,atleevobox,NUEVO,MEDIA,,,2026-05-19T19:20:33.715Z,2026-05-19T19:20:33.715Z,https://sondiasdelluvia.blogspot.com/,"C. Marqués de Casa Valdés, 83, Bajo, Gijon-Este, 33202 Gijón, Asturias",Gijón,4.7,132,https://maps.google.com/?cid=5908095844798804660&g_mp=Cidnb29nbGUubWFwcy5wbGFjZXMudjEuUGxhY2VzLlNlYXJjaFRleHQQAhgEIAA,gym,OPERATIONAL,"Importado desde Google Maps
Tipo: Gimnasio
Dirección: C. Marqués de Casa Valdés, 83, Bajo, Gijon-Este, 33202 Gijón, Asturias
Google: 4.7⭐ (132 reseñas)
Web: https://sondiasdelluvia.blogspot.com/
Maps: https://maps.google.com/?cid=5908095844798804660&g_mp=Cidnb29nbGUubWFwcy5wbGFjZXMudjEuUGxhY2VzLlNlYXJjaFRleHQQAhgEIAA"
cmpd0ptz802psq1sehz1osjas,Gimnasio VivaGym La Calzada,,,Gimnasio VivaGym La Calzada,,España,google-maps,atleevobox,NUEVO,MEDIA,,,2026-05-19T19:20:34.052Z,2026-05-19T19:20:34.052Z,https://www.vivagym.com/es-es/gimnasios/oviedo/gijon/la-calzada/?utm_campaign=250922_es_gmb_conversion_generic_la-calzada&utm_medium=organic&utm_source=gmb,"C. Maestro Amado Moran, Gijon-Oeste, 33213 Gijón, Asturias",Gijón,4.1,274,https://maps.google.com/?cid=20453310363317917&g_mp=Cidnb29nbGUubWFwcy5wbGFjZXMudjEuUGxhY2VzLlNlYXJjaFRleHQQAhgEIAA,gym,OPERATIONAL,"Importado desde Google Maps
Tipo: Gimnasio
Dirección: C. Maestro Amado Moran, Gijon-Oeste, 33213 Gijón, Asturias
Google: 4.1⭐ (274 reseñas)
Web: https://www.vivagym.com/es-es/gimnasios/oviedo/gijon/la-calzada/?utm_campaign=250922_es_gmb_conversion_generic_la-calzada&utm_medium=organic&utm_source=gmb
Maps: https://maps.google.com/?cid=20453310363317917&g_mp=Cidnb29nbGUubWFwcy5wbGFjZXMudjEuUGxhY2VzLlNlYXJjaFRleHQQAhgEIAA"
cmpd0pu8p02ptq1se5rysli2e,UNODOSBOXING,,984 20 97 63,UNODOSBOXING,,España,google-maps,atleevobox,NUEVO,MEDIA,,,2026-05-19T19:20:34.394Z,2026-05-19T19:20:34.394Z,,"C. Río de Oro, 34, Bajo, Centro, 33209 Gijón, Asturias",Gijón,,,https://maps.google.com/?cid=4830943401028644128&g_mp=Cidnb29nbGUubWFwcy5wbGFjZXMudjEuUGxhY2VzLlNlYXJjaFRleHQQAhgEIAA,gym,OPERATIONAL,"Importado desde Google Maps
Tipo: Gimnasio
Dirección: C. Río de Oro, 34, Bajo, Centro, 33209 Gijón, Asturias
Maps: https://maps.google.com/?cid=4830943401028644128&g_mp=Cidnb29nbGUubWFwcy5wbGFjZXMudjEuUGxhY2VzLlNlYXJjaFRleHQQAhgEIAA"
cmpd0pwau02puq1se47n64g4z,Cboxing Club,,667 82 88 51,Cboxing Club,,España,google-maps,atleevobox,NUEVO,MEDIA,,,2026-05-19T19:20:37.062Z,2026-05-19T19:20:37.062Z,https://www.cboxingclub.com/,"El castro, C. de la Luz, 2, 33420 Lugones, Asturias",Gijón,5,172,https://maps.google.com/?cid=7331531179806486782&g_mp=Cidnb29nbGUubWFwcy5wbGFjZXMudjEuUGxhY2VzLlNlYXJjaFRleHQQAhgEIAA,gym,OPERATIONAL,"Importado desde Google Maps
Tipo: Gimnasio
Dirección: El castro, C. de la Luz, 2, 33420 Lugones, Asturias
Google: 5⭐ (172 reseñas)
Web: https://www.cboxingclub.com/
Maps: https://maps.google.com/?cid=7331531179806486782&g_mp=Cidnb29nbGUubWFwcy5wbGFjZXMudjEuUGxhY2VzLlNlYXJjaFRleHQQAhgEIAA"
cmpd0pyew02pvq1semeltm6vw,Centro Deportivo Aitor Nieto,,615 74 04 27,Centro Deportivo Aitor Nieto,,España,google-maps,atleevobox,NUEVO,MEDIA,,,2026-05-19T19:20:39.800Z,2026-05-19T19:20:39.800Z,https://www.centrodeportivoaitornieto.com/,"Poligono Aguila del Nora, Parcela 3, NAVE 9, 33010 Colloto, Asturias",Gijón,4.8,41,https://maps.google.com/?cid=14745311442733814931&g_mp=Cidnb29nbGUubWFwcy5wbGFjZXMudjEuUGxhY2VzLlNlYXJjaFRleHQQAhgEIAA,gym,OPERATIONAL,"Importado desde Google Maps
Tipo: Gimnasio
Dirección: Poligono Aguila del Nora, Parcela 3, NAVE 9, 33010 Colloto, Asturias
Google: 4.8⭐ (41 reseñas)
Web: https://www.centrodeportivoaitornieto.com/
Maps: https://maps.google.com/?cid=14745311442733814931&g_mp=Cidnb29nbGUubWFwcy5wbGFjZXMudjEuUGxhY2VzLlNlYXJjaFRleHQQAhgEIAA"
cmpd0q1r402pwq1sekq3echhc,Club Tao,,619 42 38 95,Club Tao,,España,google-maps,atleevobox,NUEVO,MEDIA,,,2026-05-19T19:20:44.129Z,2026-05-19T19:20:44.129Z,,"C. Echegaray, 16, Centro, 33208 Gijón, Asturias",Gijón,5,2,https://maps.google.com/?cid=8867072085353525054&g_mp=Cidnb29nbGUubWFwcy5wbGFjZXMudjEuUGxhY2VzLlNlYXJjaFRleHQQAhgEIAA,fitness_center,OPERATIONAL,"Importado desde Google Maps
Tipo: Centro deportivo
Dirección: C. Echegaray, 16, Centro, 33208 Gijón, Asturias
Google: 5⭐ (2 reseñas)
Maps: https://maps.google.com/?cid=8867072085353525054&g_mp=Cidnb29nbGUubWFwcy5wbGFjZXMudjEuUGxhY2VzLlNlYXJjaFRleHQQAhgEIAA"
cmpd0q32502pxq1sef2guqawr,Fightland,,981 10 54 82,Fightland,,España,google-maps,atleevobox,NUEVO,MEDIA,,,2026-05-19T19:20:45.822Z,2026-05-19T19:20:45.822Z,http://www.fightland.es/,"Rúa Ramón y Cajal, 7, 15006 A Coruña",A Coruña,4.9,184,https://maps.google.com/?cid=4891296962026162230&g_mp=Cidnb29nbGUubWFwcy5wbGFjZXMudjEuUGxhY2VzLlNlYXJjaFRleHQQAhgEIAA,sports_club,OPERATIONAL,"Importado desde Google Maps
Tipo: Club deportivo
Dirección: Rúa Ramón y Cajal, 7, 15006 A Coruña
Google: 4.9⭐ (184 reseñas)
Web: http://www.fightland.es/
Maps: https://maps.google.com/?cid=4891296962026162230&g_mp=Cidnb29nbGUubWFwcy5wbGFjZXMudjEuUGxhY2VzLlNlYXJjaFRleHQQAhgEIAA"
cmpd0q3bl02pyq1serjbeqsdp,Fight Factory,,981 28 17 34,Fight Factory,,España,google-maps,atleevobox,NUEVO,MEDIA,,,2026-05-19T19:20:46.162Z,2026-05-19T19:20:46.162Z,https://www.fightfactorygym.es/,"Av. Arteixo, 31, 15008 La Coruña",A Coruña,4.9,143,https://maps.google.com/?cid=867112070389594515&g_mp=Cidnb29nbGUubWFwcy5wbGFjZXMudjEuUGxhY2VzLlNlYXJjaFRleHQQAhgEIAA,gym,OPERATIONAL,"Importado desde Google Maps
Tipo: Gimnasio
Dirección: Av. Arteixo, 31, 15008 La Coruña
Google: 4.9⭐ (143 reseñas)
Web: https://www.fightfactorygym.es/
Maps: https://maps.google.com/?cid=867112070389594515&g_mp=Cidnb29nbGUubWFwcy5wbGFjZXMudjEuUGxhY2VzLlNlYXJjaFRleHQQAhgEIAA"
cmpd0q3kx02pzq1selouej475,Escuela de Boxeo Azteca Box (A Coruña),,615 78 26 56,Escuela de Boxeo Azteca Box (A Coruña),,España,google-maps,atleevobox,NUEVO,MEDIA,,,2026-05-19T19:20:46.497Z,2026-05-19T19:20:46.497Z,http://www.azteca-box.com/,"Rúa Rodrigo Alfredo de Santiago, 60, 15010 A Coruña",A Coruña,4.9,191,https://maps.google.com/?cid=1303199667351101433&g_mp=Cidnb29nbGUubWFwcy5wbGFjZXMudjEuUGxhY2VzLlNlYXJjaFRleHQQAhgEIAA,sports_coaching,OPERATIONAL,"Importado desde Google Maps
Tipo: Sports coaching
Dirección: Rúa Rodrigo Alfredo de Santiago, 60, 15010 A Coruña
Google: 4.9⭐ (191 reseñas)
Web: http://www.azteca-box.com/
Maps: https://maps.google.com/?cid=1303199667351101433&g_mp=Cidnb29nbGUubWFwcy5wbGFjZXMudjEuUGxhY2VzLlNlYXJjaFRleHQQAhgEIAA"
cmpd0q3ui02q0q1se7p9yihc5,Brooklyn Fitboxing A coruña,,661 57 96 33,Brooklyn Fitboxing A coruña,,España,google-maps,atleevobox,NUEVO,MEDIA,,,2026-05-19T19:20:46.843Z,2026-05-19T19:20:46.843Z,https://www.brooklynfitboxing.com/public/es/es-es/club/A-CORUNA-CENTRO,"Avenida Finisterre, 265E, 15010 A Coruña",A Coruña,4.8,229,https://maps.google.com/?cid=14489306528056068727&g_mp=Cidnb29nbGUubWFwcy5wbGFjZXMudjEuUGxhY2VzLlNlYXJjaFRleHQQAhgEIAA,gym,OPERATIONAL,"Importado desde Google Maps
Tipo: Gimnasio
Dirección: Avenida Finisterre, 265E, 15010 A Coruña
Google: 4.8⭐ (229 reseñas)
Web: https://www.brooklynfitboxing.com/public/es/es-es/club/A-CORUNA-CENTRO
Maps: https://maps.google.com/?cid=14489306528056068727&g_mp=Cidnb29nbGUubWFwcy5wbGFjZXMudjEuUGxhY2VzLlNlYXJjaFRleHQQAhgEIAA"
cmpd0q43s02q1q1sevshsj4z7,Brooklyn Fitboxing A coruña centro,,661 57 96 33,Brooklyn Fitboxing A coruña centro,,España,google-maps,atleevobox,NUEVO,MEDIA,,,2026-05-19T19:20:47.176Z,2026-05-19T19:20:47.176Z,https://www.brooklynfitboxing.com/public/es/es-es/club/A-CORUNA-CENTRO,"Rúa Payo Gómez, 11, 15004 A Coruña",A Coruña,4.9,169,https://maps.google.com/?cid=7900594520329464166&g_mp=Cidnb29nbGUubWFwcy5wbGFjZXMudjEuUGxhY2VzLlNlYXJjaFRleHQQAhgEIAA,gym,OPERATIONAL,"Importado desde Google Maps
Tipo: Gimnasio
Dirección: Rúa Payo Gómez, 11, 15004 A Coruña
Google: 4.9⭐ (169 reseñas)
Web: https://www.brooklynfitboxing.com/public/es/es-es/club/A-CORUNA-CENTRO
Maps: https://maps.google.com/?cid=7900594520329464166&g_mp=Cidnb29nbGUubWFwcy5wbGFjZXMudjEuUGxhY2VzLlNlYXJjaFRleHQQAhgEIAA"
cmpd0q4dg02q2q1sell3kqr0t,Guantes de Oro Boxing Club,,678 33 01 13,Guantes de Oro Boxing Club,,España,google-maps,atleevobox,NUEVO,MEDIA,,,2026-05-19T19:20:47.524Z,2026-05-19T19:20:47.524Z,,"Rúa Barcelona, 91, 15010 A Coruña",A Coruña,5,5,https://maps.google.com/?cid=18245462946031174592&g_mp=Cidnb29nbGUubWFwcy5wbGFjZXMudjEuUGxhY2VzLlNlYXJjaFRleHQQAhgEIAA,gym,OPERATIONAL,"Importado desde Google Maps
Tipo: Gimnasio
Dirección: Rúa Barcelona, 91, 15010 A Coruña
Google: 5⭐ (5 reseñas)
Maps: https://maps.google.com/?cid=18245462946031174592&g_mp=Cidnb29nbGUubWFwcy5wbGFjZXMudjEuUGxhY2VzLlNlYXJjaFRleHQQAhgEIAA"
cmpd0q4mn02q3q1sejg2uekek,Graiño Team Galicia,,626 44 25 98,Graiño Team Galicia,,España,google-maps,atleevobox,NUEVO,MEDIA,,,2026-05-19T19:20:47.855Z,2026-05-19T19:20:47.855Z,https://www.wengchun.es/graino-team-galicia-grappling/mma,"Rúa do Pintor Luis Mosquera, 15008 A Coruña",A Coruña,5,111,https://maps.google.com/?cid=9180507330170112379&g_mp=Cidnb29nbGUubWFwcy5wbGFjZXMudjEuUGxhY2VzLlNlYXJjaFRleHQQAhgEIAA,sports_club,OPERATIONAL,"Importado desde Google Maps
Tipo: Club deportivo
Dirección: Rúa do Pintor Luis Mosquera, 15008 A Coruña
Google: 5⭐ (111 reseñas)
Web: https://www.wengchun.es/graino-team-galicia-grappling/mma
Maps: https://maps.google.com/?cid=9180507330170112379&g_mp=Cidnb29nbGUubWFwcy5wbGFjZXMudjEuUGxhY2VzLlNlYXJjaFRleHQQAhgEIAA"
cmpd0q4wh02q4q1semrdxy3ie,Egeo Crossboxing,,611 12 86 07,Egeo Crossboxing,,España,google-maps,atleevobox,NUEVO,MEDIA,,,2026-05-19T19:20:48.210Z,2026-05-19T19:20:48.210Z,https://www.egeocrossboxing.com/,"Polígono Pocomaco Calle 1, 10, G-6, 15190 A Coruña",A Coruña,4.9,51,https://maps.google.com/?cid=1572881013099736518&g_mp=Cidnb29nbGUubWFwcy5wbGFjZXMudjEuUGxhY2VzLlNlYXJjaFRleHQQAhgEIAA,gym,OPERATIONAL,"Importado desde Google Maps
Tipo: Gimnasio
Dirección: Polígono Pocomaco Calle 1, 10, G-6, 15190 A Coruña
Google: 4.9⭐ (51 reseñas)
Web: https://www.egeocrossboxing.com/
Maps: https://maps.google.com/?cid=1572881013099736518&g_mp=Cidnb29nbGUubWFwcy5wbGFjZXMudjEuUGxhY2VzLlNlYXJjaFRleHQQAhgEIAA"
cmpd0q55y02q5q1seliojcumb,Ludus Box,,687 39 66 14,Ludus Box,,España,google-maps,atleevobox,NUEVO,MEDIA,,,2026-05-19T19:20:48.550Z,2026-05-19T19:20:48.550Z,http://www.facebook.com/Ludus-Box-394240874278581/,"Rúa das Petunias, 15008 A Coruña",A Coruña,5,1,https://maps.google.com/?cid=1690647094656172289&g_mp=Cidnb29nbGUubWFwcy5wbGFjZXMudjEuUGxhY2VzLlNlYXJjaFRleHQQAhgEIAA,sports_club,OPERATIONAL,"Importado desde Google Maps
Tipo: Club deportivo
Dirección: Rúa das Petunias, 15008 A Coruña
Google: 5⭐ (1 reseñas)
Web: http://www.facebook.com/Ludus-Box-394240874278581/
Maps: https://maps.google.com/?cid=1690647094656172289&g_mp=Cidnb29nbGUubWFwcy5wbGFjZXMudjEuUGxhY2VzLlNlYXJjaFRleHQQAhgEIAA"
cmpd0q5f502q6q1sevvfwuf2m,Gimnasio entrenamiento personal en Coruña - THE BOSS,,604 07 83 61,Gimnasio entrenamiento personal en Coruña - THE BOSS,,España,google-maps,atleevobox,NUEVO,MEDIA,,,2026-05-19T19:20:48.881Z,2026-05-19T19:20:48.881Z,https://www.centrodeportivotheboss.com/,"Av. Conchiñas, 17, BAJO-DCHA, 15010 Corcubión, A Coruña",A Coruña,4.9,45,https://maps.google.com/?cid=2878433435614142606&g_mp=Cidnb29nbGUubWFwcy5wbGFjZXMudjEuUGxhY2VzLlNlYXJjaFRleHQQAhgEIAA,gym,OPERATIONAL,"Importado desde Google Maps
Tipo: Gimnasio
Dirección: Av. Conchiñas, 17, BAJO-DCHA, 15010 Corcubión, A Coruña
Google: 4.9⭐ (45 reseñas)
Web: https://www.centrodeportivotheboss.com/
Maps: https://maps.google.com/?cid=2878433435614142606&g_mp=Cidnb29nbGUubWFwcy5wbGFjZXMudjEuUGxhY2VzLlNlYXJjaFRleHQQAhgEIAA"
cmpd0q5oi02q7q1se5oyn87l3,Escuela de Artes Marciales Garrapucho,,981 27 65 71,Escuela de Artes Marciales Garrapucho,,España,google-maps,atleevobox,NUEVO,MEDIA,,,2026-05-19T19:20:49.219Z,2026-05-19T19:20:49.219Z,http://www.garrapucho.es/,"P.º de Rda., 56, BAJO, 15011 La Coruña",A Coruña,4.8,114,https://maps.google.com/?cid=11439477229699483498&g_mp=Cidnb29nbGUubWFwcy5wbGFjZXMudjEuUGxhY2VzLlNlYXJjaFRleHQQAhgEIAA,gym,OPERATIONAL,"Importado desde Google Maps
Tipo: Gimnasio
Dirección: P.º de Rda., 56, BAJO, 15011 La Coruña
Google: 4.8⭐ (114 reseñas)
Web: http://www.garrapucho.es/
Maps: https://maps.google.com/?cid=11439477229699483498&g_mp=Cidnb29nbGUubWFwcy5wbGFjZXMudjEuUGxhY2VzLlNlYXJjaFRleHQQAhgEIAA"
cmpd0q5y902q8q1sezb2wplfw,La Fragua Kickboxing,,676 04 80 16,La Fragua Kickboxing,,España,google-maps,atleevobox,NUEVO,MEDIA,,,2026-05-19T19:20:49.569Z,2026-05-19T19:20:49.569Z,https://deportefree.com/kickboxing-a-coruna/,"World Dance Center, Rúa Gutemberg, 44, 15008 A Coruña",A Coruña,5,8,https://maps.google.com/?cid=1699880037174940233&g_mp=Cidnb29nbGUubWFwcy5wbGFjZXMudjEuUGxhY2VzLlNlYXJjaFRleHQQAhgEIAA,sports_club,OPERATIONAL,"Importado desde Google Maps
Tipo: Club deportivo
Dirección: World Dance Center, Rúa Gutemberg, 44, 15008 A Coruña
Google: 5⭐ (8 reseñas)
Web: https://deportefree.com/kickboxing-a-coruna/
Maps: https://maps.google.com/?cid=1699880037174940233&g_mp=Cidnb29nbGUubWFwcy5wbGFjZXMudjEuUGxhY2VzLlNlYXJjaFRleHQQAhgEIAA"
cmpd0q6aq02q9q1sesewe3yg8,Brigantium Box,,698 14 60 80,Brigantium Box,,España,google-maps,atleevobox,NUEVO,MEDIA,,,2026-05-19T19:20:50.019Z,2026-05-19T19:20:50.019Z,http://www.brigantiumbox.com/,"R. la Ermita, 30, 15008 A Coruña",A Coruña,5,57,https://maps.google.com/?cid=8181232462087448387&g_mp=Cidnb29nbGUubWFwcy5wbGFjZXMudjEuUGxhY2VzLlNlYXJjaFRleHQQAhgEIAA,gym,OPERATIONAL,"Importado desde Google Maps
Tipo: Gimnasio
Dirección: R. la Ermita, 30, 15008 A Coruña
Google: 5⭐ (57 reseñas)
Web: http://www.brigantiumbox.com/
Maps: https://maps.google.com/?cid=8181232462087448387&g_mp=Cidnb29nbGUubWFwcy5wbGFjZXMudjEuUGxhY2VzLlNlYXJjaFRleHQQAhgEIAA"
cmpd0q6k302qaq1se4a1n1pbq,Carpe Diem Association,,631 36 41 59,Carpe Diem Association,,España,google-maps,atleevobox,NUEVO,MEDIA,,,2026-05-19T19:20:50.355Z,2026-05-19T19:20:50.355Z,,"Rúa San Rosendo, 10, 15007 A Coruña",A Coruña,5,3,https://maps.google.com/?cid=12809020944115319583&g_mp=Cidnb29nbGUubWFwcy5wbGFjZXMudjEuUGxhY2VzLlNlYXJjaFRleHQQAhgEIAA,gym,OPERATIONAL,"Importado desde Google Maps
Tipo: Gimnasio
Dirección: Rúa San Rosendo, 10, 15007 A Coruña
Google: 5⭐ (3 reseñas)
Maps: https://maps.google.com/?cid=12809020944115319583&g_mp=Cidnb29nbGUubWFwcy5wbGFjZXMudjEuUGxhY2VzLlNlYXJjaFRleHQQAhgEIAA"
cmpd0q6tc02qbq1seo0pn11y5,El Dojo - Escuela de artes marciales de A Coruña,,660 73 31 03,El Dojo - Escuela de artes marciales de A Coruña,,España,google-maps,atleevobox,NUEVO,MEDIA,,,2026-05-19T19:20:50.689Z,2026-05-19T19:20:50.689Z,http://www.eldojo.es/?utm_source=google&utm_medium=wix_google_business_profile&utm_campaign=5183410670254991352,"Rúa Río de Monelos, 36, 15006 A Coruña",A Coruña,5,52,https://maps.google.com/?cid=12081349043799539328&g_mp=Cidnb29nbGUubWFwcy5wbGFjZXMudjEuUGxhY2VzLlNlYXJjaFRleHQQAhgEIAA,sports_school,OPERATIONAL,"Importado desde Google Maps
Tipo: Escuela deportiva
Dirección: Rúa Río de Monelos, 36, 15006 A Coruña
Google: 5⭐ (52 reseñas)
Web: http://www.eldojo.es/?utm_source=google&utm_medium=wix_google_business_profile&utm_campaign=5183410670254991352
Maps: https://maps.google.com/?cid=12081349043799539328&g_mp=Cidnb29nbGUubWFwcy5wbGFjZXMudjEuUGxhY2VzLlNlYXJjaFRleHQQAhgEIAA"
cmpd0q73k02qcq1sedzhfgs44,Club Cho,,610 80 30 49,Club Cho,,España,google-maps,atleevobox,NUEVO,MEDIA,,,2026-05-19T19:20:51.056Z,2026-05-19T19:20:51.056Z,,"Rúa Francisco Tettamancy, 25, 15007 A Coruña",A Coruña,5,9,https://maps.google.com/?cid=9511393717194918326&g_mp=Cidnb29nbGUubWFwcy5wbGFjZXMudjEuUGxhY2VzLlNlYXJjaFRleHQQAhgEIAA,sports_school,OPERATIONAL,"Importado desde Google Maps
Tipo: Escuela deportiva
Dirección: Rúa Francisco Tettamancy, 25, 15007 A Coruña
Google: 5⭐ (9 reseñas)
Maps: https://maps.google.com/?cid=9511393717194918326&g_mp=Cidnb29nbGUubWFwcy5wbGFjZXMudjEuUGxhY2VzLlNlYXJjaFRleHQQAhgEIAA"
cmpd0q7cs02qdq1se8cwyzv17,Club Hercules,,646 02 14 81,Club Hercules,,España,google-maps,atleevobox,NUEVO,MEDIA,,,2026-05-19T19:20:51.389Z,2026-05-19T19:20:51.389Z,,"Rúa Camariñas, 9, 15002 A Coruña",A Coruña,4.7,56,https://maps.google.com/?cid=3315740241197979889&g_mp=Cidnb29nbGUubWFwcy5wbGFjZXMudjEuUGxhY2VzLlNlYXJjaFRleHQQAhgEIAA,sports_school,OPERATIONAL,"Importado desde Google Maps
Tipo: Escuela deportiva
Dirección: Rúa Camariñas, 9, 15002 A Coruña
Google: 4.7⭐ (56 reseñas)
Maps: https://maps.google.com/?cid=3315740241197979889&g_mp=Cidnb29nbGUubWFwcy5wbGFjZXMudjEuUGxhY2VzLlNlYXJjaFRleHQQAhgEIAA"
cmpd0q7mb02qeq1se9cw6ue6b,bz55 Cuatro Caminos,,635 34 43 44,bz55 Cuatro Caminos,,España,google-maps,atleevobox,NUEVO,MEDIA,,,2026-05-19T19:20:51.732Z,2026-05-19T19:20:51.732Z,https://bz-55.com/studios/coruna-cuatrocaminos/,"Rua Concepción Arenal, 1-3, bloque 2 - 1 Derecha, 15006 A Coruña",A Coruña,4.9,70,https://maps.google.com/?cid=10325116766810501357&g_mp=Cidnb29nbGUubWFwcy5wbGFjZXMudjEuUGxhY2VzLlNlYXJjaFRleHQQAhgEIAA,gym,OPERATIONAL,"Importado desde Google Maps
Tipo: Gimnasio
Dirección: Rua Concepción Arenal, 1-3, bloque 2 - 1 Derecha, 15006 A Coruña
Google: 4.9⭐ (70 reseñas)
Web: https://bz-55.com/studios/coruna-cuatrocaminos/
Maps: https://maps.google.com/?cid=10325116766810501357&g_mp=Cidnb29nbGUubWFwcy5wbGFjZXMudjEuUGxhY2VzLlNlYXJjaFRleHQQAhgEIAA"
cmpd0q7vp02qfq1se45oxxjcl,Gimnasio Fibra (A Coruña),,981 24 83 26,Gimnasio Fibra (A Coruña),,España,google-maps,atleevobox,NUEVO,MEDIA,,,2026-05-19T19:20:52.070Z,2026-05-19T19:20:52.070Z,http://www.clubximnasiofibra.es/,"Rúa do Pintor Luis Mosquera, 4, 15008 A Coruña",A Coruña,4.9,70,https://maps.google.com/?cid=6371696105620718307&g_mp=Cidnb29nbGUubWFwcy5wbGFjZXMudjEuUGxhY2VzLlNlYXJjaFRleHQQAhgEIAA,gym,OPERATIONAL,"Importado desde Google Maps
Tipo: Gimnasio
Dirección: Rúa do Pintor Luis Mosquera, 4, 15008 A Coruña
Google: 4.9⭐ (70 reseñas)
Web: http://www.clubximnasiofibra.es/
Maps: https://maps.google.com/?cid=6371696105620718307&g_mp=Cidnb29nbGUubWFwcy5wbGFjZXMudjEuUGxhY2VzLlNlYXJjaFRleHQQAhgEIAA"
cmpd0q85102qgq1se42it1l7g,IAGO BARROS FIGHT CLUB,,981 29 41 77,IAGO BARROS FIGHT CLUB,,España,google-maps,atleevobox,NUEVO,MEDIA,,,2026-05-19T19:20:52.406Z,2026-05-19T19:20:52.406Z,,"C. Nueva Tr.ª Buenavista, 3, 15006 La Coruña",A Coruña,4.6,10,https://maps.google.com/?cid=15412126135574597892&g_mp=Cidnb29nbGUubWFwcy5wbGFjZXMudjEuUGxhY2VzLlNlYXJjaFRleHQQAhgEIAA,sports_club,OPERATIONAL,"Importado desde Google Maps
Tipo: Club deportivo
Dirección: C. Nueva Tr.ª Buenavista, 3, 15006 La Coruña
Google: 4.6⭐ (10 reseñas)
Maps: https://maps.google.com/?cid=15412126135574597892&g_mp=Cidnb29nbGUubWFwcy5wbGFjZXMudjEuUGxhY2VzLlNlYXJjaFRleHQQAhgEIAA"
cmpd0q8eg02qhq1se7txmzbz9,bz55 Orzán,,604 03 26 94,bz55 Orzán,,España,google-maps,atleevobox,NUEVO,MEDIA,,,2026-05-19T19:20:52.745Z,2026-05-19T19:20:52.745Z,https://bz-55.com/studios/coruna-orzan/,"R. Cordelería, 78, 15003 La Coruña",A Coruña,4.8,99,https://maps.google.com/?cid=18207702197714441167&g_mp=Cidnb29nbGUubWFwcy5wbGFjZXMudjEuUGxhY2VzLlNlYXJjaFRleHQQAhgEIAA,gym,OPERATIONAL,"Importado desde Google Maps
Tipo: Gimnasio
Dirección: R. Cordelería, 78, 15003 La Coruña
Google: 4.8⭐ (99 reseñas)
Web: https://bz-55.com/studios/coruna-orzan/
Maps: https://maps.google.com/?cid=18207702197714441167&g_mp=Cidnb29nbGUubWFwcy5wbGFjZXMudjEuUGxhY2VzLlNlYXJjaFRleHQQAhgEIAA"
cmpd0q8nt02qiq1senktr1y98,Equilatero Boutique Gym,,881 30 59 71,Equilatero Boutique Gym,,España,google-maps,atleevobox,NUEVO,MEDIA,,,2026-05-19T19:20:53.082Z,2026-05-19T19:20:53.082Z,https://equilaterocentrodeportivo.es/,"Rúa Médico Rodríguez, 15, 15004 A Coruña",A Coruña,5,67,https://maps.google.com/?cid=923154087249445579&g_mp=Cidnb29nbGUubWFwcy5wbGFjZXMudjEuUGxhY2VzLlNlYXJjaFRleHQQAhgEIAA,fitness_center,OPERATIONAL,"Importado desde Google Maps
Tipo: Centro deportivo
Dirección: Rúa Médico Rodríguez, 15, 15004 A Coruña
Google: 5⭐ (67 reseñas)
Web: https://equilaterocentrodeportivo.es/
Maps: https://maps.google.com/?cid=923154087249445579&g_mp=Cidnb29nbGUubWFwcy5wbGFjZXMudjEuUGxhY2VzLlNlYXJjaFRleHQQAhgEIAA"
cmpd0q8x602qjq1seanwy5h52,Paso a Paso- Fight & Dance,,669 08 02 00,Paso a Paso- Fight & Dance,,España,google-maps,atleevobox,NUEVO,MEDIA,,,2026-05-19T19:20:53.419Z,2026-05-19T19:20:53.419Z,https://e-distrito.org/comercio/paso-a-paso-fight-dance/,"Rúa Francisco Añón, 13, 15010 A Coruña",A Coruña,4.9,30,https://maps.google.com/?cid=14349477917055790961&g_mp=Cidnb29nbGUubWFwcy5wbGFjZXMudjEuUGxhY2VzLlNlYXJjaFRleHQQAhgEIAA,sports_school,OPERATIONAL,"Importado desde Google Maps
Tipo: Escuela deportiva
Dirección: Rúa Francisco Añón, 13, 15010 A Coruña
Google: 4.9⭐ (30 reseñas)
Web: https://e-distrito.org/comercio/paso-a-paso-fight-dance/
Maps: https://maps.google.com/?cid=14349477917055790961&g_mp=Cidnb29nbGUubWFwcy5wbGFjZXMudjEuUGxhY2VzLlNlYXJjaFRleHQQAhgEIAA"
cmpd0q96p02qkq1sezsu5hzc3,Coruña Fit,,672 18 42 29,Coruña Fit,,España,google-maps,atleevobox,NUEVO,MEDIA,,,2026-05-19T19:20:53.761Z,2026-05-19T19:20:53.761Z,,"R. Ángel Rebollo, 20, 15002 A Coruña",A Coruña,4.8,12,https://maps.google.com/?cid=52319579629065040&g_mp=Cidnb29nbGUubWFwcy5wbGFjZXMudjEuUGxhY2VzLlNlYXJjaFRleHQQAhgEIAA,gym,OPERATIONAL,"Importado desde Google Maps
Tipo: Gimnasio
Dirección: R. Ángel Rebollo, 20, 15002 A Coruña
Google: 4.8⭐ (12 reseñas)
Maps: https://maps.google.com/?cid=52319579629065040&g_mp=Cidnb29nbGUubWFwcy5wbGFjZXMudjEuUGxhY2VzLlNlYXJjaFRleHQQAhgEIAA"
cmpd0q9ga02qlq1ses9yokryn,981fighters,,,981fighters,,España,google-maps,atleevobox,NUEVO,MEDIA,,,2026-05-19T19:20:54.106Z,2026-05-19T19:20:54.106Z,https://981fighters.com/,"P.º Marítimo, 7, 15002 La Coruña",A Coruña,5,7,https://maps.google.com/?cid=1669168726858245988&g_mp=Cidnb29nbGUubWFwcy5wbGFjZXMudjEuUGxhY2VzLlNlYXJjaFRleHQQAhgEIAA,sports_coaching,OPERATIONAL,"Importado desde Google Maps
Tipo: Sports coaching
Dirección: P.º Marítimo, 7, 15002 La Coruña
Google: 5⭐ (7 reseñas)
Web: https://981fighters.com/
Maps: https://maps.google.com/?cid=1669168726858245988&g_mp=Cidnb29nbGUubWFwcy5wbGFjZXMudjEuUGxhY2VzLlNlYXJjaFRleHQQAhgEIAA"
cmpd0qbvc02qmq1sekoelfazz,Federación Gallega de Boxeo,,981 92 59 46,Federación Gallega de Boxeo,,España,google-maps,atleevobox,NUEVO,MEDIA,,,2026-05-19T19:20:57.240Z,2026-05-19T19:20:57.240Z,http://fgboxeo.org/,"Plaza Agustín Díaz Sánchez, 3, 15008 San Vicenzo de Elviña, A Coruña",A Coruña,5,2,https://maps.google.com/?cid=9659944387024262591&g_mp=Cidnb29nbGUubWFwcy5wbGFjZXMudjEuUGxhY2VzLlNlYXJjaFRleHQQAhgEIAA,sports_club,OPERATIONAL,"Importado desde Google Maps
Tipo: Club deportivo
Dirección: Plaza Agustín Díaz Sánchez, 3, 15008 San Vicenzo de Elviña, A Coruña
Google: 5⭐ (2 reseñas)
Web: http://fgboxeo.org/
Maps: https://maps.google.com/?cid=9659944387024262591&g_mp=Cidnb29nbGUubWFwcy5wbGFjZXMudjEuUGxhY2VzLlNlYXJjaFRleHQQAhgEIAA"
cmpd0qcno02qnq1seyue353xd,Boxing Club Cidade de Lugo,,660 06 38 38,Boxing Club Cidade de Lugo,,España,google-maps,atleevobox,NUEVO,MEDIA,,,2026-05-19T19:20:58.260Z,2026-05-19T19:20:58.260Z,http://boxingclublugo.com/,"Polideportivo O Palomar, 27004 Lugo",A Coruña,4.9,85,https://maps.google.com/?cid=17093691001064811573&g_mp=Cidnb29nbGUubWFwcy5wbGFjZXMudjEuUGxhY2VzLlNlYXJjaFRleHQQAhgEIAA,sports_coaching,OPERATIONAL,"Importado desde Google Maps
Tipo: Sports coaching
Dirección: Polideportivo O Palomar, 27004 Lugo
Google: 4.9⭐ (85 reseñas)
Web: http://boxingclublugo.com/
Maps: https://maps.google.com/?cid=17093691001064811573&g_mp=Cidnb29nbGUubWFwcy5wbGFjZXMudjEuUGxhY2VzLlNlYXJjaFRleHQQAhgEIAA"
cmpd0qe7102qoq1sey6hmyhgt,Bapu,,981 29 41 77,Bapu,,España,google-maps,atleevobox,NUEVO,MEDIA,,,2026-05-19T19:21:00.253Z,2026-05-19T19:21:00.253Z,https://www.facebook.com/Gimnasio-CLUB-BAPU-383230625437972/,"C. Nueva Tr.ª Buenavista, 3, 15006 La Coruña",A Coruña,4.6,18,https://maps.google.com/?cid=4279672534335185107&g_mp=Cidnb29nbGUubWFwcy5wbGFjZXMudjEuUGxhY2VzLlNlYXJjaFRleHQQAhgEIAA,sports_school,OPERATIONAL,"Importado desde Google Maps
Tipo: Escuela deportiva
Dirección: C. Nueva Tr.ª Buenavista, 3, 15006 La Coruña
Google: 4.6⭐ (18 reseñas)
Web: https://www.facebook.com/Gimnasio-CLUB-BAPU-383230625437972/
Maps: https://maps.google.com/?cid=4279672534335185107&g_mp=Cidnb29nbGUubWFwcy5wbGFjZXMudjEuUGxhY2VzLlNlYXJjaFRleHQQAhgEIAA"
cmpd0qepj02qpq1seb0k33ful,Gimnasio Sung Coruña,,634 93 39 48,Gimnasio Sung Coruña,,España,google-maps,atleevobox,NUEVO,MEDIA,,,2026-05-19T19:21:00.919Z,2026-05-19T19:21:00.919Z,https://67bc67c71b69a.site123.me/,"C. Simón Bolívar, 1, bajo, 15011 La Coruña",A Coruña,5,41,https://maps.google.com/?cid=205318249635775876&g_mp=Cidnb29nbGUubWFwcy5wbGFjZXMudjEuUGxhY2VzLlNlYXJjaFRleHQQAhgEIAA,gym,OPERATIONAL,"Importado desde Google Maps
Tipo: Gimnasio
Dirección: C. Simón Bolívar, 1, bajo, 15011 La Coruña
Google: 5⭐ (41 reseñas)
Web: https://67bc67c71b69a.site123.me/
Maps: https://maps.google.com/?cid=205318249635775876&g_mp=Cidnb29nbGUubWFwcy5wbGFjZXMudjEuUGxhY2VzLlNlYXJjaFRleHQQAhgEIAA"
cmpd0qf3b02qqq1semp558y3d,DBK Taekwondo,,692 19 43 73,DBK Taekwondo,,España,google-maps,atleevobox,NUEVO,MEDIA,,,2026-05-19T19:21:01.416Z,2026-05-19T19:21:01.416Z,https://m.facebook.com/DBKCombatStudio/,"Rúa Sebastián Martínez Risco, 1, 15009 A Coruña",A Coruña,4.7,76,https://maps.google.com/?cid=15478222844866050989&g_mp=Cidnb29nbGUubWFwcy5wbGFjZXMudjEuUGxhY2VzLlNlYXJjaFRleHQQAhgEIAA,sports_school,OPERATIONAL,"Importado desde Google Maps
Tipo: Escuela deportiva
Dirección: Rúa Sebastián Martínez Risco, 1, 15009 A Coruña
Google: 4.7⭐ (76 reseñas)
Web: https://m.facebook.com/DBKCombatStudio/
Maps: https://maps.google.com/?cid=15478222844866050989&g_mp=Cidnb29nbGUubWFwcy5wbGFjZXMudjEuUGxhY2VzLlNlYXJjaFRleHQQAhgEIAA"
cmpd0qh8d02qrq1se5tk9kkla,Escola Boxeo Xesus Ferreiro Cachorro,,648 91 22 33,Escola Boxeo Xesus Ferreiro Cachorro,,España,google-maps,atleevobox,NUEVO,MEDIA,,,2026-05-19T19:21:04.189Z,2026-05-19T19:21:04.189Z,http://www.escolaboxeoxesusferreirocachorro.com/,"Rúa Polígono, 30, 32, 15679 Cambre, A Coruña",A Coruña,4.9,49,https://maps.google.com/?cid=13066174088492119700&g_mp=Cidnb29nbGUubWFwcy5wbGFjZXMudjEuUGxhY2VzLlNlYXJjaFRleHQQAhgEIAA,sports_coaching,OPERATIONAL,"Importado desde Google Maps
Tipo: Sports coaching
Dirección: Rúa Polígono, 30, 32, 15679 Cambre, A Coruña
Google: 4.9⭐ (49 reseñas)
Web: http://www.escolaboxeoxesusferreirocachorro.com/
Maps: https://maps.google.com/?cid=13066174088492119700&g_mp=Cidnb29nbGUubWFwcy5wbGFjZXMudjEuUGxhY2VzLlNlYXJjaFRleHQQAhgEIAA"
cmpd0qkio02qsq1serkp12v0s,The Boxer Club Vitoria Los Herrán,,,The Boxer Club Vitoria Los Herrán,,España,google-maps,atleevobox,NUEVO,MEDIA,,,2026-05-19T19:21:08.448Z,2026-05-19T19:21:08.448Z,https://theboxerclub.es/clubs/boxer-club-vitoria-los-herran/,"C. de los Herrán, 34, 01004 Vitoria-Gasteiz, Álava",Vitoria-Gasteiz,4.6,14,https://maps.google.com/?cid=12274613617291672558&g_mp=Cidnb29nbGUubWFwcy5wbGFjZXMudjEuUGxhY2VzLlNlYXJjaFRleHQQAhgEIAA,sports_coaching,OPERATIONAL,"Importado desde Google Maps
Tipo: Sports coaching
Dirección: C. de los Herrán, 34, 01004 Vitoria-Gasteiz, Álava
Google: 4.6⭐ (14 reseñas)
Web: https://theboxerclub.es/clubs/boxer-club-vitoria-los-herran/
Maps: https://maps.google.com/?cid=12274613617291672558&g_mp=Cidnb29nbGUubWFwcy5wbGFjZXMudjEuUGxhY2VzLlNlYXJjaFRleHQQAhgEIAA"
cmpd0qlrp02qtq1seqnddzddw,Brooklyn Fitboxing Vitoria,,617 08 09 86,Brooklyn Fitboxing Vitoria,,España,google-maps,atleevobox,NUEVO,MEDIA,,,2026-05-19T19:21:10.069Z,2026-05-19T19:21:10.069Z,https://www.brooklynfitboxing.com/public/es/es-es/club/VITORIA,"Oñati Kalea, 3, 01013 Vitoria-Gasteiz, Araba",Vitoria-Gasteiz,5,98,https://maps.google.com/?cid=5225014099412395907&g_mp=Cidnb29nbGUubWFwcy5wbGFjZXMudjEuUGxhY2VzLlNlYXJjaFRleHQQAhgEIAA,gym,OPERATIONAL,"Importado desde Google Maps
Tipo: Gimnasio
Dirección: Oñati Kalea, 3, 01013 Vitoria-Gasteiz, Araba
Google: 5⭐ (98 reseñas)
Web: https://www.brooklynfitboxing.com/public/es/es-es/club/VITORIA
Maps: https://maps.google.com/?cid=5225014099412395907&g_mp=Cidnb29nbGUubWFwcy5wbGFjZXMudjEuUGxhY2VzLlNlYXJjaFRleHQQAhgEIAA"
cmpd0qm0z02quq1se2ze0itwb,Gimnasio Gasteiz Sport,,945 28 24 47,Gimnasio Gasteiz Sport,,España,google-maps,atleevobox,NUEVO,MEDIA,,,2026-05-19T19:21:10.404Z,2026-05-19T19:21:10.404Z,http://gasteizsport.com/,"Oñati Kalea, 3, 01013 Vitoria-Gasteiz, Araba",Vitoria-Gasteiz,4.7,171,https://maps.google.com/?cid=13047255142329917674&g_mp=Cidnb29nbGUubWFwcy5wbGFjZXMudjEuUGxhY2VzLlNlYXJjaFRleHQQAhgEIAA,gym,OPERATIONAL,"Importado desde Google Maps
Tipo: Gimnasio
Dirección: Oñati Kalea, 3, 01013 Vitoria-Gasteiz, Araba
Google: 4.7⭐ (171 reseñas)
Web: http://gasteizsport.com/
Maps: https://maps.google.com/?cid=13047255142329917674&g_mp=Cidnb29nbGUubWFwcy5wbGFjZXMudjEuUGxhY2VzLlNlYXJjaFRleHQQAhgEIAA"
cmpd0qmgr02qvq1se1og4nc7n,AFC Araba Fight Club,,664 33 27 15,AFC Araba Fight Club,,España,google-maps,atleevobox,NUEVO,MEDIA,,,2026-05-19T19:21:10.971Z,2026-05-19T19:21:10.971Z,,"Paduleta Kalea, 63, 01015 Vitoria-Gasteiz, Araba",Vitoria-Gasteiz,5,57,https://maps.google.com/?cid=1224053377680267651&g_mp=Cidnb29nbGUubWFwcy5wbGFjZXMudjEuUGxhY2VzLlNlYXJjaFRleHQQAhgEIAA,sports_club,OPERATIONAL,"Importado desde Google Maps
Tipo: Club deportivo
Dirección: Paduleta Kalea, 63, 01015 Vitoria-Gasteiz, Araba
Google: 5⭐ (57 reseñas)
Maps: https://maps.google.com/?cid=1224053377680267651&g_mp=Cidnb29nbGUubWFwcy5wbGFjZXMudjEuUGxhY2VzLlNlYXJjaFRleHQQAhgEIAA"
cmpd0qmql02qwq1seq2bshe72,Gimnasio Invictus Submission Jiu Jitsu,,673 11 79 06,Gimnasio Invictus Submission Jiu Jitsu,,España,google-maps,atleevobox,NUEVO,MEDIA,,,2026-05-19T19:21:11.325Z,2026-05-19T19:21:11.325Z,https://invictussubmission.wodbuster.com/,"Ozeano Barearen Kalea, 11, 01010 Vitoria-Gasteiz, Araba",Vitoria-Gasteiz,4.9,45,https://maps.google.com/?cid=6371969312006982527&g_mp=Cidnb29nbGUubWFwcy5wbGFjZXMudjEuUGxhY2VzLlNlYXJjaFRleHQQAhgEIAA,gym,OPERATIONAL,"Importado desde Google Maps
Tipo: Gimnasio
Dirección: Ozeano Barearen Kalea, 11, 01010 Vitoria-Gasteiz, Araba
Google: 4.9⭐ (45 reseñas)
Web: https://invictussubmission.wodbuster.com/
Maps: https://maps.google.com/?cid=6371969312006982527&g_mp=Cidnb29nbGUubWFwcy5wbGFjZXMudjEuUGxhY2VzLlNlYXJjaFRleHQQAhgEIAA"
cmpd0qn0002qxq1sej6liz0ve,BIKAIN Academy Trianas,,647 41 82 50,BIKAIN Academy Trianas,,España,google-maps,atleevobox,NUEVO,MEDIA,,,2026-05-19T19:21:11.664Z,2026-05-19T19:21:11.664Z,https://bikainacademy.com/,"Jose Maria Iparragirre Kalea, 14, 01006 Vitoria-Gasteiz, Araba",Vitoria-Gasteiz,5,78,https://maps.google.com/?cid=6830503027046421139&g_mp=Cidnb29nbGUubWFwcy5wbGFjZXMudjEuUGxhY2VzLlNlYXJjaFRleHQQAhgEIAA,gym,OPERATIONAL,"Importado desde Google Maps
Tipo: Gimnasio
Dirección: Jose Maria Iparragirre Kalea, 14, 01006 Vitoria-Gasteiz, Araba
Google: 5⭐ (78 reseñas)
Web: https://bikainacademy.com/
Maps: https://maps.google.com/?cid=6830503027046421139&g_mp=Cidnb29nbGUubWFwcy5wbGFjZXMudjEuUGxhY2VzLlNlYXJjaFRleHQQAhgEIAA"
cmpd0qn9h02qyq1seqy6649sw,Gaman Martial Arts y Striking Eskola,,674 60 07 02,Gaman Martial Arts y Striking Eskola,,España,google-maps,atleevobox,NUEVO,MEDIA,,,2026-05-19T19:21:12.006Z,2026-05-19T19:21:12.006Z,https://www.instagram.com/gamanmartialarts?igsh=YnNlZDZ1eWxidmp0,"Soraluze Kalea, 2, C. Soraluce, 12, 01013 Vitoria-Gasteiz, Álava",Vitoria-Gasteiz,4.8,56,https://maps.google.com/?cid=8744913611499517992&g_mp=Cidnb29nbGUubWFwcy5wbGFjZXMudjEuUGxhY2VzLlNlYXJjaFRleHQQAhgEIAA,sports_club,OPERATIONAL,"Importado desde Google Maps
Tipo: Club deportivo
Dirección: Soraluze Kalea, 2, C. Soraluce, 12, 01013 Vitoria-Gasteiz, Álava
Google: 4.8⭐ (56 reseñas)
Web: https://www.instagram.com/gamanmartialarts?igsh=YnNlZDZ1eWxidmp0
Maps: https://maps.google.com/?cid=8744913611499517992&g_mp=Cidnb29nbGUubWFwcy5wbGFjZXMudjEuUGxhY2VzLlNlYXJjaFRleHQQAhgEIAA"
cmpd0qniz02qzq1sey0tmsbtn,Rak Nuua Muay Thai Club,,611 44 24 15,Rak Nuua Muay Thai Club,,España,google-maps,atleevobox,NUEVO,MEDIA,,,2026-05-19T19:21:12.347Z,2026-05-19T19:21:12.347Z,http://raknuuathai.com/,"Nicaragua Kalea, 8, 01012 Vitoria-Gasteiz, Araba",Vitoria-Gasteiz,4.5,42,https://maps.google.com/?cid=3778842530164336338&g_mp=Cidnb29nbGUubWFwcy5wbGFjZXMudjEuUGxhY2VzLlNlYXJjaFRleHQQAhgEIAA,sports_coaching,OPERATIONAL,"Importado desde Google Maps
Tipo: Sports coaching
Dirección: Nicaragua Kalea, 8, 01012 Vitoria-Gasteiz, Araba
Google: 4.5⭐ (42 reseñas)
Web: http://raknuuathai.com/
Maps: https://maps.google.com/?cid=3778842530164336338&g_mp=Cidnb29nbGUubWFwcy5wbGFjZXMudjEuUGxhY2VzLlNlYXJjaFRleHQQAhgEIAA"
cmpd0qp9g02r0q1se6qs2n4u9,Underground Zurita Boxing/Boxeo Granada,,637 31 68 10,Underground Zurita Boxing/Boxeo Granada,,España,google-maps,atleevobox,NUEVO,MEDIA,,,2026-05-19T19:21:14.597Z,2026-05-19T19:21:14.597Z,http://www.boxeogranada.com/,"C/ Abderramán Local, 2, Ronda, 18006 Granada",Granada,4.9,94,https://maps.google.com/?cid=14884312363125060336&g_mp=Cidnb29nbGUubWFwcy5wbGFjZXMudjEuUGxhY2VzLlNlYXJjaFRleHQQAhgEIAA,sports_club,OPERATIONAL,"Importado desde Google Maps
Tipo: Club deportivo
Dirección: C/ Abderramán Local, 2, Ronda, 18006 Granada
Google: 4.9⭐ (94 reseñas)
Web: http://www.boxeogranada.com/
Maps: https://maps.google.com/?cid=14884312363125060336&g_mp=Cidnb29nbGUubWFwcy5wbGFjZXMudjEuUGxhY2VzLlNlYXJjaFRleHQQAhgEIAA"
cmpd0qpj002r1q1se9hnem6bv,Brooklyn Fitboxing Granada,,602 54 36 86,Brooklyn Fitboxing Granada,,España,google-maps,atleevobox,NUEVO,MEDIA,,,2026-05-19T19:21:14.941Z,2026-05-19T19:21:14.941Z,https://bfclick.com/granada-gmb,"Arabial, 50, Ronda, 18003 Granada",Granada,4.9,792,https://maps.google.com/?cid=280119231029127392&g_mp=Cidnb29nbGUubWFwcy5wbGFjZXMudjEuUGxhY2VzLlNlYXJjaFRleHQQAhgEIAA,gym,OPERATIONAL,"Importado desde Google Maps
Tipo: Gimnasio
Dirección: Arabial, 50, Ronda, 18003 Granada
Google: 4.9⭐ (792 reseñas)
Web: https://bfclick.com/granada-gmb
Maps: https://maps.google.com/?cid=280119231029127392&g_mp=Cidnb29nbGUubWFwcy5wbGFjZXMudjEuUGxhY2VzLlNlYXJjaFRleHQQAhgEIAA"
cmpd0qpsh02r2q1seuvzvq2ys,CleverBox,,636 56 98 34,CleverBox,,España,google-maps,atleevobox,NUEVO,MEDIA,,,2026-05-19T19:21:15.282Z,2026-05-19T19:21:15.282Z,http://www.boxeoengranada.com/,"C. las Flores, 6, Ronda, 18004 Granada",Granada,4.9,115,https://maps.google.com/?cid=17050640264717831434&g_mp=Cidnb29nbGUubWFwcy5wbGFjZXMudjEuUGxhY2VzLlNlYXJjaFRleHQQAhgEIAA,sports_club,OPERATIONAL,"Importado desde Google Maps
Tipo: Club deportivo
Dirección: C. las Flores, 6, Ronda, 18004 Granada
Google: 4.9⭐ (115 reseñas)
Web: http://www.boxeoengranada.com/
Maps: https://maps.google.com/?cid=17050640264717831434&g_mp=Cidnb29nbGUubWFwcy5wbGFjZXMudjEuUGxhY2VzLlNlYXJjaFRleHQQAhgEIAA"
cmpd0qq1u02r3q1secw4cdw8r,VS BOXING CLUB,,640 89 01 01,VS BOXING CLUB,,España,google-maps,atleevobox,NUEVO,MEDIA,,,2026-05-19T19:21:15.618Z,2026-05-19T19:21:15.618Z,https://www.instagram.com/victor.segura.vs/,"Pcta. Gutierre de Cetina, 2, Zaidín, 18007 Granada",Granada,5,88,https://maps.google.com/?cid=7367015247433042444&g_mp=Cidnb29nbGUubWFwcy5wbGFjZXMudjEuUGxhY2VzLlNlYXJjaFRleHQQAhgEIAA,sports_coaching,OPERATIONAL,"Importado desde Google Maps
Tipo: Sports coaching
Dirección: Pcta. Gutierre de Cetina, 2, Zaidín, 18007 Granada
Google: 5⭐ (88 reseñas)
Web: https://www.instagram.com/victor.segura.vs/
Maps: https://maps.google.com/?cid=7367015247433042444&g_mp=Cidnb29nbGUubWFwcy5wbGFjZXMudjEuUGxhY2VzLlNlYXJjaFRleHQQAhgEIAA"
cmpd0qqc102r4q1sei81ul52c,Carter Boxing Club,,600 37 20 65,Carter Boxing Club,,España,google-maps,atleevobox,NUEVO,MEDIA,,,2026-05-19T19:21:15.985Z,2026-05-19T19:21:15.985Z,https://www.carterboxingclub.com/,"C. Arzobispo Pedro de Castro, 2, Beiro, 18013 Granada",Granada,5,129,https://maps.google.com/?cid=5415158527112087477&g_mp=Cidnb29nbGUubWFwcy5wbGFjZXMudjEuUGxhY2VzLlNlYXJjaFRleHQQAhgEIAA,sports_club,OPERATIONAL,"Importado desde Google Maps
Tipo: Club deportivo
Dirección: C. Arzobispo Pedro de Castro, 2, Beiro, 18013 Granada
Google: 5⭐ (129 reseñas)
Web: https://www.carterboxingclub.com/
Maps: https://maps.google.com/?cid=5415158527112087477&g_mp=Cidnb29nbGUubWFwcy5wbGFjZXMudjEuUGxhY2VzLlNlYXJjaFRleHQQAhgEIAA"
cmpd0qqla02r5q1seuhjretub,Boxeo M & S,,651 44 54 81,Boxeo M & S,,España,google-maps,atleevobox,NUEVO,MEDIA,,,2026-05-19T19:21:16.318Z,2026-05-19T19:21:16.318Z,http://granadaboxeo.com/,"C. Escritor Antonio Almagro, 2, 6, Chana, 18015 Granada",Granada,4.8,49,https://maps.google.com/?cid=17930765214701679523&g_mp=Cidnb29nbGUubWFwcy5wbGFjZXMudjEuUGxhY2VzLlNlYXJjaFRleHQQAhgEIAA,gym,OPERATIONAL,"Importado desde Google Maps
Tipo: Gimnasio
Dirección: C. Escritor Antonio Almagro, 2, 6, Chana, 18015 Granada
Google: 4.8⭐ (49 reseñas)
Web: http://granadaboxeo.com/
Maps: https://maps.google.com/?cid=17930765214701679523&g_mp=Cidnb29nbGUubWFwcy5wbGFjZXMudjEuUGxhY2VzLlNlYXJjaFRleHQQAhgEIAA"
cmpd0qqv502r6q1se2e9hjvs7,Brooklyn Fitboxing Granada norte,,651 95 58 71,Brooklyn Fitboxing Granada norte,,España,google-maps,atleevobox,NUEVO,MEDIA,,,2026-05-19T19:21:16.674Z,2026-05-19T19:21:16.674Z,https://bfclick.com/granada-norte-gmb,"Pl. de Europa, 2, Norte, 18014 Granada",Granada,5,224,https://maps.google.com/?cid=14621572362752406553&g_mp=Cidnb29nbGUubWFwcy5wbGFjZXMudjEuUGxhY2VzLlNlYXJjaFRleHQQAhgEIAA,gym,OPERATIONAL,"Importado desde Google Maps
Tipo: Gimnasio
Dirección: Pl. de Europa, 2, Norte, 18014 Granada
Google: 5⭐ (224 reseñas)
Web: https://bfclick.com/granada-norte-gmb
Maps: https://maps.google.com/?cid=14621572362752406553&g_mp=Cidnb29nbGUubWFwcy5wbGFjZXMudjEuUGxhY2VzLlNlYXJjaFRleHQQAhgEIAA"
cmpd0qr4e02r7q1se6ppgzajm,Camawey Boxing Club,,651 32 49 96,Camawey Boxing Club,,España,google-maps,atleevobox,NUEVO,MEDIA,,,2026-05-19T19:21:17.006Z,2026-05-19T19:21:17.006Z,https://www.instagram.com/camaweyboxingclub/,"Arabial, 45, Ronda, 18004 Granada",Granada,5,12,https://maps.google.com/?cid=13239553027213336941&g_mp=Cidnb29nbGUubWFwcy5wbGFjZXMudjEuUGxhY2VzLlNlYXJjaFRleHQQAhgEIAA,sports_club,OPERATIONAL,"Importado desde Google Maps
Tipo: Club deportivo
Dirección: Arabial, 45, Ronda, 18004 Granada
Google: 5⭐ (12 reseñas)
Web: https://www.instagram.com/camaweyboxingclub/
Maps: https://maps.google.com/?cid=13239553027213336941&g_mp=Cidnb29nbGUubWFwcy5wbGFjZXMudjEuUGxhY2VzLlNlYXJjaFRleHQQAhgEIAA"
cmpd0qrdw02r8q1sex0krjruh,The fight factory Muay Thai Granada,,623 50 54 18,The fight factory Muay Thai Granada,,España,google-maps,atleevobox,NUEVO,MEDIA,,,2026-05-19T19:21:17.349Z,2026-05-19T19:21:17.349Z,http://muaythaigranada.es/,"Av. Fernando de los Ríos, 2, 18100 Armilla, Granada",Granada,5,120,https://maps.google.com/?cid=11062479256322133192&g_mp=Cidnb29nbGUubWFwcy5wbGFjZXMudjEuUGxhY2VzLlNlYXJjaFRleHQQAhgEIAA,sports_coaching,OPERATIONAL,"Importado desde Google Maps
Tipo: Sports coaching
Dirección: Av. Fernando de los Ríos, 2, 18100 Armilla, Granada
Google: 5⭐ (120 reseñas)
Web: http://muaythaigranada.es/
Maps: https://maps.google.com/?cid=11062479256322133192&g_mp=Cidnb29nbGUubWFwcy5wbGFjZXMudjEuUGxhY2VzLlNlYXJjaFRleHQQAhgEIAA"
cmpd0qrro02r9q1seylxp62ex,"CleverBox, boxeo, la Chana",,681 87 56 27,"CleverBox, boxeo, la Chana",,España,google-maps,atleevobox,NUEVO,MEDIA,,,2026-05-19T19:21:17.845Z,2026-05-19T19:21:17.845Z,,"C. Poeta Vicente Aleixandre, Chana, 18015 Granada",Granada,5,26,https://maps.google.com/?cid=5473694524310232562&g_mp=Cidnb29nbGUubWFwcy5wbGFjZXMudjEuUGxhY2VzLlNlYXJjaFRleHQQAhgEIAA,sports_club,OPERATIONAL,"Importado desde Google Maps
Tipo: Club deportivo
Dirección: C. Poeta Vicente Aleixandre, Chana, 18015 Granada
Google: 5⭐ (26 reseñas)
Maps: https://maps.google.com/?cid=5473694524310232562&g_mp=Cidnb29nbGUubWFwcy5wbGFjZXMudjEuUGxhY2VzLlNlYXJjaFRleHQQAhgEIAA"
cmpd0qs0y02raq1seyth8i2b8,Fight Club Granada Crosstraining,,680 71 78 29,Fight Club Granada Crosstraining,,España,google-maps,atleevobox,NUEVO,MEDIA,,,2026-05-19T19:21:18.178Z,2026-05-19T19:21:18.178Z,https://kravmagagranada.com/,"C. Pintor Manuel Maldonado, 40 Local, 5D Bajo, Zaidín, 18007 Granada",Granada,4.9,138,https://maps.google.com/?cid=14493175452312706375&g_mp=Cidnb29nbGUubWFwcy5wbGFjZXMudjEuUGxhY2VzLlNlYXJjaFRleHQQAhgEIAA,health,OPERATIONAL,"Importado desde Google Maps
Tipo: Salud y bienestar
Dirección: C. Pintor Manuel Maldonado, 40 Local, 5D Bajo, Zaidín, 18007 Granada
Google: 4.9⭐ (138 reseñas)
Web: https://kravmagagranada.com/
Maps: https://maps.google.com/?cid=14493175452312706375&g_mp=Cidnb29nbGUubWFwcy5wbGFjZXMudjEuUGxhY2VzLlNlYXJjaFRleHQQAhgEIAA"
cmpd0qsag02rbq1se195cxlp6,MC F BOXING,,635 51 09 86,MC F BOXING,,España,google-maps,atleevobox,NUEVO,MEDIA,,,2026-05-19T19:21:18.521Z,2026-05-19T19:21:18.521Z,,"C. Abderrahman, 7, Ronda, 18006 Granada",Granada,5,62,https://maps.google.com/?cid=12053723803624977649&g_mp=Cidnb29nbGUubWFwcy5wbGFjZXMudjEuUGxhY2VzLlNlYXJjaFRleHQQAhgEIAA,fitness_center,OPERATIONAL,"Importado desde Google Maps
Tipo: Centro deportivo
Dirección: C. Abderrahman, 7, Ronda, 18006 Granada
Google: 5⭐ (62 reseñas)
Maps: https://maps.google.com/?cid=12053723803624977649&g_mp=Cidnb29nbGUubWFwcy5wbGFjZXMudjEuUGxhY2VzLlNlYXJjaFRleHQQAhgEIAA"
cmpd0qsjy02rcq1segdm7kk8l,The Box,,,The Box,,España,google-maps,atleevobox,NUEVO,MEDIA,,,2026-05-19T19:21:18.862Z,2026-05-19T19:21:18.862Z,https://theboxgranada.com/,"C. Salesiano Ángel Mateos, 2, Zaidín, 18006 Granada",Granada,4.9,89,https://maps.google.com/?cid=9016808065724983344&g_mp=Cidnb29nbGUubWFwcy5wbGFjZXMudjEuUGxhY2VzLlNlYXJjaFRleHQQAhgEIAA,fitness_center,OPERATIONAL,"Importado desde Google Maps
Tipo: Centro deportivo
Dirección: C. Salesiano Ángel Mateos, 2, Zaidín, 18006 Granada
Google: 4.9⭐ (89 reseñas)
Web: https://theboxgranada.com/
Maps: https://maps.google.com/?cid=9016808065724983344&g_mp=Cidnb29nbGUubWFwcy5wbGFjZXMudjEuUGxhY2VzLlNlYXJjaFRleHQQAhgEIAA"
cmpd0qstf02rdq1sega4fp8p0,Club Deportivo Pozuelos Kickboxing Team,,858 99 16 93,Club Deportivo Pozuelos Kickboxing Team,,España,google-maps,atleevobox,NUEVO,MEDIA,,,2026-05-19T19:21:19.203Z,2026-05-19T19:21:19.203Z,https://dojopozuelos.com/,"C/ Alcázar del Genil, 6, Ronda, 18006 Granada",Granada,4.9,129,https://maps.google.com/?cid=16413428306604865452&g_mp=Cidnb29nbGUubWFwcy5wbGFjZXMudjEuUGxhY2VzLlNlYXJjaFRleHQQAhgEIAA,gym,OPERATIONAL,"Importado desde Google Maps
Tipo: Gimnasio
Dirección: C/ Alcázar del Genil, 6, Ronda, 18006 Granada
Google: 4.9⭐ (129 reseñas)
Web: https://dojopozuelos.com/
Maps: https://maps.google.com/?cid=16413428306604865452&g_mp=Cidnb29nbGUubWFwcy5wbGFjZXMudjEuUGxhY2VzLlNlYXJjaFRleHQQAhgEIAA"
cmpd0qt2t02req1seke7w0rvi,The Factory Box,,641 61 01 95,The Factory Box,,España,google-maps,atleevobox,NUEVO,MEDIA,,,2026-05-19T19:21:19.541Z,2026-05-19T19:21:19.541Z,http://thefactorybox.es/,"C. Palencia, 28, Genil, 18008 Granada",Granada,4.7,98,https://maps.google.com/?cid=5315372840995011626&g_mp=Cidnb29nbGUubWFwcy5wbGFjZXMudjEuUGxhY2VzLlNlYXJjaFRleHQQAhgEIAA,gym,OPERATIONAL,"Importado desde Google Maps
Tipo: Gimnasio
Dirección: C. Palencia, 28, Genil, 18008 Granada
Google: 4.7⭐ (98 reseñas)
Web: http://thefactorybox.es/
Maps: https://maps.google.com/?cid=5315372840995011626&g_mp=Cidnb29nbGUubWFwcy5wbGFjZXMudjEuUGxhY2VzLlNlYXJjaFRleHQQAhgEIAA"
cmpd0qtc402rfq1se4eoj4s3s,CLUB DEPORTIVO ODIN WARRIOR,,656 85 99 62,CLUB DEPORTIVO ODIN WARRIOR,,España,google-maps,atleevobox,NUEVO,MEDIA,,,2026-05-19T19:21:19.877Z,2026-05-19T19:21:19.877Z,https://www.instagram.com/clubdeportivoodinwarrior,"C. Cristo de la Yedra, 38, Albaicín, 18012 Granada",Granada,5,52,https://maps.google.com/?cid=1046032339937553517&g_mp=Cidnb29nbGUubWFwcy5wbGFjZXMudjEuUGxhY2VzLlNlYXJjaFRleHQQAhgEIAA,sports_club,OPERATIONAL,"Importado desde Google Maps
Tipo: Club deportivo
Dirección: C. Cristo de la Yedra, 38, Albaicín, 18012 Granada
Google: 5⭐ (52 reseñas)
Web: https://www.instagram.com/clubdeportivoodinwarrior
Maps: https://maps.google.com/?cid=1046032339937553517&g_mp=Cidnb29nbGUubWFwcy5wbGFjZXMudjEuUGxhY2VzLlNlYXJjaFRleHQQAhgEIAA"
cmpd0qtm502rgq1sehtfcmse4,Laqueus Arena / Laqueus Dojo,,622 52 57 34,Laqueus Arena / Laqueus Dojo,,España,google-maps,atleevobox,NUEVO,MEDIA,,,2026-05-19T19:21:20.238Z,2026-05-19T19:21:20.238Z,http://www.laqueusmuaythai.com/,"Av. El Florío, Nave F, Chana, 18015 Granada",Granada,5,132,https://maps.google.com/?cid=18177513576141962470&g_mp=Cidnb29nbGUubWFwcy5wbGFjZXMudjEuUGxhY2VzLlNlYXJjaFRleHQQAhgEIAA,fitness_center,OPERATIONAL,"Importado desde Google Maps
Tipo: Centro deportivo
Dirección: Av. El Florío, Nave F, Chana, 18015 Granada
Google: 5⭐ (132 reseñas)
Web: http://www.laqueusmuaythai.com/
Maps: https://maps.google.com/?cid=18177513576141962470&g_mp=Cidnb29nbGUubWFwcy5wbGFjZXMudjEuUGxhY2VzLlNlYXJjaFRleHQQAhgEIAA"
cmpd0qtva02rhq1selw7atup5,Warrior Soul School(Muay Thai) y (Brazilian Jiu jitsu),,,Warrior Soul School(Muay Thai) y (Brazilian Jiu jitsu),,España,google-maps,atleevobox,NUEVO,MEDIA,,,2026-05-19T19:21:20.567Z,2026-05-19T19:21:20.567Z,http://www.facebook.com/warriorsoul.muaythai.granada/,"C. Roma, 2, Zaidín, 18007 Granada",Granada,4.9,44,https://maps.google.com/?cid=11731729080127163881&g_mp=Cidnb29nbGUubWFwcy5wbGFjZXMudjEuUGxhY2VzLlNlYXJjaFRleHQQAhgEIAA,sports_coaching,OPERATIONAL,"Importado desde Google Maps
Tipo: Sports coaching
Dirección: C. Roma, 2, Zaidín, 18007 Granada
Google: 4.9⭐ (44 reseñas)
Web: http://www.facebook.com/warriorsoul.muaythai.granada/
Maps: https://maps.google.com/?cid=11731729080127163881&g_mp=Cidnb29nbGUubWFwcy5wbGFjZXMudjEuUGxhY2VzLlNlYXJjaFRleHQQAhgEIAA"
cmpd0qu4r02riq1se23lbcqka,Entrenador Personal Granada Balance Gym Boutique - Centro Especializado,,958 19 77 52,Entrenador Personal Granada Balance Gym Boutique - Centro Especializado,,España,google-maps,atleevobox,NUEVO,MEDIA,,,2026-05-19T19:21:20.907Z,2026-05-19T19:21:20.907Z,https://www.balancegymboutique.com/,"C. Tejeiro, 19, Ronda, 18005 Granada",Granada,5,104,https://maps.google.com/?cid=10114734245643393636&g_mp=Cidnb29nbGUubWFwcy5wbGFjZXMudjEuUGxhY2VzLlNlYXJjaFRleHQQAhgEIAA,health,OPERATIONAL,"Importado desde Google Maps
Tipo: Salud y bienestar
Dirección: C. Tejeiro, 19, Ronda, 18005 Granada
Google: 5⭐ (104 reseñas)
Web: https://www.balancegymboutique.com/
Maps: https://maps.google.com/?cid=10114734245643393636&g_mp=Cidnb29nbGUubWFwcy5wbGFjZXMudjEuUGxhY2VzLlNlYXJjaFRleHQQAhgEIAA"
cmpd0quf502rjq1ses96unhnm,Granada MMA,,633 55 34 34,Granada MMA,,España,google-maps,atleevobox,NUEVO,MEDIA,,,2026-05-19T19:21:21.282Z,2026-05-19T19:21:21.282Z,,"Polígono Juncaril, C. Viznar, 16, 18220 Albolote, Granada",Granada,5,98,https://maps.google.com/?cid=3922746101620986893&g_mp=Cidnb29nbGUubWFwcy5wbGFjZXMudjEuUGxhY2VzLlNlYXJjaFRleHQQAhgEIAA,sports_school,OPERATIONAL,"Importado desde Google Maps
Tipo: Escuela deportiva
Dirección: Polígono Juncaril, C. Viznar, 16, 18220 Albolote, Granada
Google: 5⭐ (98 reseñas)
Maps: https://maps.google.com/?cid=3922746101620986893&g_mp=Cidnb29nbGUubWFwcy5wbGFjZXMudjEuUGxhY2VzLlNlYXJjaFRleHQQAhgEIAA"
cmpd0quoj02rkq1se5ik9ie45,Gimnasio TNT,,958 08 88 72,Gimnasio TNT,,España,google-maps,atleevobox,NUEVO,MEDIA,,,2026-05-19T19:21:21.620Z,2026-05-19T19:21:21.620Z,http://www.gimnasiotnt.com/,"C. Abderrahman, 2, Ronda, 18006 Granada",Granada,5,675,https://maps.google.com/?cid=14636304838976587324&g_mp=Cidnb29nbGUubWFwcy5wbGFjZXMudjEuUGxhY2VzLlNlYXJjaFRleHQQAhgEIAA,gym,OPERATIONAL,"Importado desde Google Maps
Tipo: Gimnasio
Dirección: C. Abderrahman, 2, Ronda, 18006 Granada
Google: 5⭐ (675 reseñas)
Web: http://www.gimnasiotnt.com/
Maps: https://maps.google.com/?cid=14636304838976587324&g_mp=Cidnb29nbGUubWFwcy5wbGFjZXMudjEuUGxhY2VzLlNlYXJjaFRleHQQAhgEIAA"
cmpd0quy102rlq1se0oalubzk,The Mecca Gym Granada By Sta Monica 1965,,601 17 56 18,The Mecca Gym Granada By Sta Monica 1965,,España,google-maps,atleevobox,NUEVO,MEDIA,,,2026-05-19T19:21:21.962Z,2026-05-19T19:21:21.962Z,https://themeccagymgranada1965.com/,"Cam. de Ronda, 112, Ronda, 18004 Granada",Granada,4.8,166,https://maps.google.com/?cid=14971781520305792151&g_mp=Cidnb29nbGUubWFwcy5wbGFjZXMudjEuUGxhY2VzLlNlYXJjaFRleHQQAhgEIAA,gym,OPERATIONAL,"Importado desde Google Maps
Tipo: Gimnasio
Dirección: Cam. de Ronda, 112, Ronda, 18004 Granada
Google: 4.8⭐ (166 reseñas)
Web: https://themeccagymgranada1965.com/
Maps: https://maps.google.com/?cid=14971781520305792151&g_mp=Cidnb29nbGUubWFwcy5wbGFjZXMudjEuUGxhY2VzLlNlYXJjaFRleHQQAhgEIAA"
cmpd0qv7l02rmq1se7z0pgpnf,Thirteen Monkey - Muay Thai,,674 76 90 72,Thirteen Monkey - Muay Thai,,España,google-maps,atleevobox,NUEVO,MEDIA,,,2026-05-19T19:21:22.305Z,2026-05-19T19:21:22.305Z,,"C. los Juncos, 18006 Granada",Granada,4.8,42,https://maps.google.com/?cid=11869172458894351117&g_mp=Cidnb29nbGUubWFwcy5wbGFjZXMudjEuUGxhY2VzLlNlYXJjaFRleHQQAhgEIAA,sports_coaching,OPERATIONAL,"Importado desde Google Maps
Tipo: Sports coaching
Dirección: C. los Juncos, 18006 Granada
Google: 4.8⭐ (42 reseñas)
Maps: https://maps.google.com/?cid=11869172458894351117&g_mp=Cidnb29nbGUubWFwcy5wbGFjZXMudjEuUGxhY2VzLlNlYXJjaFRleHQQAhgEIAA"
cmpd0qvh202rnq1seacw4ex2c,Dragon Box,,,Dragon Box,,España,google-maps,atleevobox,NUEVO,MEDIA,,,2026-05-19T19:21:22.646Z,2026-05-19T19:21:22.646Z,,"Ctra. de Málaga, 136, Chana, 18015 Granada",Granada,4.9,53,https://maps.google.com/?cid=6628616410037843672&g_mp=Cidnb29nbGUubWFwcy5wbGFjZXMudjEuUGxhY2VzLlNlYXJjaFRleHQQAhgEIAA,gym,OPERATIONAL,"Importado desde Google Maps
Tipo: Gimnasio
Dirección: Ctra. de Málaga, 136, Chana, 18015 Granada
Google: 4.9⭐ (53 reseñas)
Maps: https://maps.google.com/?cid=6628616410037843672&g_mp=Cidnb29nbGUubWFwcy5wbGFjZXMudjEuUGxhY2VzLlNlYXJjaFRleHQQAhgEIAA"
cmpd0qvqe02roq1seljawo1oz,New Harmony Gym,,657 68 58 73,New Harmony Gym,,España,google-maps,atleevobox,NUEVO,MEDIA,,,2026-05-19T19:21:22.983Z,2026-05-19T19:21:22.983Z,http://newharmonygym.com/,"C. Oscar Romero, 34, Zaidín, 18007 Granada",Granada,4.9,337,https://maps.google.com/?cid=14045905768758407559&g_mp=Cidnb29nbGUubWFwcy5wbGFjZXMudjEuUGxhY2VzLlNlYXJjaFRleHQQAhgEIAA,gym,OPERATIONAL,"Importado desde Google Maps
Tipo: Gimnasio
Dirección: C. Oscar Romero, 34, Zaidín, 18007 Granada
Google: 4.9⭐ (337 reseñas)
Web: http://newharmonygym.com/
Maps: https://maps.google.com/?cid=14045905768758407559&g_mp=Cidnb29nbGUubWFwcy5wbGFjZXMudjEuUGxhY2VzLlNlYXJjaFRleHQQAhgEIAA"
cmpd0qvzw02rpq1se7ftxgmvq,Club Deportivo Al-Andalus,,678 48 25 80,Club Deportivo Al-Andalus,,España,google-maps,atleevobox,NUEVO,MEDIA,,,2026-05-19T19:21:23.325Z,2026-05-19T19:21:23.325Z,http://gimnasiogranada.es/,"C. San Basilio, 3, Beiro, 18013 Granada",Granada,4.7,66,https://maps.google.com/?cid=6822071382458784626&g_mp=Cidnb29nbGUubWFwcy5wbGFjZXMudjEuUGxhY2VzLlNlYXJjaFRleHQQAhgEIAA,gym,OPERATIONAL,"Importado desde Google Maps
Tipo: Gimnasio
Dirección: C. San Basilio, 3, Beiro, 18013 Granada
Google: 4.7⭐ (66 reseñas)
Web: http://gimnasiogranada.es/
Maps: https://maps.google.com/?cid=6822071382458784626&g_mp=Cidnb29nbGUubWFwcy5wbGFjZXMudjEuUGxhY2VzLlNlYXJjaFRleHQQAhgEIAA"
cmpd0qw9602rqq1sew77i0b4h,KAO9 Muay Thai y Preparación Física,,611 84 17 61,KAO9 Muay Thai y Preparación Física,,España,google-maps,atleevobox,NUEVO,MEDIA,,,2026-05-19T19:21:23.659Z,2026-05-19T19:21:23.659Z,https://www.kao9.es/,"C. Turina, 3, Ronda, 18003 Granada",Granada,5,6,https://maps.google.com/?cid=18229083783031591756&g_mp=Cidnb29nbGUubWFwcy5wbGFjZXMudjEuUGxhY2VzLlNlYXJjaFRleHQQAhgEIAA,sports_coaching,OPERATIONAL,"Importado desde Google Maps
Tipo: Sports coaching
Dirección: C. Turina, 3, Ronda, 18003 Granada
Google: 5⭐ (6 reseñas)
Web: https://www.kao9.es/
Maps: https://maps.google.com/?cid=18229083783031591756&g_mp=Cidnb29nbGUubWFwcy5wbGFjZXMudjEuUGxhY2VzLlNlYXJjaFRleHQQAhgEIAA"
cmpd0qwio02rrq1seecv2yx45,Kratosbox,,958 63 78 45,Kratosbox,,España,google-maps,atleevobox,NUEVO,MEDIA,,,2026-05-19T19:21:24.001Z,2026-05-19T19:21:24.001Z,http://www.kratosbox.com/,"Av. de Gandhi, 18140 La Zubia, Granada",Granada,4.8,167,https://maps.google.com/?cid=6606456976784396930&g_mp=Cidnb29nbGUubWFwcy5wbGFjZXMudjEuUGxhY2VzLlNlYXJjaFRleHQQAhgEIAA,gym,OPERATIONAL,"Importado desde Google Maps
Tipo: Gimnasio
Dirección: Av. de Gandhi, 18140 La Zubia, Granada
Google: 4.8⭐ (167 reseñas)
Web: http://www.kratosbox.com/
Maps: https://maps.google.com/?cid=6606456976784396930&g_mp=Cidnb29nbGUubWFwcy5wbGFjZXMudjEuUGxhY2VzLlNlYXJjaFRleHQQAhgEIAA"
cmpd0qwrt02rsq1seud9e00rm,Club Deportivo Shirai,,627 89 00 71,Club Deportivo Shirai,,España,google-maps,atleevobox,NUEVO,MEDIA,,,2026-05-19T19:21:24.330Z,2026-05-19T19:21:24.330Z,,"C. Sta. Aurelia, 4, Ronda, 18005 Granada",Granada,4.4,109,https://maps.google.com/?cid=11077031413770051157&g_mp=Cidnb29nbGUubWFwcy5wbGFjZXMudjEuUGxhY2VzLlNlYXJjaFRleHQQAhgEIAA,sports_club,OPERATIONAL,"Importado desde Google Maps
Tipo: Club deportivo
Dirección: C. Sta. Aurelia, 4, Ronda, 18005 Granada
Google: 4.4⭐ (109 reseñas)
Maps: https://maps.google.com/?cid=11077031413770051157&g_mp=Cidnb29nbGUubWFwcy5wbGFjZXMudjEuUGxhY2VzLlNlYXJjaFRleHQQAhgEIAA"
cmpd0qx1802rtq1se3obk92cf,CUBABOXING,,658 47 95 48,CUBABOXING,,España,google-maps,atleevobox,NUEVO,MEDIA,,,2026-05-19T19:21:24.669Z,2026-05-19T19:21:24.669Z,,"Av. Ogíjares, 24, 30, 18100 Armilla, Granada",Granada,4.9,14,https://maps.google.com/?cid=16760336709295959515&g_mp=Cidnb29nbGUubWFwcy5wbGFjZXMudjEuUGxhY2VzLlNlYXJjaFRleHQQAhgEIAA,sports_coaching,OPERATIONAL,"Importado desde Google Maps
Tipo: Sports coaching
Dirección: Av. Ogíjares, 24, 30, 18100 Armilla, Granada
Google: 4.9⭐ (14 reseñas)
Maps: https://maps.google.com/?cid=16760336709295959515&g_mp=Cidnb29nbGUubWFwcy5wbGFjZXMudjEuUGxhY2VzLlNlYXJjaFRleHQQAhgEIAA"
cmpd0qxaz02ruq1setpso2vx7,DOJO ARMILLA,,,DOJO ARMILLA,,España,google-maps,atleevobox,NUEVO,MEDIA,,,2026-05-19T19:21:25.020Z,2026-05-19T19:21:25.020Z,,"Camino Bajo Del Cementerio, 15, 18100 Armilla, Granada",Granada,4.7,95,https://maps.google.com/?cid=18406481894444868982&g_mp=Cidnb29nbGUubWFwcy5wbGFjZXMudjEuUGxhY2VzLlNlYXJjaFRleHQQAhgEIAA,sports_club,OPERATIONAL,"Importado desde Google Maps
Tipo: Club deportivo
Dirección: Camino Bajo Del Cementerio, 15, 18100 Armilla, Granada
Google: 4.7⭐ (95 reseñas)
Maps: https://maps.google.com/?cid=18406481894444868982&g_mp=Cidnb29nbGUubWFwcy5wbGFjZXMudjEuUGxhY2VzLlNlYXJjaFRleHQQAhgEIAA"
cmpd0qxkc02rvq1ser84s2ulv,Gimnasio Tijuana,,637 77 67 06,Gimnasio Tijuana,,España,google-maps,atleevobox,NUEVO,MEDIA,,,2026-05-19T19:21:25.357Z,2026-05-19T19:21:25.357Z,https://www.gimnasiotijuana.es/,"Polígono EL LAUREL, C. de Desmond Tutu, 22, 18140 La Zubia, Granada",Granada,4.9,92,https://maps.google.com/?cid=14214401210664716858&g_mp=Cidnb29nbGUubWFwcy5wbGFjZXMudjEuUGxhY2VzLlNlYXJjaFRleHQQAhgEIAA,gym,OPERATIONAL,"Importado desde Google Maps
Tipo: Gimnasio
Dirección: Polígono EL LAUREL, C. de Desmond Tutu, 22, 18140 La Zubia, Granada
Google: 4.9⭐ (92 reseñas)
Web: https://www.gimnasiotijuana.es/
Maps: https://maps.google.com/?cid=14214401210664716858&g_mp=Cidnb29nbGUubWFwcy5wbGFjZXMudjEuUGxhY2VzLlNlYXJjaFRleHQQAhgEIAA"
cmpd0qxtp02rwq1seb38fsy57,Crossfighter Nago,,687 47 38 74,Crossfighter Nago,,España,google-maps,atleevobox,NUEVO,MEDIA,,,2026-05-19T19:21:25.693Z,2026-05-19T19:21:25.693Z,https://www.facebook.com/crossfighternago,"C. Vista Nevada, 9, 18200 Maracena, Granada",Granada,4.9,14,https://maps.google.com/?cid=17913435156326861945&g_mp=Cidnb29nbGUubWFwcy5wbGFjZXMudjEuUGxhY2VzLlNlYXJjaFRleHQQAhgEIAA,sports_school,OPERATIONAL,"Importado desde Google Maps
Tipo: Escuela deportiva
Dirección: C. Vista Nevada, 9, 18200 Maracena, Granada
Google: 4.9⭐ (14 reseñas)
Web: https://www.facebook.com/crossfighternago
Maps: https://maps.google.com/?cid=17913435156326861945&g_mp=Cidnb29nbGUubWFwcy5wbGFjZXMudjEuUGxhY2VzLlNlYXJjaFRleHQQAhgEIAA"
cmpd0qy2w02rxq1sehafktaci,Gimnasio VivaGym Fuentenueva,,,Gimnasio VivaGym Fuentenueva,,España,google-maps,atleevobox,NUEVO,MEDIA,,,2026-05-19T19:21:26.025Z,2026-05-19T19:21:26.025Z,https://www.vivagym.com/es-es/gimnasios/granada/capital/fuentenueva/?utm_campaign=250922_es_gmb_conversion_generic_fuentenueva&utm_medium=organic&utm_source=gmb,"Arabial, 95, Ronda, 18003 Granada",Granada,4.2,1446,https://maps.google.com/?cid=1544981531970290336&g_mp=Cidnb29nbGUubWFwcy5wbGFjZXMudjEuUGxhY2VzLlNlYXJjaFRleHQQAhgEIAA,gym,OPERATIONAL,"Importado desde Google Maps
Tipo: Gimnasio
Dirección: Arabial, 95, Ronda, 18003 Granada
Google: 4.2⭐ (1446 reseñas)
Web: https://www.vivagym.com/es-es/gimnasios/granada/capital/fuentenueva/?utm_campaign=250922_es_gmb_conversion_generic_fuentenueva&utm_medium=organic&utm_source=gmb
Maps: https://maps.google.com/?cid=1544981531970290336&g_mp=Cidnb29nbGUubWFwcy5wbGFjZXMudjEuUGxhY2VzLlNlYXJjaFRleHQQAhgEIAA"
cmpd0qyc802ryq1seylzntt9w,Box Bulls Factory,,663 13 36 95,Box Bulls Factory,,España,google-maps,atleevobox,NUEVO,MEDIA,,,2026-05-19T19:21:26.361Z,2026-05-19T19:21:26.361Z,http://www.boxbullsfactory.com/,"C. la Niña, Nº12, 18194 Churriana de la Vega, Granada",Granada,5,136,https://maps.google.com/?cid=6572348051463688639&g_mp=Cidnb29nbGUubWFwcy5wbGFjZXMudjEuUGxhY2VzLlNlYXJjaFRleHQQAhgEIAA,fitness_center,OPERATIONAL,"Importado desde Google Maps
Tipo: Centro deportivo
Dirección: C. la Niña, Nº12, 18194 Churriana de la Vega, Granada
Google: 5⭐ (136 reseñas)
Web: http://www.boxbullsfactory.com/
Maps: https://maps.google.com/?cid=6572348051463688639&g_mp=Cidnb29nbGUubWFwcy5wbGFjZXMudjEuUGxhY2VzLlNlYXJjaFRleHQQAhgEIAA"
cmpd0qylk02rzq1seqpyfzv29,CrossFit Singular Box Granada,,958 34 16 74,CrossFit Singular Box Granada,,España,google-maps,atleevobox,NUEVO,MEDIA,,,2026-05-19T19:21:26.696Z,2026-05-19T19:21:26.696Z,https://singularboxgranada.com/,"C. Curro Cúchares, 2, Beiro, 18014 Granada",Granada,4.7,161,https://maps.google.com/?cid=8722523643349288665&g_mp=Cidnb29nbGUubWFwcy5wbGFjZXMudjEuUGxhY2VzLlNlYXJjaFRleHQQAhgEIAA,gym,OPERATIONAL,"Importado desde Google Maps
Tipo: Gimnasio
Dirección: C. Curro Cúchares, 2, Beiro, 18014 Granada
Google: 4.7⭐ (161 reseñas)
Web: https://singularboxgranada.com/
Maps: https://maps.google.com/?cid=8722523643349288665&g_mp=Cidnb29nbGUubWFwcy5wbGFjZXMudjEuUGxhY2VzLlNlYXJjaFRleHQQAhgEIAA"
cmpd0qyzl02s0q1sebormvs5a,MMA Granada,,858 99 16 93,MMA Granada,,España,google-maps,atleevobox,NUEVO,MEDIA,,,2026-05-19T19:21:27.202Z,2026-05-19T19:21:27.202Z,http://www.mmagranada.es/,"C. Rey Abu Said, Edificio Zoraida, Bajo nº 6, Ronda, 18006 Granada",Granada,5,41,https://maps.google.com/?cid=10412286805014241579&g_mp=Cidnb29nbGUubWFwcy5wbGFjZXMudjEuUGxhY2VzLlNlYXJjaFRleHQQAhgEIAA,sports_club,OPERATIONAL,"Importado desde Google Maps
Tipo: Club deportivo
Dirección: C. Rey Abu Said, Edificio Zoraida, Bajo nº 6, Ronda, 18006 Granada
Google: 5⭐ (41 reseñas)
Web: http://www.mmagranada.es/
Maps: https://maps.google.com/?cid=10412286805014241579&g_mp=Cidnb29nbGUubWFwcy5wbGFjZXMudjEuUGxhY2VzLlNlYXJjaFRleHQQAhgEIAA"
cmpd0qz9502s1q1se1gqilrt1,Gimnasio Galaxy,,647 86 57 35,Gimnasio Galaxy,,España,google-maps,atleevobox,NUEVO,MEDIA,,,2026-05-19T19:21:27.545Z,2026-05-19T19:21:27.545Z,https://gimnasiogalaxy.es/,"Calle Horno de Abad, 9, Bajo, Centro, 18002 Granada",Granada,4.7,125,https://maps.google.com/?cid=64521588473102426&g_mp=Cidnb29nbGUubWFwcy5wbGFjZXMudjEuUGxhY2VzLlNlYXJjaFRleHQQAhgEIAA,gym,OPERATIONAL,"Importado desde Google Maps
Tipo: Gimnasio
Dirección: Calle Horno de Abad, 9, Bajo, Centro, 18002 Granada
Google: 4.7⭐ (125 reseñas)
Web: https://gimnasiogalaxy.es/
Maps: https://maps.google.com/?cid=64521588473102426&g_mp=Cidnb29nbGUubWFwcy5wbGFjZXMudjEuUGxhY2VzLlNlYXJjaFRleHQQAhgEIAA"
cmpd0qzij02s2q1setk78xvnb,Balacera - Box,,644 64 98 28,Balacera - Box,,España,google-maps,atleevobox,NUEVO,MEDIA,,,2026-05-19T19:21:27.883Z,2026-05-19T19:21:27.883Z,http://balaceracrossbox.es/,"Calle Sierra de Alfaguara, Pol. Ind. Asegra, Av. Córdoba, 5, Entrada por, 18210 Peligros, Granada",Granada,4.8,59,https://maps.google.com/?cid=11162014640624978704&g_mp=Cidnb29nbGUubWFwcy5wbGFjZXMudjEuUGxhY2VzLlNlYXJjaFRleHQQAhgEIAA,gym,OPERATIONAL,"Importado desde Google Maps
Tipo: Gimnasio
Dirección: Calle Sierra de Alfaguara, Pol. Ind. Asegra, Av. Córdoba, 5, Entrada por, 18210 Peligros, Granada
Google: 4.8⭐ (59 reseñas)
Web: http://balaceracrossbox.es/
Maps: https://maps.google.com/?cid=11162014640624978704&g_mp=Cidnb29nbGUubWFwcy5wbGFjZXMudjEuUGxhY2VzLlNlYXJjaFRleHQQAhgEIAA"
cmpd0qzru02s3q1seiswxbha4,Gimnasio Ortiz | Gimnasio en Granada,,958 13 25 60,Gimnasio Ortiz | Gimnasio en Granada,,España,google-maps,atleevobox,NUEVO,MEDIA,,,2026-05-19T19:21:28.218Z,2026-05-19T19:21:28.218Z,https://gimnasioortiz.com/,"Cjón. del Ángel, 9, Genil, 18006 Granada",Granada,4.7,32,https://maps.google.com/?cid=8696155621356094873&g_mp=Cidnb29nbGUubWFwcy5wbGFjZXMudjEuUGxhY2VzLlNlYXJjaFRleHQQAhgEIAA,gym,OPERATIONAL,"Importado desde Google Maps
Tipo: Gimnasio
Dirección: Cjón. del Ángel, 9, Genil, 18006 Granada
Google: 4.7⭐ (32 reseñas)
Web: https://gimnasioortiz.com/
Maps: https://maps.google.com/?cid=8696155621356094873&g_mp=Cidnb29nbGUubWFwcy5wbGFjZXMudjEuUGxhY2VzLlNlYXJjaFRleHQQAhgEIAA"
cmpd0r25a02s4q1se5nikudmf,Escuela de Boxeo Olimpico For+Boxing Granada,,643 78 16 13,Escuela de Boxeo Olimpico For+Boxing Granada,,España,google-maps,atleevobox,NUEVO,MEDIA,,,2026-05-19T19:21:31.294Z,2026-05-19T19:21:31.294Z,,"C. Albacete, 13, 18100 Armilla, Granada",Granada,5,6,https://maps.google.com/?cid=5332106249650431739&g_mp=Cidnb29nbGUubWFwcy5wbGFjZXMudjEuUGxhY2VzLlNlYXJjaFRleHQQAhgEIAA,sports_club,OPERATIONAL,"Importado desde Google Maps
Tipo: Club deportivo
Dirección: C. Albacete, 13, 18100 Armilla, Granada
Google: 5⭐ (6 reseñas)
Maps: https://maps.google.com/?cid=5332106249650431739&g_mp=Cidnb29nbGUubWFwcy5wbGFjZXMudjEuUGxhY2VzLlNlYXJjaFRleHQQAhgEIAA"
cmpd0ramv02s5q1sexedpcoib,Boxeo Elche Carolee Boxing,,613 89 39 52,Boxeo Elche Carolee Boxing,,España,google-maps,atleevobox,NUEVO,MEDIA,,,2026-05-19T19:21:42.296Z,2026-05-19T19:21:42.296Z,https://boxeoelche.es/,"03205 Elche, Alicante",Elche,2.3,3,https://maps.google.com/?cid=7989472707584507227&g_mp=Cidnb29nbGUubWFwcy5wbGFjZXMudjEuUGxhY2VzLlNlYXJjaFRleHQQAhgEIAA,sports_club,OPERATIONAL,"Importado desde Google Maps
Tipo: Club deportivo
Dirección: 03205 Elche, Alicante
Google: 2.3⭐ (3 reseñas)
Web: https://boxeoelche.es/
Maps: https://maps.google.com/?cid=7989472707584507227&g_mp=Cidnb29nbGUubWFwcy5wbGFjZXMudjEuUGxhY2VzLlNlYXJjaFRleHQQAhgEIAA"
cmpd0rdla02s6q1seipb8bqvy,Iceta Boxing studio,,686 16 56 87,Iceta Boxing studio,,España,google-maps,atleevobox,NUEVO,MEDIA,,,2026-05-19T19:21:46.127Z,2026-05-19T19:21:46.127Z,https://www.instagram.com/monicaboxeo?igsh=MWk4OTg2Y2VsdXZtcQ==,"C. Juan Alvarez Delgado, 12, 38007 Santa Cruz de Tenerife",Santa Cruz de Tenerife,4.9,57,https://maps.google.com/?cid=2333913021891701324&g_mp=Cidnb29nbGUubWFwcy5wbGFjZXMudjEuUGxhY2VzLlNlYXJjaFRleHQQAhgEIAA,sports_coaching,OPERATIONAL,"Importado desde Google Maps
Tipo: Sports coaching
Dirección: C. Juan Alvarez Delgado, 12, 38007 Santa Cruz de Tenerife
Google: 4.9⭐ (57 reseñas)
Web: https://www.instagram.com/monicaboxeo?igsh=MWk4OTg2Y2VsdXZtcQ==
Maps: https://maps.google.com/?cid=2333913021891701324&g_mp=Cidnb29nbGUubWFwcy5wbGFjZXMudjEuUGxhY2VzLlNlYXJjaFRleHQQAhgEIAA"
cmpd0rduv02s7q1se4ugxnhqs,Escuela de boxeo OYA TEAM,,664 53 48 47,Escuela de boxeo OYA TEAM,,España,google-maps,atleevobox,NUEVO,MEDIA,,,2026-05-19T19:21:46.471Z,2026-05-19T19:21:46.471Z,https://www.youtube.com/channel/UCV_III35I5ZFm6ny85cLuEA,38010 Santa Cruz de Tenerife,Santa Cruz de Tenerife,5,36,https://maps.google.com/?cid=10617829596295680369&g_mp=Cidnb29nbGUubWFwcy5wbGFjZXMudjEuUGxhY2VzLlNlYXJjaFRleHQQAhgEIAA,sports_coaching,OPERATIONAL,"Importado desde Google Maps
Tipo: Sports coaching
Dirección: 38010 Santa Cruz de Tenerife
Google: 5⭐ (36 reseñas)
Web: https://www.youtube.com/channel/UCV_III35I5ZFm6ny85cLuEA
Maps: https://maps.google.com/?cid=10617829596295680369&g_mp=Cidnb29nbGUubWFwcy5wbGFjZXMudjEuUGxhY2VzLlNlYXJjaFRleHQQAhgEIAA"
cmpd0re4902s8q1seiz9km3wk,Brooklyn Fitboxing Santa Cruz de Tenerife,,693 93 53 69,Brooklyn Fitboxing Santa Cruz de Tenerife,,España,google-maps,atleevobox,NUEVO,MEDIA,,,2026-05-19T19:21:46.810Z,2026-05-19T19:21:46.810Z,https://bfclick.com/tenerife-gmb,"C. Prta Canseco, 2, 38003 Santa Cruz de Tenerife",Santa Cruz de Tenerife,4.5,96,https://maps.google.com/?cid=13338957243858034946&g_mp=Cidnb29nbGUubWFwcy5wbGFjZXMudjEuUGxhY2VzLlNlYXJjaFRleHQQAhgEIAA,gym,OPERATIONAL,"Importado desde Google Maps
Tipo: Gimnasio
Dirección: C. Prta Canseco, 2, 38003 Santa Cruz de Tenerife
Google: 4.5⭐ (96 reseñas)
Web: https://bfclick.com/tenerife-gmb
Maps: https://maps.google.com/?cid=13338957243858034946&g_mp=Cidnb29nbGUubWFwcy5wbGFjZXMudjEuUGxhY2VzLlNlYXJjaFRleHQQAhgEIAA"
cmpd0reie02s9q1sehdmsoxxo,Richi Kb Muay Thai (K1 Kickboxing),,607 75 38 97,Richi Kb Muay Thai (K1 Kickboxing),,España,google-maps,atleevobox,NUEVO,MEDIA,,,2026-05-19T19:21:47.318Z,2026-05-19T19:21:47.318Z,https://richikbmuaythai.es/,"C. Ramón y Cajal, 51, 38004 Santa Cruz de Tenerife",Santa Cruz de Tenerife,5,140,https://maps.google.com/?cid=7567627992911579212&g_mp=Cidnb29nbGUubWFwcy5wbGFjZXMudjEuUGxhY2VzLlNlYXJjaFRleHQQAhgEIAA,sports_coaching,OPERATIONAL,"Importado desde Google Maps
Tipo: Sports coaching
Dirección: C. Ramón y Cajal, 51, 38004 Santa Cruz de Tenerife
Google: 5⭐ (140 reseñas)
Web: https://richikbmuaythai.es/
Maps: https://maps.google.com/?cid=7567627992911579212&g_mp=Cidnb29nbGUubWFwcy5wbGFjZXMudjEuUGxhY2VzLlNlYXJjaFRleHQQAhgEIAA"
cmpd0reru02saq1se8n6spq2k,Gio Boxe Tenerife,,642 27 59 77,Gio Boxe Tenerife,,España,google-maps,atleevobox,NUEVO,MEDIA,,,2026-05-19T19:21:47.659Z,2026-05-19T19:21:47.659Z,,"C. Los Arcangeles, 18, 38010 Santa Cruz de Tenerife",Santa Cruz de Tenerife,4.9,33,https://maps.google.com/?cid=4038366486611589873&g_mp=Cidnb29nbGUubWFwcy5wbGFjZXMudjEuUGxhY2VzLlNlYXJjaFRleHQQAhgEIAA,sports_coaching,OPERATIONAL,"Importado desde Google Maps
Tipo: Sports coaching
Dirección: C. Los Arcangeles, 18, 38010 Santa Cruz de Tenerife
Google: 4.9⭐ (33 reseñas)
Maps: https://maps.google.com/?cid=4038366486611589873&g_mp=Cidnb29nbGUubWFwcy5wbGFjZXMudjEuUGxhY2VzLlNlYXJjaFRleHQQAhgEIAA"
cmpd0rf1802sbq1seodwqzxmi,Club Mugendo Artes Marciales,,922 28 35 20,Club Mugendo Artes Marciales,,España,google-maps,atleevobox,NUEVO,MEDIA,,,2026-05-19T19:21:47.997Z,2026-05-19T19:21:47.997Z,http://artesmarcialesmugendo.es/,"C. San Clemente, 25, 38003 Santa Cruz de Tenerife",Santa Cruz de Tenerife,4.7,61,https://maps.google.com/?cid=11741084375246380094&g_mp=Cidnb29nbGUubWFwcy5wbGFjZXMudjEuUGxhY2VzLlNlYXJjaFRleHQQAhgEIAA,fitness_center,OPERATIONAL,"Importado desde Google Maps
Tipo: Centro deportivo
Dirección: C. San Clemente, 25, 38003 Santa Cruz de Tenerife
Google: 4.7⭐ (61 reseñas)
Web: http://artesmarcialesmugendo.es/
Maps: https://maps.google.com/?cid=11741084375246380094&g_mp=Cidnb29nbGUubWFwcy5wbGFjZXMudjEuUGxhY2VzLlNlYXJjaFRleHQQAhgEIAA"
cmpd0rfag02scq1se5uy3or5k,CEAB Ares boxing.,,639 93 58 76,CEAB Ares boxing.,,España,google-maps,atleevobox,NUEVO,MEDIA,,,2026-05-19T19:21:48.328Z,2026-05-19T19:21:48.328Z,,"C. Pancho Camurria, 1, 38009 Santa Cruz de Tenerife",Santa Cruz de Tenerife,5,23,https://maps.google.com/?cid=3981800424958904988&g_mp=Cidnb29nbGUubWFwcy5wbGFjZXMudjEuUGxhY2VzLlNlYXJjaFRleHQQAhgEIAA,sports_coaching,OPERATIONAL,"Importado desde Google Maps
Tipo: Sports coaching
Dirección: C. Pancho Camurria, 1, 38009 Santa Cruz de Tenerife
Google: 5⭐ (23 reseñas)
Maps: https://maps.google.com/?cid=3981800424958904988&g_mp=Cidnb29nbGUubWFwcy5wbGFjZXMudjEuUGxhY2VzLlNlYXJjaFRleHQQAhgEIAA"
cmpd0rfkt02sdq1se5fpg2c28,Escuela de boxeo Laguna Jab,,691 01 54 01,Escuela de boxeo Laguna Jab,,España,google-maps,atleevobox,NUEVO,MEDIA,,,2026-05-19T19:21:48.701Z,2026-05-19T19:21:48.701Z,https://lagunajab.es/,"C. San Juan, 45, 38204 La Laguna, Santa Cruz de Tenerife",Santa Cruz de Tenerife,4.7,27,https://maps.google.com/?cid=4271629888511689452&g_mp=Cidnb29nbGUubWFwcy5wbGFjZXMudjEuUGxhY2VzLlNlYXJjaFRleHQQAhgEIAA,gym,OPERATIONAL,"Importado desde Google Maps
Tipo: Gimnasio
Dirección: C. San Juan, 45, 38204 La Laguna, Santa Cruz de Tenerife
Google: 4.7⭐ (27 reseñas)
Web: https://lagunajab.es/
Maps: https://maps.google.com/?cid=4271629888511689452&g_mp=Cidnb29nbGUubWFwcy5wbGFjZXMudjEuUGxhY2VzLlNlYXJjaFRleHQQAhgEIAA"
cmpd0rftz02seq1se6znw77do,Kratos Gym,,670 35 24 41,Kratos Gym,,España,google-maps,atleevobox,NUEVO,MEDIA,,,2026-05-19T19:21:49.032Z,2026-05-19T19:21:49.032Z,,"C. República Dominicana, 38418 Los Realejos, Santa Cruz de Tenerife",Santa Cruz de Tenerife,5,133,https://maps.google.com/?cid=12433027626988440890&g_mp=Cidnb29nbGUubWFwcy5wbGFjZXMudjEuUGxhY2VzLlNlYXJjaFRleHQQAhgEIAA,sports_school,OPERATIONAL,"Importado desde Google Maps
Tipo: Escuela deportiva
Dirección: C. República Dominicana, 38418 Los Realejos, Santa Cruz de Tenerife
Google: 5⭐ (133 reseñas)
Maps: https://maps.google.com/?cid=12433027626988440890&g_mp=Cidnb29nbGUubWFwcy5wbGFjZXMudjEuUGxhY2VzLlNlYXJjaFRleHQQAhgEIAA"
cmpd0rg3j02sfq1se910cxy2d,Star Gym,,922 20 66 22,Star Gym,,España,google-maps,atleevobox,NUEVO,MEDIA,,,2026-05-19T19:21:49.375Z,2026-05-19T19:21:49.375Z,,"C. Gumersindo Robayna Galván, 1, 38005 Santa Cruz de Tenerife",Santa Cruz de Tenerife,4,66,https://maps.google.com/?cid=2807006175451316276&g_mp=Cidnb29nbGUubWFwcy5wbGFjZXMudjEuUGxhY2VzLlNlYXJjaFRleHQQAhgEIAA,gym,OPERATIONAL,"Importado desde Google Maps
Tipo: Gimnasio
Dirección: C. Gumersindo Robayna Galván, 1, 38005 Santa Cruz de Tenerife
Google: 4⭐ (66 reseñas)
Maps: https://maps.google.com/?cid=2807006175451316276&g_mp=Cidnb29nbGUubWFwcy5wbGFjZXMudjEuUGxhY2VzLlNlYXJjaFRleHQQAhgEIAA"
cmpd0rgcr02sgq1se4o5qzul1,Club de boxeo Camacho,,655 71 42 42,Club de boxeo Camacho,,España,google-maps,atleevobox,NUEVO,MEDIA,,,2026-05-19T19:21:49.707Z,2026-05-19T19:21:49.707Z,https://www.instagram.com/camachoboxingclub?igsh=MW1mN3l4bWV3ZzJ3OA==,"Av. Taco, 170, 38108 La Laguna, Santa Cruz de Tenerife",Santa Cruz de Tenerife,5,20,https://maps.google.com/?cid=17814298627030146831&g_mp=Cidnb29nbGUubWFwcy5wbGFjZXMudjEuUGxhY2VzLlNlYXJjaFRleHQQAhgEIAA,sports_club,OPERATIONAL,"Importado desde Google Maps
Tipo: Club deportivo
Dirección: Av. Taco, 170, 38108 La Laguna, Santa Cruz de Tenerife
Google: 5⭐ (20 reseñas)
Web: https://www.instagram.com/camachoboxingclub?igsh=MW1mN3l4bWV3ZzJ3OA==
Maps: https://maps.google.com/?cid=17814298627030146831&g_mp=Cidnb29nbGUubWFwcy5wbGFjZXMudjEuUGxhY2VzLlNlYXJjaFRleHQQAhgEIAA"
cmpd0rgm002shq1se4h28alvd,La Fábrica - Artes Marciales,,647 32 25 21,La Fábrica - Artes Marciales,,España,google-maps,atleevobox,NUEVO,MEDIA,,,2026-05-19T19:21:50.040Z,2026-05-19T19:21:50.040Z,https://lafabricaartesmarciales.com/,"C. de Pintor Ribera, 27, 38007 Santa Cruz de Tenerife",Santa Cruz de Tenerife,5,79,https://maps.google.com/?cid=7149493485608794051&g_mp=Cidnb29nbGUubWFwcy5wbGFjZXMudjEuUGxhY2VzLlNlYXJjaFRleHQQAhgEIAA,fitness_center,OPERATIONAL,"Importado desde Google Maps
Tipo: Centro deportivo
Dirección: C. de Pintor Ribera, 27, 38007 Santa Cruz de Tenerife
Google: 5⭐ (79 reseñas)
Web: https://lafabricaartesmarciales.com/
Maps: https://maps.google.com/?cid=7149493485608794051&g_mp=Cidnb29nbGUubWFwcy5wbGFjZXMudjEuUGxhY2VzLlNlYXJjaFRleHQQAhgEIAA"
cmpd0rgv702siq1sexviwh5e1,Ronin-Kai fight club,,643 85 14 15,Ronin-Kai fight club,,España,google-maps,atleevobox,NUEVO,MEDIA,,,2026-05-19T19:21:50.372Z,2026-05-19T19:21:50.372Z,,"C. Los Arcangeles, 18, 38010 Santa Cruz de Tenerife",Santa Cruz de Tenerife,4.9,46,https://maps.google.com/?cid=9084307272468949853&g_mp=Cidnb29nbGUubWFwcy5wbGFjZXMudjEuUGxhY2VzLlNlYXJjaFRleHQQAhgEIAA,gym,OPERATIONAL,"Importado desde Google Maps
Tipo: Gimnasio
Dirección: C. Los Arcangeles, 18, 38010 Santa Cruz de Tenerife
Google: 4.9⭐ (46 reseñas)
Maps: https://maps.google.com/?cid=9084307272468949853&g_mp=Cidnb29nbGUubWFwcy5wbGFjZXMudjEuUGxhY2VzLlNlYXJjaFRleHQQAhgEIAA"
cmpd0rh4f02sjq1se418crgzb,Bobby Boxing Tenerife,,616 23 50 75,Bobby Boxing Tenerife,,España,google-maps,atleevobox,NUEVO,MEDIA,,,2026-05-19T19:21:50.704Z,2026-05-19T19:21:50.704Z,,"Av. Santa Cruz, 144, 38611 San Isidro, Santa Cruz de Tenerife",Santa Cruz de Tenerife,5,37,https://maps.google.com/?cid=15420300171427708325&g_mp=Cidnb29nbGUubWFwcy5wbGFjZXMudjEuUGxhY2VzLlNlYXJjaFRleHQQAhgEIAA,sports_coaching,OPERATIONAL,"Importado desde Google Maps
Tipo: Sports coaching
Dirección: Av. Santa Cruz, 144, 38611 San Isidro, Santa Cruz de Tenerife
Google: 5⭐ (37 reseñas)
Maps: https://maps.google.com/?cid=15420300171427708325&g_mp=Cidnb29nbGUubWFwcy5wbGFjZXMudjEuUGxhY2VzLlNlYXJjaFRleHQQAhgEIAA"
cmpd0rhe302skq1seyn3hmjed,"Coliseumbox- Crosstrainer, entrenamiento funcional y personal.",,661 35 03 53,"Coliseumbox- Crosstrainer, entrenamiento funcional y personal.",,España,google-maps,atleevobox,NUEVO,MEDIA,,,2026-05-19T19:21:51.052Z,2026-05-19T19:21:51.052Z,http://www.coliseumbox.com/,"C. Porlier, 42, 38003 Santa Cruz de Tenerife",Santa Cruz de Tenerife,5,43,https://maps.google.com/?cid=18001478284795846524&g_mp=Cidnb29nbGUubWFwcy5wbGFjZXMudjEuUGxhY2VzLlNlYXJjaFRleHQQAhgEIAA,gym,OPERATIONAL,"Importado desde Google Maps
Tipo: Gimnasio
Dirección: C. Porlier, 42, 38003 Santa Cruz de Tenerife
Google: 5⭐ (43 reseñas)
Web: http://www.coliseumbox.com/
Maps: https://maps.google.com/?cid=18001478284795846524&g_mp=Cidnb29nbGUubWFwcy5wbGFjZXMudjEuUGxhY2VzLlNlYXJjaFRleHQQAhgEIAA"
cmpd0rhoc02slq1sef1xpvoj2,Club de Boxeo Povedano de Arona,,692 56 11 22,Club de Boxeo Povedano de Arona,,España,google-maps,atleevobox,NUEVO,MEDIA,,,2026-05-19T19:21:51.420Z,2026-05-19T19:21:51.420Z,http://www.boxeopovedano.com/,"Estadio Olimpico Antonio Domínguez, Av. Arquitecto Gómez Cuesta, 17, 38660 Arona, Santa Cruz de Tenerife",Santa Cruz de Tenerife,4.9,65,https://maps.google.com/?cid=10885460739315391698&g_mp=Cidnb29nbGUubWFwcy5wbGFjZXMudjEuUGxhY2VzLlNlYXJjaFRleHQQAhgEIAA,sports_club,OPERATIONAL,"Importado desde Google Maps
Tipo: Club deportivo
Dirección: Estadio Olimpico Antonio Domínguez, Av. Arquitecto Gómez Cuesta, 17, 38660 Arona, Santa Cruz de Tenerife
Google: 4.9⭐ (65 reseñas)
Web: http://www.boxeopovedano.com/
Maps: https://maps.google.com/?cid=10885460739315391698&g_mp=Cidnb29nbGUubWFwcy5wbGFjZXMudjEuUGxhY2VzLlNlYXJjaFRleHQQAhgEIAA"
cmpd0rhxn02smq1se9iit18la,The Fighters club,,662 40 62 44,The Fighters club,,España,google-maps,atleevobox,NUEVO,MEDIA,,,2026-05-19T19:21:51.755Z,2026-05-19T19:21:51.755Z,http://www.facebook.com/tfc.thefightersclub/,"C. París, 2, 4, 38108 La Laguna, Santa Cruz de Tenerife",Santa Cruz de Tenerife,4.7,70,https://maps.google.com/?cid=734336631901474437&g_mp=Cidnb29nbGUubWFwcy5wbGFjZXMudjEuUGxhY2VzLlNlYXJjaFRleHQQAhgEIAA,gym,OPERATIONAL,"Importado desde Google Maps
Tipo: Gimnasio
Dirección: C. París, 2, 4, 38108 La Laguna, Santa Cruz de Tenerife
Google: 4.7⭐ (70 reseñas)
Web: http://www.facebook.com/tfc.thefightersclub/
Maps: https://maps.google.com/?cid=734336631901474437&g_mp=Cidnb29nbGUubWFwcy5wbGFjZXMudjEuUGxhY2VzLlNlYXJjaFRleHQQAhgEIAA"
cmpd0ri6s02snq1seca5nrw2b,Aikitas Club Deportivo-Baloncesto en Santa Cruz de Tfe,,629 28 80 12,Aikitas Club Deportivo-Baloncesto en Santa Cruz de Tfe,,España,google-maps,atleevobox,NUEVO,MEDIA,,,2026-05-19T19:21:52.085Z,2026-05-19T19:21:52.085Z,http://aikitas.com/,"C. de Comandante Sanchez Pinto, 3, 38006 Santa Cruz de Tenerife",Santa Cruz de Tenerife,4.8,66,https://maps.google.com/?cid=7232308823351216881&g_mp=Cidnb29nbGUubWFwcy5wbGFjZXMudjEuUGxhY2VzLlNlYXJjaFRleHQQAhgEIAA,sports_club,OPERATIONAL,"Importado desde Google Maps
Tipo: Club deportivo
Dirección: C. de Comandante Sanchez Pinto, 3, 38006 Santa Cruz de Tenerife
Google: 4.8⭐ (66 reseñas)
Web: http://aikitas.com/
Maps: https://maps.google.com/?cid=7232308823351216881&g_mp=Cidnb29nbGUubWFwcy5wbGFjZXMudjEuUGxhY2VzLlNlYXJjaFRleHQQAhgEIAA"
cmpd0rigk02soq1se9jsd9dap,Brooklyn Fitboxing La laguna,,922 14 79 54,Brooklyn Fitboxing La laguna,,España,google-maps,atleevobox,NUEVO,MEDIA,,,2026-05-19T19:21:52.437Z,2026-05-19T19:21:52.437Z,https://bfclick.com/la-laguna-gmb,"Av. de los Menceyes, 15, 38205 La Laguna, Santa Cruz de Tenerife",Santa Cruz de Tenerife,4.8,238,https://maps.google.com/?cid=8724538565781512755&g_mp=Cidnb29nbGUubWFwcy5wbGFjZXMudjEuUGxhY2VzLlNlYXJjaFRleHQQAhgEIAA,gym,OPERATIONAL,"Importado desde Google Maps
Tipo: Gimnasio
Dirección: Av. de los Menceyes, 15, 38205 La Laguna, Santa Cruz de Tenerife
Google: 4.8⭐ (238 reseñas)
Web: https://bfclick.com/la-laguna-gmb
Maps: https://maps.google.com/?cid=8724538565781512755&g_mp=Cidnb29nbGUubWFwcy5wbGFjZXMudjEuUGxhY2VzLlNlYXJjaFRleHQQAhgEIAA"
cmpd0riqe02spq1se6ax2zd7w,ADN Centro de Entrenamiento,,689 88 27 47,ADN Centro de Entrenamiento,,España,google-maps,atleevobox,NUEVO,MEDIA,,,2026-05-19T19:21:52.790Z,2026-05-19T19:21:52.790Z,https://www.facebook.com/profile.php?id=100089823132877,"Calle Sta María Soledad Torres Acosta, 9, 38320 La Laguna, Santa Cruz de Tenerife",Santa Cruz de Tenerife,4.8,63,https://maps.google.com/?cid=10618704827007684601&g_mp=Cidnb29nbGUubWFwcy5wbGFjZXMudjEuUGxhY2VzLlNlYXJjaFRleHQQAhgEIAA,gym,OPERATIONAL,"Importado desde Google Maps
Tipo: Gimnasio
Dirección: Calle Sta María Soledad Torres Acosta, 9, 38320 La Laguna, Santa Cruz de Tenerife
Google: 4.8⭐ (63 reseñas)
Web: https://www.facebook.com/profile.php?id=100089823132877
Maps: https://maps.google.com/?cid=10618704827007684601&g_mp=Cidnb29nbGUubWFwcy5wbGFjZXMudjEuUGxhY2VzLlNlYXJjaFRleHQQAhgEIAA"
cmpd0rj0m02sqq1se5hnmdyld,"Tom Club, Artes Marciales",,,"Tom Club, Artes Marciales",,España,google-maps,atleevobox,NUEVO,MEDIA,,,2026-05-19T19:21:53.158Z,2026-05-19T19:21:53.158Z,,"C. Juan Bordón Falero, 10, 38108 La Laguna, Santa Cruz de Tenerife",Santa Cruz de Tenerife,4.8,37,https://maps.google.com/?cid=724043520677251768&g_mp=Cidnb29nbGUubWFwcy5wbGFjZXMudjEuUGxhY2VzLlNlYXJjaFRleHQQAhgEIAA,sports_club,OPERATIONAL,"Importado desde Google Maps
Tipo: Club deportivo
Dirección: C. Juan Bordón Falero, 10, 38108 La Laguna, Santa Cruz de Tenerife
Google: 4.8⭐ (37 reseñas)
Maps: https://maps.google.com/?cid=724043520677251768&g_mp=Cidnb29nbGUubWFwcy5wbGFjZXMudjEuUGxhY2VzLlNlYXJjaFRleHQQAhgEIAA"
cmpd0rjah02srq1sedyl945az,Island Box 212,,822 04 44 09,Island Box 212,,España,google-maps,atleevobox,NUEVO,MEDIA,,,2026-05-19T19:21:53.513Z,2026-05-19T19:21:53.513Z,,"C. Padre Anchieta, 35, 38005 Santa Cruz de Tenerife",Santa Cruz de Tenerife,4.7,30,https://maps.google.com/?cid=17978644415544794570&g_mp=Cidnb29nbGUubWFwcy5wbGFjZXMudjEuUGxhY2VzLlNlYXJjaFRleHQQAhgEIAA,gym,OPERATIONAL,"Importado desde Google Maps
Tipo: Gimnasio
Dirección: C. Padre Anchieta, 35, 38005 Santa Cruz de Tenerife
Google: 4.7⭐ (30 reseñas)
Maps: https://maps.google.com/?cid=17978644415544794570&g_mp=Cidnb29nbGUubWFwcy5wbGFjZXMudjEuUGxhY2VzLlNlYXJjaFRleHQQAhgEIAA"
cmpd0rjjz02ssq1seu4hhxt20,Héctor Aladrén - Entrenamientos de Boxeo,,618 82 37 39,Héctor Aladrén - Entrenamientos de Boxeo,,España,google-maps,atleevobox,NUEVO,MEDIA,,,2026-05-19T19:21:53.855Z,2026-05-19T19:21:53.855Z,http://www.clubdeboxeoaladren.com/,"Calle Sta María Soledad Torres Acosta, 9, 38320 La Laguna, Santa Cruz de Tenerife",Santa Cruz de Tenerife,5,9,https://maps.google.com/?cid=11634292593555718582&g_mp=Cidnb29nbGUubWFwcy5wbGFjZXMudjEuUGxhY2VzLlNlYXJjaFRleHQQAhgEIAA,gym,OPERATIONAL,"Importado desde Google Maps
Tipo: Gimnasio
Dirección: Calle Sta María Soledad Torres Acosta, 9, 38320 La Laguna, Santa Cruz de Tenerife
Google: 5⭐ (9 reseñas)
Web: http://www.clubdeboxeoaladren.com/
Maps: https://maps.google.com/?cid=11634292593555718582&g_mp=Cidnb29nbGUubWFwcy5wbGFjZXMudjEuUGxhY2VzLlNlYXJjaFRleHQQAhgEIAA"
cmpd0rjt702stq1ser6phsfoh,Centuria Fight Club,,,Centuria Fight Club,,España,google-maps,atleevobox,NUEVO,MEDIA,,,2026-05-19T19:21:54.187Z,2026-05-19T19:21:54.187Z,https://www.facebook.com/CenturiaFightClub,"C. Fermín Morín, 11, 38007 Santa Cruz de Tenerife",Santa Cruz de Tenerife,5,3,https://maps.google.com/?cid=14427049858975284068&g_mp=Cidnb29nbGUubWFwcy5wbGFjZXMudjEuUGxhY2VzLlNlYXJjaFRleHQQAhgEIAA,sports_club,OPERATIONAL,"Importado desde Google Maps
Tipo: Club deportivo
Dirección: C. Fermín Morín, 11, 38007 Santa Cruz de Tenerife
Google: 5⭐ (3 reseñas)
Web: https://www.facebook.com/CenturiaFightClub
Maps: https://maps.google.com/?cid=14427049858975284068&g_mp=Cidnb29nbGUubWFwcy5wbGFjZXMudjEuUGxhY2VzLlNlYXJjaFRleHQQAhgEIAA"
cmpd0rk2h02suq1seyujpht7a,Tnf Box,,625 73 72 43,Tnf Box,,España,google-maps,atleevobox,NUEVO,MEDIA,,,2026-05-19T19:21:54.521Z,2026-05-19T19:21:54.521Z,http://www.tnfbox.com/,"C. Lepanto, 3, 38005 Santa Cruz de Tenerife",Santa Cruz de Tenerife,4.7,150,https://maps.google.com/?cid=5016456378115933138&g_mp=Cidnb29nbGUubWFwcy5wbGFjZXMudjEuUGxhY2VzLlNlYXJjaFRleHQQAhgEIAA,fitness_center,OPERATIONAL,"Importado desde Google Maps
Tipo: Centro deportivo
Dirección: C. Lepanto, 3, 38005 Santa Cruz de Tenerife
Google: 4.7⭐ (150 reseñas)
Web: http://www.tnfbox.com/
Maps: https://maps.google.com/?cid=5016456378115933138&g_mp=Cidnb29nbGUubWFwcy5wbGFjZXMudjEuUGxhY2VzLlNlYXJjaFRleHQQAhgEIAA"
cmpd0rkc602svq1see9zceb3l,Bua Boxing,,,Bua Boxing,,España,google-maps,atleevobox,NUEVO,MEDIA,,,2026-05-19T19:21:54.870Z,2026-05-19T19:21:54.870Z,,"C. Chiriger, 5, 38107 Santa Cruz de Tenerife",Santa Cruz de Tenerife,5,2,https://maps.google.com/?cid=12778933731562956839&g_mp=Cidnb29nbGUubWFwcy5wbGFjZXMudjEuUGxhY2VzLlNlYXJjaFRleHQQAhgEIAA,sports_coaching,OPERATIONAL,"Importado desde Google Maps
Tipo: Sports coaching
Dirección: C. Chiriger, 5, 38107 Santa Cruz de Tenerife
Google: 5⭐ (2 reseñas)
Maps: https://maps.google.com/?cid=12778933731562956839&g_mp=Cidnb29nbGUubWFwcy5wbGFjZXMudjEuUGxhY2VzLlNlYXJjaFRleHQQAhgEIAA"
cmpd0rkls02swq1se2wfplcyv,Mugendo Artes Marciales La Laguna,,822 01 14 73,Mugendo Artes Marciales La Laguna,,España,google-maps,atleevobox,NUEVO,MEDIA,,,2026-05-19T19:21:55.216Z,2026-05-19T19:21:55.216Z,http://artesmarcialesmugendo.es/,"C. Nuñez de la Peña, 53, 38203 La Laguna, Santa Cruz de Tenerife",Santa Cruz de Tenerife,4.8,122,https://maps.google.com/?cid=7638269540279538214&g_mp=Cidnb29nbGUubWFwcy5wbGFjZXMudjEuUGxhY2VzLlNlYXJjaFRleHQQAhgEIAA,sports_school,OPERATIONAL,"Importado desde Google Maps
Tipo: Escuela deportiva
Dirección: C. Nuñez de la Peña, 53, 38203 La Laguna, Santa Cruz de Tenerife
Google: 4.8⭐ (122 reseñas)
Web: http://artesmarcialesmugendo.es/
Maps: https://maps.google.com/?cid=7638269540279538214&g_mp=Cidnb29nbGUubWFwcy5wbGFjZXMudjEuUGxhY2VzLlNlYXJjaFRleHQQAhgEIAA"
cmpd0rkwm02sxq1se1w8mux1e,SNY Box Santa Cruz,,822 12 63 69,SNY Box Santa Cruz,,España,google-maps,atleevobox,NUEVO,MEDIA,,,2026-05-19T19:21:55.607Z,2026-05-19T19:21:55.607Z,https://snybox.com/,"Poligono industrial El Mayorazgo, Calle Ing. Cervera, 16, 38110 Santa Cruz de Tenerife",Santa Cruz de Tenerife,4.9,200,https://maps.google.com/?cid=12703548390376323996&g_mp=Cidnb29nbGUubWFwcy5wbGFjZXMudjEuUGxhY2VzLlNlYXJjaFRleHQQAhgEIAA,fitness_center,OPERATIONAL,"Importado desde Google Maps
Tipo: Centro deportivo
Dirección: Poligono industrial El Mayorazgo, Calle Ing. Cervera, 16, 38110 Santa Cruz de Tenerife
Google: 4.9⭐ (200 reseñas)
Web: https://snybox.com/
Maps: https://maps.google.com/?cid=12703548390376323996&g_mp=Cidnb29nbGUubWFwcy5wbGFjZXMudjEuUGxhY2VzLlNlYXJjaFRleHQQAhgEIAA"
cmpd0rl6402syq1sepygl3dd7,Prolife sport center,,677 70 65 73,Prolife sport center,,España,google-maps,atleevobox,NUEVO,MEDIA,,,2026-05-19T19:21:55.949Z,2026-05-19T19:21:55.949Z,https://www.instagram.com/prolifesportcenter?igsh=NWF1cHoxbnEzNG9m&utm_source=qr,"Ctra. del Rosario 41Taco, 38108 La Laguna, Santa Cruz de Tenerife",Santa Cruz de Tenerife,4.7,42,https://maps.google.com/?cid=12939674268237889584&g_mp=Cidnb29nbGUubWFwcy5wbGFjZXMudjEuUGxhY2VzLlNlYXJjaFRleHQQAhgEIAA,gym,OPERATIONAL,"Importado desde Google Maps
Tipo: Gimnasio
Dirección: Ctra. del Rosario 41Taco, 38108 La Laguna, Santa Cruz de Tenerife
Google: 4.7⭐ (42 reseñas)
Web: https://www.instagram.com/prolifesportcenter?igsh=NWF1cHoxbnEzNG9m&utm_source=qr
Maps: https://maps.google.com/?cid=12939674268237889584&g_mp=Cidnb29nbGUubWFwcy5wbGFjZXMudjEuUGxhY2VzLlNlYXJjaFRleHQQAhgEIAA"
cmpd0rlfc02szq1sek73l4e28,Asociación Marcial Mugendo Mugenryu,,922 29 68 30,Asociación Marcial Mugendo Mugenryu,,España,google-maps,atleevobox,NUEVO,MEDIA,,,2026-05-19T19:21:56.280Z,2026-05-19T19:21:56.280Z,http://www.artesmarcialesmugendo.es/,"C. Méndez Núñez, 57, 38001 Santa Cruz de Tenerife",Santa Cruz de Tenerife,4.8,13,https://maps.google.com/?cid=15138896808009304009&g_mp=Cidnb29nbGUubWFwcy5wbGFjZXMudjEuUGxhY2VzLlNlYXJjaFRleHQQAhgEIAA,sports_club,OPERATIONAL,"Importado desde Google Maps
Tipo: Club deportivo
Dirección: C. Méndez Núñez, 57, 38001 Santa Cruz de Tenerife
Google: 4.8⭐ (13 reseñas)
Web: http://www.artesmarcialesmugendo.es/
Maps: https://maps.google.com/?cid=15138896808009304009&g_mp=Cidnb29nbGUubWFwcy5wbGFjZXMudjEuUGxhY2VzLlNlYXJjaFRleHQQAhgEIAA"
cmpd0rloq02t0q1sepjcjh5kc,Family team Gym de artes marciales,,,Family team Gym de artes marciales,,España,google-maps,atleevobox,NUEVO,MEDIA,,,2026-05-19T19:21:56.619Z,2026-05-19T19:21:56.619Z,,"C. Principe Ruyman, 32, 38008 Santa Cruz de Tenerife",Santa Cruz de Tenerife,4.9,25,https://maps.google.com/?cid=12579508679135481757&g_mp=Cidnb29nbGUubWFwcy5wbGFjZXMudjEuUGxhY2VzLlNlYXJjaFRleHQQAhgEIAA,gym,OPERATIONAL,"Importado desde Google Maps
Tipo: Gimnasio
Dirección: C. Principe Ruyman, 32, 38008 Santa Cruz de Tenerife
Google: 4.9⭐ (25 reseñas)
Maps: https://maps.google.com/?cid=12579508679135481757&g_mp=Cidnb29nbGUubWFwcy5wbGFjZXMudjEuUGxhY2VzLlNlYXJjaFRleHQQAhgEIAA"
cmpd0rlxz02t1q1se62j1u3sh,Tbox La Laguna,,682 34 69 15,Tbox La Laguna,,España,google-maps,atleevobox,NUEVO,MEDIA,,,2026-05-19T19:21:56.952Z,2026-05-19T19:21:56.952Z,,"Cjón. la Parra, 17, 38201 La Laguna, Santa Cruz de Tenerife",Santa Cruz de Tenerife,4.8,13,https://maps.google.com/?cid=3757146405573073344&g_mp=Cidnb29nbGUubWFwcy5wbGFjZXMudjEuUGxhY2VzLlNlYXJjaFRleHQQAhgEIAA,sports_coaching,OPERATIONAL,"Importado desde Google Maps
Tipo: Sports coaching
Dirección: Cjón. la Parra, 17, 38201 La Laguna, Santa Cruz de Tenerife
Google: 4.8⭐ (13 reseñas)
Maps: https://maps.google.com/?cid=3757146405573073344&g_mp=Cidnb29nbGUubWFwcy5wbGFjZXMudjEuUGxhY2VzLlNlYXJjaFRleHQQAhgEIAA"
cmpd0rm7a02t2q1sesbbre3sb,Club Deportivo Fitway,,922 03 55 44,Club Deportivo Fitway,,España,google-maps,atleevobox,NUEVO,MEDIA,,,2026-05-19T19:21:57.286Z,2026-05-19T19:21:57.286Z,,"C. de Duggi, 9, 38004 Santa Cruz de Tenerife",Santa Cruz de Tenerife,4.7,26,https://maps.google.com/?cid=7020827293571785109&g_mp=Cidnb29nbGUubWFwcy5wbGFjZXMudjEuUGxhY2VzLlNlYXJjaFRleHQQAhgEIAA,fitness_center,OPERATIONAL,"Importado desde Google Maps
Tipo: Centro deportivo
Dirección: C. de Duggi, 9, 38004 Santa Cruz de Tenerife
Google: 4.7⭐ (26 reseñas)
Maps: https://maps.google.com/?cid=7020827293571785109&g_mp=Cidnb29nbGUubWFwcy5wbGFjZXMudjEuUGxhY2VzLlNlYXJjaFRleHQQAhgEIAA"
cmpd0rmh302t3q1sexrbkn2v3,Pro-Team Tacoronte,,,Pro-Team Tacoronte,,España,google-maps,atleevobox,NUEVO,MEDIA,,,2026-05-19T19:21:57.639Z,2026-05-19T19:21:57.639Z,https://instagram.com/pro_team_t_kickboxing?igshid=MzNlNGNkZWQ4Mg==,"Ctra. Gral. Tejina-Tacoronte, 56, 38350 Tacoronte, Santa Cruz de Tenerife",Santa Cruz de Tenerife,4.9,27,https://maps.google.com/?cid=12407900070844552516&g_mp=Cidnb29nbGUubWFwcy5wbGFjZXMudjEuUGxhY2VzLlNlYXJjaFRleHQQAhgEIAA,fitness_center,OPERATIONAL,"Importado desde Google Maps
Tipo: Centro deportivo
Dirección: Ctra. Gral. Tejina-Tacoronte, 56, 38350 Tacoronte, Santa Cruz de Tenerife
Google: 4.9⭐ (27 reseñas)
Web: https://instagram.com/pro_team_t_kickboxing?igshid=MzNlNGNkZWQ4Mg==
Maps: https://maps.google.com/?cid=12407900070844552516&g_mp=Cidnb29nbGUubWFwcy5wbGFjZXMudjEuUGxhY2VzLlNlYXJjaFRleHQQAhgEIAA"
cmpd0rmrm02t4q1sep3ptp12y,Golden Contact Combat,,711 74 14 26,Golden Contact Combat,,España,google-maps,atleevobox,NUEVO,MEDIA,,,2026-05-19T19:21:58.019Z,2026-05-19T19:21:58.019Z,,"Calle Virgen de las Nieves, 27, 38108 Taco, Santa Cruz de Tenerife",Santa Cruz de Tenerife,,,https://maps.google.com/?cid=2947247564811759326&g_mp=Cidnb29nbGUubWFwcy5wbGFjZXMudjEuUGxhY2VzLlNlYXJjaFRleHQQAhgEIAA,sports_coaching,OPERATIONAL,"Importado desde Google Maps
Tipo: Sports coaching
Dirección: Calle Virgen de las Nieves, 27, 38108 Taco, Santa Cruz de Tenerife
Maps: https://maps.google.com/?cid=2947247564811759326&g_mp=Cidnb29nbGUubWFwcy5wbGFjZXMudjEuUGxhY2VzLlNlYXJjaFRleHQQAhgEIAA"
cmpd0rrv002t5q1seiy0zk6c1,Honey Boxing,,,Honey Boxing,,España,google-maps,atleevobox,NUEVO,MEDIA,,,2026-05-19T19:22:04.620Z,2026-05-19T19:22:04.620Z,,"C. Icerse, 64, 38509 Candelaria, Santa Cruz de Tenerife",Santa Cruz de Tenerife,5,4,https://maps.google.com/?cid=18212975953800318390&g_mp=Cidnb29nbGUubWFwcy5wbGFjZXMudjEuUGxhY2VzLlNlYXJjaFRleHQQAhgEIAA,sports_coaching,OPERATIONAL,"Importado desde Google Maps
Tipo: Sports coaching
Dirección: C. Icerse, 64, 38509 Candelaria, Santa Cruz de Tenerife
Google: 5⭐ (4 reseñas)
Maps: https://maps.google.com/?cid=18212975953800318390&g_mp=Cidnb29nbGUubWFwcy5wbGFjZXMudjEuUGxhY2VzLlNlYXJjaFRleHQQAhgEIAA"
cmpd0rs8o02t6q1setwb0dpl1,Federación Canaria De Boxeo,,922 24 50 42,Federación Canaria De Boxeo,,España,google-maps,atleevobox,NUEVO,MEDIA,,,2026-05-19T19:22:05.113Z,2026-05-19T19:22:05.113Z,,"Calle Brasil, 0 S N, 38001 Santa Cruz de Tenerife",Santa Cruz de Tenerife,5,2,https://maps.google.com/?cid=11213944808367978576&g_mp=Cidnb29nbGUubWFwcy5wbGFjZXMudjEuUGxhY2VzLlNlYXJjaFRleHQQAhgEIAA,association_or_organization,OPERATIONAL,"Importado desde Google Maps
Tipo: Asociación u organización
Dirección: Calle Brasil, 0 S N, 38001 Santa Cruz de Tenerife
Google: 5⭐ (2 reseñas)
Maps: https://maps.google.com/?cid=11213944808367978576&g_mp=Cidnb29nbGUubWFwcy5wbGFjZXMudjEuUGxhY2VzLlNlYXJjaFRleHQQAhgEIAA"
cmpd0rtbc02t7q1sej5chgcuq,Cesarulaguna,,671 54 99 57,Cesarulaguna,,España,google-maps,atleevobox,NUEVO,MEDIA,,,2026-05-19T19:22:06.505Z,2026-05-19T19:22:06.505Z,https://cesarulaguna.es/,"C. Manuel Santaella, 35, 38205 La Laguna, Santa Cruz de Tenerife",Santa Cruz de Tenerife,5,23,https://maps.google.com/?cid=4480716293527681397&g_mp=Cidnb29nbGUubWFwcy5wbGFjZXMudjEuUGxhY2VzLlNlYXJjaFRleHQQAhgEIAA,sports_school,OPERATIONAL,"Importado desde Google Maps
Tipo: Escuela deportiva
Dirección: C. Manuel Santaella, 35, 38205 La Laguna, Santa Cruz de Tenerife
Google: 5⭐ (23 reseñas)
Web: https://cesarulaguna.es/
Maps: https://maps.google.com/?cid=4480716293527681397&g_mp=Cidnb29nbGUubWFwcy5wbGFjZXMudjEuUGxhY2VzLlNlYXJjaFRleHQQAhgEIAA"
cmpd0rtkw02t8q1se9iommwyv,Moirui&Susiteam,,651 62 07 78,Moirui&Susiteam,,España,google-maps,atleevobox,NUEVO,MEDIA,,,2026-05-19T19:22:06.848Z,2026-05-19T19:22:06.848Z,,"C. Ibaute, 28, Acorán, 38111 Santa Cruz de Tenerife",Santa Cruz de Tenerife,,,https://maps.google.com/?cid=11816953185689355101&g_mp=Cidnb29nbGUubWFwcy5wbGFjZXMudjEuUGxhY2VzLlNlYXJjaFRleHQQAhgEIAA,gym,OPERATIONAL,"Importado desde Google Maps
Tipo: Gimnasio
Dirección: C. Ibaute, 28, Acorán, 38111 Santa Cruz de Tenerife
Maps: https://maps.google.com/?cid=11816953185689355101&g_mp=Cidnb29nbGUubWFwcy5wbGFjZXMudjEuUGxhY2VzLlNlYXJjaFRleHQQAhgEIAA"
cmpd0rtu602t9q1se30oatc5p,Newfit Box - Weightlifting and Crosstraining,,622 80 68 95,Newfit Box - Weightlifting and Crosstraining,,España,google-maps,atleevobox,NUEVO,MEDIA,,,2026-05-19T19:22:07.182Z,2026-05-19T19:22:07.182Z,https://newfitbox.wodbuster.com/?f=1,"Cam. del Medio, 62, 38296 La Laguna, Santa Cruz de Tenerife",Santa Cruz de Tenerife,5,280,https://maps.google.com/?cid=15254818836081134806&g_mp=Cidnb29nbGUubWFwcy5wbGFjZXMudjEuUGxhY2VzLlNlYXJjaFRleHQQAhgEIAA,gym,OPERATIONAL,"Importado desde Google Maps
Tipo: Gimnasio
Dirección: Cam. del Medio, 62, 38296 La Laguna, Santa Cruz de Tenerife
Google: 5⭐ (280 reseñas)
Web: https://newfitbox.wodbuster.com/?f=1
Maps: https://maps.google.com/?cid=15254818836081134806&g_mp=Cidnb29nbGUubWFwcy5wbGFjZXMudjEuUGxhY2VzLlNlYXJjaFRleHQQAhgEIAA"
cmpd0ru8702taq1sebjyeqguo,S&A Boxing Club,,,S&A Boxing Club,,España,google-maps,atleevobox,NUEVO,MEDIA,,,2026-05-19T19:22:07.688Z,2026-05-19T19:22:07.688Z,,"C. Idaira, 16, 38205 La Laguna, Santa Cruz de Tenerife",Santa Cruz de Tenerife,,,https://maps.google.com/?cid=13320128683007724607&g_mp=Cidnb29nbGUubWFwcy5wbGFjZXMudjEuUGxhY2VzLlNlYXJjaFRleHQQAhgEIAA,sports_club,OPERATIONAL,"Importado desde Google Maps
Tipo: Club deportivo
Dirección: C. Idaira, 16, 38205 La Laguna, Santa Cruz de Tenerife
Maps: https://maps.google.com/?cid=13320128683007724607&g_mp=Cidnb29nbGUubWFwcy5wbGFjZXMudjEuUGxhY2VzLlNlYXJjaFRleHQQAhgEIAA"
cmpd0ruhp02tbq1ser7g4tjit,Manu fit GYM Tenerife,,922 88 84 44,Manu fit GYM Tenerife,,España,google-maps,atleevobox,NUEVO,MEDIA,,,2026-05-19T19:22:08.030Z,2026-05-19T19:22:08.030Z,,"Calle de S. Francisco, 60, 38001 Santa Cruz de Tenerife",Santa Cruz de Tenerife,4.9,139,https://maps.google.com/?cid=7746251297087723776&g_mp=Cidnb29nbGUubWFwcy5wbGFjZXMudjEuUGxhY2VzLlNlYXJjaFRleHQQAhgEIAA,gym,OPERATIONAL,"Importado desde Google Maps
Tipo: Gimnasio
Dirección: Calle de S. Francisco, 60, 38001 Santa Cruz de Tenerife
Google: 4.9⭐ (139 reseñas)
Maps: https://maps.google.com/?cid=7746251297087723776&g_mp=Cidnb29nbGUubWFwcy5wbGFjZXMudjEuUGxhY2VzLlNlYXJjaFRleHQQAhgEIAA"
cmpd0rurh02tcq1se7omyqq5j,La Palma Joa - Muay Thai & Weight Loss Retreats,,645 29 74 58,La Palma Joa - Muay Thai & Weight Loss Retreats,,España,google-maps,atleevobox,NUEVO,MEDIA,,,2026-05-19T19:22:08.381Z,2026-05-19T19:22:08.381Z,https://www.lapalmajoa.com/?utm_source=google&utm_medium=wix_google_business_profile&utm_campaign=3766118194763773973,"C. Pedro José de las Casas, 3, 38700 Santa Cruz de la Palma, Santa Cruz de Tenerife",Santa Cruz de Tenerife,5,13,https://maps.google.com/?cid=13703134983638139297&g_mp=Cidnb29nbGUubWFwcy5wbGFjZXMudjEuUGxhY2VzLlNlYXJjaFRleHQQAhgEIAA,health,OPERATIONAL,"Importado desde Google Maps
Tipo: Salud y bienestar
Dirección: C. Pedro José de las Casas, 3, 38700 Santa Cruz de la Palma, Santa Cruz de Tenerife
Google: 5⭐ (13 reseñas)
Web: https://www.lapalmajoa.com/?utm_source=google&utm_medium=wix_google_business_profile&utm_campaign=3766118194763773973
Maps: https://maps.google.com/?cid=13703134983638139297&g_mp=Cidnb29nbGUubWFwcy5wbGFjZXMudjEuUGxhY2VzLlNlYXJjaFRleHQQAhgEIAA"
cmpd0rv1a02tdq1sep4xlorb0,Delta Fitness y Artes Marciales,,922 00 28 88,Delta Fitness y Artes Marciales,,España,google-maps,atleevobox,NUEVO,MEDIA,,,2026-05-19T19:22:08.735Z,2026-05-19T19:22:08.735Z,,"C. Timoteo Alberto Delgado, local 2, 38207 Tenerife, Santa Cruz de Tenerife",Santa Cruz de Tenerife,5,7,https://maps.google.com/?cid=1802622899640064148&g_mp=Cidnb29nbGUubWFwcy5wbGFjZXMudjEuUGxhY2VzLlNlYXJjaFRleHQQAhgEIAA,sports_club,OPERATIONAL,"Importado desde Google Maps
Tipo: Club deportivo
Dirección: C. Timoteo Alberto Delgado, local 2, 38207 Tenerife, Santa Cruz de Tenerife
Google: 5⭐ (7 reseñas)
Maps: https://maps.google.com/?cid=1802622899640064148&g_mp=Cidnb29nbGUubWFwcy5wbGFjZXMudjEuUGxhY2VzLlNlYXJjaFRleHQQAhgEIAA"
cmpd0rvaj02teq1sexenma2d5,Animal gym,,922 82 48 33,Animal gym,,España,google-maps,atleevobox,NUEVO,MEDIA,,,2026-05-19T19:22:09.068Z,2026-05-19T19:22:09.068Z,https://www.instagram.com/animalgym.tf/,"Av. el Paso, Local 8, 38108 Santa Cruz de Tenerife",Santa Cruz de Tenerife,4.3,242,https://maps.google.com/?cid=5322858272597971540&g_mp=Cidnb29nbGUubWFwcy5wbGFjZXMudjEuUGxhY2VzLlNlYXJjaFRleHQQAhgEIAA,gym,OPERATIONAL,"Importado desde Google Maps
Tipo: Gimnasio
Dirección: Av. el Paso, Local 8, 38108 Santa Cruz de Tenerife
Google: 4.3⭐ (242 reseñas)
Web: https://www.instagram.com/animalgym.tf/
Maps: https://maps.google.com/?cid=5322858272597971540&g_mp=Cidnb29nbGUubWFwcy5wbGFjZXMudjEuUGxhY2VzLlNlYXJjaFRleHQQAhgEIAA"
cmpd0rvk502tfq1sey3m9pjhg,Soul Fit Training Box,,661 14 97 66,Soul Fit Training Box,,España,google-maps,atleevobox,NUEVO,MEDIA,,,2026-05-19T19:22:09.414Z,2026-05-19T19:22:09.414Z,https://soulfittrainingbox.com/,"C. Zebenzuy, 15, 38108 La Laguna, Santa Cruz de Tenerife",Santa Cruz de Tenerife,4.9,66,https://maps.google.com/?cid=9433775877983021488&g_mp=Cidnb29nbGUubWFwcy5wbGFjZXMudjEuUGxhY2VzLlNlYXJjaFRleHQQAhgEIAA,gym,OPERATIONAL,"Importado desde Google Maps
Tipo: Gimnasio
Dirección: C. Zebenzuy, 15, 38108 La Laguna, Santa Cruz de Tenerife
Google: 4.9⭐ (66 reseñas)
Web: https://soulfittrainingbox.com/
Maps: https://maps.google.com/?cid=9433775877983021488&g_mp=Cidnb29nbGUubWFwcy5wbGFjZXMudjEuUGxhY2VzLlNlYXJjaFRleHQQAhgEIAA"
cmpd0rvtm02tgq1sepdt9xkjf,TEAM CANELO FAJARDO,,,TEAM CANELO FAJARDO,,España,google-maps,atleevobox,NUEVO,MEDIA,,,2026-05-19T19:22:09.755Z,2026-05-19T19:22:09.755Z,https://www.instagram.com/teamcanelofajardo?igsh=M3JrcnNpYzAweTV6&utm_source=qr,"Av. Cruz de Tíncer, 2, 38107 Santa Cruz de Tenerife",Santa Cruz de Tenerife,,,https://maps.google.com/?cid=2218513938391930592&g_mp=Cidnb29nbGUubWFwcy5wbGFjZXMudjEuUGxhY2VzLlNlYXJjaFRleHQQAhgEIAA,sports_school,OPERATIONAL,"Importado desde Google Maps
Tipo: Escuela deportiva
Dirección: Av. Cruz de Tíncer, 2, 38107 Santa Cruz de Tenerife
Web: https://www.instagram.com/teamcanelofajardo?igsh=M3JrcnNpYzAweTV6&utm_source=qr
Maps: https://maps.google.com/?cid=2218513938391930592&g_mp=Cidnb29nbGUubWFwcy5wbGFjZXMudjEuUGxhY2VzLlNlYXJjaFRleHQQAhgEIAA"
cmpd0s2kz02thq1sei3atm0nq,Metasport Centro de Acondicionamiento Físico,,922 54 73 75,Metasport Centro de Acondicionamiento Físico,,España,google-maps,atleevobox,NUEVO,MEDIA,,,2026-05-19T19:22:18.515Z,2026-05-19T19:22:18.515Z,http://metasportenerife.com/,"C. Ramón y Cajal, 55, 38006 Santa Cruz de Tenerife",Santa Cruz de Tenerife,4.6,27,https://maps.google.com/?cid=5571131128195700160&g_mp=Cidnb29nbGUubWFwcy5wbGFjZXMudjEuUGxhY2VzLlNlYXJjaFRleHQQAhgEIAA,gym,OPERATIONAL,"Importado desde Google Maps
Tipo: Gimnasio
Dirección: C. Ramón y Cajal, 55, 38006 Santa Cruz de Tenerife
Google: 4.6⭐ (27 reseñas)
Web: http://metasportenerife.com/
Maps: https://maps.google.com/?cid=5571131128195700160&g_mp=Cidnb29nbGUubWFwcy5wbGFjZXMudjEuUGxhY2VzLlNlYXJjaFRleHQQAhgEIAA"
cmpd0s2ug02tiq1se85ks18ug,Pabellón Ana Bautista,,,Pabellón Ana Bautista,,España,google-maps,atleevobox,NUEVO,MEDIA,,,2026-05-19T19:22:18.856Z,2026-05-19T19:22:18.856Z,,38004 Santa Cruz de Tenerife,Santa Cruz de Tenerife,3.8,117,https://maps.google.com/?cid=5776005059561100350&g_mp=Cidnb29nbGUubWFwcy5wbGFjZXMudjEuUGxhY2VzLlNlYXJjaFRleHQQAhgEIAA,gym,OPERATIONAL,"Importado desde Google Maps
Tipo: Gimnasio
Dirección: 38004 Santa Cruz de Tenerife
Google: 3.8⭐ (117 reseñas)
Maps: https://maps.google.com/?cid=5776005059561100350&g_mp=Cidnb29nbGUubWFwcy5wbGFjZXMudjEuUGxhY2VzLlNlYXJjaFRleHQQAhgEIAA"
cmpd0s33z02tjq1se7xvb72uv,Escuela Siming,,922 21 11 49,Escuela Siming,,España,google-maps,atleevobox,NUEVO,MEDIA,,,2026-05-19T19:22:19.200Z,2026-05-19T19:22:19.200Z,https://www.facebook.com/Escuela-Siming-1577467545896434/,"Av. Islas Canarias, 35, 38007 Santa Cruz de Tenerife",Santa Cruz de Tenerife,5,43,https://maps.google.com/?cid=12059743153169549782&g_mp=Cidnb29nbGUubWFwcy5wbGFjZXMudjEuUGxhY2VzLlNlYXJjaFRleHQQAhgEIAA,sports_school,OPERATIONAL,"Importado desde Google Maps
Tipo: Escuela deportiva
Dirección: Av. Islas Canarias, 35, 38007 Santa Cruz de Tenerife
Google: 5⭐ (43 reseñas)
Web: https://www.facebook.com/Escuela-Siming-1577467545896434/
Maps: https://maps.google.com/?cid=12059743153169549782&g_mp=Cidnb29nbGUubWFwcy5wbGFjZXMudjEuUGxhY2VzLlNlYXJjaFRleHQQAhgEIAA"
