id,nombre,email,telefono,empresa,cargo,pais,origen,softwareId,estado,prioridad,asignadoA,ultimoContacto,createdAt,updatedAt,web,direccion,ciudad,rating,userRatingCount,googleMapsUri,primaryType,businessStatus,notas
cmpcyr0o200pdih9ucv0a82h6,Numen Yoga Estudio,,664 36 16 55,Numen Yoga Estudio,,España,google-maps,atleevoyoga,NUEVO,MEDIA,,,2026-05-19T18:25:30.146Z,2026-05-19T18:25:30.146Z,https://numenyoga.com/,"Tr.ª del Arenal, 2, 1º, Centro, 28013 Madrid",Madrid,4.9,106,https://maps.google.com/?cid=17330781524103771084&g_mp=Cidnb29nbGUubWFwcy5wbGFjZXMudjEuUGxhY2VzLlNlYXJjaFRleHQQAhgEIAA,yoga_studio,OPERATIONAL,"Importado desde Google Maps
Tipo: Centro de yoga
Dirección: Tr.ª del Arenal, 2, 1º, Centro, 28013 Madrid
Google: 4.9⭐ (106 reseñas)
Web: https://numenyoga.com/
Maps: https://maps.google.com/?cid=17330781524103771084&g_mp=Cidnb29nbGUubWFwcy5wbGFjZXMudjEuUGxhY2VzLlNlYXJjaFRleHQQAhgEIAA"
cmpcyr0x800peih9ue2keyl5y,City Yoga Madrid,,685 54 99 06,City Yoga Madrid,,España,google-maps,atleevoyoga,NUEVO,MEDIA,,,2026-05-19T18:25:30.477Z,2026-05-19T18:25:30.477Z,https://www.city-yoga.com/?utm_source=google&utm_medium=local,"Calle de los Artistas, 43, Tetuán, 28020 Madrid",Madrid,4.8,193,https://maps.google.com/?cid=7976600417731803729&g_mp=Cidnb29nbGUubWFwcy5wbGFjZXMudjEuUGxhY2VzLlNlYXJjaFRleHQQAhgEIAA,yoga_studio,OPERATIONAL,"Importado desde Google Maps
Tipo: Centro de yoga
Dirección: Calle de los Artistas, 43, Tetuán, 28020 Madrid
Google: 4.8⭐ (193 reseñas)
Web: https://www.city-yoga.com/?utm_source=google&utm_medium=local
Maps: https://maps.google.com/?cid=7976600417731803729&g_mp=Cidnb29nbGUubWFwcy5wbGFjZXMudjEuUGxhY2VzLlNlYXJjaFRleHQQAhgEIAA"
cmpcyr16g00pfih9ujdggy6e9,"Diwali. Yoga, Wellness & Beauty en Marqués de Vadillo, Puerta del Ángel y Arganzuela",,679 82 21 37,"Diwali. Yoga, Wellness & Beauty en Marqués de Vadillo, Puerta del Ángel y Arganzuela",,España,google-maps,atleevoyoga,NUEVO,MEDIA,,,2026-05-19T18:25:30.808Z,2026-05-19T18:25:30.808Z,http://diwaliyoga.es/,"Av del Manzanares, 58, Carabanchel, 28019 Madrid",Madrid,4.8,186,https://maps.google.com/?cid=8256449813648618533&g_mp=Cidnb29nbGUubWFwcy5wbGFjZXMudjEuUGxhY2VzLlNlYXJjaFRleHQQAhgEIAA,yoga_studio,OPERATIONAL,"Importado desde Google Maps
Tipo: Centro de yoga
Dirección: Av del Manzanares, 58, Carabanchel, 28019 Madrid
Google: 4.8⭐ (186 reseñas)
Web: http://diwaliyoga.es/
Maps: https://maps.google.com/?cid=8256449813648618533&g_mp=Cidnb29nbGUubWFwcy5wbGFjZXMudjEuUGxhY2VzLlNlYXJjaFRleHQQAhgEIAA"
cmpcyr1g300pgih9uxk76k4q9,Yoga Home Madrid,,680 64 70 54,Yoga Home Madrid,,España,google-maps,atleevoyoga,NUEVO,MEDIA,,,2026-05-19T18:25:31.155Z,2026-05-19T18:25:31.155Z,http://www.yogahomemadrid.com/,"Calle de María de Molina, 5, Chamartín, 28006 Madrid",Madrid,4.9,177,https://maps.google.com/?cid=3336568097436193494&g_mp=Cidnb29nbGUubWFwcy5wbGFjZXMudjEuUGxhY2VzLlNlYXJjaFRleHQQAhgEIAA,yoga_studio,OPERATIONAL,"Importado desde Google Maps
Tipo: Centro de yoga
Dirección: Calle de María de Molina, 5, Chamartín, 28006 Madrid
Google: 4.9⭐ (177 reseñas)
Web: http://www.yogahomemadrid.com/
Maps: https://maps.google.com/?cid=3336568097436193494&g_mp=Cidnb29nbGUubWFwcy5wbGFjZXMudjEuUGxhY2VzLlNlYXJjaFRleHQQAhgEIAA"
cmpcyr1p700phih9uj3uugk7y,Madrid Yoga shala,,697 30 03 06,Madrid Yoga shala,,España,google-maps,atleevoyoga,NUEVO,MEDIA,,,2026-05-19T18:25:31.484Z,2026-05-19T18:25:31.484Z,http://facebook.com/madridyogashala,"C. Manuel Aleixandre, 7, Arganzuela, 28045 Madrid",Madrid,5,241,https://maps.google.com/?cid=4209542446471702234&g_mp=Cidnb29nbGUubWFwcy5wbGFjZXMudjEuUGxhY2VzLlNlYXJjaFRleHQQAhgEIAA,yoga_studio,OPERATIONAL,"Importado desde Google Maps
Tipo: Centro de yoga
Dirección: C. Manuel Aleixandre, 7, Arganzuela, 28045 Madrid
Google: 5⭐ (241 reseñas)
Web: http://facebook.com/madridyogashala
Maps: https://maps.google.com/?cid=4209542446471702234&g_mp=Cidnb29nbGUubWFwcy5wbGFjZXMudjEuUGxhY2VzLlNlYXJjaFRleHQQAhgEIAA"
cmpcyr1y800piih9ur92g269w,Estudio de Yoga - Yogaes,,913 67 76 02,Estudio de Yoga - Yogaes,,España,google-maps,atleevoyoga,NUEVO,MEDIA,,,2026-05-19T18:25:31.808Z,2026-05-19T18:25:31.808Z,https://www.yogaes.com/estudio-yogaes/,"C. de Juan Álvarez Mendizábal, 65, Moncloa - Aravaca, 28008 Madrid",Madrid,5,39,https://maps.google.com/?cid=15154455196394975752&g_mp=Cidnb29nbGUubWFwcy5wbGFjZXMudjEuUGxhY2VzLlNlYXJjaFRleHQQAhgEIAA,yoga_studio,OPERATIONAL,"Importado desde Google Maps
Tipo: Centro de yoga
Dirección: C. de Juan Álvarez Mendizábal, 65, Moncloa - Aravaca, 28008 Madrid
Google: 5⭐ (39 reseñas)
Web: https://www.yogaes.com/estudio-yogaes/
Maps: https://maps.google.com/?cid=15154455196394975752&g_mp=Cidnb29nbGUubWFwcy5wbGFjZXMudjEuUGxhY2VzLlNlYXJjaFRleHQQAhgEIAA"
cmpcyr27d00pjih9u2i8iapzl,Studio Yoga Paz Castro,,616 70 77 69,Studio Yoga Paz Castro,,España,google-maps,atleevoyoga,NUEVO,MEDIA,,,2026-05-19T18:25:32.138Z,2026-05-19T18:25:32.138Z,http://www.studio-kundaliniyoga.com/,"Calle de Ruiz, 7, 2do izq, Centro, 28004 Madrid",Madrid,5,138,https://maps.google.com/?cid=6766141647290144888&g_mp=Cidnb29nbGUubWFwcy5wbGFjZXMudjEuUGxhY2VzLlNlYXJjaFRleHQQAhgEIAA,yoga_studio,OPERATIONAL,"Importado desde Google Maps
Tipo: Centro de yoga
Dirección: Calle de Ruiz, 7, 2do izq, Centro, 28004 Madrid
Google: 5⭐ (138 reseñas)
Web: http://www.studio-kundaliniyoga.com/
Maps: https://maps.google.com/?cid=6766141647290144888&g_mp=Cidnb29nbGUubWFwcy5wbGFjZXMudjEuUGxhY2VzLlNlYXJjaFRleHQQAhgEIAA"
cmpcyr2gf00pkih9uwdx9kw09,GAIA YOGA & SOUL STUDIO,,689 98 94 36,GAIA YOGA & SOUL STUDIO,,España,google-maps,atleevoyoga,NUEVO,MEDIA,,,2026-05-19T18:25:32.464Z,2026-05-19T18:25:32.464Z,https://gaiamadrid.com/,"C. de Fortuny, 47, Chamberí, 28010 Madrid",Madrid,5,173,https://maps.google.com/?cid=4997088113874098845&g_mp=Cidnb29nbGUubWFwcy5wbGFjZXMudjEuUGxhY2VzLlNlYXJjaFRleHQQAhgEIAA,yoga_studio,OPERATIONAL,"Importado desde Google Maps
Tipo: Centro de yoga
Dirección: C. de Fortuny, 47, Chamberí, 28010 Madrid
Google: 5⭐ (173 reseñas)
Web: https://gaiamadrid.com/
Maps: https://maps.google.com/?cid=4997088113874098845&g_mp=Cidnb29nbGUubWFwcy5wbGFjZXMudjEuUGxhY2VzLlNlYXJjaFRleHQQAhgEIAA"
cmpcyr2qv00plih9uwx740wt5,Zentro Urban Yoga Retiro,,625 36 94 66,Zentro Urban Yoga Retiro,,España,google-maps,atleevoyoga,NUEVO,MEDIA,,,2026-05-19T18:25:32.839Z,2026-05-19T18:25:32.839Z,http://zentrourbanyoga.com/,"C. de Claudio Coello, 5, Salamanca, 28001 Madrid",Madrid,4.7,132,https://maps.google.com/?cid=17818693485559613363&g_mp=Cidnb29nbGUubWFwcy5wbGFjZXMudjEuUGxhY2VzLlNlYXJjaFRleHQQAhgEIAA,yoga_studio,OPERATIONAL,"Importado desde Google Maps
Tipo: Centro de yoga
Dirección: C. de Claudio Coello, 5, Salamanca, 28001 Madrid
Google: 4.7⭐ (132 reseñas)
Web: http://zentrourbanyoga.com/
Maps: https://maps.google.com/?cid=17818693485559613363&g_mp=Cidnb29nbGUubWFwcy5wbGFjZXMudjEuUGxhY2VzLlNlYXJjaFRleHQQAhgEIAA"
cmpcyr30100pmih9u4dvqt9mj,Be Art Yoga,,675 91 84 27,Be Art Yoga,,España,google-maps,atleevoyoga,NUEVO,MEDIA,,,2026-05-19T18:25:33.169Z,2026-05-19T18:25:33.169Z,https://beartyoga.es/,"C. de Alejandro Ferrant, 4, Arganzuela, 28045 Madrid",Madrid,4.9,118,https://maps.google.com/?cid=10397844447096681744&g_mp=Cidnb29nbGUubWFwcy5wbGFjZXMudjEuUGxhY2VzLlNlYXJjaFRleHQQAhgEIAA,yoga_studio,OPERATIONAL,"Importado desde Google Maps
Tipo: Centro de yoga
Dirección: C. de Alejandro Ferrant, 4, Arganzuela, 28045 Madrid
Google: 4.9⭐ (118 reseñas)
Web: https://beartyoga.es/
Maps: https://maps.google.com/?cid=10397844447096681744&g_mp=Cidnb29nbGUubWFwcy5wbGFjZXMudjEuUGxhY2VzLlNlYXJjaFRleHQQAhgEIAA"
cmpcyr39h00pnih9uk6tt2e9g,Madera Yoga Estudio,,604 93 67 76,Madera Yoga Estudio,,España,google-maps,atleevoyoga,NUEVO,MEDIA,,,2026-05-19T18:25:33.510Z,2026-05-19T18:25:33.510Z,https://yogathai.es/madera-yoga-estudio,"C. de la Madera, 34, Centro, 28004 Madrid",Madrid,4.9,40,https://maps.google.com/?cid=58805147399182269&g_mp=Cidnb29nbGUubWFwcy5wbGFjZXMudjEuUGxhY2VzLlNlYXJjaFRleHQQAhgEIAA,yoga_studio,OPERATIONAL,"Importado desde Google Maps
Tipo: Centro de yoga
Dirección: C. de la Madera, 34, Centro, 28004 Madrid
Google: 4.9⭐ (40 reseñas)
Web: https://yogathai.es/madera-yoga-estudio
Maps: https://maps.google.com/?cid=58805147399182269&g_mp=Cidnb29nbGUubWFwcy5wbGFjZXMudjEuUGxhY2VzLlNlYXJjaFRleHQQAhgEIAA"
cmpcyr3ih00poih9uvdljzjzy,Mysore House Madrid 🧘🏻 Ashtanga Yoga,,627 18 54 74,Mysore House Madrid 🧘🏻 Ashtanga Yoga,,España,google-maps,atleevoyoga,NUEVO,MEDIA,,,2026-05-19T18:25:33.833Z,2026-05-19T18:25:33.833Z,https://mysorehouse.es/,"C. de Adela Balboa, 8, Tetuán, 28039 Madrid",Madrid,4.9,175,https://maps.google.com/?cid=1157541230367117395&g_mp=Cidnb29nbGUubWFwcy5wbGFjZXMudjEuUGxhY2VzLlNlYXJjaFRleHQQAhgEIAA,yoga_studio,OPERATIONAL,"Importado desde Google Maps
Tipo: Centro de yoga
Dirección: C. de Adela Balboa, 8, Tetuán, 28039 Madrid
Google: 4.9⭐ (175 reseñas)
Web: https://mysorehouse.es/
Maps: https://maps.google.com/?cid=1157541230367117395&g_mp=Cidnb29nbGUubWFwcy5wbGFjZXMudjEuUGxhY2VzLlNlYXJjaFRleHQQAhgEIAA"
cmpcyr3rj00ppih9uafrccxnq,Elena Ferraris Yoga,,607 87 60 97,Elena Ferraris Yoga,,España,google-maps,atleevoyoga,NUEVO,MEDIA,,,2026-05-19T18:25:34.159Z,2026-05-19T18:25:34.159Z,https://www.elenaferrarisyoga.com/,"Calle de Nicasio Gallego, 1, Chamberí, 28010 Madrid",Madrid,4.9,20,https://maps.google.com/?cid=8140429390918138120&g_mp=Cidnb29nbGUubWFwcy5wbGFjZXMudjEuUGxhY2VzLlNlYXJjaFRleHQQAhgEIAA,yoga_studio,OPERATIONAL,"Importado desde Google Maps
Tipo: Centro de yoga
Dirección: Calle de Nicasio Gallego, 1, Chamberí, 28010 Madrid
Google: 4.9⭐ (20 reseñas)
Web: https://www.elenaferrarisyoga.com/
Maps: https://maps.google.com/?cid=8140429390918138120&g_mp=Cidnb29nbGUubWFwcy5wbGFjZXMudjEuUGxhY2VzLlNlYXJjaFRleHQQAhgEIAA"
cmpcyr40u00pqih9ukljnqbsl,Suca Yoga,,613 01 40 24,Suca Yoga,,España,google-maps,atleevoyoga,NUEVO,MEDIA,,,2026-05-19T18:25:34.495Z,2026-05-19T18:25:34.495Z,https://sucayoga.com/,"C. del Pinar, 8, Salamanca, 28006 Madrid",Madrid,4.9,77,https://maps.google.com/?cid=8345727629657983237&g_mp=Cidnb29nbGUubWFwcy5wbGFjZXMudjEuUGxhY2VzLlNlYXJjaFRleHQQAhgEIAA,yoga_studio,OPERATIONAL,"Importado desde Google Maps
Tipo: Centro de yoga
Dirección: C. del Pinar, 8, Salamanca, 28006 Madrid
Google: 4.9⭐ (77 reseñas)
Web: https://sucayoga.com/
Maps: https://maps.google.com/?cid=8345727629657983237&g_mp=Cidnb29nbGUubWFwcy5wbGFjZXMudjEuUGxhY2VzLlNlYXJjaFRleHQQAhgEIAA"
cmpcyr49w00prih9u91njejln,the studiOm,,,the studiOm,,España,google-maps,atleevoyoga,NUEVO,MEDIA,,,2026-05-19T18:25:34.820Z,2026-05-19T18:25:34.820Z,http://thestudiomyoga.com/,"P.º de La Habana, 54, 1 izq 1, Chamartín, 28036 Madrid",Madrid,4.7,47,https://maps.google.com/?cid=5865286309743933108&g_mp=Cidnb29nbGUubWFwcy5wbGFjZXMudjEuUGxhY2VzLlNlYXJjaFRleHQQAhgEIAA,yoga_studio,OPERATIONAL,"Importado desde Google Maps
Tipo: Centro de yoga
Dirección: P.º de La Habana, 54, 1 izq 1, Chamartín, 28036 Madrid
Google: 4.7⭐ (47 reseñas)
Web: http://thestudiomyoga.com/
Maps: https://maps.google.com/?cid=5865286309743933108&g_mp=Cidnb29nbGUubWFwcy5wbGFjZXMudjEuUGxhY2VzLlNlYXJjaFRleHQQAhgEIAA"
cmpcyr4j300psih9uhba4lo5v,Avagar Centro de Yoga y Salud,,915 79 72 82,Avagar Centro de Yoga y Salud,,España,google-maps,atleevoyoga,NUEVO,MEDIA,,,2026-05-19T18:25:35.151Z,2026-05-19T18:25:35.151Z,http://www.avagar.com/,"C. de Bravo Murillo, 243, entreplanta, Tetuán, 28020 Madrid",Madrid,4.9,53,https://maps.google.com/?cid=2214032358210453061&g_mp=Cidnb29nbGUubWFwcy5wbGFjZXMudjEuUGxhY2VzLlNlYXJjaFRleHQQAhgEIAA,yoga_studio,OPERATIONAL,"Importado desde Google Maps
Tipo: Centro de yoga
Dirección: C. de Bravo Murillo, 243, entreplanta, Tetuán, 28020 Madrid
Google: 4.9⭐ (53 reseñas)
Web: http://www.avagar.com/
Maps: https://maps.google.com/?cid=2214032358210453061&g_mp=Cidnb29nbGUubWFwcy5wbGFjZXMudjEuUGxhY2VzLlNlYXJjaFRleHQQAhgEIAA"
cmpcyr4s400ptih9uyoyegrkp,N Yoga Studio,,696 28 89 68,N Yoga Studio,,España,google-maps,atleevoyoga,NUEVO,MEDIA,,,2026-05-19T18:25:35.476Z,2026-05-19T18:25:35.476Z,,"C. de Carretas, 14, 1ºD, Centro, 28012 Madrid",Madrid,5,75,https://maps.google.com/?cid=4917815946432930098&g_mp=Cidnb29nbGUubWFwcy5wbGFjZXMudjEuUGxhY2VzLlNlYXJjaFRleHQQAhgEIAA,yoga_studio,OPERATIONAL,"Importado desde Google Maps
Tipo: Centro de yoga
Dirección: C. de Carretas, 14, 1ºD, Centro, 28012 Madrid
Google: 5⭐ (75 reseñas)
Maps: https://maps.google.com/?cid=4917815946432930098&g_mp=Cidnb29nbGUubWFwcy5wbGFjZXMudjEuUGxhY2VzLlNlYXJjaFRleHQQAhgEIAA"
cmpcyr53j00puih9uhw3rxgtm,Centro de Yoga Sivananda,,913 61 51 50,Centro de Yoga Sivananda,,España,google-maps,atleevoyoga,NUEVO,MEDIA,,,2026-05-19T18:25:35.887Z,2026-05-19T18:25:35.887Z,http://www.sivananda.es/,"C. de Eraso, 4, Salamanca, 28028 Madrid",Madrid,4.6,65,https://maps.google.com/?cid=11637243544434777748&g_mp=Cidnb29nbGUubWFwcy5wbGFjZXMudjEuUGxhY2VzLlNlYXJjaFRleHQQAhgEIAA,yoga_studio,OPERATIONAL,"Importado desde Google Maps
Tipo: Centro de yoga
Dirección: C. de Eraso, 4, Salamanca, 28028 Madrid
Google: 4.6⭐ (65 reseñas)
Web: http://www.sivananda.es/
Maps: https://maps.google.com/?cid=11637243544434777748&g_mp=Cidnb29nbGUubWFwcy5wbGFjZXMudjEuUGxhY2VzLlNlYXJjaFRleHQQAhgEIAA"
cmpcyr5cm00pvih9ujc8vvey1,Por Amor al Yoga,,629 40 37 74,Por Amor al Yoga,,España,google-maps,atleevoyoga,NUEVO,MEDIA,,,2026-05-19T18:25:36.215Z,2026-05-19T18:25:36.215Z,http://www.poramoralyoga.com/,"C/ de Fernando Garrido, 9, Local 1, Chamberí, 28015 Madrid",Madrid,5,102,https://maps.google.com/?cid=10312534491385713417&g_mp=Cidnb29nbGUubWFwcy5wbGFjZXMudjEuUGxhY2VzLlNlYXJjaFRleHQQAhgEIAA,yoga_studio,OPERATIONAL,"Importado desde Google Maps
Tipo: Centro de yoga
Dirección: C/ de Fernando Garrido, 9, Local 1, Chamberí, 28015 Madrid
Google: 5⭐ (102 reseñas)
Web: http://www.poramoralyoga.com/
Maps: https://maps.google.com/?cid=10312534491385713417&g_mp=Cidnb29nbGUubWFwcy5wbGFjZXMudjEuUGxhY2VzLlNlYXJjaFRleHQQAhgEIAA"
cmpcyr5lk00pwih9ueptgrsby,Samsara,,678 46 36 89,Samsara,,España,google-maps,atleevoyoga,NUEVO,MEDIA,,,2026-05-19T18:25:36.537Z,2026-05-19T18:25:36.537Z,http://www.samsarayoga.es/,"C. de Jorge Juan, 147, Salamanca, 28028 Madrid",Madrid,5,66,https://maps.google.com/?cid=4081494925598211005&g_mp=Cidnb29nbGUubWFwcy5wbGFjZXMudjEuUGxhY2VzLlNlYXJjaFRleHQQAhgEIAA,yoga_studio,OPERATIONAL,"Importado desde Google Maps
Tipo: Centro de yoga
Dirección: C. de Jorge Juan, 147, Salamanca, 28028 Madrid
Google: 5⭐ (66 reseñas)
Web: http://www.samsarayoga.es/
Maps: https://maps.google.com/?cid=4081494925598211005&g_mp=Cidnb29nbGUubWFwcy5wbGFjZXMudjEuUGxhY2VzLlNlYXJjaFRleHQQAhgEIAA"
cmpcyr5us00pxih9u66p2ie52,Victoria Studio Pilates & Yoga Salamanca,,669 16 36 78,Victoria Studio Pilates & Yoga Salamanca,,España,google-maps,atleevoyoga,NUEVO,MEDIA,,,2026-05-19T18:25:36.868Z,2026-05-19T18:25:36.868Z,http://www.victoriastudio.es/,"Calle del General Díaz Porlier, 2, Salamanca, 28001 Madrid",Madrid,5,60,https://maps.google.com/?cid=15942460520464087617&g_mp=Cidnb29nbGUubWFwcy5wbGFjZXMudjEuUGxhY2VzLlNlYXJjaFRleHQQAhgEIAA,gym,OPERATIONAL,"Importado desde Google Maps
Tipo: Gimnasio
Dirección: Calle del General Díaz Porlier, 2, Salamanca, 28001 Madrid
Google: 5⭐ (60 reseñas)
Web: http://www.victoriastudio.es/
Maps: https://maps.google.com/?cid=15942460520464087617&g_mp=Cidnb29nbGUubWFwcy5wbGFjZXMudjEuUGxhY2VzLlNlYXJjaFRleHQQAhgEIAA"
cmpcyr64700pyih9ugfsobry3,Satnam,,686 36 10 86,Satnam,,España,google-maps,atleevoyoga,NUEVO,MEDIA,,,2026-05-19T18:25:37.208Z,2026-05-19T18:25:37.208Z,http://www.satnamyoga.es/,"C. de la Condesa de Venadito, 18, 20, Cdad. Lineal, 28027 Madrid",Madrid,5,174,https://maps.google.com/?cid=10550784908256689762&g_mp=Cidnb29nbGUubWFwcy5wbGFjZXMudjEuUGxhY2VzLlNlYXJjaFRleHQQAhgEIAA,gym,OPERATIONAL,"Importado desde Google Maps
Tipo: Gimnasio
Dirección: C. de la Condesa de Venadito, 18, 20, Cdad. Lineal, 28027 Madrid
Google: 5⭐ (174 reseñas)
Web: http://www.satnamyoga.es/
Maps: https://maps.google.com/?cid=10550784908256689762&g_mp=Cidnb29nbGUubWFwcy5wbGFjZXMudjEuUGxhY2VzLlNlYXJjaFRleHQQAhgEIAA"
cmpcyr6dd00pzih9u92admp1h,KANIKA YOGA,,693 46 04 69,KANIKA YOGA,,España,google-maps,atleevoyoga,NUEVO,MEDIA,,,2026-05-19T18:25:37.537Z,2026-05-19T18:25:37.537Z,https://www.kanikayoga.es/,"C. de la Arquitectura, 11, Arganzuela, 28005 Madrid",Madrid,4.9,168,https://maps.google.com/?cid=5790275730227830290&g_mp=Cidnb29nbGUubWFwcy5wbGFjZXMudjEuUGxhY2VzLlNlYXJjaFRleHQQAhgEIAA,yoga_studio,OPERATIONAL,"Importado desde Google Maps
Tipo: Centro de yoga
Dirección: C. de la Arquitectura, 11, Arganzuela, 28005 Madrid
Google: 4.9⭐ (168 reseñas)
Web: https://www.kanikayoga.es/
Maps: https://maps.google.com/?cid=5790275730227830290&g_mp=Cidnb29nbGUubWFwcy5wbGFjZXMudjEuUGxhY2VzLlNlYXJjaFRleHQQAhgEIAA"
cmpcyr6mf00q0ih9uwu85xs6u,The Sūrya Yoga Studio,,677 13 13 87,The Sūrya Yoga Studio,,España,google-maps,atleevoyoga,NUEVO,MEDIA,,,2026-05-19T18:25:37.863Z,2026-05-19T18:25:37.863Z,https://www.instagram.com/thesurya.studio?igsh=MTB6aDYzazAyMXh5eg==&utm_source=qr,"C. Tomás Meabe, 12, Carabanchel, 28019 Madrid",Madrid,5,16,https://maps.google.com/?cid=4865483258174387784&g_mp=Cidnb29nbGUubWFwcy5wbGFjZXMudjEuUGxhY2VzLlNlYXJjaFRleHQQAhgEIAA,yoga_studio,OPERATIONAL,"Importado desde Google Maps
Tipo: Centro de yoga
Dirección: C. Tomás Meabe, 12, Carabanchel, 28019 Madrid
Google: 5⭐ (16 reseñas)
Web: https://www.instagram.com/thesurya.studio?igsh=MTB6aDYzazAyMXh5eg==&utm_source=qr
Maps: https://maps.google.com/?cid=4865483258174387784&g_mp=Cidnb29nbGUubWFwcy5wbGFjZXMudjEuUGxhY2VzLlNlYXJjaFRleHQQAhgEIAA"
cmpcyr6vq00q1ih9udih4qzsb,MeSpacio Yoga,,687 74 14 73,MeSpacio Yoga,,España,google-maps,atleevoyoga,NUEVO,MEDIA,,,2026-05-19T18:25:38.198Z,2026-05-19T18:25:38.198Z,,"C. de Belén, 3, 2º Derecha, Centro, 28004 Madrid",Madrid,5,37,https://maps.google.com/?cid=12479305568706348263&g_mp=Cidnb29nbGUubWFwcy5wbGFjZXMudjEuUGxhY2VzLlNlYXJjaFRleHQQAhgEIAA,yoga_studio,OPERATIONAL,"Importado desde Google Maps
Tipo: Centro de yoga
Dirección: C. de Belén, 3, 2º Derecha, Centro, 28004 Madrid
Google: 5⭐ (37 reseñas)
Maps: https://maps.google.com/?cid=12479305568706348263&g_mp=Cidnb29nbGUubWFwcy5wbGFjZXMudjEuUGxhY2VzLlNlYXJjaFRleHQQAhgEIAA"
cmpcyr74y00q2ih9uqzm0g971,Ashtanga Yoga Madrid,,681 02 31 10,Ashtanga Yoga Madrid,,España,google-maps,atleevoyoga,NUEVO,MEDIA,,,2026-05-19T18:25:38.531Z,2026-05-19T18:25:38.531Z,https://www.ashtangayogamadrid.com/,"C. de Espoz y Mina, 17, Centro, 28012 Madrid",Madrid,4.9,93,https://maps.google.com/?cid=12717538940502167096&g_mp=Cidnb29nbGUubWFwcy5wbGFjZXMudjEuUGxhY2VzLlNlYXJjaFRleHQQAhgEIAA,yoga_studio,OPERATIONAL,"Importado desde Google Maps
Tipo: Centro de yoga
Dirección: C. de Espoz y Mina, 17, Centro, 28012 Madrid
Google: 4.9⭐ (93 reseñas)
Web: https://www.ashtangayogamadrid.com/
Maps: https://maps.google.com/?cid=12717538940502167096&g_mp=Cidnb29nbGUubWFwcy5wbGFjZXMudjEuUGxhY2VzLlNlYXJjaFRleHQQAhgEIAA"
cmpcyr7ej00q3ih9uxqzhsvbh,More Yoga Madrid,,,More Yoga Madrid,,España,google-maps,atleevoyoga,NUEVO,MEDIA,,,2026-05-19T18:25:38.875Z,2026-05-19T18:25:38.875Z,https://moreyogamadrid.com/,"Pl. del Conde de Miranda, 1, Local 1, Centro, 28005 Madrid",Madrid,4.9,68,https://maps.google.com/?cid=1601327240486085981&g_mp=Cidnb29nbGUubWFwcy5wbGFjZXMudjEuUGxhY2VzLlNlYXJjaFRleHQQAhgEIAA,yoga_studio,OPERATIONAL,"Importado desde Google Maps
Tipo: Centro de yoga
Dirección: Pl. del Conde de Miranda, 1, Local 1, Centro, 28005 Madrid
Google: 4.9⭐ (68 reseñas)
Web: https://moreyogamadrid.com/
Maps: https://maps.google.com/?cid=1601327240486085981&g_mp=Cidnb29nbGUubWFwcy5wbGFjZXMudjEuUGxhY2VzLlNlYXJjaFRleHQQAhgEIAA"
cmpcyr7nk00q4ih9udjai2911,Espacio Kendra,,674 81 17 12,Espacio Kendra,,España,google-maps,atleevoyoga,NUEVO,MEDIA,,,2026-05-19T18:25:39.200Z,2026-05-19T18:25:39.200Z,http://www.espaciokendra.com/,"C. de Mantuano, 19, Chamartín, 28002 Madrid",Madrid,4.9,79,https://maps.google.com/?cid=7443732154299088217&g_mp=Cidnb29nbGUubWFwcy5wbGFjZXMudjEuUGxhY2VzLlNlYXJjaFRleHQQAhgEIAA,yoga_studio,OPERATIONAL,"Importado desde Google Maps
Tipo: Centro de yoga
Dirección: C. de Mantuano, 19, Chamartín, 28002 Madrid
Google: 4.9⭐ (79 reseñas)
Web: http://www.espaciokendra.com/
Maps: https://maps.google.com/?cid=7443732154299088217&g_mp=Cidnb29nbGUubWFwcy5wbGFjZXMudjEuUGxhY2VzLlNlYXJjaFRleHQQAhgEIAA"
cmpcyr7wn00q5ih9ujsano4uj,Escuela de Yoga en Madrid | Satyalok Yoga,,677 77 94 42,Escuela de Yoga en Madrid | Satyalok Yoga,,España,google-maps,atleevoyoga,NUEVO,MEDIA,,,2026-05-19T18:25:39.527Z,2026-05-19T18:25:39.527Z,http://www.yogasatyalok.com/,"C. de Agustín de Foxá, 13, Bajo C, Chamartín, 28036 Madrid",Madrid,5,75,https://maps.google.com/?cid=11988247716977798400&g_mp=Cidnb29nbGUubWFwcy5wbGFjZXMudjEuUGxhY2VzLlNlYXJjaFRleHQQAhgEIAA,yoga_studio,OPERATIONAL,"Importado desde Google Maps
Tipo: Centro de yoga
Dirección: C. de Agustín de Foxá, 13, Bajo C, Chamartín, 28036 Madrid
Google: 5⭐ (75 reseñas)
Web: http://www.yogasatyalok.com/
Maps: https://maps.google.com/?cid=11988247716977798400&g_mp=Cidnb29nbGUubWFwcy5wbGFjZXMudjEuUGxhY2VzLlNlYXJjaFRleHQQAhgEIAA"
cmpcyr85u00q6ih9u8ox2bm2z,Fly Gaia Studio - Yoga Aéreo & Terapias Integrativas,,672 73 75 35,Fly Gaia Studio - Yoga Aéreo & Terapias Integrativas,,España,google-maps,atleevoyoga,NUEVO,MEDIA,,,2026-05-19T18:25:39.858Z,2026-05-19T18:25:39.858Z,,"Calle de Castilla, 47, Tetuán, 28039 Madrid",Madrid,5,77,https://maps.google.com/?cid=4024699789154168647&g_mp=Cidnb29nbGUubWFwcy5wbGFjZXMudjEuUGxhY2VzLlNlYXJjaFRleHQQAhgEIAA,yoga_studio,OPERATIONAL,"Importado desde Google Maps
Tipo: Centro de yoga
Dirección: Calle de Castilla, 47, Tetuán, 28039 Madrid
Google: 5⭐ (77 reseñas)
Maps: https://maps.google.com/?cid=4024699789154168647&g_mp=Cidnb29nbGUubWFwcy5wbGFjZXMudjEuUGxhY2VzLlNlYXJjaFRleHQQAhgEIAA"
cmpcyr8eu00q7ih9uikb6lb6d,Kushala Centro De Yoga Y Bienestar,,658 50 13 44,Kushala Centro De Yoga Y Bienestar,,España,google-maps,atleevoyoga,NUEVO,MEDIA,,,2026-05-19T18:25:40.183Z,2026-05-19T18:25:40.183Z,http://ueni.com/es-es/b/kushalayoga,"Calle del Gral. Ramírez de Madrid, 14, Tetuán, 28020 Madrid",Madrid,5,66,https://maps.google.com/?cid=1956480879091423630&g_mp=Cidnb29nbGUubWFwcy5wbGFjZXMudjEuUGxhY2VzLlNlYXJjaFRleHQQAhgEIAA,yoga_studio,OPERATIONAL,"Importado desde Google Maps
Tipo: Centro de yoga
Dirección: Calle del Gral. Ramírez de Madrid, 14, Tetuán, 28020 Madrid
Google: 5⭐ (66 reseñas)
Web: http://ueni.com/es-es/b/kushalayoga
Maps: https://maps.google.com/?cid=1956480879091423630&g_mp=Cidnb29nbGUubWFwcy5wbGFjZXMudjEuUGxhY2VzLlNlYXJjaFRleHQQAhgEIAA"
cmpcyr8p200q8ih9uzbr6s1z9,LIVE YOGA,,643 87 45 87,LIVE YOGA,,España,google-maps,atleevoyoga,NUEVO,MEDIA,,,2026-05-19T18:25:40.550Z,2026-05-19T18:25:40.550Z,https://liveyoga.es/,"C. de Rufino Blanco, 9, Salamanca, 28028 Madrid",Madrid,5,179,https://maps.google.com/?cid=14960332556333449554&g_mp=Cidnb29nbGUubWFwcy5wbGFjZXMudjEuUGxhY2VzLlNlYXJjaFRleHQQAhgEIAA,yoga_studio,OPERATIONAL,"Importado desde Google Maps
Tipo: Centro de yoga
Dirección: C. de Rufino Blanco, 9, Salamanca, 28028 Madrid
Google: 5⭐ (179 reseñas)
Web: https://liveyoga.es/
Maps: https://maps.google.com/?cid=14960332556333449554&g_mp=Cidnb29nbGUubWFwcy5wbGFjZXMudjEuUGxhY2VzLlNlYXJjaFRleHQQAhgEIAA"
cmpcyr8yf00q9ih9uyoqouzo2,SALA DE YOGA ESPACIO ALMA MADRID,,635 64 88 29,SALA DE YOGA ESPACIO ALMA MADRID,,España,google-maps,atleevoyoga,NUEVO,MEDIA,,,2026-05-19T18:25:40.887Z,2026-05-19T18:25:40.887Z,https://espacioalmamadrid.es/,"CALLE MONTERA 24, 3 PLANTA LETRA L, Centro, 28012 Madrid",Madrid,5,6,https://maps.google.com/?cid=1755343495635508414&g_mp=Cidnb29nbGUubWFwcy5wbGFjZXMudjEuUGxhY2VzLlNlYXJjaFRleHQQAhgEIAA,yoga_studio,OPERATIONAL,"Importado desde Google Maps
Tipo: Centro de yoga
Dirección: CALLE MONTERA 24, 3 PLANTA LETRA L, Centro, 28012 Madrid
Google: 5⭐ (6 reseñas)
Web: https://espacioalmamadrid.es/
Maps: https://maps.google.com/?cid=1755343495635508414&g_mp=Cidnb29nbGUubWFwcy5wbGFjZXMudjEuUGxhY2VzLlNlYXJjaFRleHQQAhgEIAA"
cmpcyr97w00qaih9ug0e5g28t,Akaljoti Yoga,,679 21 01 67,Akaljoti Yoga,,España,google-maps,atleevoyoga,NUEVO,MEDIA,,,2026-05-19T18:25:41.229Z,2026-05-19T18:25:41.229Z,https://miretirodeyoga.com/,"La Parcería, C. de Martín de Vargas, 13, local 3, Arganzuela, 28005 Madrid",Madrid,5,138,https://maps.google.com/?cid=10437921626624169073&g_mp=Cidnb29nbGUubWFwcy5wbGFjZXMudjEuUGxhY2VzLlNlYXJjaFRleHQQAhgEIAA,yoga_studio,OPERATIONAL,"Importado desde Google Maps
Tipo: Centro de yoga
Dirección: La Parcería, C. de Martín de Vargas, 13, local 3, Arganzuela, 28005 Madrid
Google: 5⭐ (138 reseñas)
Web: https://miretirodeyoga.com/
Maps: https://maps.google.com/?cid=10437921626624169073&g_mp=Cidnb29nbGUubWFwcy5wbGFjZXMudjEuUGxhY2VzLlNlYXJjaFRleHQQAhgEIAA"
cmpcyr9h600qbih9ul3kh3bi8,Yogaconmigo,,687 27 09 31,Yogaconmigo,,España,google-maps,atleevoyoga,NUEVO,MEDIA,,,2026-05-19T18:25:41.562Z,2026-05-19T18:25:41.562Z,https://yogaconmigo.lovable.app/,"C. de Mira el Sol, 1, Centro, 28005 Madrid",Madrid,4.9,181,https://maps.google.com/?cid=7660891053574780596&g_mp=Cidnb29nbGUubWFwcy5wbGFjZXMudjEuUGxhY2VzLlNlYXJjaFRleHQQAhgEIAA,yoga_studio,OPERATIONAL,"Importado desde Google Maps
Tipo: Centro de yoga
Dirección: C. de Mira el Sol, 1, Centro, 28005 Madrid
Google: 4.9⭐ (181 reseñas)
Web: https://yogaconmigo.lovable.app/
Maps: https://maps.google.com/?cid=7660891053574780596&g_mp=Cidnb29nbGUubWFwcy5wbGFjZXMudjEuUGxhY2VzLlNlYXJjaFRleHQQAhgEIAA"
cmpcyr9qs00qcih9uu7jb9vwm,Hot Yoga Madrid,,910 06 96 42,Hot Yoga Madrid,,España,google-maps,atleevoyoga,NUEVO,MEDIA,,,2026-05-19T18:25:41.908Z,2026-05-19T18:25:41.908Z,https://hotyogamadrid.com/,"C. de Fernando el Católico, 23, Chamberí, 28015 Madrid",Madrid,4.6,178,https://maps.google.com/?cid=16091624690260054741&g_mp=Cidnb29nbGUubWFwcy5wbGFjZXMudjEuUGxhY2VzLlNlYXJjaFRleHQQAhgEIAA,yoga_studio,OPERATIONAL,"Importado desde Google Maps
Tipo: Centro de yoga
Dirección: C. de Fernando el Católico, 23, Chamberí, 28015 Madrid
Google: 4.6⭐ (178 reseñas)
Web: https://hotyogamadrid.com/
Maps: https://maps.google.com/?cid=16091624690260054741&g_mp=Cidnb29nbGUubWFwcy5wbGFjZXMudjEuUGxhY2VzLlNlYXJjaFRleHQQAhgEIAA"
cmpcyra0c00qdih9uhi1trpes,Yogasuite,,645 95 24 53,Yogasuite,,España,google-maps,atleevoyoga,NUEVO,MEDIA,,,2026-05-19T18:25:42.253Z,2026-05-19T18:25:42.253Z,http://www.yogasuite.es/,"C. de la Cabeza, 15, 2º Derecha, Centro, 28012 Madrid",Madrid,4.7,21,https://maps.google.com/?cid=10232225277785915307&g_mp=Cidnb29nbGUubWFwcy5wbGFjZXMudjEuUGxhY2VzLlNlYXJjaFRleHQQAhgEIAA,yoga_studio,OPERATIONAL,"Importado desde Google Maps
Tipo: Centro de yoga
Dirección: C. de la Cabeza, 15, 2º Derecha, Centro, 28012 Madrid
Google: 4.7⭐ (21 reseñas)
Web: http://www.yogasuite.es/
Maps: https://maps.google.com/?cid=10232225277785915307&g_mp=Cidnb29nbGUubWFwcy5wbGFjZXMudjEuUGxhY2VzLlNlYXJjaFRleHQQAhgEIAA"
cmpcyra9m00qeih9u3cqgrhqd,Yoga Retiro,,914 09 67 57,Yoga Retiro,,España,google-maps,atleevoyoga,NUEVO,MEDIA,,,2026-05-19T18:25:42.587Z,2026-05-19T18:25:42.587Z,http://www.yogaretiro.es/,"Plaza del Dr. Laguna, 7, Retiro, 28009 Madrid",Madrid,4.9,39,https://maps.google.com/?cid=10178676272649358236&g_mp=Cidnb29nbGUubWFwcy5wbGFjZXMudjEuUGxhY2VzLlNlYXJjaFRleHQQAhgEIAA,yoga_studio,OPERATIONAL,"Importado desde Google Maps
Tipo: Centro de yoga
Dirección: Plaza del Dr. Laguna, 7, Retiro, 28009 Madrid
Google: 4.9⭐ (39 reseñas)
Web: http://www.yogaretiro.es/
Maps: https://maps.google.com/?cid=10178676272649358236&g_mp=Cidnb29nbGUubWFwcy5wbGFjZXMudjEuUGxhY2VzLlNlYXJjaFRleHQQAhgEIAA"
cmpcyraj700qfih9uq08bf1qg,Khanti Yoga – Hatha Yoga Clásico,,603 55 53 39,Khanti Yoga – Hatha Yoga Clásico,,España,google-maps,atleevoyoga,NUEVO,MEDIA,,,2026-05-19T18:25:42.931Z,2026-05-19T18:25:42.931Z,https://khantiyoga.com/,"Calle de Manuel Cortina, 3, Chamberí, 28010 Madrid",Madrid,4.9,18,https://maps.google.com/?cid=17293241935491102788&g_mp=Cidnb29nbGUubWFwcy5wbGFjZXMudjEuUGxhY2VzLlNlYXJjaFRleHQQAhgEIAA,yoga_studio,OPERATIONAL,"Importado desde Google Maps
Tipo: Centro de yoga
Dirección: Calle de Manuel Cortina, 3, Chamberí, 28010 Madrid
Google: 4.9⭐ (18 reseñas)
Web: https://khantiyoga.com/
Maps: https://maps.google.com/?cid=17293241935491102788&g_mp=Cidnb29nbGUubWFwcy5wbGFjZXMudjEuUGxhY2VzLlNlYXJjaFRleHQQAhgEIAA"
cmpcyrase00qgih9ufvfol380,"Atiyasana | Yoga in English, Thai Massage & Teacher Mentorship in Madrid",,611 72 02 45,"Atiyasana | Yoga in English, Thai Massage & Teacher Mentorship in Madrid",,España,google-maps,atleevoyoga,NUEVO,MEDIA,,,2026-05-19T18:25:43.263Z,2026-05-19T18:25:43.263Z,https://www.atiyasana.com/,"C. de Bustamante, 9, Arganzuela, 28045 Madrid",Madrid,5,86,https://maps.google.com/?cid=15972532699116163588&g_mp=Cidnb29nbGUubWFwcy5wbGFjZXMudjEuUGxhY2VzLlNlYXJjaFRleHQQAhgEIAA,yoga_studio,OPERATIONAL,"Importado desde Google Maps
Tipo: Centro de yoga
Dirección: C. de Bustamante, 9, Arganzuela, 28045 Madrid
Google: 5⭐ (86 reseñas)
Web: https://www.atiyasana.com/
Maps: https://maps.google.com/?cid=15972532699116163588&g_mp=Cidnb29nbGUubWFwcy5wbGFjZXMudjEuUGxhY2VzLlNlYXJjaFRleHQQAhgEIAA"
cmpcyrb1o00qhih9u8k4pginf,Renacer studio yoga,,685 42 41 45,Renacer studio yoga,,España,google-maps,atleevoyoga,NUEVO,MEDIA,,,2026-05-19T18:25:43.596Z,2026-05-19T18:25:43.596Z,https://www.renacerstudioyoga.net/,"Ronda de Toledo, 16, Arganzuela, 28005 Madrid",Madrid,5,38,https://maps.google.com/?cid=8158926710895216348&g_mp=Cidnb29nbGUubWFwcy5wbGFjZXMudjEuUGxhY2VzLlNlYXJjaFRleHQQAhgEIAA,yoga_studio,OPERATIONAL,"Importado desde Google Maps
Tipo: Centro de yoga
Dirección: Ronda de Toledo, 16, Arganzuela, 28005 Madrid
Google: 5⭐ (38 reseñas)
Web: https://www.renacerstudioyoga.net/
Maps: https://maps.google.com/?cid=8158926710895216348&g_mp=Cidnb29nbGUubWFwcy5wbGFjZXMudjEuUGxhY2VzLlNlYXJjaFRleHQQAhgEIAA"
cmpcyrbax00qiih9u31flk14i,Asana Groove - Yoga Studio | Madrid,,676 63 37 92,Asana Groove - Yoga Studio | Madrid,,España,google-maps,atleevoyoga,NUEVO,MEDIA,,,2026-05-19T18:25:43.929Z,2026-05-19T18:25:43.929Z,https://www.asanagroove.com/es?utm_source=google&utm_medium=organic&utm_campaign=google-business-profile,"C. de Serrano, 40, 1D, Salamanca, 28001 Madrid",Madrid,4.8,82,https://maps.google.com/?cid=2863668456625815374&g_mp=Cidnb29nbGUubWFwcy5wbGFjZXMudjEuUGxhY2VzLlNlYXJjaFRleHQQAhgEIAA,yoga_studio,OPERATIONAL,"Importado desde Google Maps
Tipo: Centro de yoga
Dirección: C. de Serrano, 40, 1D, Salamanca, 28001 Madrid
Google: 4.8⭐ (82 reseñas)
Web: https://www.asanagroove.com/es?utm_source=google&utm_medium=organic&utm_campaign=google-business-profile
Maps: https://maps.google.com/?cid=2863668456625815374&g_mp=Cidnb29nbGUubWFwcy5wbGFjZXMudjEuUGxhY2VzLlNlYXJjaFRleHQQAhgEIAA"
cmpcyrbl600qjih9ux7eocuit,Gioga Shala Ashtanga Yoga,,651 55 06 71,Gioga Shala Ashtanga Yoga,,España,google-maps,atleevoyoga,NUEVO,MEDIA,,,2026-05-19T18:25:44.298Z,2026-05-19T18:25:44.298Z,https://www.giogashala.es/contacto,"C. del Conde de Aranda, 20, 1ºC, Salamanca, 28001 Madrid",Madrid,5,45,https://maps.google.com/?cid=7282687755042459906&g_mp=Cidnb29nbGUubWFwcy5wbGFjZXMudjEuUGxhY2VzLlNlYXJjaFRleHQQAhgEIAA,yoga_studio,OPERATIONAL,"Importado desde Google Maps
Tipo: Centro de yoga
Dirección: C. del Conde de Aranda, 20, 1ºC, Salamanca, 28001 Madrid
Google: 5⭐ (45 reseñas)
Web: https://www.giogashala.es/contacto
Maps: https://maps.google.com/?cid=7282687755042459906&g_mp=Cidnb29nbGUubWFwcy5wbGFjZXMudjEuUGxhY2VzLlNlYXJjaFRleHQQAhgEIAA"
cmpcyrbuf00qkih9uor505255,"GONG - Club de yoga, barre y pilates",,911 99 29 54,"GONG - Club de yoga, barre y pilates",,España,google-maps,atleevoyoga,NUEVO,MEDIA,,,2026-05-19T18:25:44.632Z,2026-05-19T18:25:44.632Z,https://gong.yoga/,"P.º del Gral. Martínez Campos, 24, Chamberí, 28010 Madrid",Madrid,4.4,69,https://maps.google.com/?cid=1420207887758033173&g_mp=Cidnb29nbGUubWFwcy5wbGFjZXMudjEuUGxhY2VzLlNlYXJjaFRleHQQAhgEIAA,yoga_studio,OPERATIONAL,"Importado desde Google Maps
Tipo: Centro de yoga
Dirección: P.º del Gral. Martínez Campos, 24, Chamberí, 28010 Madrid
Google: 4.4⭐ (69 reseñas)
Web: https://gong.yoga/
Maps: https://maps.google.com/?cid=1420207887758033173&g_mp=Cidnb29nbGUubWFwcy5wbGFjZXMudjEuUGxhY2VzLlNlYXJjaFRleHQQAhgEIAA"
cmpcyrc3o00qlih9uaoun7xso,Nosaltres Yoga Lavapiés,,623 02 93 93,Nosaltres Yoga Lavapiés,,España,google-maps,atleevoyoga,NUEVO,MEDIA,,,2026-05-19T18:25:44.965Z,2026-05-19T18:25:44.965Z,https://nosaltresyogalavapies.org/,"C. de Jesús y María, 22, local Dcha, Centro, 28012 Madrid",Madrid,5,132,https://maps.google.com/?cid=2646113664962648579&g_mp=Cidnb29nbGUubWFwcy5wbGFjZXMudjEuUGxhY2VzLlNlYXJjaFRleHQQAhgEIAA,yoga_studio,OPERATIONAL,"Importado desde Google Maps
Tipo: Centro de yoga
Dirección: C. de Jesús y María, 22, local Dcha, Centro, 28012 Madrid
Google: 5⭐ (132 reseñas)
Web: https://nosaltresyogalavapies.org/
Maps: https://maps.google.com/?cid=2646113664962648579&g_mp=Cidnb29nbGUubWFwcy5wbGFjZXMudjEuUGxhY2VzLlNlYXJjaFRleHQQAhgEIAA"
cmpcyrccw00qmih9uwudaov5n,Koan Estudio,,625 13 50 30,Koan Estudio,,España,google-maps,atleevoyoga,NUEVO,MEDIA,,,2026-05-19T18:25:45.297Z,2026-05-19T18:25:45.297Z,http://www.koanestudio.es/,"Calle de los Tres Peces, 9, Centro, 28012 Madrid",Madrid,5,30,https://maps.google.com/?cid=14489353708605715763&g_mp=Cidnb29nbGUubWFwcy5wbGFjZXMudjEuUGxhY2VzLlNlYXJjaFRleHQQAhgEIAA,yoga_studio,OPERATIONAL,"Importado desde Google Maps
Tipo: Centro de yoga
Dirección: Calle de los Tres Peces, 9, Centro, 28012 Madrid
Google: 5⭐ (30 reseñas)
Web: http://www.koanestudio.es/
Maps: https://maps.google.com/?cid=14489353708605715763&g_mp=Cidnb29nbGUubWFwcy5wbGFjZXMudjEuUGxhY2VzLlNlYXJjaFRleHQQAhgEIAA"
cmpcyrcn600qnih9u8rsjgfua,Escuela de yoga Prem,,605 85 29 06,Escuela de yoga Prem,,España,google-maps,atleevoyoga,NUEVO,MEDIA,,,2026-05-19T18:25:45.667Z,2026-05-19T18:25:45.667Z,http://www.escuelayogaprem.com/,"C. de Colombia, 18, bajo C, Chamartín, 28016 Madrid",Madrid,5,31,https://maps.google.com/?cid=3758451727688904139&g_mp=Cidnb29nbGUubWFwcy5wbGFjZXMudjEuUGxhY2VzLlNlYXJjaFRleHQQAhgEIAA,yoga_studio,OPERATIONAL,"Importado desde Google Maps
Tipo: Centro de yoga
Dirección: C. de Colombia, 18, bajo C, Chamartín, 28016 Madrid
Google: 5⭐ (31 reseñas)
Web: http://www.escuelayogaprem.com/
Maps: https://maps.google.com/?cid=3758451727688904139&g_mp=Cidnb29nbGUubWFwcy5wbGFjZXMudjEuUGxhY2VzLlNlYXJjaFRleHQQAhgEIAA"
cmpcyrcwb00qoih9uovcjpmnh,Nawwara,,633 62 64 29,Nawwara,,España,google-maps,atleevoyoga,NUEVO,MEDIA,,,2026-05-19T18:25:45.995Z,2026-05-19T18:25:45.995Z,http://www.nawwara.es/,"C. de Ricardo Ortiz, 52, local detrás, Cdad. Lineal, 28017 Madrid",Madrid,5,108,https://maps.google.com/?cid=15093323712007244826&g_mp=Cidnb29nbGUubWFwcy5wbGFjZXMudjEuUGxhY2VzLlNlYXJjaFRleHQQAhgEIAA,yoga_studio,OPERATIONAL,"Importado desde Google Maps
Tipo: Centro de yoga
Dirección: C. de Ricardo Ortiz, 52, local detrás, Cdad. Lineal, 28017 Madrid
Google: 5⭐ (108 reseñas)
Web: http://www.nawwara.es/
Maps: https://maps.google.com/?cid=15093323712007244826&g_mp=Cidnb29nbGUubWFwcy5wbGFjZXMudjEuUGxhY2VzLlNlYXJjaFRleHQQAhgEIAA"
cmpcyrd5h00qpih9u7bez209p,"Prana House - Barre, Yoga, Meditación y Rituales",,689 37 90 73,"Prana House - Barre, Yoga, Meditación y Rituales",,España,google-maps,atleevoyoga,NUEVO,MEDIA,,,2026-05-19T18:25:46.325Z,2026-05-19T18:25:46.325Z,http://pranahousestudio.com/,"Gta. de Rubén Darío, 3, Chamberí, 28010 Madrid",Madrid,4.7,45,https://maps.google.com/?cid=12352879868001221745&g_mp=Cidnb29nbGUubWFwcy5wbGFjZXMudjEuUGxhY2VzLlNlYXJjaFRleHQQAhgEIAA,yoga_studio,OPERATIONAL,"Importado desde Google Maps
Tipo: Centro de yoga
Dirección: Gta. de Rubén Darío, 3, Chamberí, 28010 Madrid
Google: 4.7⭐ (45 reseñas)
Web: http://pranahousestudio.com/
Maps: https://maps.google.com/?cid=12352879868001221745&g_mp=Cidnb29nbGUubWFwcy5wbGFjZXMudjEuUGxhY2VzLlNlYXJjaFRleHQQAhgEIAA"
cmpcyrden00qqih9unrfigkfo,"Centro EL PATIO Madrid | Yoga, Pilates, Danza",,914 45 12 82,"Centro EL PATIO Madrid | Yoga, Pilates, Danza",,España,google-maps,atleevoyoga,NUEVO,MEDIA,,,2026-05-19T18:25:46.655Z,2026-05-19T18:25:46.655Z,https://www.centroelpatio.com/,"Calle de Apodaca, 14, Centro, 28004 Madrid",Madrid,4.8,66,https://maps.google.com/?cid=4027820425799736092&g_mp=Cidnb29nbGUubWFwcy5wbGFjZXMudjEuUGxhY2VzLlNlYXJjaFRleHQQAhgEIAA,yoga_studio,OPERATIONAL,"Importado desde Google Maps
Tipo: Centro de yoga
Dirección: Calle de Apodaca, 14, Centro, 28004 Madrid
Google: 4.8⭐ (66 reseñas)
Web: https://www.centroelpatio.com/
Maps: https://maps.google.com/?cid=4027820425799736092&g_mp=Cidnb29nbGUubWFwcy5wbGFjZXMudjEuUGxhY2VzLlNlYXJjaFRleHQQAhgEIAA"
cmpcyrdns00qrih9uxf3ypa61,Escuela Internacional,,914 16 68 81,Escuela Internacional,,España,google-maps,atleevoyoga,NUEVO,MEDIA,,,2026-05-19T18:25:46.984Z,2026-05-19T18:25:46.984Z,http://www.escueladeyoga.com/,"C. de Francisco Navacerrada, 39, Salamanca, 28028 Madrid",Madrid,4.6,208,https://maps.google.com/?cid=4937710225408584769&g_mp=Cidnb29nbGUubWFwcy5wbGFjZXMudjEuUGxhY2VzLlNlYXJjaFRleHQQAhgEIAA,yoga_studio,OPERATIONAL,"Importado desde Google Maps
Tipo: Centro de yoga
Dirección: C. de Francisco Navacerrada, 39, Salamanca, 28028 Madrid
Google: 4.6⭐ (208 reseñas)
Web: http://www.escueladeyoga.com/
Maps: https://maps.google.com/?cid=4937710225408584769&g_mp=Cidnb29nbGUubWFwcy5wbGFjZXMudjEuUGxhY2VzLlNlYXJjaFRleHQQAhgEIAA"
cmpcyrdx900qsih9u3o0hl703,Cuerpo y Alma - Estudio de aeroyoga,,675 91 83 74,Cuerpo y Alma - Estudio de aeroyoga,,España,google-maps,atleevoyoga,NUEVO,MEDIA,,,2026-05-19T18:25:47.325Z,2026-05-19T18:25:47.325Z,http://www.cuerpoalma.es/,"C. de Cochabamba, 23, Chamartín, 28016 Madrid",Madrid,4.9,34,https://maps.google.com/?cid=4341225243321787723&g_mp=Cidnb29nbGUubWFwcy5wbGFjZXMudjEuUGxhY2VzLlNlYXJjaFRleHQQAhgEIAA,yoga_studio,OPERATIONAL,"Importado desde Google Maps
Tipo: Centro de yoga
Dirección: C. de Cochabamba, 23, Chamartín, 28016 Madrid
Google: 4.9⭐ (34 reseñas)
Web: http://www.cuerpoalma.es/
Maps: https://maps.google.com/?cid=4341225243321787723&g_mp=Cidnb29nbGUubWFwcy5wbGFjZXMudjEuUGxhY2VzLlNlYXJjaFRleHQQAhgEIAA"
cmpcyre6800qtih9uf8u0aek8,AGURU YOGA,,647 67 49 37,AGURU YOGA,,España,google-maps,atleevoyoga,NUEVO,MEDIA,,,2026-05-19T18:25:47.648Z,2026-05-19T18:25:47.648Z,https://www.aguruyoga.com/,"C. de Ercilla, 46, Arganzuela, 28005 Madrid",Madrid,5,24,https://maps.google.com/?cid=16487334461863650938&g_mp=Cidnb29nbGUubWFwcy5wbGFjZXMudjEuUGxhY2VzLlNlYXJjaFRleHQQAhgEIAA,yoga_studio,OPERATIONAL,"Importado desde Google Maps
Tipo: Centro de yoga
Dirección: C. de Ercilla, 46, Arganzuela, 28005 Madrid
Google: 5⭐ (24 reseñas)
Web: https://www.aguruyoga.com/
Maps: https://maps.google.com/?cid=16487334461863650938&g_mp=Cidnb29nbGUubWFwcy5wbGFjZXMudjEuUGxhY2VzLlNlYXJjaFRleHQQAhgEIAA"
cmpcyrefz00quih9uedqups46,Yoga&pilates,,648 51 56 48,Yoga&pilates,,España,google-maps,atleevoyoga,NUEVO,MEDIA,,,2026-05-19T18:25:48.000Z,2026-05-19T18:25:48.000Z,https://yoga-elohim.ueniweb.com/,"C. de Menéndez Pidal, 27, Chamartín, 28036 Madrid",Madrid,5,29,https://maps.google.com/?cid=2625046083750972213&g_mp=Cidnb29nbGUubWFwcy5wbGFjZXMudjEuUGxhY2VzLlNlYXJjaFRleHQQAhgEIAA,yoga_studio,OPERATIONAL,"Importado desde Google Maps
Tipo: Centro de yoga
Dirección: C. de Menéndez Pidal, 27, Chamartín, 28036 Madrid
Google: 5⭐ (29 reseñas)
Web: https://yoga-elohim.ueniweb.com/
Maps: https://maps.google.com/?cid=2625046083750972213&g_mp=Cidnb29nbGUubWFwcy5wbGFjZXMudjEuUGxhY2VzLlNlYXJjaFRleHQQAhgEIAA"
cmpcyrep900qvih9ukja3e4ho,GONAN YOGA,,653 87 86 95,GONAN YOGA,,España,google-maps,atleevoyoga,NUEVO,MEDIA,,,2026-05-19T18:25:48.334Z,2026-05-19T18:25:48.334Z,http://gonanyoga.com/,"C. Cardenal Solís, 3, Arganzuela, 28012 Madrid",Madrid,5,112,https://maps.google.com/?cid=4083079917085565304&g_mp=Cidnb29nbGUubWFwcy5wbGFjZXMudjEuUGxhY2VzLlNlYXJjaFRleHQQAhgEIAA,yoga_studio,OPERATIONAL,"Importado desde Google Maps
Tipo: Centro de yoga
Dirección: C. Cardenal Solís, 3, Arganzuela, 28012 Madrid
Google: 5⭐ (112 reseñas)
Web: http://gonanyoga.com/
Maps: https://maps.google.com/?cid=4083079917085565304&g_mp=Cidnb29nbGUubWFwcy5wbGFjZXMudjEuUGxhY2VzLlNlYXJjaFRleHQQAhgEIAA"
cmpcyreyl00qwih9u6v4oy7np,Barquillo Yoga,,915 06 05 11,Barquillo Yoga,,España,google-maps,atleevoyoga,NUEVO,MEDIA,,,2026-05-19T18:25:48.669Z,2026-05-19T18:25:48.669Z,http://www.barquillohotyoga.com/,"C. del Barquillo, 12, Centro, 28004 Madrid",Madrid,3.7,233,https://maps.google.com/?cid=13012557663794224409&g_mp=Cidnb29nbGUubWFwcy5wbGFjZXMudjEuUGxhY2VzLlNlYXJjaFRleHQQAhgEIAA,yoga_studio,OPERATIONAL,"Importado desde Google Maps
Tipo: Centro de yoga
Dirección: C. del Barquillo, 12, Centro, 28004 Madrid
Google: 3.7⭐ (233 reseñas)
Web: http://www.barquillohotyoga.com/
Maps: https://maps.google.com/?cid=13012557663794224409&g_mp=Cidnb29nbGUubWFwcy5wbGFjZXMudjEuUGxhY2VzLlNlYXJjaFRleHQQAhgEIAA"
cmpcyrf8r00qxih9u84dlch1e,Yogaldía,,,Yogaldía,,España,google-maps,atleevoyoga,NUEVO,MEDIA,,,2026-05-19T18:25:49.035Z,2026-05-19T18:25:49.035Z,http://www.yogaldia.com/,"C. de Arganda, 18, Arganzuela, 28005 Madrid",Madrid,4.9,22,https://maps.google.com/?cid=15125902015028334320&g_mp=Cidnb29nbGUubWFwcy5wbGFjZXMudjEuUGxhY2VzLlNlYXJjaFRleHQQAhgEIAA,yoga_studio,OPERATIONAL,"Importado desde Google Maps
Tipo: Centro de yoga
Dirección: C. de Arganda, 18, Arganzuela, 28005 Madrid
Google: 4.9⭐ (22 reseñas)
Web: http://www.yogaldia.com/
Maps: https://maps.google.com/?cid=15125902015028334320&g_mp=Cidnb29nbGUubWFwcy5wbGFjZXMudjEuUGxhY2VzLlNlYXJjaFRleHQQAhgEIAA"
cmpcyrfhx00qyih9uq0ldcsuw,Mangalam,,914 30 82 96,Mangalam,,España,google-maps,atleevoyoga,NUEVO,MEDIA,,,2026-05-19T18:25:49.366Z,2026-05-19T18:25:49.366Z,https://www.mangalam.es/,"C. del Camino de los Vinateros, 47, Moratalaz, 28030 Madrid",Madrid,5,42,https://maps.google.com/?cid=3438644527195789148&g_mp=Cidnb29nbGUubWFwcy5wbGFjZXMudjEuUGxhY2VzLlNlYXJjaFRleHQQAhgEIAA,yoga_studio,OPERATIONAL,"Importado desde Google Maps
Tipo: Centro de yoga
Dirección: C. del Camino de los Vinateros, 47, Moratalaz, 28030 Madrid
Google: 5⭐ (42 reseñas)
Web: https://www.mangalam.es/
Maps: https://maps.google.com/?cid=3438644527195789148&g_mp=Cidnb29nbGUubWFwcy5wbGFjZXMudjEuUGxhY2VzLlNlYXJjaFRleHQQAhgEIAA"
cmpcyrfr700qzih9uhn4bhq1s,Yoga Anandamaya - Yoga y Mindfulness -,,647 51 22 78,Yoga Anandamaya - Yoga y Mindfulness -,,España,google-maps,atleevoyoga,NUEVO,MEDIA,,,2026-05-19T18:25:49.699Z,2026-05-19T18:25:49.699Z,http://www.yogaanandamaya.com/,"C. del Duque de Sesto, 10, Salamanca, 28009 Madrid",Madrid,4.9,64,https://maps.google.com/?cid=9649164493371524413&g_mp=Cidnb29nbGUubWFwcy5wbGFjZXMudjEuUGxhY2VzLlNlYXJjaFRleHQQAhgEIAA,yoga_studio,OPERATIONAL,"Importado desde Google Maps
Tipo: Centro de yoga
Dirección: C. del Duque de Sesto, 10, Salamanca, 28009 Madrid
Google: 4.9⭐ (64 reseñas)
Web: http://www.yogaanandamaya.com/
Maps: https://maps.google.com/?cid=9649164493371524413&g_mp=Cidnb29nbGUubWFwcy5wbGFjZXMudjEuUGxhY2VzLlNlYXJjaFRleHQQAhgEIAA"
cmpcyrg0b00r0ih9us2wzn9d7,Yoga Arganzuela - Anahata Academy,,608 58 86 11,Yoga Arganzuela - Anahata Academy,,España,google-maps,atleevoyoga,NUEVO,MEDIA,,,2026-05-19T18:25:50.028Z,2026-05-19T18:25:50.028Z,https://anahata.academy/,"C. del Cobre, 5, Arganzuela, 28045 Madrid",Madrid,5,42,https://maps.google.com/?cid=14909057525552508455&g_mp=Cidnb29nbGUubWFwcy5wbGFjZXMudjEuUGxhY2VzLlNlYXJjaFRleHQQAhgEIAA,yoga_studio,OPERATIONAL,"Importado desde Google Maps
Tipo: Centro de yoga
Dirección: C. del Cobre, 5, Arganzuela, 28045 Madrid
Google: 5⭐ (42 reseñas)
Web: https://anahata.academy/
Maps: https://maps.google.com/?cid=14909057525552508455&g_mp=Cidnb29nbGUubWFwcy5wbGFjZXMudjEuUGxhY2VzLlNlYXJjaFRleHQQAhgEIAA"
cmpcyri1100r1ih9umzdb1gz0,Yoga Studio Barcelona,,934 51 29 28,Yoga Studio Barcelona,,España,google-maps,atleevoyoga,NUEVO,MEDIA,,,2026-05-19T18:25:52.645Z,2026-05-19T18:25:52.645Z,http://www.yogastudio.es/,"Pl. de la Universitat, 4, 1º, 2ª, Eixample, 08007 Barcelona",Barcelona,4.6,60,https://maps.google.com/?cid=1598031843150765027&g_mp=Cidnb29nbGUubWFwcy5wbGFjZXMudjEuUGxhY2VzLlNlYXJjaFRleHQQAhgEIAA,yoga_studio,OPERATIONAL,"Importado desde Google Maps
Tipo: Centro de yoga
Dirección: Pl. de la Universitat, 4, 1º, 2ª, Eixample, 08007 Barcelona
Google: 4.6⭐ (60 reseñas)
Web: http://www.yogastudio.es/
Maps: https://maps.google.com/?cid=1598031843150765027&g_mp=Cidnb29nbGUubWFwcy5wbGFjZXMudjEuUGxhY2VzLlNlYXJjaFRleHQQAhgEIAA"
cmpcyria800r2ih9uzfzl4u6c,Espai Yoga Barcelona,,616 16 79 81,Espai Yoga Barcelona,,España,google-maps,atleevoyoga,NUEVO,MEDIA,,,2026-05-19T18:25:52.976Z,2026-05-19T18:25:52.976Z,http://espaiyogabarcelona.com/,"Dentro de Peluquería Raffel Pages, Carrer de Provença, 196, Eixample, 08036 Barcelona",Barcelona,5,151,https://maps.google.com/?cid=8855034394338290678&g_mp=Cidnb29nbGUubWFwcy5wbGFjZXMudjEuUGxhY2VzLlNlYXJjaFRleHQQAhgEIAA,yoga_studio,OPERATIONAL,"Importado desde Google Maps
Tipo: Centro de yoga
Dirección: Dentro de Peluquería Raffel Pages, Carrer de Provença, 196, Eixample, 08036 Barcelona
Google: 5⭐ (151 reseñas)
Web: http://espaiyogabarcelona.com/
Maps: https://maps.google.com/?cid=8855034394338290678&g_mp=Cidnb29nbGUubWFwcy5wbGFjZXMudjEuUGxhY2VzLlNlYXJjaFRleHQQAhgEIAA"
cmpcyrijm00r3ih9ug1a0x651,Soma Yoga Barcelona – Centro de yoga en Barcelona,,655 69 62 28,Soma Yoga Barcelona – Centro de yoga en Barcelona,,España,google-maps,atleevoyoga,NUEVO,MEDIA,,,2026-05-19T18:25:53.314Z,2026-05-19T18:25:53.314Z,https://somayogabcn.com/,"Carrer del Bruc, 67, Semisótano, Eixample, 08009 Barcelona",Barcelona,4.9,64,https://maps.google.com/?cid=15474792183998680621&g_mp=Cidnb29nbGUubWFwcy5wbGFjZXMudjEuUGxhY2VzLlNlYXJjaFRleHQQAhgEIAA,yoga_studio,OPERATIONAL,"Importado desde Google Maps
Tipo: Centro de yoga
Dirección: Carrer del Bruc, 67, Semisótano, Eixample, 08009 Barcelona
Google: 4.9⭐ (64 reseñas)
Web: https://somayogabcn.com/
Maps: https://maps.google.com/?cid=15474792183998680621&g_mp=Cidnb29nbGUubWFwcy5wbGFjZXMudjEuUGxhY2VzLlNlYXJjaFRleHQQAhgEIAA"
cmpcyrit000r4ih9ujenvorug,"Yogaiam - Centro de Yoga en Gràcia, Barcelona",,699 42 35 30,"Yogaiam - Centro de Yoga en Gràcia, Barcelona",,España,google-maps,atleevoyoga,NUEVO,MEDIA,,,2026-05-19T18:25:53.653Z,2026-05-19T18:25:53.653Z,http://www.yogaiam.es/,"Carrer de Massens, 73, 77, Gràcia, 08024 Barcelona",Barcelona,4.8,84,https://maps.google.com/?cid=12166277018052547998&g_mp=Cidnb29nbGUubWFwcy5wbGFjZXMudjEuUGxhY2VzLlNlYXJjaFRleHQQAhgEIAA,yoga_studio,OPERATIONAL,"Importado desde Google Maps
Tipo: Centro de yoga
Dirección: Carrer de Massens, 73, 77, Gràcia, 08024 Barcelona
Google: 4.8⭐ (84 reseñas)
Web: http://www.yogaiam.es/
Maps: https://maps.google.com/?cid=12166277018052547998&g_mp=Cidnb29nbGUubWFwcy5wbGFjZXMudjEuUGxhY2VzLlNlYXJjaFRleHQQAhgEIAA"
cmpcyrj2a00r5ih9ukua2bz0k,Yoga Academia Barcelona,,623 57 80 61,Yoga Academia Barcelona,,España,google-maps,atleevoyoga,NUEVO,MEDIA,,,2026-05-19T18:25:53.987Z,2026-05-19T18:25:53.987Z,https://www.yogaacademiabarcelona.com/,"Carrer de Verdi, 169, Gràcia, 08012 Barcelona",Barcelona,5,25,https://maps.google.com/?cid=16718853687933021379&g_mp=Cidnb29nbGUubWFwcy5wbGFjZXMudjEuUGxhY2VzLlNlYXJjaFRleHQQAhgEIAA,yoga_studio,OPERATIONAL,"Importado desde Google Maps
Tipo: Centro de yoga
Dirección: Carrer de Verdi, 169, Gràcia, 08012 Barcelona
Google: 5⭐ (25 reseñas)
Web: https://www.yogaacademiabarcelona.com/
Maps: https://maps.google.com/?cid=16718853687933021379&g_mp=Cidnb29nbGUubWFwcy5wbGFjZXMudjEuUGxhY2VzLlNlYXJjaFRleHQQAhgEIAA"
cmpcyrjbe00r6ih9urd0b9t5o,Yogaroom Barcelona,,600 81 07 41,Yogaroom Barcelona,,España,google-maps,atleevoyoga,NUEVO,MEDIA,,,2026-05-19T18:25:54.314Z,2026-05-19T18:25:54.314Z,https://yogaroom-bcn.com/,"Carrer de Casanova, 27, entresuelo - 1, Eixample, 08011 Barcelona",Barcelona,4.9,29,https://maps.google.com/?cid=9087855493439674106&g_mp=Cidnb29nbGUubWFwcy5wbGFjZXMudjEuUGxhY2VzLlNlYXJjaFRleHQQAhgEIAA,yoga_studio,OPERATIONAL,"Importado desde Google Maps
Tipo: Centro de yoga
Dirección: Carrer de Casanova, 27, entresuelo - 1, Eixample, 08011 Barcelona
Google: 4.9⭐ (29 reseñas)
Web: https://yogaroom-bcn.com/
Maps: https://maps.google.com/?cid=9087855493439674106&g_mp=Cidnb29nbGUubWFwcy5wbGFjZXMudjEuUGxhY2VzLlNlYXJjaFRleHQQAhgEIAA"
cmpcyrjkb00r7ih9u3tksisda,Grow Yoga Barcelona,,651 40 32 39,Grow Yoga Barcelona,,España,google-maps,atleevoyoga,NUEVO,MEDIA,,,2026-05-19T18:25:54.636Z,2026-05-19T18:25:54.636Z,http://growestudio.com/,"Carrer del Torrent de l'Olla, 55, Gràcia, 08012 Barcelona",Barcelona,4.8,154,https://maps.google.com/?cid=7021396243256334496&g_mp=Cidnb29nbGUubWFwcy5wbGFjZXMudjEuUGxhY2VzLlNlYXJjaFRleHQQAhgEIAA,yoga_studio,OPERATIONAL,"Importado desde Google Maps
Tipo: Centro de yoga
Dirección: Carrer del Torrent de l'Olla, 55, Gràcia, 08012 Barcelona
Google: 4.8⭐ (154 reseñas)
Web: http://growestudio.com/
Maps: https://maps.google.com/?cid=7021396243256334496&g_mp=Cidnb29nbGUubWFwcy5wbGFjZXMudjEuUGxhY2VzLlNlYXJjaFRleHQQAhgEIAA"
cmpcyrjtv00r8ih9ulxtld6cc,Hot Yoga Barcelona,,682 16 00 73,Hot Yoga Barcelona,,España,google-maps,atleevoyoga,NUEVO,MEDIA,,,2026-05-19T18:25:54.979Z,2026-05-19T18:25:54.979Z,http://www.hotyogabarcelona.com/,"Carrer d'Aulèstia i Pijoan, 14, local, Gràcia, 08012 Barcelona",Barcelona,4.8,222,https://maps.google.com/?cid=13313012320724110790&g_mp=Cidnb29nbGUubWFwcy5wbGFjZXMudjEuUGxhY2VzLlNlYXJjaFRleHQQAhgEIAA,yoga_studio,OPERATIONAL,"Importado desde Google Maps
Tipo: Centro de yoga
Dirección: Carrer d'Aulèstia i Pijoan, 14, local, Gràcia, 08012 Barcelona
Google: 4.8⭐ (222 reseñas)
Web: http://www.hotyogabarcelona.com/
Maps: https://maps.google.com/?cid=13313012320724110790&g_mp=Cidnb29nbGUubWFwcy5wbGFjZXMudjEuUGxhY2VzLlNlYXJjaFRleHQQAhgEIAA"
cmpcyrk2y00r9ih9ucurmm8b7,Semilla Holística,,623 97 21 54,Semilla Holística,,España,google-maps,atleevoyoga,NUEVO,MEDIA,,,2026-05-19T18:25:55.306Z,2026-05-19T18:25:55.306Z,http://www.semillaholistica.com/,"Carrer de Buscarons, 7, Sarrià-Sant Gervasi, 08022 Barcelona",Barcelona,4.9,87,https://maps.google.com/?cid=1246077972628964733&g_mp=Cidnb29nbGUubWFwcy5wbGFjZXMudjEuUGxhY2VzLlNlYXJjaFRleHQQAhgEIAA,yoga_studio,OPERATIONAL,"Importado desde Google Maps
Tipo: Centro de yoga
Dirección: Carrer de Buscarons, 7, Sarrià-Sant Gervasi, 08022 Barcelona
Google: 4.9⭐ (87 reseñas)
Web: http://www.semillaholistica.com/
Maps: https://maps.google.com/?cid=1246077972628964733&g_mp=Cidnb29nbGUubWFwcy5wbGFjZXMudjEuUGxhY2VzLlNlYXJjaFRleHQQAhgEIAA"
cmpcyrkd400raih9u91y4da07,Mandiram Escuela de Yoga Eixample,,933 01 02 04,Mandiram Escuela de Yoga Eixample,,España,google-maps,atleevoyoga,NUEVO,MEDIA,,,2026-05-19T18:25:55.673Z,2026-05-19T18:25:55.673Z,https://www.yogaenmandiram.com/descubre/nuestras-clases-de-yoga-en-eixample-barcelona,"Pl. d'Urquinaona, 1, 1º 5ª, Eixample, 08010 Barcelona",Barcelona,4.9,290,https://maps.google.com/?cid=10568554524274338273&g_mp=Cidnb29nbGUubWFwcy5wbGFjZXMudjEuUGxhY2VzLlNlYXJjaFRleHQQAhgEIAA,yoga_studio,OPERATIONAL,"Importado desde Google Maps
Tipo: Centro de yoga
Dirección: Pl. d'Urquinaona, 1, 1º 5ª, Eixample, 08010 Barcelona
Google: 4.9⭐ (290 reseñas)
Web: https://www.yogaenmandiram.com/descubre/nuestras-clases-de-yoga-en-eixample-barcelona
Maps: https://maps.google.com/?cid=10568554524274338273&g_mp=Cidnb29nbGUubWFwcy5wbGFjZXMudjEuUGxhY2VzLlNlYXJjaFRleHQQAhgEIAA"
cmpcyrkmm00rbih9u28sq3pm6,CENTRO ZAMA DE YOGA IYENGAR® Barcelona,,649 62 99 73,CENTRO ZAMA DE YOGA IYENGAR® Barcelona,,España,google-maps,atleevoyoga,NUEVO,MEDIA,,,2026-05-19T18:25:56.015Z,2026-05-19T18:25:56.015Z,https://zamaioga.com/es/,"Gran Via de Carles III, 50-52, escala i, local 1, Les Corts, 08028 Barcelona",Barcelona,4.9,143,https://maps.google.com/?cid=6730730753211278244&g_mp=Cidnb29nbGUubWFwcy5wbGFjZXMudjEuUGxhY2VzLlNlYXJjaFRleHQQAhgEIAA,yoga_studio,OPERATIONAL,"Importado desde Google Maps
Tipo: Centro de yoga
Dirección: Gran Via de Carles III, 50-52, escala i, local 1, Les Corts, 08028 Barcelona
Google: 4.9⭐ (143 reseñas)
Web: https://zamaioga.com/es/
Maps: https://maps.google.com/?cid=6730730753211278244&g_mp=Cidnb29nbGUubWFwcy5wbGFjZXMudjEuUGxhY2VzLlNlYXJjaFRleHQQAhgEIAA"
cmpcyrkvt00rcih9urrj8l0kj,El 7,,,El 7,,España,google-maps,atleevoyoga,NUEVO,MEDIA,,,2026-05-19T18:25:56.345Z,2026-05-19T18:25:56.345Z,http://www.el7.cat/,"Marca 49* en la entrada, Carrer de Pallars, 84-88, 6-3, Sant Martí, 08018 Barcelona",Barcelona,4.9,89,https://maps.google.com/?cid=7046160585949525956&g_mp=Cidnb29nbGUubWFwcy5wbGFjZXMudjEuUGxhY2VzLlNlYXJjaFRleHQQAhgEIAA,yoga_studio,OPERATIONAL,"Importado desde Google Maps
Tipo: Centro de yoga
Dirección: Marca 49* en la entrada, Carrer de Pallars, 84-88, 6-3, Sant Martí, 08018 Barcelona
Google: 4.9⭐ (89 reseñas)
Web: http://www.el7.cat/
Maps: https://maps.google.com/?cid=7046160585949525956&g_mp=Cidnb29nbGUubWFwcy5wbGFjZXMudjEuUGxhY2VzLlNlYXJjaFRleHQQAhgEIAA"
cmpcyrl4x00rdih9u5qa1n1nc,Calma Yoga Studio,,611 84 29 30,Calma Yoga Studio,,España,google-maps,atleevoyoga,NUEVO,MEDIA,,,2026-05-19T18:25:56.674Z,2026-05-19T18:25:56.674Z,https://calmayogastudio.es/,"Carrer de Vico, 31, Sarrià-Sant Gervasi, 08021 Barcelona",Barcelona,5,87,https://maps.google.com/?cid=4592077258808206270&g_mp=Cidnb29nbGUubWFwcy5wbGFjZXMudjEuUGxhY2VzLlNlYXJjaFRleHQQAhgEIAA,yoga_studio,OPERATIONAL,"Importado desde Google Maps
Tipo: Centro de yoga
Dirección: Carrer de Vico, 31, Sarrià-Sant Gervasi, 08021 Barcelona
Google: 5⭐ (87 reseñas)
Web: https://calmayogastudio.es/
Maps: https://maps.google.com/?cid=4592077258808206270&g_mp=Cidnb29nbGUubWFwcy5wbGFjZXMudjEuUGxhY2VzLlNlYXJjaFRleHQQAhgEIAA"
cmpcyrle800reih9u2kqa2k2f,FIGA yoga studio - navakarana Sagrada Familia,,659 32 72 05,FIGA yoga studio - navakarana Sagrada Familia,,España,google-maps,atleevoyoga,NUEVO,MEDIA,,,2026-05-19T18:25:57.009Z,2026-05-19T18:25:57.009Z,https://figayogastudio.com/,"Passatge de Maiol, 8, loc. 1, Eixample, 08013 Barcelona",Barcelona,5,139,https://maps.google.com/?cid=4385200292309541584&g_mp=Cidnb29nbGUubWFwcy5wbGFjZXMudjEuUGxhY2VzLlNlYXJjaFRleHQQAhgEIAA,yoga_studio,OPERATIONAL,"Importado desde Google Maps
Tipo: Centro de yoga
Dirección: Passatge de Maiol, 8, loc. 1, Eixample, 08013 Barcelona
Google: 5⭐ (139 reseñas)
Web: https://figayogastudio.com/
Maps: https://maps.google.com/?cid=4385200292309541584&g_mp=Cidnb29nbGUubWFwcy5wbGFjZXMudjEuUGxhY2VzLlNlYXJjaFRleHQQAhgEIAA"
cmpcyrlng00rfih9u6oybbe7z,AB Yoga Studio by Alicia Beltran - Centro de Yoga en Barcelona,,685 08 19 05,AB Yoga Studio by Alicia Beltran - Centro de Yoga en Barcelona,,España,google-maps,atleevoyoga,NUEVO,MEDIA,,,2026-05-19T18:25:57.340Z,2026-05-19T18:25:57.340Z,http://aliciabeltranyoga.com/,"Carrer de Guitard, 47, local izquierda, Les Corts, 08014 Barcelona",Barcelona,4.9,116,https://maps.google.com/?cid=9629597130742999286&g_mp=Cidnb29nbGUubWFwcy5wbGFjZXMudjEuUGxhY2VzLlNlYXJjaFRleHQQAhgEIAA,yoga_studio,OPERATIONAL,"Importado desde Google Maps
Tipo: Centro de yoga
Dirección: Carrer de Guitard, 47, local izquierda, Les Corts, 08014 Barcelona
Google: 4.9⭐ (116 reseñas)
Web: http://aliciabeltranyoga.com/
Maps: https://maps.google.com/?cid=9629597130742999286&g_mp=Cidnb29nbGUubWFwcy5wbGFjZXMudjEuUGxhY2VzLlNlYXJjaFRleHQQAhgEIAA"
cmpcyrlwy00rgih9uj8k9nwgk,Yoganet,,648 18 36 49,Yoganet,,España,google-maps,atleevoyoga,NUEVO,MEDIA,,,2026-05-19T18:25:57.682Z,2026-05-19T18:25:57.682Z,http://www.yoganet.es/,"Gran Via de les Corts Catalanes, 774, 5-1, Eixample, 08013 Barcelona",Barcelona,5,204,https://maps.google.com/?cid=15092555059635068489&g_mp=Cidnb29nbGUubWFwcy5wbGFjZXMudjEuUGxhY2VzLlNlYXJjaFRleHQQAhgEIAA,yoga_studio,OPERATIONAL,"Importado desde Google Maps
Tipo: Centro de yoga
Dirección: Gran Via de les Corts Catalanes, 774, 5-1, Eixample, 08013 Barcelona
Google: 5⭐ (204 reseñas)
Web: http://www.yoganet.es/
Maps: https://maps.google.com/?cid=15092555059635068489&g_mp=Cidnb29nbGUubWFwcy5wbGFjZXMudjEuUGxhY2VzLlNlYXJjaFRleHQQAhgEIAA"
cmpcyrm7000rhih9u89uq19xi,PranaYanaYoga Barcelona – Ciutat Vella (Jaume I),,630 84 80 51,PranaYanaYoga Barcelona – Ciutat Vella (Jaume I),,España,google-maps,atleevoyoga,NUEVO,MEDIA,,,2026-05-19T18:25:58.044Z,2026-05-19T18:25:58.044Z,https://pranayanayoga.com/#retreats,"Plaça de l'Àngel, 2, Ciutat Vella, 08002 Barcelona",Barcelona,5,13,https://maps.google.com/?cid=4947183184306216278&g_mp=Cidnb29nbGUubWFwcy5wbGFjZXMudjEuUGxhY2VzLlNlYXJjaFRleHQQAhgEIAA,yoga_studio,OPERATIONAL,"Importado desde Google Maps
Tipo: Centro de yoga
Dirección: Plaça de l'Àngel, 2, Ciutat Vella, 08002 Barcelona
Google: 5⭐ (13 reseñas)
Web: https://pranayanayoga.com/#retreats
Maps: https://maps.google.com/?cid=4947183184306216278&g_mp=Cidnb29nbGUubWFwcy5wbGFjZXMudjEuUGxhY2VzLlNlYXJjaFRleHQQAhgEIAA"
cmpcyrmge00riih9u8f8xvfyl,Centro afiliado de Yoga Sivananda Vedanta en Barcelona,,623 14 45 58,Centro afiliado de Yoga Sivananda Vedanta en Barcelona,,España,google-maps,atleevoyoga,NUEVO,MEDIA,,,2026-05-19T18:25:58.382Z,2026-05-19T18:25:58.382Z,https://yogasivanandabarcelona.com/,"Carrer del Verdet, 7, Sant Andreu, 08030 Barcelona",Barcelona,5,27,https://maps.google.com/?cid=18196165332932723300&g_mp=Cidnb29nbGUubWFwcy5wbGFjZXMudjEuUGxhY2VzLlNlYXJjaFRleHQQAhgEIAA,yoga_studio,OPERATIONAL,"Importado desde Google Maps
Tipo: Centro de yoga
Dirección: Carrer del Verdet, 7, Sant Andreu, 08030 Barcelona
Google: 5⭐ (27 reseñas)
Web: https://yogasivanandabarcelona.com/
Maps: https://maps.google.com/?cid=18196165332932723300&g_mp=Cidnb29nbGUubWFwcy5wbGFjZXMudjEuUGxhY2VzLlNlYXJjaFRleHQQAhgEIAA"
cmpcyrmpl00rjih9uirr9kib7,Yoga Infinito Escuela de Yoga,,932 09 33 98,Yoga Infinito Escuela de Yoga,,España,google-maps,atleevoyoga,NUEVO,MEDIA,,,2026-05-19T18:25:58.714Z,2026-05-19T18:25:58.714Z,http://www.escuelayogainfinito.com/,"Carrer de Casanova, 75, bajos, Eixample, 08011 Barcelona",Barcelona,4.9,48,https://maps.google.com/?cid=10855522871961419473&g_mp=Cidnb29nbGUubWFwcy5wbGFjZXMudjEuUGxhY2VzLlNlYXJjaFRleHQQAhgEIAA,yoga_studio,OPERATIONAL,"Importado desde Google Maps
Tipo: Centro de yoga
Dirección: Carrer de Casanova, 75, bajos, Eixample, 08011 Barcelona
Google: 4.9⭐ (48 reseñas)
Web: http://www.escuelayogainfinito.com/
Maps: https://maps.google.com/?cid=10855522871961419473&g_mp=Cidnb29nbGUubWFwcy5wbGFjZXMudjEuUGxhY2VzLlNlYXJjaFRleHQQAhgEIAA"
cmpcyrmys00rkih9uy3fykew8,Mandala Yoga Barcelona,,666 79 25 98,Mandala Yoga Barcelona,,España,google-maps,atleevoyoga,NUEVO,MEDIA,,,2026-05-19T18:25:59.044Z,2026-05-19T18:25:59.044Z,https://mandalabarcelona.org/,"Carrer de Mir Geribert, 8, 2o. piso, Sants-Montjuïc, 08014 Barcelona",Barcelona,5,3,https://maps.google.com/?cid=4608700814517985448&g_mp=Cidnb29nbGUubWFwcy5wbGFjZXMudjEuUGxhY2VzLlNlYXJjaFRleHQQAhgEIAA,yoga_studio,OPERATIONAL,"Importado desde Google Maps
Tipo: Centro de yoga
Dirección: Carrer de Mir Geribert, 8, 2o. piso, Sants-Montjuïc, 08014 Barcelona
Google: 5⭐ (3 reseñas)
Web: https://mandalabarcelona.org/
Maps: https://maps.google.com/?cid=4608700814517985448&g_mp=Cidnb29nbGUubWFwcy5wbGFjZXMudjEuUGxhY2VzLlNlYXJjaFRleHQQAhgEIAA"
cmpcyrn7x00rlih9uthdgxiq0,Senda Studio,,667 43 31 26,Senda Studio,,España,google-maps,atleevoyoga,NUEVO,MEDIA,,,2026-05-19T18:25:59.374Z,2026-05-19T18:25:59.374Z,https://sendastudio.es/,"Carrer de Pau Claris, 178, Baixos, Eixample, 08037 Barcelona",Barcelona,5,130,https://maps.google.com/?cid=3276528929052571029&g_mp=Cidnb29nbGUubWFwcy5wbGFjZXMudjEuUGxhY2VzLlNlYXJjaFRleHQQAhgEIAA,yoga_studio,OPERATIONAL,"Importado desde Google Maps
Tipo: Centro de yoga
Dirección: Carrer de Pau Claris, 178, Baixos, Eixample, 08037 Barcelona
Google: 5⭐ (130 reseñas)
Web: https://sendastudio.es/
Maps: https://maps.google.com/?cid=3276528929052571029&g_mp=Cidnb29nbGUubWFwcy5wbGFjZXMudjEuUGxhY2VzLlNlYXJjaFRleHQQAhgEIAA"
cmpcyrnh200rmih9ug2ovcc7l,Hara Yoga Barcelona,,935 17 17 66,Hara Yoga Barcelona,,España,google-maps,atleevoyoga,NUEVO,MEDIA,,,2026-05-19T18:25:59.702Z,2026-05-19T18:25:59.702Z,https://www.harayogastudio.com/,"Via Augusta, 165, local, Sarrià-Sant Gervasi, 08021 Barcelona",Barcelona,4.3,89,https://maps.google.com/?cid=5567294377910400088&g_mp=Cidnb29nbGUubWFwcy5wbGFjZXMudjEuUGxhY2VzLlNlYXJjaFRleHQQAhgEIAA,yoga_studio,OPERATIONAL,"Importado desde Google Maps
Tipo: Centro de yoga
Dirección: Via Augusta, 165, local, Sarrià-Sant Gervasi, 08021 Barcelona
Google: 4.3⭐ (89 reseñas)
Web: https://www.harayogastudio.com/
Maps: https://maps.google.com/?cid=5567294377910400088&g_mp=Cidnb29nbGUubWFwcy5wbGFjZXMudjEuUGxhY2VzLlNlYXJjaFRleHQQAhgEIAA"
cmpcyrnq300rnih9u9ct6kp12,YOGA STUDIO BLAUMEER by Christine Pohn,,660 22 20 45,YOGA STUDIO BLAUMEER by Christine Pohn,,España,google-maps,atleevoyoga,NUEVO,MEDIA,,,2026-05-19T18:26:00.027Z,2026-05-19T18:26:00.027Z,http://christinepohn.com/,"C. Comtal, 29, tercero; Gotico, Ciutat Vella, 08002 Barcelona",Barcelona,5,243,https://maps.google.com/?cid=3993295107710171745&g_mp=Cidnb29nbGUubWFwcy5wbGFjZXMudjEuUGxhY2VzLlNlYXJjaFRleHQQAhgEIAA,yoga_studio,OPERATIONAL,"Importado desde Google Maps
Tipo: Centro de yoga
Dirección: C. Comtal, 29, tercero; Gotico, Ciutat Vella, 08002 Barcelona
Google: 5⭐ (243 reseñas)
Web: http://christinepohn.com/
Maps: https://maps.google.com/?cid=3993295107710171745&g_mp=Cidnb29nbGUubWFwcy5wbGFjZXMudjEuUGxhY2VzLlNlYXJjaFRleHQQAhgEIAA"
cmpcyrnza00roih9ufq3927qt,Yoga Studio Saucha,,650 79 31 16,Yoga Studio Saucha,,España,google-maps,atleevoyoga,NUEVO,MEDIA,,,2026-05-19T18:26:00.359Z,2026-05-19T18:26:00.359Z,https://www.yogastudiosaucha.com/,"Carrer d'Andrade, 1, Sant Martí, 08018 Barcelona",Barcelona,5,48,https://maps.google.com/?cid=4353346443876595260&g_mp=Cidnb29nbGUubWFwcy5wbGFjZXMudjEuUGxhY2VzLlNlYXJjaFRleHQQAhgEIAA,yoga_studio,OPERATIONAL,"Importado desde Google Maps
Tipo: Centro de yoga
Dirección: Carrer d'Andrade, 1, Sant Martí, 08018 Barcelona
Google: 5⭐ (48 reseñas)
Web: https://www.yogastudiosaucha.com/
Maps: https://maps.google.com/?cid=4353346443876595260&g_mp=Cidnb29nbGUubWFwcy5wbGFjZXMudjEuUGxhY2VzLlNlYXJjaFRleHQQAhgEIAA"
cmpcyro8r00rpih9urm18sv4s,Sincronia Yoga | Sala Sattva,,685 50 32 59,Sincronia Yoga | Sala Sattva,,España,google-maps,atleevoyoga,NUEVO,MEDIA,,,2026-05-19T18:26:00.700Z,2026-05-19T18:26:00.700Z,http://www.sincroniayoga.com/,"Carrer de Sant Pere Màrtir, 33, Gràcia, 08012 Barcelona",Barcelona,4.9,90,https://maps.google.com/?cid=2157037097110233964&g_mp=Cidnb29nbGUubWFwcy5wbGFjZXMudjEuUGxhY2VzLlNlYXJjaFRleHQQAhgEIAA,yoga_studio,OPERATIONAL,"Importado desde Google Maps
Tipo: Centro de yoga
Dirección: Carrer de Sant Pere Màrtir, 33, Gràcia, 08012 Barcelona
Google: 4.9⭐ (90 reseñas)
Web: http://www.sincroniayoga.com/
Maps: https://maps.google.com/?cid=2157037097110233964&g_mp=Cidnb29nbGUubWFwcy5wbGFjZXMudjEuUGxhY2VzLlNlYXJjaFRleHQQAhgEIAA"
cmpcyroi800rqih9ufe7m3kt4,Mandiram Escuela de Yoga Poblenou,,933 01 02 04,Mandiram Escuela de Yoga Poblenou,,España,google-maps,atleevoyoga,NUEVO,MEDIA,,,2026-05-19T18:26:01.041Z,2026-05-19T18:26:01.041Z,https://www.yogaenmandiram.com/descubre/nuestras-clases-de-yoga-en-poblenou-barcelona,"Carrer de Ramon Turró, 100, 1º8, Sant Martí, 08005 Barcelona",Barcelona,4.9,194,https://maps.google.com/?cid=2785502504681828864&g_mp=Cidnb29nbGUubWFwcy5wbGFjZXMudjEuUGxhY2VzLlNlYXJjaFRleHQQAhgEIAA,yoga_studio,OPERATIONAL,"Importado desde Google Maps
Tipo: Centro de yoga
Dirección: Carrer de Ramon Turró, 100, 1º8, Sant Martí, 08005 Barcelona
Google: 4.9⭐ (194 reseñas)
Web: https://www.yogaenmandiram.com/descubre/nuestras-clases-de-yoga-en-poblenou-barcelona
Maps: https://maps.google.com/?cid=2785502504681828864&g_mp=Cidnb29nbGUubWFwcy5wbGFjZXMudjEuUGxhY2VzLlNlYXJjaFRleHQQAhgEIAA"
cmpcyrora00rrih9u6pcuzbb9,IOGA-BCN - Centre de Ioga Iyengar de l'Eixample de Barcelona,,639 39 33 89,IOGA-BCN - Centre de Ioga Iyengar de l'Eixample de Barcelona,,España,google-maps,atleevoyoga,NUEVO,MEDIA,,,2026-05-19T18:26:01.367Z,2026-05-19T18:26:01.367Z,http://www.ioga-bcn.com/,"Rosselló, 184, 6è, 2a, Eixample, 08008 Barcelona",Barcelona,5,62,https://maps.google.com/?cid=8222566956587810460&g_mp=Cidnb29nbGUubWFwcy5wbGFjZXMudjEuUGxhY2VzLlNlYXJjaFRleHQQAhgEIAA,yoga_studio,OPERATIONAL,"Importado desde Google Maps
Tipo: Centro de yoga
Dirección: Rosselló, 184, 6è, 2a, Eixample, 08008 Barcelona
Google: 5⭐ (62 reseñas)
Web: http://www.ioga-bcn.com/
Maps: https://maps.google.com/?cid=8222566956587810460&g_mp=Cidnb29nbGUubWFwcy5wbGFjZXMudjEuUGxhY2VzLlNlYXJjaFRleHQQAhgEIAA"
cmpcyrp0o00rsih9unk55gf6h,YOGA BY THE SEA BARCELONA,,696 54 81 07,YOGA BY THE SEA BARCELONA,,España,google-maps,atleevoyoga,NUEVO,MEDIA,,,2026-05-19T18:26:01.704Z,2026-05-19T18:26:01.704Z,https://www.yogabytheseabarcelona.com/,"Carrer de l'Atlàntida, 78, Ciutat Vella, 08003 Barcelona",Barcelona,5,182,https://maps.google.com/?cid=2478548165778035104&g_mp=Cidnb29nbGUubWFwcy5wbGFjZXMudjEuUGxhY2VzLlNlYXJjaFRleHQQAhgEIAA,yoga_studio,OPERATIONAL,"Importado desde Google Maps
Tipo: Centro de yoga
Dirección: Carrer de l'Atlàntida, 78, Ciutat Vella, 08003 Barcelona
Google: 5⭐ (182 reseñas)
Web: https://www.yogabytheseabarcelona.com/
Maps: https://maps.google.com/?cid=2478548165778035104&g_mp=Cidnb29nbGUubWFwcy5wbGFjZXMudjEuUGxhY2VzLlNlYXJjaFRleHQQAhgEIAA"
cmpcyrp9v00rtih9uu1dccrny,YOGA IN THE CITY- MAIN STUDIO,,685 36 19 34,YOGA IN THE CITY- MAIN STUDIO,,España,google-maps,atleevoyoga,NUEVO,MEDIA,,,2026-05-19T18:26:02.035Z,2026-05-19T18:26:02.035Z,https://yogainthecitybcn.carrd.co/,"Carrer d'Ausiàs Marc, 25, Eixample, 08010 Barcelona",Barcelona,,,https://maps.google.com/?cid=39654717673710974&g_mp=Cidnb29nbGUubWFwcy5wbGFjZXMudjEuUGxhY2VzLlNlYXJjaFRleHQQAhgEIAA,yoga_studio,OPERATIONAL,"Importado desde Google Maps
Tipo: Centro de yoga
Dirección: Carrer d'Ausiàs Marc, 25, Eixample, 08010 Barcelona
Web: https://yogainthecitybcn.carrd.co/
Maps: https://maps.google.com/?cid=39654717673710974&g_mp=Cidnb29nbGUubWFwcy5wbGFjZXMudjEuUGxhY2VzLlNlYXJjaFRleHQQAhgEIAA"
cmpcyrpjh00ruih9ur1uhrl1i,Yoga Ecuanime,,678 14 68 38,Yoga Ecuanime,,España,google-maps,atleevoyoga,NUEVO,MEDIA,,,2026-05-19T18:26:02.382Z,2026-05-19T18:26:02.382Z,https://www.yogaecuanime.com/,"Carrer de Nicaragua, 137, Ent. 13, Les Corts, 08029 Barcelona",Barcelona,5,197,https://maps.google.com/?cid=9824258686115605157&g_mp=Cidnb29nbGUubWFwcy5wbGFjZXMudjEuUGxhY2VzLlNlYXJjaFRleHQQAhgEIAA,yoga_studio,OPERATIONAL,"Importado desde Google Maps
Tipo: Centro de yoga
Dirección: Carrer de Nicaragua, 137, Ent. 13, Les Corts, 08029 Barcelona
Google: 5⭐ (197 reseñas)
Web: https://www.yogaecuanime.com/
Maps: https://maps.google.com/?cid=9824258686115605157&g_mp=Cidnb29nbGUubWFwcy5wbGFjZXMudjEuUGxhY2VzLlNlYXJjaFRleHQQAhgEIAA"
cmpcyrptc00rvih9unh3uv0el,YogaTai,,686 00 57 13,YogaTai,,España,google-maps,atleevoyoga,NUEVO,MEDIA,,,2026-05-19T18:26:02.736Z,2026-05-19T18:26:02.736Z,http://www.yogataibcn.com/,"Carrer del Ripollès, 46, Sant Martí, 08026 Barcelona",Barcelona,5,59,https://maps.google.com/?cid=6309818099527349977&g_mp=Cidnb29nbGUubWFwcy5wbGFjZXMudjEuUGxhY2VzLlNlYXJjaFRleHQQAhgEIAA,yoga_studio,OPERATIONAL,"Importado desde Google Maps
Tipo: Centro de yoga
Dirección: Carrer del Ripollès, 46, Sant Martí, 08026 Barcelona
Google: 5⭐ (59 reseñas)
Web: http://www.yogataibcn.com/
Maps: https://maps.google.com/?cid=6309818099527349977&g_mp=Cidnb29nbGUubWFwcy5wbGFjZXMudjEuUGxhY2VzLlNlYXJjaFRleHQQAhgEIAA"
cmpcyrq2d00rwih9u3rmhlwkp,Centro de yoga Iyengar,,933 18 35 33,Centro de yoga Iyengar,,España,google-maps,atleevoyoga,NUEVO,MEDIA,,,2026-05-19T18:26:03.062Z,2026-05-19T18:26:03.062Z,http://www.iogabcn.cat/,"Av del Portal de l'Àngel, 42, 4ºB, Ciutat Vella, 08002 Barcelona",Barcelona,4.9,36,https://maps.google.com/?cid=380092368324066716&g_mp=Cidnb29nbGUubWFwcy5wbGFjZXMudjEuUGxhY2VzLlNlYXJjaFRleHQQAhgEIAA,yoga_studio,OPERATIONAL,"Importado desde Google Maps
Tipo: Centro de yoga
Dirección: Av del Portal de l'Àngel, 42, 4ºB, Ciutat Vella, 08002 Barcelona
Google: 4.9⭐ (36 reseñas)
Web: http://www.iogabcn.cat/
Maps: https://maps.google.com/?cid=380092368324066716&g_mp=Cidnb29nbGUubWFwcy5wbGFjZXMudjEuUGxhY2VzLlNlYXJjaFRleHQQAhgEIAA"
cmpcyrqc500rxih9uqarocj45,YOGA 108,,673 57 87 02,YOGA 108,,España,google-maps,atleevoyoga,NUEVO,MEDIA,,,2026-05-19T18:26:03.413Z,2026-05-19T18:26:03.413Z,https://www.yoga108bcn.com/,"Carrer de Roger de Llúria, 115, 2º 2º, Eixample, 08037 Barcelona",Barcelona,4.9,139,https://maps.google.com/?cid=18412316374916279781&g_mp=Cidnb29nbGUubWFwcy5wbGFjZXMudjEuUGxhY2VzLlNlYXJjaFRleHQQAhgEIAA,yoga_studio,OPERATIONAL,"Importado desde Google Maps
Tipo: Centro de yoga
Dirección: Carrer de Roger de Llúria, 115, 2º 2º, Eixample, 08037 Barcelona
Google: 4.9⭐ (139 reseñas)
Web: https://www.yoga108bcn.com/
Maps: https://maps.google.com/?cid=18412316374916279781&g_mp=Cidnb29nbGUubWFwcy5wbGFjZXMudjEuUGxhY2VzLlNlYXJjaFRleHQQAhgEIAA"
cmpcyrqle00ryih9u5s43o6af,Maitri - Yoga & Wellness,,687 31 79 81,Maitri - Yoga & Wellness,,España,google-maps,atleevoyoga,NUEVO,MEDIA,,,2026-05-19T18:26:03.746Z,2026-05-19T18:26:03.746Z,https://maitribarcelona.com/,"Carrer d'Ausiàs Marc, 25, 3 - 1, Eixample, 08010 Barcelona",Barcelona,4.9,75,https://maps.google.com/?cid=12874546704295204347&g_mp=Cidnb29nbGUubWFwcy5wbGFjZXMudjEuUGxhY2VzLlNlYXJjaFRleHQQAhgEIAA,yoga_studio,OPERATIONAL,"Importado desde Google Maps
Tipo: Centro de yoga
Dirección: Carrer d'Ausiàs Marc, 25, 3 - 1, Eixample, 08010 Barcelona
Google: 4.9⭐ (75 reseñas)
Web: https://maitribarcelona.com/
Maps: https://maps.google.com/?cid=12874546704295204347&g_mp=Cidnb29nbGUubWFwcy5wbGFjZXMudjEuUGxhY2VzLlNlYXJjaFRleHQQAhgEIAA"
cmpcyrquk00rzih9up7m0klnn,Tattva Yoga Studio,,623 02 71 41,Tattva Yoga Studio,,España,google-maps,atleevoyoga,NUEVO,MEDIA,,,2026-05-19T18:26:04.076Z,2026-05-19T18:26:04.076Z,http://www.tattvayoga.es/,"Plaça de Ramon Berenguer el Gran, 2 Escalera derecha, entresuelo 2 Right staircase, 1st floor, left door, Pl. de Ramon Berenguer el Gran, 2, Ciutat Vella, 08002 Barcelona",Barcelona,4.7,86,https://maps.google.com/?cid=3495202344111610186&g_mp=Cidnb29nbGUubWFwcy5wbGFjZXMudjEuUGxhY2VzLlNlYXJjaFRleHQQAhgEIAA,yoga_studio,OPERATIONAL,"Importado desde Google Maps
Tipo: Centro de yoga
Dirección: Plaça de Ramon Berenguer el Gran, 2 Escalera derecha, entresuelo 2 Right staircase, 1st floor, left door, Pl. de Ramon Berenguer el Gran, 2, Ciutat Vella, 08002 Barcelona
Google: 4.7⭐ (86 reseñas)
Web: http://www.tattvayoga.es/
Maps: https://maps.google.com/?cid=3495202344111610186&g_mp=Cidnb29nbGUubWFwcy5wbGFjZXMudjEuUGxhY2VzLlNlYXJjaFRleHQQAhgEIAA"
cmpcyrr3u00s0ih9un7eh8vyu,Bronsa - Navakarana Yoga Studio Barcelona,,652 40 00 34,Bronsa - Navakarana Yoga Studio Barcelona,,España,google-maps,atleevoyoga,NUEVO,MEDIA,,,2026-05-19T18:26:04.410Z,2026-05-19T18:26:04.410Z,http://www.bronsayogastudio.com/,"Carrer del Consell de Cent, 159, 2H, Eixample, 08015 Barcelona",Barcelona,5,47,https://maps.google.com/?cid=8764817754705710461&g_mp=Cidnb29nbGUubWFwcy5wbGFjZXMudjEuUGxhY2VzLlNlYXJjaFRleHQQAhgEIAA,yoga_studio,OPERATIONAL,"Importado desde Google Maps
Tipo: Centro de yoga
Dirección: Carrer del Consell de Cent, 159, 2H, Eixample, 08015 Barcelona
Google: 5⭐ (47 reseñas)
Web: http://www.bronsayogastudio.com/
Maps: https://maps.google.com/?cid=8764817754705710461&g_mp=Cidnb29nbGUubWFwcy5wbGFjZXMudjEuUGxhY2VzLlNlYXJjaFRleHQQAhgEIAA"
cmpcyrrcx00s1ih9uz0tisldo,The Yoga Club Barcelona,,666 31 06 56,The Yoga Club Barcelona,,España,google-maps,atleevoyoga,NUEVO,MEDIA,,,2026-05-19T18:26:04.738Z,2026-05-19T18:26:04.738Z,https://www.theyogaclubbarcelona.com/,"Carrer de Martínez de la Rosa, 40, Gràcia, 08012 Barcelona",Barcelona,4.8,68,https://maps.google.com/?cid=6672047846897664886&g_mp=Cidnb29nbGUubWFwcy5wbGFjZXMudjEuUGxhY2VzLlNlYXJjaFRleHQQAhgEIAA,yoga_studio,OPERATIONAL,"Importado desde Google Maps
Tipo: Centro de yoga
Dirección: Carrer de Martínez de la Rosa, 40, Gràcia, 08012 Barcelona
Google: 4.8⭐ (68 reseñas)
Web: https://www.theyogaclubbarcelona.com/
Maps: https://maps.google.com/?cid=6672047846897664886&g_mp=Cidnb29nbGUubWFwcy5wbGFjZXMudjEuUGxhY2VzLlNlYXJjaFRleHQQAhgEIAA"
cmpcyrrm900s2ih9uzo2tjfm6,MUDITĀ YOGA SHALA,,653 41 21 22,MUDITĀ YOGA SHALA,,España,google-maps,atleevoyoga,NUEVO,MEDIA,,,2026-05-19T18:26:05.074Z,2026-05-19T18:26:05.074Z,http://www.muditayogashala.com/,"Carrer del Llobregós, 7, Horta-Guinardó, 08032 Barcelona",Barcelona,5,32,https://maps.google.com/?cid=15459129798767823811&g_mp=Cidnb29nbGUubWFwcy5wbGFjZXMudjEuUGxhY2VzLlNlYXJjaFRleHQQAhgEIAA,yoga_studio,OPERATIONAL,"Importado desde Google Maps
Tipo: Centro de yoga
Dirección: Carrer del Llobregós, 7, Horta-Guinardó, 08032 Barcelona
Google: 5⭐ (32 reseñas)
Web: http://www.muditayogashala.com/
Maps: https://maps.google.com/?cid=15459129798767823811&g_mp=Cidnb29nbGUubWFwcy5wbGFjZXMudjEuUGxhY2VzLlNlYXJjaFRleHQQAhgEIAA"
cmpcyrrvj00s3ih9up6x5mqqz,yogaia,,936 24 35 10,yogaia,,España,google-maps,atleevoyoga,NUEVO,MEDIA,,,2026-05-19T18:26:05.408Z,2026-05-19T18:26:05.408Z,https://yogaiabcn.org/,"Pg. de St. Joan, 121, Eixample, 08037 Barcelona",Barcelona,4.8,80,https://maps.google.com/?cid=10683481433860265389&g_mp=Cidnb29nbGUubWFwcy5wbGFjZXMudjEuUGxhY2VzLlNlYXJjaFRleHQQAhgEIAA,yoga_studio,OPERATIONAL,"Importado desde Google Maps
Tipo: Centro de yoga
Dirección: Pg. de St. Joan, 121, Eixample, 08037 Barcelona
Google: 4.8⭐ (80 reseñas)
Web: https://yogaiabcn.org/
Maps: https://maps.google.com/?cid=10683481433860265389&g_mp=Cidnb29nbGUubWFwcy5wbGFjZXMudjEuUGxhY2VzLlNlYXJjaFRleHQQAhgEIAA"
cmpcyrs4j00s4ih9ut078scys,Ashtanga Yoga Eixample,,,Ashtanga Yoga Eixample,,España,google-maps,atleevoyoga,NUEVO,MEDIA,,,2026-05-19T18:26:05.732Z,2026-05-19T18:26:05.732Z,http://www.ashtangayogaeixample.com/,"Carrer de Roger de Flor, 49, Escalera B, Entresuelo 9, Eixample, 08013 Barcelona",Barcelona,5,79,https://maps.google.com/?cid=12980327188964119929&g_mp=Cidnb29nbGUubWFwcy5wbGFjZXMudjEuUGxhY2VzLlNlYXJjaFRleHQQAhgEIAA,yoga_studio,OPERATIONAL,"Importado desde Google Maps
Tipo: Centro de yoga
Dirección: Carrer de Roger de Flor, 49, Escalera B, Entresuelo 9, Eixample, 08013 Barcelona
Google: 5⭐ (79 reseñas)
Web: http://www.ashtangayogaeixample.com/
Maps: https://maps.google.com/?cid=12980327188964119929&g_mp=Cidnb29nbGUubWFwcy5wbGFjZXMudjEuUGxhY2VzLlNlYXJjaFRleHQQAhgEIAA"
cmpcyrsds00s5ih9ud3bxxhmw,Acroyoga y Yoga Barcelona,,635 35 04 32,Acroyoga y Yoga Barcelona,,España,google-maps,atleevoyoga,NUEVO,MEDIA,,,2026-05-19T18:26:06.065Z,2026-05-19T18:26:06.065Z,https://lilinyoga.com/,"Carrer Gran de Gràcia, Gràcia, 08012 Barcelona",Barcelona,5,103,https://maps.google.com/?cid=2386297938678494505&g_mp=Cidnb29nbGUubWFwcy5wbGFjZXMudjEuUGxhY2VzLlNlYXJjaFRleHQQAhgEIAA,yoga_studio,OPERATIONAL,"Importado desde Google Maps
Tipo: Centro de yoga
Dirección: Carrer Gran de Gràcia, Gràcia, 08012 Barcelona
Google: 5⭐ (103 reseñas)
Web: https://lilinyoga.com/
Maps: https://maps.google.com/?cid=2386297938678494505&g_mp=Cidnb29nbGUubWFwcy5wbGFjZXMudjEuUGxhY2VzLlNlYXJjaFRleHQQAhgEIAA"
cmpcyrsnp00s6ih9upfwug6s5,Luna Yoga Kundalini - Sound,,635 90 73 74,Luna Yoga Kundalini - Sound,,España,google-maps,atleevoyoga,NUEVO,MEDIA,,,2026-05-19T18:26:06.422Z,2026-05-19T18:26:06.422Z,https://www.lunayogasound.com/,"Carrer d'Alí Bei, 18, Eixample, 08010 Barcelona",Barcelona,5,18,https://maps.google.com/?cid=15279538864445488386&g_mp=Cidnb29nbGUubWFwcy5wbGFjZXMudjEuUGxhY2VzLlNlYXJjaFRleHQQAhgEIAA,yoga_studio,OPERATIONAL,"Importado desde Google Maps
Tipo: Centro de yoga
Dirección: Carrer d'Alí Bei, 18, Eixample, 08010 Barcelona
Google: 5⭐ (18 reseñas)
Web: https://www.lunayogasound.com/
Maps: https://maps.google.com/?cid=15279538864445488386&g_mp=Cidnb29nbGUubWFwcy5wbGFjZXMudjEuUGxhY2VzLlNlYXJjaFRleHQQAhgEIAA"
cmpcyrswv00s7ih9urbho0tg7,LotoYogaStudio,,610 00 12 04,LotoYogaStudio,,España,google-maps,atleevoyoga,NUEVO,MEDIA,,,2026-05-19T18:26:06.751Z,2026-05-19T18:26:06.751Z,https://lotoyogastudio.com/,"Carrer de Cabanes, 42, Sants-Montjuïc, 08004 Barcelona",Barcelona,5,75,https://maps.google.com/?cid=6324604050556583277&g_mp=Cidnb29nbGUubWFwcy5wbGFjZXMudjEuUGxhY2VzLlNlYXJjaFRleHQQAhgEIAA,yoga_studio,OPERATIONAL,"Importado desde Google Maps
Tipo: Centro de yoga
Dirección: Carrer de Cabanes, 42, Sants-Montjuïc, 08004 Barcelona
Google: 5⭐ (75 reseñas)
Web: https://lotoyogastudio.com/
Maps: https://maps.google.com/?cid=6324604050556583277&g_mp=Cidnb29nbGUubWFwcy5wbGFjZXMudjEuUGxhY2VzLlNlYXJjaFRleHQQAhgEIAA"
cmpcyrt6u00s8ih9u5xc9s8de,Rouri Studio,,,Rouri Studio,,España,google-maps,atleevoyoga,NUEVO,MEDIA,,,2026-05-19T18:26:07.111Z,2026-05-19T18:26:07.111Z,http://www.rouristudio.com/,"Passatge Sert, 6a, Ciutat Vella, 08003 Barcelona",Barcelona,5,31,https://maps.google.com/?cid=16468926756061264950&g_mp=Cidnb29nbGUubWFwcy5wbGFjZXMudjEuUGxhY2VzLlNlYXJjaFRleHQQAhgEIAA,yoga_studio,OPERATIONAL,"Importado desde Google Maps
Tipo: Centro de yoga
Dirección: Passatge Sert, 6a, Ciutat Vella, 08003 Barcelona
Google: 5⭐ (31 reseñas)
Web: http://www.rouristudio.com/
Maps: https://maps.google.com/?cid=16468926756061264950&g_mp=Cidnb29nbGUubWFwcy5wbGFjZXMudjEuUGxhY2VzLlNlYXJjaFRleHQQAhgEIAA"
cmpcyrtfz00s9ih9unqlx13nh,blanc yoga Eixample,,933 25 68 74,blanc yoga Eixample,,España,google-maps,atleevoyoga,NUEVO,MEDIA,,,2026-05-19T18:26:07.439Z,2026-05-19T18:26:07.439Z,https://www.blancyoga.es/,"Carrer de Calàbria, 87, Eixample, 08015 Barcelona",Barcelona,4.9,111,https://maps.google.com/?cid=2375661754711966797&g_mp=Cidnb29nbGUubWFwcy5wbGFjZXMudjEuUGxhY2VzLlNlYXJjaFRleHQQAhgEIAA,yoga_studio,OPERATIONAL,"Importado desde Google Maps
Tipo: Centro de yoga
Dirección: Carrer de Calàbria, 87, Eixample, 08015 Barcelona
Google: 4.9⭐ (111 reseñas)
Web: https://www.blancyoga.es/
Maps: https://maps.google.com/?cid=2375661754711966797&g_mp=Cidnb29nbGUubWFwcy5wbGFjZXMudjEuUGxhY2VzLlNlYXJjaFRleHQQAhgEIAA"
cmpcyrtp600saih9u33zreyi0,Kosmo Yoga,,655 39 37 55,Kosmo Yoga,,España,google-maps,atleevoyoga,NUEVO,MEDIA,,,2026-05-19T18:26:07.771Z,2026-05-19T18:26:07.771Z,http://yogakosmo.com/,"Carrer del Pare Laínez, 42, Gràcia, 08025 Barcelona",Barcelona,5,36,https://maps.google.com/?cid=13773475248743266579&g_mp=Cidnb29nbGUubWFwcy5wbGFjZXMudjEuUGxhY2VzLlNlYXJjaFRleHQQAhgEIAA,yoga_studio,OPERATIONAL,"Importado desde Google Maps
Tipo: Centro de yoga
Dirección: Carrer del Pare Laínez, 42, Gràcia, 08025 Barcelona
Google: 5⭐ (36 reseñas)
Web: http://yogakosmo.com/
Maps: https://maps.google.com/?cid=13773475248743266579&g_mp=Cidnb29nbGUubWFwcy5wbGFjZXMudjEuUGxhY2VzLlNlYXJjaFRleHQQAhgEIAA"
cmpcyrtyc00sbih9u20cjk4v5,Beyoga Pilates & Yoga Barcelona,,934 19 77 81,Beyoga Pilates & Yoga Barcelona,,España,google-maps,atleevoyoga,NUEVO,MEDIA,,,2026-05-19T18:26:08.100Z,2026-05-19T18:26:08.100Z,https://beyogabcn.com/,"Carrer de Buenos Aires, 52, Eixample, 08036 Barcelona",Barcelona,4.7,70,https://maps.google.com/?cid=13511661132613226583&g_mp=Cidnb29nbGUubWFwcy5wbGFjZXMudjEuUGxhY2VzLlNlYXJjaFRleHQQAhgEIAA,gym,OPERATIONAL,"Importado desde Google Maps
Tipo: Gimnasio
Dirección: Carrer de Buenos Aires, 52, Eixample, 08036 Barcelona
Google: 4.7⭐ (70 reseñas)
Web: https://beyogabcn.com/
Maps: https://maps.google.com/?cid=13511661132613226583&g_mp=Cidnb29nbGUubWFwcy5wbGFjZXMudjEuUGxhY2VzLlNlYXJjaFRleHQQAhgEIAA"
cmpcyru7c00scih9utn2728me,Sarrià Yoga,,650 43 20 05,Sarrià Yoga,,España,google-maps,atleevoyoga,NUEVO,MEDIA,,,2026-05-19T18:26:08.424Z,2026-05-19T18:26:08.424Z,http://www.sarriayoga.cat/,"Carrer d'Ivorra, 20, Sarrià-Sant Gervasi, 08034 Barcelona",Barcelona,4.8,137,https://maps.google.com/?cid=13638601557122602610&g_mp=Cidnb29nbGUubWFwcy5wbGFjZXMudjEuUGxhY2VzLlNlYXJjaFRleHQQAhgEIAA,yoga_studio,OPERATIONAL,"Importado desde Google Maps
Tipo: Centro de yoga
Dirección: Carrer d'Ivorra, 20, Sarrià-Sant Gervasi, 08034 Barcelona
Google: 4.8⭐ (137 reseñas)
Web: http://www.sarriayoga.cat/
Maps: https://maps.google.com/?cid=13638601557122602610&g_mp=Cidnb29nbGUubWFwcy5wbGFjZXMudjEuUGxhY2VzLlNlYXJjaFRleHQQAhgEIAA"
cmpcyruhm00sdih9uzgek0kf9,Maha Ma Yoga,,648 41 55 05,Maha Ma Yoga,,España,google-maps,atleevoyoga,NUEVO,MEDIA,,,2026-05-19T18:26:08.795Z,2026-05-19T18:26:08.795Z,https://mahamayoga.com/,"Carrer de Badajoz, 86, Sant Martí, 08005 Barcelona",Barcelona,4.9,71,https://maps.google.com/?cid=10017948911948223947&g_mp=Cidnb29nbGUubWFwcy5wbGFjZXMudjEuUGxhY2VzLlNlYXJjaFRleHQQAhgEIAA,yoga_studio,OPERATIONAL,"Importado desde Google Maps
Tipo: Centro de yoga
Dirección: Carrer de Badajoz, 86, Sant Martí, 08005 Barcelona
Google: 4.9⭐ (71 reseñas)
Web: https://mahamayoga.com/
Maps: https://maps.google.com/?cid=10017948911948223947&g_mp=Cidnb29nbGUubWFwcy5wbGFjZXMudjEuUGxhY2VzLlNlYXJjaFRleHQQAhgEIAA"
cmpcyrura00seih9urj4bcsx1,Sarasvati Estudio - Yoga y masaje,,685 01 99 02,Sarasvati Estudio - Yoga y masaje,,España,google-maps,atleevoyoga,NUEVO,MEDIA,,,2026-05-19T18:26:09.143Z,2026-05-19T18:26:09.143Z,,"Carrer de Sant Gabriel, 10, local 2, Gràcia, 08012 Barcelona",Barcelona,5,16,https://maps.google.com/?cid=16061698401221213485&g_mp=Cidnb29nbGUubWFwcy5wbGFjZXMudjEuUGxhY2VzLlNlYXJjaFRleHQQAhgEIAA,,OPERATIONAL,"Importado desde Google Maps
Dirección: Carrer de Sant Gabriel, 10, local 2, Gràcia, 08012 Barcelona
Google: 5⭐ (16 reseñas)
Maps: https://maps.google.com/?cid=16061698401221213485&g_mp=Cidnb29nbGUubWFwcy5wbGFjZXMudjEuUGxhY2VzLlNlYXJjaFRleHQQAhgEIAA"
cmpcyrv0d00sfih9ulh0jjq4d,Sincronia Yoga | Gràcia Barcelona,,685 50 32 59,Sincronia Yoga | Gràcia Barcelona,,España,google-maps,atleevoyoga,NUEVO,MEDIA,,,2026-05-19T18:26:09.469Z,2026-05-19T18:26:09.469Z,https://sincroniayoga.com/es/,"Carrer de Pere Serafí, 7, Gràcia, 08012 Barcelona",Barcelona,4.7,174,https://maps.google.com/?cid=11364807655294440483&g_mp=Cidnb29nbGUubWFwcy5wbGFjZXMudjEuUGxhY2VzLlNlYXJjaFRleHQQAhgEIAA,yoga_studio,OPERATIONAL,"Importado desde Google Maps
Tipo: Centro de yoga
Dirección: Carrer de Pere Serafí, 7, Gràcia, 08012 Barcelona
Google: 4.7⭐ (174 reseñas)
Web: https://sincroniayoga.com/es/
Maps: https://maps.google.com/?cid=11364807655294440483&g_mp=Cidnb29nbGUubWFwcy5wbGFjZXMudjEuUGxhY2VzLlNlYXJjaFRleHQQAhgEIAA"
cmpcyrv9p00sgih9ugznsrgfk,YogaOne Aragó/Clot,,937 42 74 04,YogaOne Aragó/Clot,,España,google-maps,atleevoyoga,NUEVO,MEDIA,,,2026-05-19T18:26:09.805Z,2026-05-19T18:26:09.805Z,https://www.yogaone.es/es/yogaone-arago-clot,"Carrer d'Aragó, 655, Sant Martí, 08026 Barcelona",Barcelona,4.8,152,https://maps.google.com/?cid=6769433037427780573&g_mp=Cidnb29nbGUubWFwcy5wbGFjZXMudjEuUGxhY2VzLlNlYXJjaFRleHQQAhgEIAA,yoga_studio,OPERATIONAL,"Importado desde Google Maps
Tipo: Centro de yoga
Dirección: Carrer d'Aragó, 655, Sant Martí, 08026 Barcelona
Google: 4.8⭐ (152 reseñas)
Web: https://www.yogaone.es/es/yogaone-arago-clot
Maps: https://maps.google.com/?cid=6769433037427780573&g_mp=Cidnb29nbGUubWFwcy5wbGFjZXMudjEuUGxhY2VzLlNlYXJjaFRleHQQAhgEIAA"
cmpcyrvix00shih9u7vfcz1ba,Jivamukti Yoga Barcelona,,622 23 62 02,Jivamukti Yoga Barcelona,,España,google-maps,atleevoyoga,NUEVO,MEDIA,,,2026-05-19T18:26:10.137Z,2026-05-19T18:26:10.137Z,http://jivamuktiyogabarcelona.com/,"Rda. de Sant Pere, 19, Floor 3- Door 5, Eixample, 08010 Barcelona",Barcelona,4.8,96,https://maps.google.com/?cid=14574591390965473458&g_mp=Cidnb29nbGUubWFwcy5wbGFjZXMudjEuUGxhY2VzLlNlYXJjaFRleHQQAhgEIAA,yoga_studio,OPERATIONAL,"Importado desde Google Maps
Tipo: Centro de yoga
Dirección: Rda. de Sant Pere, 19, Floor 3- Door 5, Eixample, 08010 Barcelona
Google: 4.8⭐ (96 reseñas)
Web: http://jivamuktiyogabarcelona.com/
Maps: https://maps.google.com/?cid=14574591390965473458&g_mp=Cidnb29nbGUubWFwcy5wbGFjZXMudjEuUGxhY2VzLlNlYXJjaFRleHQQAhgEIAA"
cmpcyrvs300siih9uz5el9nhb,Arcadia Yoga Studio,,617 11 53 13,Arcadia Yoga Studio,,España,google-maps,atleevoyoga,NUEVO,MEDIA,,,2026-05-19T18:26:10.468Z,2026-05-19T18:26:10.468Z,https://www.arcadiayogastudio.com/,"Carrer de Ravella, 12, Entlo 3, Sarrià-Sant Gervasi, 08021 Barcelona",Barcelona,5,16,https://maps.google.com/?cid=7922478981816541669&g_mp=Cidnb29nbGUubWFwcy5wbGFjZXMudjEuUGxhY2VzLlNlYXJjaFRleHQQAhgEIAA,yoga_studio,OPERATIONAL,"Importado desde Google Maps
Tipo: Centro de yoga
Dirección: Carrer de Ravella, 12, Entlo 3, Sarrià-Sant Gervasi, 08021 Barcelona
Google: 5⭐ (16 reseñas)
Web: https://www.arcadiayogastudio.com/
Maps: https://maps.google.com/?cid=7922478981816541669&g_mp=Cidnb29nbGUubWFwcy5wbGFjZXMudjEuUGxhY2VzLlNlYXJjaFRleHQQAhgEIAA"
cmpcyrw2o00sjih9ulpn6ufqi,Barcelona Yoga School - Yoga Weeks,,932 80 71 22,Barcelona Yoga School - Yoga Weeks,,España,google-maps,atleevoyoga,NUEVO,MEDIA,,,2026-05-19T18:26:10.848Z,2026-05-19T18:26:10.848Z,http://www.yogaweeks.com/,"Passatge de l'Hort dels Velluters, 2, Local 1, Ciutat Vella, 08003 Barcelona",Barcelona,5,23,https://maps.google.com/?cid=16565744263209906486&g_mp=Cidnb29nbGUubWFwcy5wbGFjZXMudjEuUGxhY2VzLlNlYXJjaFRleHQQAhgEIAA,yoga_studio,OPERATIONAL,"Importado desde Google Maps
Tipo: Centro de yoga
Dirección: Passatge de l'Hort dels Velluters, 2, Local 1, Ciutat Vella, 08003 Barcelona
Google: 5⭐ (23 reseñas)
Web: http://www.yogaweeks.com/
Maps: https://maps.google.com/?cid=16565744263209906486&g_mp=Cidnb29nbGUubWFwcy5wbGFjZXMudjEuUGxhY2VzLlNlYXJjaFRleHQQAhgEIAA"
cmpcyrwey00skih9ugz9c838x,Alfa Yoga Studio,,654 58 08 02,Alfa Yoga Studio,,España,google-maps,atleevoyoga,NUEVO,MEDIA,,,2026-05-19T18:26:11.290Z,2026-05-19T18:26:11.290Z,https://alfayoga.com/,"Carrer d'Elisabets, 5, 1-1, Ciutat Vella, 08001 Barcelona",Barcelona,5,35,https://maps.google.com/?cid=4484437399638112444&g_mp=Cidnb29nbGUubWFwcy5wbGFjZXMudjEuUGxhY2VzLlNlYXJjaFRleHQQAhgEIAA,yoga_studio,OPERATIONAL,"Importado desde Google Maps
Tipo: Centro de yoga
Dirección: Carrer d'Elisabets, 5, 1-1, Ciutat Vella, 08001 Barcelona
Google: 5⭐ (35 reseñas)
Web: https://alfayoga.com/
Maps: https://maps.google.com/?cid=4484437399638112444&g_mp=Cidnb29nbGUubWFwcy5wbGFjZXMudjEuUGxhY2VzLlNlYXJjaFRleHQQAhgEIAA"
cmpcyrwob00slih9ux551znn7,INTROYOGA BARCELONA,,635 69 95 36,INTROYOGA BARCELONA,,España,google-maps,atleevoyoga,NUEVO,MEDIA,,,2026-05-19T18:26:11.627Z,2026-05-19T18:26:11.627Z,,"Carrer de Casanova, 27, 2-2, Eixample, 08011 Barcelona",Barcelona,5,26,https://maps.google.com/?cid=7862357341552675933&g_mp=Cidnb29nbGUubWFwcy5wbGFjZXMudjEuUGxhY2VzLlNlYXJjaFRleHQQAhgEIAA,yoga_studio,OPERATIONAL,"Importado desde Google Maps
Tipo: Centro de yoga
Dirección: Carrer de Casanova, 27, 2-2, Eixample, 08011 Barcelona
Google: 5⭐ (26 reseñas)
Maps: https://maps.google.com/?cid=7862357341552675933&g_mp=Cidnb29nbGUubWFwcy5wbGFjZXMudjEuUGxhY2VzLlNlYXJjaFRleHQQAhgEIAA"
cmpcyrwxh00smih9ulhgt0swf,Centro Shrivivek Yoga Integral Barcelona,,934 55 46 67,Centro Shrivivek Yoga Integral Barcelona,,España,google-maps,atleevoyoga,NUEVO,MEDIA,,,2026-05-19T18:26:11.957Z,2026-05-19T18:26:11.957Z,http://www.shrivivekyoga.org/,"Carrer de Panissars, 17, Sants-Montjuïc, 08028 Barcelona",Barcelona,5,23,https://maps.google.com/?cid=11412084437797427329&g_mp=Cidnb29nbGUubWFwcy5wbGFjZXMudjEuUGxhY2VzLlNlYXJjaFRleHQQAhgEIAA,yoga_studio,OPERATIONAL,"Importado desde Google Maps
Tipo: Centro de yoga
Dirección: Carrer de Panissars, 17, Sants-Montjuïc, 08028 Barcelona
Google: 5⭐ (23 reseñas)
Web: http://www.shrivivekyoga.org/
Maps: https://maps.google.com/?cid=11412084437797427329&g_mp=Cidnb29nbGUubWFwcy5wbGFjZXMudjEuUGxhY2VzLlNlYXJjaFRleHQQAhgEIAA"
cmpcyrx6h00snih9unmmak3n3,▷ Més Millor: Clases de Yoga y Psiconutrición en Barcelona,,644 37 61 70,▷ Més Millor: Clases de Yoga y Psiconutrición en Barcelona,,España,google-maps,atleevoyoga,NUEVO,MEDIA,,,2026-05-19T18:26:12.281Z,2026-05-19T18:26:12.281Z,,"Carrer de Felip II, 23, entr 4, Sant Andreu, 08027 Barcelona",Barcelona,5,184,https://maps.google.com/?cid=1020820996281400232&g_mp=Cidnb29nbGUubWFwcy5wbGFjZXMudjEuUGxhY2VzLlNlYXJjaFRleHQQAhgEIAA,yoga_studio,OPERATIONAL,"Importado desde Google Maps
Tipo: Centro de yoga
Dirección: Carrer de Felip II, 23, entr 4, Sant Andreu, 08027 Barcelona
Google: 5⭐ (184 reseñas)
Maps: https://maps.google.com/?cid=1020820996281400232&g_mp=Cidnb29nbGUubWFwcy5wbGFjZXMudjEuUGxhY2VzLlNlYXJjaFRleHQQAhgEIAA"
cmpcyrxfc00soih9uu0jmdtbl,Espai Adarsha Yoga Studio,,,Espai Adarsha Yoga Studio,,España,google-maps,atleevoyoga,NUEVO,MEDIA,,,2026-05-19T18:26:12.601Z,2026-05-19T18:26:12.601Z,http://www.espaiadarsha.com/,"Carrer de Girona, 166, Entresuelo 3a, Eixample, 08037 Barcelona",Barcelona,5,51,https://maps.google.com/?cid=10586540010869123572&g_mp=Cidnb29nbGUubWFwcy5wbGFjZXMudjEuUGxhY2VzLlNlYXJjaFRleHQQAhgEIAA,yoga_studio,OPERATIONAL,"Importado desde Google Maps
Tipo: Centro de yoga
Dirección: Carrer de Girona, 166, Entresuelo 3a, Eixample, 08037 Barcelona
Google: 5⭐ (51 reseñas)
Web: http://www.espaiadarsha.com/
Maps: https://maps.google.com/?cid=10586540010869123572&g_mp=Cidnb29nbGUubWFwcy5wbGFjZXMudjEuUGxhY2VzLlNlYXJjaFRleHQQAhgEIAA"
cmpcyrzhy00spih9uhr9q5thg,CPYOGA LA ELIANA,,609 27 26 21,CPYOGA LA ELIANA,,España,google-maps,atleevoyoga,NUEVO,MEDIA,,,2026-05-19T18:26:15.287Z,2026-05-19T18:26:15.287Z,https://cpyoga.com/es/centers/yoga-en-leliana/,"Carrer València, 10, 46183 L'Eliana, Valencia",Valencia,5,148,https://maps.google.com/?cid=10581518223390771836&g_mp=Cidnb29nbGUubWFwcy5wbGFjZXMudjEuUGxhY2VzLlNlYXJjaFRleHQQAhgEIAA,yoga_studio,OPERATIONAL,"Importado desde Google Maps
Tipo: Centro de yoga
Dirección: Carrer València, 10, 46183 L'Eliana, Valencia
Google: 5⭐ (148 reseñas)
Web: https://cpyoga.com/es/centers/yoga-en-leliana/
Maps: https://maps.google.com/?cid=10581518223390771836&g_mp=Cidnb29nbGUubWFwcy5wbGFjZXMudjEuUGxhY2VzLlNlYXJjaFRleHQQAhgEIAA"
cmpcyrzr800sqih9u8llofi99,Estudio de Yoga,,637 52 10 10,Estudio de Yoga,,España,google-maps,atleevoyoga,NUEVO,MEDIA,,,2026-05-19T18:26:15.620Z,2026-05-19T18:26:15.620Z,http://www.estudiodeyoga.es/,"C. del Dr. Vicente Zaragozá, 9, Esc B - pta 7, Benimaclet, 46020 Valencia",Valencia,5,9,https://maps.google.com/?cid=3181119874652424391&g_mp=Cidnb29nbGUubWFwcy5wbGFjZXMudjEuUGxhY2VzLlNlYXJjaFRleHQQAhgEIAA,yoga_studio,OPERATIONAL,"Importado desde Google Maps
Tipo: Centro de yoga
Dirección: C. del Dr. Vicente Zaragozá, 9, Esc B - pta 7, Benimaclet, 46020 Valencia
Google: 5⭐ (9 reseñas)
Web: http://www.estudiodeyoga.es/
Maps: https://maps.google.com/?cid=3181119874652424391&g_mp=Cidnb29nbGUubWFwcy5wbGFjZXMudjEuUGxhY2VzLlNlYXJjaFRleHQQAhgEIAA"
cmpcys00c00srih9um9p00yed,STUDIO YOGA PILATES FUNCIONAL,,658 69 56 70,STUDIO YOGA PILATES FUNCIONAL,,España,google-maps,atleevoyoga,NUEVO,MEDIA,,,2026-05-19T18:26:15.948Z,2026-05-19T18:26:15.948Z,http://www.yogaalamanecer.com/,"C. del Mestre Bagant, 21, Campanar, 46015 València, Valencia",Valencia,5,27,https://maps.google.com/?cid=15206200653924440771&g_mp=Cidnb29nbGUubWFwcy5wbGFjZXMudjEuUGxhY2VzLlNlYXJjaFRleHQQAhgEIAA,wellness_center,OPERATIONAL,"Importado desde Google Maps
Tipo: Centro de salud y bienestar
Dirección: C. del Mestre Bagant, 21, Campanar, 46015 València, Valencia
Google: 5⭐ (27 reseñas)
Web: http://www.yogaalamanecer.com/
Maps: https://maps.google.com/?cid=15206200653924440771&g_mp=Cidnb29nbGUubWFwcy5wbGFjZXMudjEuUGxhY2VzLlNlYXJjaFRleHQQAhgEIAA"
cmpcys09j00ssih9u8hq12akh,ahimsa YOGA,,635 03 43 22,ahimsa YOGA,,España,google-maps,atleevoyoga,NUEVO,MEDIA,,,2026-05-19T18:26:16.279Z,2026-05-19T18:26:16.279Z,http://www.ahimsayoga.es/,"Carrer Nou d'Octubre, 6, 46185 La Pobla de Vallbona, Valencia",Valencia,5,130,https://maps.google.com/?cid=12781607167387819400&g_mp=Cidnb29nbGUubWFwcy5wbGFjZXMudjEuUGxhY2VzLlNlYXJjaFRleHQQAhgEIAA,yoga_studio,OPERATIONAL,"Importado desde Google Maps
Tipo: Centro de yoga
Dirección: Carrer Nou d'Octubre, 6, 46185 La Pobla de Vallbona, Valencia
Google: 5⭐ (130 reseñas)
Web: http://www.ahimsayoga.es/
Maps: https://maps.google.com/?cid=12781607167387819400&g_mp=Cidnb29nbGUubWFwcy5wbGFjZXMudjEuUGxhY2VzLlNlYXJjaFRleHQQAhgEIAA"
cmpcys0if00stih9uga2t3h32,Mārgaṇa Yoga Studio,,611 10 28 83,Mārgaṇa Yoga Studio,,España,google-maps,atleevoyoga,NUEVO,MEDIA,,,2026-05-19T18:26:16.599Z,2026-05-19T18:26:16.599Z,https://marganayogastudio.tribu.yoga/,"C. de Puerto Rico, 41, bajo izq, L'Eixample, 46006 València, Valencia",Valencia,5,38,https://maps.google.com/?cid=11556171788882988520&g_mp=Cidnb29nbGUubWFwcy5wbGFjZXMudjEuUGxhY2VzLlNlYXJjaFRleHQQAhgEIAA,yoga_studio,OPERATIONAL,"Importado desde Google Maps
Tipo: Centro de yoga
Dirección: C. de Puerto Rico, 41, bajo izq, L'Eixample, 46006 València, Valencia
Google: 5⭐ (38 reseñas)
Web: https://marganayogastudio.tribu.yoga/
Maps: https://maps.google.com/?cid=11556171788882988520&g_mp=Cidnb29nbGUubWFwcy5wbGFjZXMudjEuUGxhY2VzLlNlYXJjaFRleHQQAhgEIAA"
cmpcys0rl00suih9ubvgyz0d5,Sûrya Yoga L'Eliana,,678 93 57 79,Sûrya Yoga L'Eliana,,España,google-maps,atleevoyoga,NUEVO,MEDIA,,,2026-05-19T18:26:16.929Z,2026-05-19T18:26:16.929Z,http://suryayogaleliana.com/,"C.C. el Osito, C/ Tuéjar, 37, 46183 L'Eliana, Valencia",Valencia,5,8,https://maps.google.com/?cid=15395342938797003936&g_mp=Cidnb29nbGUubWFwcy5wbGFjZXMudjEuUGxhY2VzLlNlYXJjaFRleHQQAhgEIAA,yoga_studio,OPERATIONAL,"Importado desde Google Maps
Tipo: Centro de yoga
Dirección: C.C. el Osito, C/ Tuéjar, 37, 46183 L'Eliana, Valencia
Google: 5⭐ (8 reseñas)
Web: http://suryayogaleliana.com/
Maps: https://maps.google.com/?cid=15395342938797003936&g_mp=Cidnb29nbGUubWFwcy5wbGFjZXMudjEuUGxhY2VzLlNlYXJjaFRleHQQAhgEIAA"
cmpcys10p00svih9ujxvnkkzm,Anayar. Centro de YOGA,,667 29 96 27,Anayar. Centro de YOGA,,España,google-maps,atleevoyoga,NUEVO,MEDIA,,,2026-05-19T18:26:17.257Z,2026-05-19T18:26:17.257Z,https://www.centroanayar.com/,"C/ de Bilbao, 13, La Saïdia, 46009 València, Valencia",Valencia,5,68,https://maps.google.com/?cid=842930973038721660&g_mp=Cidnb29nbGUubWFwcy5wbGFjZXMudjEuUGxhY2VzLlNlYXJjaFRleHQQAhgEIAA,yoga_studio,OPERATIONAL,"Importado desde Google Maps
Tipo: Centro de yoga
Dirección: C/ de Bilbao, 13, La Saïdia, 46009 València, Valencia
Google: 5⭐ (68 reseñas)
Web: https://www.centroanayar.com/
Maps: https://maps.google.com/?cid=842930973038721660&g_mp=Cidnb29nbGUubWFwcy5wbGFjZXMudjEuUGxhY2VzLlNlYXJjaFRleHQQAhgEIAA"
cmpcys19z00swih9uhosn2k5t,Centro de Yoga Iturbi,,610 37 49 96,Centro de Yoga Iturbi,,España,google-maps,atleevoyoga,NUEVO,MEDIA,,,2026-05-19T18:26:17.591Z,2026-05-19T18:26:17.591Z,http://www.centroyogaiturbi.com/,"Carrer de la Pianista Empar Iturbi, 47, Quatre Carreres, 46006 València, Valencia",Valencia,4.9,28,https://maps.google.com/?cid=11877205119246059586&g_mp=Cidnb29nbGUubWFwcy5wbGFjZXMudjEuUGxhY2VzLlNlYXJjaFRleHQQAhgEIAA,yoga_studio,OPERATIONAL,"Importado desde Google Maps
Tipo: Centro de yoga
Dirección: Carrer de la Pianista Empar Iturbi, 47, Quatre Carreres, 46006 València, Valencia
Google: 4.9⭐ (28 reseñas)
Web: http://www.centroyogaiturbi.com/
Maps: https://maps.google.com/?cid=11877205119246059586&g_mp=Cidnb29nbGUubWFwcy5wbGFjZXMudjEuUGxhY2VzLlNlYXJjaFRleHQQAhgEIAA"
cmpcys1j600sxih9u6vkttkh5,Método Buddhi Yoga,,652 58 72 82,Método Buddhi Yoga,,España,google-maps,atleevoyoga,NUEVO,MEDIA,,,2026-05-19T18:26:17.922Z,2026-05-19T18:26:17.922Z,https://metodobuddhiyoga.com/yoga-valencia/,"Carrer d'Hernández Lázaro, 14, Campanar, 46015 València, Valencia",Valencia,4.9,146,https://maps.google.com/?cid=4103320047551239887&g_mp=Cidnb29nbGUubWFwcy5wbGFjZXMudjEuUGxhY2VzLlNlYXJjaFRleHQQAhgEIAA,yoga_studio,OPERATIONAL,"Importado desde Google Maps
Tipo: Centro de yoga
Dirección: Carrer d'Hernández Lázaro, 14, Campanar, 46015 València, Valencia
Google: 4.9⭐ (146 reseñas)
Web: https://metodobuddhiyoga.com/yoga-valencia/
Maps: https://maps.google.com/?cid=4103320047551239887&g_mp=Cidnb29nbGUubWFwcy5wbGFjZXMudjEuUGxhY2VzLlNlYXJjaFRleHQQAhgEIAA"
cmpcys1s800syih9ujztvxrwp,amaturaiz,,686 26 42 24,amaturaiz,,España,google-maps,atleevoyoga,NUEVO,MEDIA,,,2026-05-19T18:26:18.248Z,2026-05-19T18:26:18.248Z,https://amaturaiz.com/agenda/,"Carrer del Poeta Llorente, 83, 46185 La Pobla de Vallbona, Valencia",Valencia,4.9,56,https://maps.google.com/?cid=11016371433052408568&g_mp=Cidnb29nbGUubWFwcy5wbGFjZXMudjEuUGxhY2VzLlNlYXJjaFRleHQQAhgEIAA,yoga_studio,OPERATIONAL,"Importado desde Google Maps
Tipo: Centro de yoga
Dirección: Carrer del Poeta Llorente, 83, 46185 La Pobla de Vallbona, Valencia
Google: 4.9⭐ (56 reseñas)
Web: https://amaturaiz.com/agenda/
Maps: https://maps.google.com/?cid=11016371433052408568&g_mp=Cidnb29nbGUubWFwcy5wbGFjZXMudjEuUGxhY2VzLlNlYXJjaFRleHQQAhgEIAA"
cmpcys21d00szih9u8vwkig69,THE YOGA BOX,,961 01 59 41,THE YOGA BOX,,España,google-maps,atleevoyoga,NUEVO,MEDIA,,,2026-05-19T18:26:18.577Z,2026-05-19T18:26:18.577Z,http://www.theyogabox.es/,"C/ de Lluís Vives, 7, Ciutat Vella, 46002 València, Valencia",Valencia,4.8,119,https://maps.google.com/?cid=12841197131210401731&g_mp=Cidnb29nbGUubWFwcy5wbGFjZXMudjEuUGxhY2VzLlNlYXJjaFRleHQQAhgEIAA,yoga_studio,OPERATIONAL,"Importado desde Google Maps
Tipo: Centro de yoga
Dirección: C/ de Lluís Vives, 7, Ciutat Vella, 46002 València, Valencia
Google: 4.8⭐ (119 reseñas)
Web: http://www.theyogabox.es/
Maps: https://maps.google.com/?cid=12841197131210401731&g_mp=Cidnb29nbGUubWFwcy5wbGFjZXMudjEuUGxhY2VzLlNlYXJjaFRleHQQAhgEIAA"
cmpcys2ao00t0ih9u6yyov4b2,Gobinde Yoga,,963 25 06 79,Gobinde Yoga,,España,google-maps,atleevoyoga,NUEVO,MEDIA,,,2026-05-19T18:26:18.912Z,2026-05-19T18:26:18.912Z,http://gobinde.com/,"C/ del Pintor Salvador Abril, 31, L'Eixample, 46005 València, Valencia",Valencia,5,72,https://maps.google.com/?cid=12645118575206076216&g_mp=Cidnb29nbGUubWFwcy5wbGFjZXMudjEuUGxhY2VzLlNlYXJjaFRleHQQAhgEIAA,yoga_studio,OPERATIONAL,"Importado desde Google Maps
Tipo: Centro de yoga
Dirección: C/ del Pintor Salvador Abril, 31, L'Eixample, 46005 València, Valencia
Google: 5⭐ (72 reseñas)
Web: http://gobinde.com/
Maps: https://maps.google.com/?cid=12645118575206076216&g_mp=Cidnb29nbGUubWFwcy5wbGFjZXMudjEuUGxhY2VzLlNlYXJjaFRleHQQAhgEIAA"
cmpcys2k000t1ih9usq8lt55c,Velcam Yoga Center Valencia,,,Velcam Yoga Center Valencia,,España,google-maps,atleevoyoga,NUEVO,MEDIA,,,2026-05-19T18:26:19.249Z,2026-05-19T18:26:19.249Z,http://www.velcamyogacenter.com/,"C/ de Josep Benlliure, 87, Poblados Marítimos, 46011 València, Valencia",Valencia,5,159,https://maps.google.com/?cid=9575568471583018748&g_mp=Cidnb29nbGUubWFwcy5wbGFjZXMudjEuUGxhY2VzLlNlYXJjaFRleHQQAhgEIAA,yoga_studio,OPERATIONAL,"Importado desde Google Maps
Tipo: Centro de yoga
Dirección: C/ de Josep Benlliure, 87, Poblados Marítimos, 46011 València, Valencia
Google: 5⭐ (159 reseñas)
Web: http://www.velcamyogacenter.com/
Maps: https://maps.google.com/?cid=9575568471583018748&g_mp=Cidnb29nbGUubWFwcy5wbGFjZXMudjEuUGxhY2VzLlNlYXJjaFRleHQQAhgEIAA"
cmpcys2t500t2ih9udi1qkw1g,CPYOGA Valencia,,622 94 95 24,CPYOGA Valencia,,España,google-maps,atleevoyoga,NUEVO,MEDIA,,,2026-05-19T18:26:19.577Z,2026-05-19T18:26:19.577Z,https://cpyoga.com/es/centers/yoga-en-valencia/,"Carrer de Mossèn Jacint Verdaguer, 9, Extramurs, 46008 València, Valencia",Valencia,5,44,https://maps.google.com/?cid=12200206806661360357&g_mp=Cidnb29nbGUubWFwcy5wbGFjZXMudjEuUGxhY2VzLlNlYXJjaFRleHQQAhgEIAA,yoga_studio,OPERATIONAL,"Importado desde Google Maps
Tipo: Centro de yoga
Dirección: Carrer de Mossèn Jacint Verdaguer, 9, Extramurs, 46008 València, Valencia
Google: 5⭐ (44 reseñas)
Web: https://cpyoga.com/es/centers/yoga-en-valencia/
Maps: https://maps.google.com/?cid=12200206806661360357&g_mp=Cidnb29nbGUubWFwcy5wbGFjZXMudjEuUGxhY2VzLlNlYXJjaFRleHQQAhgEIAA"
cmpcys32800t3ih9ucqy0lp5w,EstudioFlow Yoga,,620 85 98 76,EstudioFlow Yoga,,España,google-maps,atleevoyoga,NUEVO,MEDIA,,,2026-05-19T18:26:19.905Z,2026-05-19T18:26:19.905Z,https://estudioflow.com/clases-de-yoga,"C/ de les Arts Gràfiques, 28, El Pla del Real, 46010 València, Valencia",Valencia,5,46,https://maps.google.com/?cid=5838055304994513819&g_mp=Cidnb29nbGUubWFwcy5wbGFjZXMudjEuUGxhY2VzLlNlYXJjaFRleHQQAhgEIAA,yoga_studio,OPERATIONAL,"Importado desde Google Maps
Tipo: Centro de yoga
Dirección: C/ de les Arts Gràfiques, 28, El Pla del Real, 46010 València, Valencia
Google: 5⭐ (46 reseñas)
Web: https://estudioflow.com/clases-de-yoga
Maps: https://maps.google.com/?cid=5838055304994513819&g_mp=Cidnb29nbGUubWFwcy5wbGFjZXMudjEuUGxhY2VzLlNlYXJjaFRleHQQAhgEIAA"
cmpcys3b600t4ih9ufkooajfm,CALMAYOGA Valencia,,685 82 28 27,CALMAYOGA Valencia,,España,google-maps,atleevoyoga,NUEVO,MEDIA,,,2026-05-19T18:26:20.227Z,2026-05-19T18:26:20.227Z,http://www.calmavalencia.es/,"C/ de les Arts i dels Oficis, 14, Camins al Grau, 46021 València, Valencia",Valencia,5,59,https://maps.google.com/?cid=3810137520911192455&g_mp=Cidnb29nbGUubWFwcy5wbGFjZXMudjEuUGxhY2VzLlNlYXJjaFRleHQQAhgEIAA,yoga_studio,OPERATIONAL,"Importado desde Google Maps
Tipo: Centro de yoga
Dirección: C/ de les Arts i dels Oficis, 14, Camins al Grau, 46021 València, Valencia
Google: 5⭐ (59 reseñas)
Web: http://www.calmavalencia.es/
Maps: https://maps.google.com/?cid=3810137520911192455&g_mp=Cidnb29nbGUubWFwcy5wbGFjZXMudjEuUGxhY2VzLlNlYXJjaFRleHQQAhgEIAA"
cmpcys3k800t5ih9ui58g2r4x,Clases de Yoga - Vida de Yoguis by Estefanía Mora,,614 38 61 16,Clases de Yoga - Vida de Yoguis by Estefanía Mora,,España,google-maps,atleevoyoga,NUEVO,MEDIA,,,2026-05-19T18:26:20.553Z,2026-05-19T18:26:20.553Z,https://www.vidadeyoguis.com/,"C/ de Luis Buñuel Director de Cine, 19, Campanar, 46015 València, Valencia",Valencia,5,55,https://maps.google.com/?cid=18106428004252842054&g_mp=Cidnb29nbGUubWFwcy5wbGFjZXMudjEuUGxhY2VzLlNlYXJjaFRleHQQAhgEIAA,,OPERATIONAL,"Importado desde Google Maps
Dirección: C/ de Luis Buñuel Director de Cine, 19, Campanar, 46015 València, Valencia
Google: 5⭐ (55 reseñas)
Web: https://www.vidadeyoguis.com/
Maps: https://maps.google.com/?cid=18106428004252842054&g_mp=Cidnb29nbGUubWFwcy5wbGFjZXMudjEuUGxhY2VzLlNlYXJjaFRleHQQAhgEIAA"
cmpcys3td00t6ih9ug1v2uxq6,Yoga Flow Vlc,,603 68 22 53,Yoga Flow Vlc,,España,google-maps,atleevoyoga,NUEVO,MEDIA,,,2026-05-19T18:26:20.881Z,2026-05-19T18:26:20.881Z,https://www.yogaflowvlc.com/es,"C/ del Pintor Salvador Abril, 9, L'Eixample, 46005 València, Valencia",Valencia,4.9,73,https://maps.google.com/?cid=16945384390683867800&g_mp=Cidnb29nbGUubWFwcy5wbGFjZXMudjEuUGxhY2VzLlNlYXJjaFRleHQQAhgEIAA,yoga_studio,OPERATIONAL,"Importado desde Google Maps
Tipo: Centro de yoga
Dirección: C/ del Pintor Salvador Abril, 9, L'Eixample, 46005 València, Valencia
Google: 4.9⭐ (73 reseñas)
Web: https://www.yogaflowvlc.com/es
Maps: https://maps.google.com/?cid=16945384390683867800&g_mp=Cidnb29nbGUubWFwcy5wbGFjZXMudjEuUGxhY2VzLlNlYXJjaFRleHQQAhgEIAA"
cmpcys42d00t7ih9u71njei25,Centro Semilla Valencia | Holistic Centre,,655 25 04 02,Centro Semilla Valencia | Holistic Centre,,España,google-maps,atleevoyoga,NUEVO,MEDIA,,,2026-05-19T18:26:21.205Z,2026-05-19T18:26:21.205Z,http://www.centrosemilla.es/,"Carrer del Riu Odiel, 30, Poblados Marítimos, 46024 València, Valencia",Valencia,5,102,https://maps.google.com/?cid=6109763890591407291&g_mp=Cidnb29nbGUubWFwcy5wbGFjZXMudjEuUGxhY2VzLlNlYXJjaFRleHQQAhgEIAA,yoga_studio,OPERATIONAL,"Importado desde Google Maps
Tipo: Centro de yoga
Dirección: Carrer del Riu Odiel, 30, Poblados Marítimos, 46024 València, Valencia
Google: 5⭐ (102 reseñas)
Web: http://www.centrosemilla.es/
Maps: https://maps.google.com/?cid=6109763890591407291&g_mp=Cidnb29nbGUubWFwcy5wbGFjZXMudjEuUGxhY2VzLlNlYXJjaFRleHQQAhgEIAA"
cmpcys4bc00t8ih9uach8dcsy,Bikram Hot Yoga Hot Pilates La Finca Roja,,605 49 84 98,Bikram Hot Yoga Hot Pilates La Finca Roja,,España,google-maps,atleevoyoga,NUEVO,MEDIA,,,2026-05-19T18:26:21.529Z,2026-05-19T18:26:21.529Z,https://bikramhotyogavalencia.com/,"Calle de Marvà, 11, Bajo Izq, Extramurs, 46007 Valencia",Valencia,4.9,220,https://maps.google.com/?cid=3547175837200948425&g_mp=Cidnb29nbGUubWFwcy5wbGFjZXMudjEuUGxhY2VzLlNlYXJjaFRleHQQAhgEIAA,,OPERATIONAL,"Importado desde Google Maps
Dirección: Calle de Marvà, 11, Bajo Izq, Extramurs, 46007 Valencia
Google: 4.9⭐ (220 reseñas)
Web: https://bikramhotyogavalencia.com/
Maps: https://maps.google.com/?cid=3547175837200948425&g_mp=Cidnb29nbGUubWFwcy5wbGFjZXMudjEuUGxhY2VzLlNlYXJjaFRleHQQAhgEIAA"
cmpcys4kk00t9ih9uczjp3csf,Yoga en Valencia,,650 93 84 87,Yoga en Valencia,,España,google-maps,atleevoyoga,NUEVO,MEDIA,,,2026-05-19T18:26:21.860Z,2026-05-19T18:26:21.860Z,https://www.yogaenvalencia.com/,"C. del Mestre Aguilar, 5, Bajo, L'Eixample, 46005 València, Valencia",Valencia,5,6,https://maps.google.com/?cid=4747942492360656507&g_mp=Cidnb29nbGUubWFwcy5wbGFjZXMudjEuUGxhY2VzLlNlYXJjaFRleHQQAhgEIAA,yoga_studio,OPERATIONAL,"Importado desde Google Maps
Tipo: Centro de yoga
Dirección: C. del Mestre Aguilar, 5, Bajo, L'Eixample, 46005 València, Valencia
Google: 5⭐ (6 reseñas)
Web: https://www.yogaenvalencia.com/
Maps: https://maps.google.com/?cid=4747942492360656507&g_mp=Cidnb29nbGUubWFwcy5wbGFjZXMudjEuUGxhY2VzLlNlYXJjaFRleHQQAhgEIAA"
cmpcys4uc00taih9u4y70h7p3,De Moon Yoga,,744 79 10 42,De Moon Yoga,,España,google-maps,atleevoyoga,NUEVO,MEDIA,,,2026-05-19T18:26:22.213Z,2026-05-19T18:26:22.213Z,https://demoonyoga.com/,"C/ Guillem de Castro, 51, bajo izquierda, Extramurs, 46007 Valencia",Valencia,5,32,https://maps.google.com/?cid=13402966498532543107&g_mp=Cidnb29nbGUubWFwcy5wbGFjZXMudjEuUGxhY2VzLlNlYXJjaFRleHQQAhgEIAA,yoga_studio,OPERATIONAL,"Importado desde Google Maps
Tipo: Centro de yoga
Dirección: C/ Guillem de Castro, 51, bajo izquierda, Extramurs, 46007 Valencia
Google: 5⭐ (32 reseñas)
Web: https://demoonyoga.com/
Maps: https://maps.google.com/?cid=13402966498532543107&g_mp=Cidnb29nbGUubWFwcy5wbGFjZXMudjEuUGxhY2VzLlNlYXJjaFRleHQQAhgEIAA"
cmpcys53n00tbih9udmm586e8,The Yoga Room,,665 58 97 38,The Yoga Room,,España,google-maps,atleevoyoga,NUEVO,MEDIA,,,2026-05-19T18:26:22.548Z,2026-05-19T18:26:22.548Z,https://www.theyogaroom.es/,"C. Carreres Puchalt, 6, Bajo 1, Benimaclet, 46020 Valencia",Valencia,5,46,https://maps.google.com/?cid=18384084245990857645&g_mp=Cidnb29nbGUubWFwcy5wbGFjZXMudjEuUGxhY2VzLlNlYXJjaFRleHQQAhgEIAA,yoga_studio,OPERATIONAL,"Importado desde Google Maps
Tipo: Centro de yoga
Dirección: C. Carreres Puchalt, 6, Bajo 1, Benimaclet, 46020 Valencia
Google: 5⭐ (46 reseñas)
Web: https://www.theyogaroom.es/
Maps: https://maps.google.com/?cid=18384084245990857645&g_mp=Cidnb29nbGUubWFwcy5wbGFjZXMudjEuUGxhY2VzLlNlYXJjaFRleHQQAhgEIAA"
cmpcys5cu00tcih9u38vg3ick,Prana Wellness Beauty & Co.,,600 36 68 01,Prana Wellness Beauty & Co.,,España,google-maps,atleevoyoga,NUEVO,MEDIA,,,2026-05-19T18:26:22.879Z,2026-05-19T18:26:22.879Z,,"Plaza de los niños de San Vicente, 2 - entresuelo, Ciutat Vella, 46002 València, Valencia",Valencia,5,7,https://maps.google.com/?cid=358735557274393307&g_mp=Cidnb29nbGUubWFwcy5wbGFjZXMudjEuUGxhY2VzLlNlYXJjaFRleHQQAhgEIAA,yoga_studio,OPERATIONAL,"Importado desde Google Maps
Tipo: Centro de yoga
Dirección: Plaza de los niños de San Vicente, 2 - entresuelo, Ciutat Vella, 46002 València, Valencia
Google: 5⭐ (7 reseñas)
Maps: https://maps.google.com/?cid=358735557274393307&g_mp=Cidnb29nbGUubWFwcy5wbGFjZXMudjEuUGxhY2VzLlNlYXJjaFRleHQQAhgEIAA"
cmpcys5lx00tdih9umpgabpmn,Yogabrú,,622 10 08 26,Yogabrú,,España,google-maps,atleevoyoga,NUEVO,MEDIA,,,2026-05-19T18:26:23.205Z,2026-05-19T18:26:23.205Z,https://yogabru.com/,"C. del Dr. Lluch, 34, Poblados Marítimos, 46011 València, Valencia",Valencia,5,54,https://maps.google.com/?cid=9196590922668052464&g_mp=Cidnb29nbGUubWFwcy5wbGFjZXMudjEuUGxhY2VzLlNlYXJjaFRleHQQAhgEIAA,yoga_studio,OPERATIONAL,"Importado desde Google Maps
Tipo: Centro de yoga
Dirección: C. del Dr. Lluch, 34, Poblados Marítimos, 46011 València, Valencia
Google: 5⭐ (54 reseñas)
Web: https://yogabru.com/
Maps: https://maps.google.com/?cid=9196590922668052464&g_mp=Cidnb29nbGUubWFwcy5wbGFjZXMudjEuUGxhY2VzLlNlYXJjaFRleHQQAhgEIAA"
cmpcys5uz00teih9u4zxugm5y,YOAMOYOGA,,618 92 39 44,YOAMOYOGA,,España,google-maps,atleevoyoga,NUEVO,MEDIA,,,2026-05-19T18:26:23.531Z,2026-05-19T18:26:23.531Z,https://yoamoyoga.com/,"Carrer del Poeta Mas i Ros, 79, Algirós, 46022 València, Valencia",Valencia,5,38,https://maps.google.com/?cid=9949908061563304261&g_mp=Cidnb29nbGUubWFwcy5wbGFjZXMudjEuUGxhY2VzLlNlYXJjaFRleHQQAhgEIAA,yoga_studio,OPERATIONAL,"Importado desde Google Maps
Tipo: Centro de yoga
Dirección: Carrer del Poeta Mas i Ros, 79, Algirós, 46022 València, Valencia
Google: 5⭐ (38 reseñas)
Web: https://yoamoyoga.com/
Maps: https://maps.google.com/?cid=9949908061563304261&g_mp=Cidnb29nbGUubWFwcy5wbGFjZXMudjEuUGxhY2VzLlNlYXJjaFRleHQQAhgEIAA"
cmpcys64b00tfih9uj899m276,Ágape Café & Yoga,,,Ágape Café & Yoga,,España,google-maps,atleevoyoga,NUEVO,MEDIA,,,2026-05-19T18:26:23.867Z,2026-05-19T18:26:23.867Z,https://agapecafeyoga.com/,"Carrer de la Senyera, 27, 46185 La Pobla de Vallbona, Valencia",Valencia,5,9,https://maps.google.com/?cid=17560718290582126428&g_mp=Cidnb29nbGUubWFwcy5wbGFjZXMudjEuUGxhY2VzLlNlYXJjaFRleHQQAhgEIAA,coffee_shop,OPERATIONAL,"Importado desde Google Maps
Tipo: Cafetería
Dirección: Carrer de la Senyera, 27, 46185 La Pobla de Vallbona, Valencia
Google: 5⭐ (9 reseñas)
Web: https://agapecafeyoga.com/
Maps: https://maps.google.com/?cid=17560718290582126428&g_mp=Cidnb29nbGUubWFwcy5wbGFjZXMudjEuUGxhY2VzLlNlYXJjaFRleHQQAhgEIAA"
cmpcys6dh00tgih9uw72atomr,Taranná estudio de yoga y espacio polivalente,,659 75 74 40,Taranná estudio de yoga y espacio polivalente,,España,google-maps,atleevoyoga,NUEVO,MEDIA,,,2026-05-19T18:26:24.197Z,2026-05-19T18:26:24.197Z,https://tarannaestudio.com/,"C/ del Marí Blas de Lezo, 28, Poblados Marítimos, 46011 València, Valencia",Valencia,5,91,https://maps.google.com/?cid=8857080725440535422&g_mp=Cidnb29nbGUubWFwcy5wbGFjZXMudjEuUGxhY2VzLlNlYXJjaFRleHQQAhgEIAA,yoga_studio,OPERATIONAL,"Importado desde Google Maps
Tipo: Centro de yoga
Dirección: C/ del Marí Blas de Lezo, 28, Poblados Marítimos, 46011 València, Valencia
Google: 5⭐ (91 reseñas)
Web: https://tarannaestudio.com/
Maps: https://maps.google.com/?cid=8857080725440535422&g_mp=Cidnb29nbGUubWFwcy5wbGFjZXMudjEuUGxhY2VzLlNlYXJjaFRleHQQAhgEIAA"
cmpcys6ny00thih9uz653j0xm,In Yun Yoga,,676 39 20 05,In Yun Yoga,,España,google-maps,atleevoyoga,NUEVO,MEDIA,,,2026-05-19T18:26:24.574Z,2026-05-19T18:26:24.574Z,https://inyunyoga.com/,"Carrer de l'Escultor Garcia Mas, 3, Campanar, 46015 València, Valencia",Valencia,5,39,https://maps.google.com/?cid=17642880164770852666&g_mp=Cidnb29nbGUubWFwcy5wbGFjZXMudjEuUGxhY2VzLlNlYXJjaFRleHQQAhgEIAA,yoga_studio,OPERATIONAL,"Importado desde Google Maps
Tipo: Centro de yoga
Dirección: Carrer de l'Escultor Garcia Mas, 3, Campanar, 46015 València, Valencia
Google: 5⭐ (39 reseñas)
Web: https://inyunyoga.com/
Maps: https://maps.google.com/?cid=17642880164770852666&g_mp=Cidnb29nbGUubWFwcy5wbGFjZXMudjEuUGxhY2VzLlNlYXJjaFRleHQQAhgEIAA"
cmpcys6y600tiih9u6olpn1ed,Escuela de Yoga Integral Dharma Ananda,,678 49 48 38,Escuela de Yoga Integral Dharma Ananda,,España,google-maps,atleevoyoga,NUEVO,MEDIA,,,2026-05-19T18:26:24.943Z,2026-05-19T18:26:24.943Z,https://www.yogavalencia.com/,"Carrer d'Artur Ballester, Campanar, 46015 València, Valencia",Valencia,5,12,https://maps.google.com/?cid=14647323381275292781&g_mp=Cidnb29nbGUubWFwcy5wbGFjZXMudjEuUGxhY2VzLlNlYXJjaFRleHQQAhgEIAA,yoga_studio,OPERATIONAL,"Importado desde Google Maps
Tipo: Centro de yoga
Dirección: Carrer d'Artur Ballester, Campanar, 46015 València, Valencia
Google: 5⭐ (12 reseñas)
Web: https://www.yogavalencia.com/
Maps: https://maps.google.com/?cid=14647323381275292781&g_mp=Cidnb29nbGUubWFwcy5wbGFjZXMudjEuUGxhY2VzLlNlYXJjaFRleHQQAhgEIAA"
cmpcys77g00tjih9ufe01pybh,Akasha Escuela de Yoga y Evolución,,639 02 32 31,Akasha Escuela de Yoga y Evolución,,España,google-maps,atleevoyoga,NUEVO,MEDIA,,,2026-05-19T18:26:25.276Z,2026-05-19T18:26:25.276Z,https://akashavalencia.es/,"Carrer de Salvador Pau, 34, Camins al Grau, 46021 València, Valencia",Valencia,5,30,https://maps.google.com/?cid=5592989402937696468&g_mp=Cidnb29nbGUubWFwcy5wbGFjZXMudjEuUGxhY2VzLlNlYXJjaFRleHQQAhgEIAA,yoga_studio,OPERATIONAL,"Importado desde Google Maps
Tipo: Centro de yoga
Dirección: Carrer de Salvador Pau, 34, Camins al Grau, 46021 València, Valencia
Google: 5⭐ (30 reseñas)
Web: https://akashavalencia.es/
Maps: https://maps.google.com/?cid=5592989402937696468&g_mp=Cidnb29nbGUubWFwcy5wbGFjZXMudjEuUGxhY2VzLlNlYXJjaFRleHQQAhgEIAA"
cmpcys7gh00tkih9up0d4j38t,Yoga with Jennison in Valencia Spain,,661 58 56 53,Yoga with Jennison in Valencia Spain,,España,google-maps,atleevoyoga,NUEVO,MEDIA,,,2026-05-19T18:26:25.602Z,2026-05-19T18:26:25.602Z,https://www.yogawithjennison.com/yoga-in-valencia/,"Av. de Peris i Valero, 128, Quatre Carreres, 46006 València, Valencia",Valencia,4.9,76,https://maps.google.com/?cid=17757958403505170577&g_mp=Cidnb29nbGUubWFwcy5wbGFjZXMudjEuUGxhY2VzLlNlYXJjaFRleHQQAhgEIAA,yoga_studio,OPERATIONAL,"Importado desde Google Maps
Tipo: Centro de yoga
Dirección: Av. de Peris i Valero, 128, Quatre Carreres, 46006 València, Valencia
Google: 4.9⭐ (76 reseñas)
Web: https://www.yogawithjennison.com/yoga-in-valencia/
Maps: https://maps.google.com/?cid=17757958403505170577&g_mp=Cidnb29nbGUubWFwcy5wbGFjZXMudjEuUGxhY2VzLlNlYXJjaFRleHQQAhgEIAA"
cmpcys7qn00tlih9u5p07dnvs,Bikram Yoga Valencia,,963 28 86 21,Bikram Yoga Valencia,,España,google-maps,atleevoyoga,NUEVO,MEDIA,,,2026-05-19T18:26:25.967Z,2026-05-19T18:26:25.967Z,http://www.bikramyogavalencia.com/,"C/ de Ciril Amorós, 29, Puerta 1, L'Eixample, 46004 València, Valencia",Valencia,4.5,127,https://maps.google.com/?cid=5724112105033168254&g_mp=Cidnb29nbGUubWFwcy5wbGFjZXMudjEuUGxhY2VzLlNlYXJjaFRleHQQAhgEIAA,yoga_studio,OPERATIONAL,"Importado desde Google Maps
Tipo: Centro de yoga
Dirección: C/ de Ciril Amorós, 29, Puerta 1, L'Eixample, 46004 València, Valencia
Google: 4.5⭐ (127 reseñas)
Web: http://www.bikramyogavalencia.com/
Maps: https://maps.google.com/?cid=5724112105033168254&g_mp=Cidnb29nbGUubWFwcy5wbGFjZXMudjEuUGxhY2VzLlNlYXJjaFRleHQQAhgEIAA"
cmpcys7zr00tmih9uhlffjqq1,YdeYoga Valencia,,,YdeYoga Valencia,,España,google-maps,atleevoyoga,NUEVO,MEDIA,,,2026-05-19T18:26:26.295Z,2026-05-19T18:26:26.295Z,https://ydeyoga.com/,"Carrer de Joaquín Ballester, 4, Campanar, 46009 Valencia",Valencia,4.9,17,https://maps.google.com/?cid=4586095631378330848&g_mp=Cidnb29nbGUubWFwcy5wbGFjZXMudjEuUGxhY2VzLlNlYXJjaFRleHQQAhgEIAA,yoga_studio,OPERATIONAL,"Importado desde Google Maps
Tipo: Centro de yoga
Dirección: Carrer de Joaquín Ballester, 4, Campanar, 46009 Valencia
Google: 4.9⭐ (17 reseñas)
Web: https://ydeyoga.com/
Maps: https://maps.google.com/?cid=4586095631378330848&g_mp=Cidnb29nbGUubWFwcy5wbGFjZXMudjEuUGxhY2VzLlNlYXJjaFRleHQQAhgEIAA"
cmpcys8cn00tnih9u7zcqhot5,Medita Yoga Estudio,,609 39 27 05,Medita Yoga Estudio,,España,google-maps,atleevoyoga,NUEVO,MEDIA,,,2026-05-19T18:26:26.760Z,2026-05-19T18:26:26.760Z,https://www.meditayogaestudio.es/,"C. de Don Armando Palacio Valdes, 9, Piso 2º, Puerta 3, El Llano del Real, 46010 Valencia",Valencia,5,19,https://maps.google.com/?cid=11985816515842394983&g_mp=Cidnb29nbGUubWFwcy5wbGFjZXMudjEuUGxhY2VzLlNlYXJjaFRleHQQAhgEIAA,yoga_studio,OPERATIONAL,"Importado desde Google Maps
Tipo: Centro de yoga
Dirección: C. de Don Armando Palacio Valdes, 9, Piso 2º, Puerta 3, El Llano del Real, 46010 Valencia
Google: 5⭐ (19 reseñas)
Web: https://www.meditayogaestudio.es/
Maps: https://maps.google.com/?cid=11985816515842394983&g_mp=Cidnb29nbGUubWFwcy5wbGFjZXMudjEuUGxhY2VzLlNlYXJjaFRleHQQAhgEIAA"
cmpcys8lo00toih9ulze91e0h,Yoga en Lastrellas,,644 50 38 16,Yoga en Lastrellas,,España,google-maps,atleevoyoga,NUEVO,MEDIA,,,2026-05-19T18:26:27.084Z,2026-05-19T18:26:27.084Z,http://www.yogaenlastrellas.com/,"C/ de Cienfuegos, 5, Quatre Carreres, 46004 València, Valencia",Valencia,4.9,106,https://maps.google.com/?cid=11074292063142888225&g_mp=Cidnb29nbGUubWFwcy5wbGFjZXMudjEuUGxhY2VzLlNlYXJjaFRleHQQAhgEIAA,yoga_studio,OPERATIONAL,"Importado desde Google Maps
Tipo: Centro de yoga
Dirección: C/ de Cienfuegos, 5, Quatre Carreres, 46004 València, Valencia
Google: 4.9⭐ (106 reseñas)
Web: http://www.yogaenlastrellas.com/
Maps: https://maps.google.com/?cid=11074292063142888225&g_mp=Cidnb29nbGUubWFwcy5wbGFjZXMudjEuUGxhY2VzLlNlYXJjaFRleHQQAhgEIAA"
cmpcys8uu00tpih9udrzz4y6u,Bewell Yoga,,722 55 30 22,Bewell Yoga,,España,google-maps,atleevoyoga,NUEVO,MEDIA,,,2026-05-19T18:26:27.414Z,2026-05-19T18:26:27.414Z,https://bewellyoga.es/,"C/ de l'Orient, 3, Quatre Carreres, 46004 València, Valencia",Valencia,4.8,41,https://maps.google.com/?cid=8155505436414392904&g_mp=Cidnb29nbGUubWFwcy5wbGFjZXMudjEuUGxhY2VzLlNlYXJjaFRleHQQAhgEIAA,yoga_studio,OPERATIONAL,"Importado desde Google Maps
Tipo: Centro de yoga
Dirección: C/ de l'Orient, 3, Quatre Carreres, 46004 València, Valencia
Google: 4.8⭐ (41 reseñas)
Web: https://bewellyoga.es/
Maps: https://maps.google.com/?cid=8155505436414392904&g_mp=Cidnb29nbGUubWFwcy5wbGFjZXMudjEuUGxhY2VzLlNlYXJjaFRleHQQAhgEIAA"
cmpcys93z00tqih9ucgf32if1,Om Yoga Valencia,,620 22 18 47,Om Yoga Valencia,,España,google-maps,atleevoyoga,NUEVO,MEDIA,,,2026-05-19T18:26:27.744Z,2026-05-19T18:26:27.744Z,https://omyogavalencia.com/,"Avinguda de la Constitució, 51, La Saïdia, 46009 València, Valencia",Valencia,5,29,https://maps.google.com/?cid=7586437171418909013&g_mp=Cidnb29nbGUubWFwcy5wbGFjZXMudjEuUGxhY2VzLlNlYXJjaFRleHQQAhgEIAA,,OPERATIONAL,"Importado desde Google Maps
Dirección: Avinguda de la Constitució, 51, La Saïdia, 46009 València, Valencia
Google: 5⭐ (29 reseñas)
Web: https://omyogavalencia.com/
Maps: https://maps.google.com/?cid=7586437171418909013&g_mp=Cidnb29nbGUubWFwcy5wbGFjZXMudjEuUGxhY2VzLlNlYXJjaFRleHQQAhgEIAA"
cmpcys9dm00trih9up0humg08,De la Paz Centro Holístico,,722 18 83 37,De la Paz Centro Holístico,,España,google-maps,atleevoyoga,NUEVO,MEDIA,,,2026-05-19T18:26:28.091Z,2026-05-19T18:26:28.091Z,http://www.delapazch.com/,"Pl. del Ayuntamiento, 19, 6ºH, Ciutat Vella, 46002 Valencia",Valencia,5,106,https://maps.google.com/?cid=12975284600839999446&g_mp=Cidnb29nbGUubWFwcy5wbGFjZXMudjEuUGxhY2VzLlNlYXJjaFRleHQQAhgEIAA,yoga_studio,OPERATIONAL,"Importado desde Google Maps
Tipo: Centro de yoga
Dirección: Pl. del Ayuntamiento, 19, 6ºH, Ciutat Vella, 46002 Valencia
Google: 5⭐ (106 reseñas)
Web: http://www.delapazch.com/
Maps: https://maps.google.com/?cid=12975284600839999446&g_mp=Cidnb29nbGUubWFwcy5wbGFjZXMudjEuUGxhY2VzLlNlYXJjaFRleHQQAhgEIAA"
cmpcys9mt00tsih9ua7aax8os,Yoyoga,,617 70 77 63,Yoyoga,,España,google-maps,atleevoyoga,NUEVO,MEDIA,,,2026-05-19T18:26:28.421Z,2026-05-19T18:26:28.421Z,http://yoyoga.es/,"C/ de l'Assagador d'Alboraia, nº 5, Benimaclet, 46020 València, Valencia",Valencia,5,40,https://maps.google.com/?cid=7655417283430449365&g_mp=Cidnb29nbGUubWFwcy5wbGFjZXMudjEuUGxhY2VzLlNlYXJjaFRleHQQAhgEIAA,yoga_studio,OPERATIONAL,"Importado desde Google Maps
Tipo: Centro de yoga
Dirección: C/ de l'Assagador d'Alboraia, nº 5, Benimaclet, 46020 València, Valencia
Google: 5⭐ (40 reseñas)
Web: http://yoyoga.es/
Maps: https://maps.google.com/?cid=7655417283430449365&g_mp=Cidnb29nbGUubWFwcy5wbGFjZXMudjEuUGxhY2VzLlNlYXJjaFRleHQQAhgEIAA"
cmpcys9vw00ttih9uchgrnx1t,Dulce Yoga Valencia - Rocafort,,694 41 77 57,Dulce Yoga Valencia - Rocafort,,España,google-maps,atleevoyoga,NUEVO,MEDIA,,,2026-05-19T18:26:28.748Z,2026-05-19T18:26:28.748Z,http://www.dulceyogavalencia.com/,"Carrer del Metge Nicolás Alonso Ferrer, 15, 46111 Rocafort, Valencia",Valencia,5,93,https://maps.google.com/?cid=8827805755081832341&g_mp=Cidnb29nbGUubWFwcy5wbGFjZXMudjEuUGxhY2VzLlNlYXJjaFRleHQQAhgEIAA,yoga_studio,OPERATIONAL,"Importado desde Google Maps
Tipo: Centro de yoga
Dirección: Carrer del Metge Nicolás Alonso Ferrer, 15, 46111 Rocafort, Valencia
Google: 5⭐ (93 reseñas)
Web: http://www.dulceyogavalencia.com/
Maps: https://maps.google.com/?cid=8827805755081832341&g_mp=Cidnb29nbGUubWFwcy5wbGFjZXMudjEuUGxhY2VzLlNlYXJjaFRleHQQAhgEIAA"
cmpcysa5100tuih9uimnc8089,Olēka Yoga Studio,,639 82 25 84,Olēka Yoga Studio,,España,google-maps,atleevoyoga,NUEVO,MEDIA,,,2026-05-19T18:26:29.078Z,2026-05-19T18:26:29.078Z,https://olekayoga.com/,"C/ dels Trinitaris, 14, Ciutat Vella, 46003 València, Valencia",Valencia,4.8,43,https://maps.google.com/?cid=16919693636907684793&g_mp=Cidnb29nbGUubWFwcy5wbGFjZXMudjEuUGxhY2VzLlNlYXJjaFRleHQQAhgEIAA,yoga_studio,OPERATIONAL,"Importado desde Google Maps
Tipo: Centro de yoga
Dirección: C/ dels Trinitaris, 14, Ciutat Vella, 46003 València, Valencia
Google: 4.8⭐ (43 reseñas)
Web: https://olekayoga.com/
Maps: https://maps.google.com/?cid=16919693636907684793&g_mp=Cidnb29nbGUubWFwcy5wbGFjZXMudjEuUGxhY2VzLlNlYXJjaFRleHQQAhgEIAA"
cmpcysaea00tvih9uvkhkpbkm,YoGabi,,652 86 96 75,YoGabi,,España,google-maps,atleevoyoga,NUEVO,MEDIA,,,2026-05-19T18:26:29.410Z,2026-05-19T18:26:29.410Z,https://yogabi.es/,"C. de la Torreta de Miramar, 10, Bajo A, Benimaclet, 46020 València, Valencia",Valencia,5,60,https://maps.google.com/?cid=937950695080127854&g_mp=Cidnb29nbGUubWFwcy5wbGFjZXMudjEuUGxhY2VzLlNlYXJjaFRleHQQAhgEIAA,yoga_studio,OPERATIONAL,"Importado desde Google Maps
Tipo: Centro de yoga
Dirección: C. de la Torreta de Miramar, 10, Bajo A, Benimaclet, 46020 València, Valencia
Google: 5⭐ (60 reseñas)
Web: https://yogabi.es/
Maps: https://maps.google.com/?cid=937950695080127854&g_mp=Cidnb29nbGUubWFwcy5wbGFjZXMudjEuUGxhY2VzLlNlYXJjaFRleHQQAhgEIAA"
cmpcysanp00twih9ue1shx5gu,Yoga Lounge,,682 54 47 72,Yoga Lounge,,España,google-maps,atleevoyoga,NUEVO,MEDIA,,,2026-05-19T18:26:29.749Z,2026-05-19T18:26:29.749Z,http://www.yogaloungevalencia.com/,"Carrer de Joan Baptista Coratjà, 8, Patraix, 46018 València, Valencia",Valencia,4.9,42,https://maps.google.com/?cid=15379930564535794173&g_mp=Cidnb29nbGUubWFwcy5wbGFjZXMudjEuUGxhY2VzLlNlYXJjaFRleHQQAhgEIAA,yoga_studio,OPERATIONAL,"Importado desde Google Maps
Tipo: Centro de yoga
Dirección: Carrer de Joan Baptista Coratjà, 8, Patraix, 46018 València, Valencia
Google: 4.9⭐ (42 reseñas)
Web: http://www.yogaloungevalencia.com/
Maps: https://maps.google.com/?cid=15379930564535794173&g_mp=Cidnb29nbGUubWFwcy5wbGFjZXMudjEuUGxhY2VzLlNlYXJjaFRleHQQAhgEIAA"
cmpcysaws00txih9u89a1ll3w,María Eugenia Estudio,,641 50 43 96,María Eugenia Estudio,,España,google-maps,atleevoyoga,NUEVO,MEDIA,,,2026-05-19T18:26:30.076Z,2026-05-19T18:26:30.076Z,http://www.mariaeugeniaestudio.com/,"L'Eixample, C. de les Filipines, s/n, Quatre Carreres, 46006 València, Valencia",Valencia,5,36,https://maps.google.com/?cid=10225952661688017308&g_mp=Cidnb29nbGUubWFwcy5wbGFjZXMudjEuUGxhY2VzLlNlYXJjaFRleHQQAhgEIAA,yoga_studio,OPERATIONAL,"Importado desde Google Maps
Tipo: Centro de yoga
Dirección: L'Eixample, C. de les Filipines, s/n, Quatre Carreres, 46006 València, Valencia
Google: 5⭐ (36 reseñas)
Web: http://www.mariaeugeniaestudio.com/
Maps: https://maps.google.com/?cid=10225952661688017308&g_mp=Cidnb29nbGUubWFwcy5wbGFjZXMudjEuUGxhY2VzLlNlYXJjaFRleHQQAhgEIAA"
cmpcysb6c00tyih9u6ggmv6gl,Sadhana Valencia,,963 60 09 64,Sadhana Valencia,,España,google-maps,atleevoyoga,NUEVO,MEDIA,,,2026-05-19T18:26:30.420Z,2026-05-19T18:26:30.420Z,http://sadhanavalencia.es/,"Carrer d'Alginet, 5, El Pla del Real, 46010 València, Valencia",Valencia,4.5,33,https://maps.google.com/?cid=16991769876724426885&g_mp=Cidnb29nbGUubWFwcy5wbGFjZXMudjEuUGxhY2VzLlNlYXJjaFRleHQQAhgEIAA,yoga_studio,OPERATIONAL,"Importado desde Google Maps
Tipo: Centro de yoga
Dirección: Carrer d'Alginet, 5, El Pla del Real, 46010 València, Valencia
Google: 4.5⭐ (33 reseñas)
Web: http://sadhanavalencia.es/
Maps: https://maps.google.com/?cid=16991769876724426885&g_mp=Cidnb29nbGUubWFwcy5wbGFjZXMudjEuUGxhY2VzLlNlYXJjaFRleHQQAhgEIAA"
cmpcysbfi00tzih9uzyivgm7t,Yoga - Pilates - Masajes en Valencia - Aldana Satoru,,627 72 25 23,Yoga - Pilates - Masajes en Valencia - Aldana Satoru,,España,google-maps,atleevoyoga,NUEVO,MEDIA,,,2026-05-19T18:26:30.751Z,2026-05-19T18:26:30.751Z,https://sites.google.com/view/aldanacollini/satoru-espacio/yoga?authuser=0,"Benimaclet, 46006 Valencia",Valencia,5,43,https://maps.google.com/?cid=11670891648107603416&g_mp=Cidnb29nbGUubWFwcy5wbGFjZXMudjEuUGxhY2VzLlNlYXJjaFRleHQQAhgEIAA,,OPERATIONAL,"Importado desde Google Maps
Dirección: Benimaclet, 46006 Valencia
Google: 5⭐ (43 reseñas)
Web: https://sites.google.com/view/aldanacollini/satoru-espacio/yoga?authuser=0
Maps: https://maps.google.com/?cid=11670891648107603416&g_mp=Cidnb29nbGUubWFwcy5wbGFjZXMudjEuUGxhY2VzLlNlYXJjaFRleHQQAhgEIAA"
cmpcysboo00u0ih9ubsrl77l6,Eventos de Yoga,,,Eventos de Yoga,,España,google-maps,atleevoyoga,NUEVO,MEDIA,,,2026-05-19T18:26:31.080Z,2026-05-19T18:26:31.080Z,https://eventosdeyoga.com/,"Turia, La Saïdia, 46001 València, Valencia",Valencia,5,121,https://maps.google.com/?cid=11337956094641928989&g_mp=Cidnb29nbGUubWFwcy5wbGFjZXMudjEuUGxhY2VzLlNlYXJjaFRleHQQAhgEIAA,,OPERATIONAL,"Importado desde Google Maps
Dirección: Turia, La Saïdia, 46001 València, Valencia
Google: 5⭐ (121 reseñas)
Web: https://eventosdeyoga.com/
Maps: https://maps.google.com/?cid=11337956094641928989&g_mp=Cidnb29nbGUubWFwcy5wbGFjZXMudjEuUGxhY2VzLlNlYXJjaFRleHQQAhgEIAA"
cmpcysbxt00u1ih9ujbm1u711,"Armonía Pilates, Yoga y Cuidado Integral",,615 15 26 16,"Armonía Pilates, Yoga y Cuidado Integral",,España,google-maps,atleevoyoga,NUEVO,MEDIA,,,2026-05-19T18:26:31.409Z,2026-05-19T18:26:31.409Z,http://armoniapilatesyoga.es/,"C/ del Duc de Gaeta, 31, Camins al Grau, 46022 València, Valencia",Valencia,5,57,https://maps.google.com/?cid=1301821609300573528&g_mp=Cidnb29nbGUubWFwcy5wbGFjZXMudjEuUGxhY2VzLlNlYXJjaFRleHQQAhgEIAA,yoga_studio,OPERATIONAL,"Importado desde Google Maps
Tipo: Centro de yoga
Dirección: C/ del Duc de Gaeta, 31, Camins al Grau, 46022 València, Valencia
Google: 5⭐ (57 reseñas)
Web: http://armoniapilatesyoga.es/
Maps: https://maps.google.com/?cid=1301821609300573528&g_mp=Cidnb29nbGUubWFwcy5wbGFjZXMudjEuUGxhY2VzLlNlYXJjaFRleHQQAhgEIAA"
cmpcysc7000u2ih9u2e5of9o1,YOGA IYENGAR RUZAFA ESTHER ARMENGOL,,650 93 84 87,YOGA IYENGAR RUZAFA ESTHER ARMENGOL,,España,google-maps,atleevoyoga,NUEVO,MEDIA,,,2026-05-19T18:26:31.740Z,2026-05-19T18:26:31.740Z,https://yogaenvalencia.com/,"C. del Mestre Aguilar, 5, Bajo, L'Eixample, 46005 València, Valencia",Valencia,5,82,https://maps.google.com/?cid=12397513942516756437&g_mp=Cidnb29nbGUubWFwcy5wbGFjZXMudjEuUGxhY2VzLlNlYXJjaFRleHQQAhgEIAA,yoga_studio,OPERATIONAL,"Importado desde Google Maps
Tipo: Centro de yoga
Dirección: C. del Mestre Aguilar, 5, Bajo, L'Eixample, 46005 València, Valencia
Google: 5⭐ (82 reseñas)
Web: https://yogaenvalencia.com/
Maps: https://maps.google.com/?cid=12397513942516756437&g_mp=Cidnb29nbGUubWFwcy5wbGFjZXMudjEuUGxhY2VzLlNlYXJjaFRleHQQAhgEIAA"
cmpcyscga00u3ih9uolt2j9zr,Cabanyal Dojo.Yoga y Salud Holistica.,,625 67 59 11,Cabanyal Dojo.Yoga y Salud Holistica.,,España,google-maps,atleevoyoga,NUEVO,MEDIA,,,2026-05-19T18:26:32.074Z,2026-05-19T18:26:32.074Z,http://www.dojocabanyal.com/,"C/ de la Barraca, 42, Poblados Marítimos, 46011 València, Valencia",Valencia,5,110,https://maps.google.com/?cid=18173740662842227692&g_mp=Cidnb29nbGUubWFwcy5wbGFjZXMudjEuUGxhY2VzLlNlYXJjaFRleHQQAhgEIAA,yoga_studio,OPERATIONAL,"Importado desde Google Maps
Tipo: Centro de yoga
Dirección: C/ de la Barraca, 42, Poblados Marítimos, 46011 València, Valencia
Google: 5⭐ (110 reseñas)
Web: http://www.dojocabanyal.com/
Maps: https://maps.google.com/?cid=18173740662842227692&g_mp=Cidnb29nbGUubWFwcy5wbGFjZXMudjEuUGxhY2VzLlNlYXJjaFRleHQQAhgEIAA"
cmpcyscpe00u4ih9upd5646mc,Hot Yoga Valencia | Ronda Norte ICEBATH,,624 82 72 08,Hot Yoga Valencia | Ronda Norte ICEBATH,,España,google-maps,atleevoyoga,NUEVO,MEDIA,,,2026-05-19T18:26:32.402Z,2026-05-19T18:26:32.402Z,,"Colegio Antonio Machado, Plaça del Músic Espí, Rascanya, 46019 València, Valencia",Valencia,4.8,68,https://maps.google.com/?cid=12398307369548776725&g_mp=Cidnb29nbGUubWFwcy5wbGFjZXMudjEuUGxhY2VzLlNlYXJjaFRleHQQAhgEIAA,yoga_studio,OPERATIONAL,"Importado desde Google Maps
Tipo: Centro de yoga
Dirección: Colegio Antonio Machado, Plaça del Músic Espí, Rascanya, 46019 València, Valencia
Google: 4.8⭐ (68 reseñas)
Maps: https://maps.google.com/?cid=12398307369548776725&g_mp=Cidnb29nbGUubWFwcy5wbGFjZXMudjEuUGxhY2VzLlNlYXJjaFRleHQQAhgEIAA"
cmpcyscyv00u5ih9up1g4h56j,VID YOGA,,630 37 81 64,VID YOGA,,España,google-maps,atleevoyoga,NUEVO,MEDIA,,,2026-05-19T18:26:32.743Z,2026-05-19T18:26:32.743Z,http://vid-yoga.com/,"Carrer de Benicadell, 30, bajo, Benicalap, 46015 València, Valencia",Valencia,5,42,https://maps.google.com/?cid=13663731331692858560&g_mp=Cidnb29nbGUubWFwcy5wbGFjZXMudjEuUGxhY2VzLlNlYXJjaFRleHQQAhgEIAA,yoga_studio,OPERATIONAL,"Importado desde Google Maps
Tipo: Centro de yoga
Dirección: Carrer de Benicadell, 30, bajo, Benicalap, 46015 València, Valencia
Google: 5⭐ (42 reseñas)
Web: http://vid-yoga.com/
Maps: https://maps.google.com/?cid=13663731331692858560&g_mp=Cidnb29nbGUubWFwcy5wbGFjZXMudjEuUGxhY2VzLlNlYXJjaFRleHQQAhgEIAA"
cmpcysd7w00u6ih9ujyr09de5,Yoga Jungle,,626 42 47 83,Yoga Jungle,,España,google-maps,atleevoyoga,NUEVO,MEDIA,,,2026-05-19T18:26:33.068Z,2026-05-19T18:26:33.068Z,https://www.yogajungle.es/,"Carrer del Comte de Salvatierra, 33, L'Eixample, 46004 València, Valencia",Valencia,5,14,https://maps.google.com/?cid=4535856579517621181&g_mp=Cidnb29nbGUubWFwcy5wbGFjZXMudjEuUGxhY2VzLlNlYXJjaFRleHQQAhgEIAA,yoga_studio,OPERATIONAL,"Importado desde Google Maps
Tipo: Centro de yoga
Dirección: Carrer del Comte de Salvatierra, 33, L'Eixample, 46004 València, Valencia
Google: 5⭐ (14 reseñas)
Web: https://www.yogajungle.es/
Maps: https://maps.google.com/?cid=4535856579517621181&g_mp=Cidnb29nbGUubWFwcy5wbGFjZXMudjEuUGxhY2VzLlNlYXJjaFRleHQQAhgEIAA"
cmpcysdh900u7ih9ui93v78aa,Judd Yoga Valencia,,,Judd Yoga Valencia,,España,google-maps,atleevoyoga,NUEVO,MEDIA,,,2026-05-19T18:26:33.405Z,2026-05-19T18:26:33.405Z,https://www.instagram.com/judd.yoga?igsh=MW5iazhwNzU4aHVhNQ==&utm_source=qr,"FHFV+9W, L'Olivereta, 46018 Valencia",Valencia,5,12,https://maps.google.com/?cid=8115679795197096740&g_mp=Cidnb29nbGUubWFwcy5wbGFjZXMudjEuUGxhY2VzLlNlYXJjaFRleHQQAhgEIAA,yoga_studio,OPERATIONAL,"Importado desde Google Maps
Tipo: Centro de yoga
Dirección: FHFV+9W, L'Olivereta, 46018 Valencia
Google: 5⭐ (12 reseñas)
Web: https://www.instagram.com/judd.yoga?igsh=MW5iazhwNzU4aHVhNQ==&utm_source=qr
Maps: https://maps.google.com/?cid=8115679795197096740&g_mp=Cidnb29nbGUubWFwcy5wbGFjZXMudjEuUGxhY2VzLlNlYXJjaFRleHQQAhgEIAA"
cmpcysdqg00u8ih9ujmscgkqp,Ashtanga Yogābhyāsa | Yoga y GYROTONIC®,,641 89 94 82,Ashtanga Yogābhyāsa | Yoga y GYROTONIC®,,España,google-maps,atleevoyoga,NUEVO,MEDIA,,,2026-05-19T18:26:33.736Z,2026-05-19T18:26:33.736Z,https://www.yogabhyasavalencia.com/,"Carrer de María Jordán, 5, Patraix, 46018 València, Valencia",Valencia,5,29,https://maps.google.com/?cid=6852592410623316422&g_mp=Cidnb29nbGUubWFwcy5wbGFjZXMudjEuUGxhY2VzLlNlYXJjaFRleHQQAhgEIAA,yoga_studio,OPERATIONAL,"Importado desde Google Maps
Tipo: Centro de yoga
Dirección: Carrer de María Jordán, 5, Patraix, 46018 València, Valencia
Google: 5⭐ (29 reseñas)
Web: https://www.yogabhyasavalencia.com/
Maps: https://maps.google.com/?cid=6852592410623316422&g_mp=Cidnb29nbGUubWFwcy5wbGFjZXMudjEuUGxhY2VzLlNlYXJjaFRleHQQAhgEIAA"
cmpcysdzk00u9ih9u52jgr7gb,Clara - Vinyasa Yoga,,611 12 89 65,Clara - Vinyasa Yoga,,España,google-maps,atleevoyoga,NUEVO,MEDIA,,,2026-05-19T18:26:34.064Z,2026-05-19T18:26:34.064Z,,"Calle San Vicente Mártir, 83, piso 3 puerta 10, Extramurs, 46007 Valencia",Valencia,5,9,https://maps.google.com/?cid=18413039672681456331&g_mp=Cidnb29nbGUubWFwcy5wbGFjZXMudjEuUGxhY2VzLlNlYXJjaFRleHQQAhgEIAA,yoga_studio,OPERATIONAL,"Importado desde Google Maps
Tipo: Centro de yoga
Dirección: Calle San Vicente Mártir, 83, piso 3 puerta 10, Extramurs, 46007 Valencia
Google: 5⭐ (9 reseñas)
Maps: https://maps.google.com/?cid=18413039672681456331&g_mp=Cidnb29nbGUubWFwcy5wbGFjZXMudjEuUGxhY2VzLlNlYXJjaFRleHQQAhgEIAA"
cmpcyse8s00uaih9uewvo8owv,Sat Atma Espacio Shakti/Bhakti.Centro de Yoga,,636 81 90 21,Sat Atma Espacio Shakti/Bhakti.Centro de Yoga,,España,google-maps,atleevoyoga,NUEVO,MEDIA,,,2026-05-19T18:26:34.396Z,2026-05-19T18:26:34.396Z,http://www.satatma.es/,"Carrer de Bernat Descoll, 37, Quatre Carreres, 46026 València, Valencia",Valencia,5,80,https://maps.google.com/?cid=15522717726857154715&g_mp=Cidnb29nbGUubWFwcy5wbGFjZXMudjEuUGxhY2VzLlNlYXJjaFRleHQQAhgEIAA,yoga_studio,OPERATIONAL,"Importado desde Google Maps
Tipo: Centro de yoga
Dirección: Carrer de Bernat Descoll, 37, Quatre Carreres, 46026 València, Valencia
Google: 5⭐ (80 reseñas)
Web: http://www.satatma.es/
Maps: https://maps.google.com/?cid=15522717726857154715&g_mp=Cidnb29nbGUubWFwcy5wbGFjZXMudjEuUGxhY2VzLlNlYXJjaFRleHQQAhgEIAA"
cmpcyseiy00ubih9uhjdrxv93,Verónica Guerrero Yoga Iyengar,,661 56 23 22,Verónica Guerrero Yoga Iyengar,,España,google-maps,atleevoyoga,NUEVO,MEDIA,,,2026-05-19T18:26:34.762Z,2026-05-19T18:26:34.762Z,https://guerreroyoga.com/,"Carrer d'Antoni Suárez, 8, El Pla del Real, 46021 València, Valencia",Valencia,5,15,https://maps.google.com/?cid=2927493072404054970&g_mp=Cidnb29nbGUubWFwcy5wbGFjZXMudjEuUGxhY2VzLlNlYXJjaFRleHQQAhgEIAA,yoga_studio,OPERATIONAL,"Importado desde Google Maps
Tipo: Centro de yoga
Dirección: Carrer d'Antoni Suárez, 8, El Pla del Real, 46021 València, Valencia
Google: 5⭐ (15 reseñas)
Web: https://guerreroyoga.com/
Maps: https://maps.google.com/?cid=2927493072404054970&g_mp=Cidnb29nbGUubWFwcy5wbGFjZXMudjEuUGxhY2VzLlNlYXJjaFRleHQQAhgEIAA"
cmpcyses600ucih9ufjuo3jqe,centro de yoga,,302 4886726,centro de yoga,,España,google-maps,atleevoyoga,NUEVO,MEDIA,,,2026-05-19T18:26:35.094Z,2026-05-19T18:26:35.094Z,,"Carrer del Comte de Salvatierra, 33, L'Eixample, 46004 València, Valencia",Valencia,,,https://maps.google.com/?cid=10442538860994154629&g_mp=Cidnb29nbGUubWFwcy5wbGFjZXMudjEuUGxhY2VzLlNlYXJjaFRleHQQAhgEIAA,yoga_studio,OPERATIONAL,"Importado desde Google Maps
Tipo: Centro de yoga
Dirección: Carrer del Comte de Salvatierra, 33, L'Eixample, 46004 València, Valencia
Maps: https://maps.google.com/?cid=10442538860994154629&g_mp=Cidnb29nbGUubWFwcy5wbGFjZXMudjEuUGxhY2VzLlNlYXJjaFRleHQQAhgEIAA"
cmpcysgq200udih9u67oosd5x,Lemon Yoga Sevilla,,640 03 62 86,Lemon Yoga Sevilla,,España,google-maps,atleevoyoga,NUEVO,MEDIA,,,2026-05-19T18:26:37.610Z,2026-05-19T18:26:37.610Z,https://lemonyogasevilla.com/,"C. Curtidurías, 12b, Casco Antiguo, 41002 Sevilla",Sevilla,5,126,https://maps.google.com/?cid=2859125693102395435&g_mp=Cidnb29nbGUubWFwcy5wbGFjZXMudjEuUGxhY2VzLlNlYXJjaFRleHQQAhgEIAA,yoga_studio,OPERATIONAL,"Importado desde Google Maps
Tipo: Centro de yoga
Dirección: C. Curtidurías, 12b, Casco Antiguo, 41002 Sevilla
Google: 5⭐ (126 reseñas)
Web: https://lemonyogasevilla.com/
Maps: https://maps.google.com/?cid=2859125693102395435&g_mp=Cidnb29nbGUubWFwcy5wbGFjZXMudjEuUGxhY2VzLlNlYXJjaFRleHQQAhgEIAA"
cmpcysgz900ueih9uzhuh3prd,Espacio Para El Yoga,,627 48 62 61,Espacio Para El Yoga,,España,google-maps,atleevoyoga,NUEVO,MEDIA,,,2026-05-19T18:26:37.942Z,2026-05-19T18:26:37.942Z,http://www.espacioparaelyoga.com/,"Av. de las Ciencias, 11, 2-D, 41020 Sevilla",Sevilla,4.9,115,https://maps.google.com/?cid=14945926661078162462&g_mp=Cidnb29nbGUubWFwcy5wbGFjZXMudjEuUGxhY2VzLlNlYXJjaFRleHQQAhgEIAA,yoga_studio,OPERATIONAL,"Importado desde Google Maps
Tipo: Centro de yoga
Dirección: Av. de las Ciencias, 11, 2-D, 41020 Sevilla
Google: 4.9⭐ (115 reseñas)
Web: http://www.espacioparaelyoga.com/
Maps: https://maps.google.com/?cid=14945926661078162462&g_mp=Cidnb29nbGUubWFwcy5wbGFjZXMudjEuUGxhY2VzLlNlYXJjaFRleHQQAhgEIAA"
cmpcysh8i00ufih9ufwdqzbll,Ocean yoga Studio,,676 05 24 00,Ocean yoga Studio,,España,google-maps,atleevoyoga,NUEVO,MEDIA,,,2026-05-19T18:26:38.274Z,2026-05-19T18:26:38.274Z,http://www.oceanyogastudio.es/,"Calle Grupo Oscar Carvallo, n°9, 41018 Sevilla",Sevilla,5,52,https://maps.google.com/?cid=14144614106136186095&g_mp=Cidnb29nbGUubWFwcy5wbGFjZXMudjEuUGxhY2VzLlNlYXJjaFRleHQQAhgEIAA,yoga_studio,OPERATIONAL,"Importado desde Google Maps
Tipo: Centro de yoga
Dirección: Calle Grupo Oscar Carvallo, n°9, 41018 Sevilla
Google: 5⭐ (52 reseñas)
Web: http://www.oceanyogastudio.es/
Maps: https://maps.google.com/?cid=14144614106136186095&g_mp=Cidnb29nbGUubWFwcy5wbGFjZXMudjEuUGxhY2VzLlNlYXJjaFRleHQQAhgEIAA"
cmpcyshht00ugih9u2ivvrdce,yuj es yoga,,644 53 67 75,yuj es yoga,,España,google-maps,atleevoyoga,NUEVO,MEDIA,,,2026-05-19T18:26:38.610Z,2026-05-19T18:26:38.610Z,https://yuj.es/,"Calle Dr. Antonio Cortés Lladó, 3, local, 41004 Sevilla",Sevilla,5,82,https://maps.google.com/?cid=714389044245661308&g_mp=Cidnb29nbGUubWFwcy5wbGFjZXMudjEuUGxhY2VzLlNlYXJjaFRleHQQAhgEIAA,yoga_studio,OPERATIONAL,"Importado desde Google Maps
Tipo: Centro de yoga
Dirección: Calle Dr. Antonio Cortés Lladó, 3, local, 41004 Sevilla
Google: 5⭐ (82 reseñas)
Web: https://yuj.es/
Maps: https://maps.google.com/?cid=714389044245661308&g_mp=Cidnb29nbGUubWFwcy5wbGFjZXMudjEuUGxhY2VzLlNlYXJjaFRleHQQAhgEIAA"
cmpcyshr900uhih9ubfknc87k,Centro de Yoga Sadhana,,954 22 96 42,Centro de Yoga Sadhana,,España,google-maps,atleevoyoga,NUEVO,MEDIA,,,2026-05-19T18:26:38.949Z,2026-05-19T18:26:38.949Z,http://www.sadhanasevilla.es/,"C. Matahacas, 8, Casco Antiguo, 41003 Sevilla",Sevilla,4.8,42,https://maps.google.com/?cid=17762024571886794230&g_mp=Cidnb29nbGUubWFwcy5wbGFjZXMudjEuUGxhY2VzLlNlYXJjaFRleHQQAhgEIAA,yoga_studio,OPERATIONAL,"Importado desde Google Maps
Tipo: Centro de yoga
Dirección: C. Matahacas, 8, Casco Antiguo, 41003 Sevilla
Google: 4.8⭐ (42 reseñas)
Web: http://www.sadhanasevilla.es/
Maps: https://maps.google.com/?cid=17762024571886794230&g_mp=Cidnb29nbGUubWFwcy5wbGFjZXMudjEuUGxhY2VzLlNlYXJjaFRleHQQAhgEIAA"
cmpcysi0e00uiih9u8t1myozr,Esana Yoga Sl,,954 21 12 17,Esana Yoga Sl,,España,google-maps,atleevoyoga,NUEVO,MEDIA,,,2026-05-19T18:26:39.279Z,2026-05-19T18:26:39.279Z,http://www.esanayoga.es/,"C. Jerónimo Hernández, 4, LOCAL BJ, Casco Antiguo, 41003 Sevilla",Sevilla,4.8,53,https://maps.google.com/?cid=4942422520614545698&g_mp=Cidnb29nbGUubWFwcy5wbGFjZXMudjEuUGxhY2VzLlNlYXJjaFRleHQQAhgEIAA,yoga_studio,OPERATIONAL,"Importado desde Google Maps
Tipo: Centro de yoga
Dirección: C. Jerónimo Hernández, 4, LOCAL BJ, Casco Antiguo, 41003 Sevilla
Google: 4.8⭐ (53 reseñas)
Web: http://www.esanayoga.es/
Maps: https://maps.google.com/?cid=4942422520614545698&g_mp=Cidnb29nbGUubWFwcy5wbGFjZXMudjEuUGxhY2VzLlNlYXJjaFRleHQQAhgEIAA"
cmpcysi9o00ujih9uqslderxb,Yoga studio keep moving,,657 43 89 68,Yoga studio keep moving,,España,google-maps,atleevoyoga,NUEVO,MEDIA,,,2026-05-19T18:26:39.612Z,2026-05-19T18:26:39.612Z,http://yogastudiosevilla.com/,"Av Paseo de Europa, 27, 41012 Sevilla",Sevilla,5,57,https://maps.google.com/?cid=12797494226838093229&g_mp=Cidnb29nbGUubWFwcy5wbGFjZXMudjEuUGxhY2VzLlNlYXJjaFRleHQQAhgEIAA,yoga_studio,OPERATIONAL,"Importado desde Google Maps
Tipo: Centro de yoga
Dirección: Av Paseo de Europa, 27, 41012 Sevilla
Google: 5⭐ (57 reseñas)
Web: http://yogastudiosevilla.com/
Maps: https://maps.google.com/?cid=12797494226838093229&g_mp=Cidnb29nbGUubWFwcy5wbGFjZXMudjEuUGxhY2VzLlNlYXJjaFRleHQQAhgEIAA"
cmpcysiip00ukih9u8zmz7mok,OYOGA,,619 00 77 36,OYOGA,,España,google-maps,atleevoyoga,NUEVO,MEDIA,,,2026-05-19T18:26:39.937Z,2026-05-19T18:26:39.937Z,https://oyoga.eu/,"YO10 Sport Club Sevilla, CC, Torre Sevilla, C/ Gonzalo Jimenez de Quesada, 2, Planta- local 79, 41092 Sevilla",Sevilla,4.9,71,https://maps.google.com/?cid=11425512024938007183&g_mp=Cidnb29nbGUubWFwcy5wbGFjZXMudjEuUGxhY2VzLlNlYXJjaFRleHQQAhgEIAA,,OPERATIONAL,"Importado desde Google Maps
Dirección: YO10 Sport Club Sevilla, CC, Torre Sevilla, C/ Gonzalo Jimenez de Quesada, 2, Planta- local 79, 41092 Sevilla
Google: 4.9⭐ (71 reseñas)
Web: https://oyoga.eu/
Maps: https://maps.google.com/?cid=11425512024938007183&g_mp=Cidnb29nbGUubWFwcy5wbGFjZXMudjEuUGxhY2VzLlNlYXJjaFRleHQQAhgEIAA"
cmpcysirv00ulih9ugywijjob,RIDAYA YOGA,,659 87 25 54,RIDAYA YOGA,,España,google-maps,atleevoyoga,NUEVO,MEDIA,,,2026-05-19T18:26:40.267Z,2026-05-19T18:26:40.267Z,http://ridayayoga.com/,"Jesús del Gran Poder, 19, LOC 1, Casco Antiguo, 41002 Sevilla",Sevilla,5,91,https://maps.google.com/?cid=14346295889632546244&g_mp=Cidnb29nbGUubWFwcy5wbGFjZXMudjEuUGxhY2VzLlNlYXJjaFRleHQQAhgEIAA,yoga_studio,OPERATIONAL,"Importado desde Google Maps
Tipo: Centro de yoga
Dirección: Jesús del Gran Poder, 19, LOC 1, Casco Antiguo, 41002 Sevilla
Google: 5⭐ (91 reseñas)
Web: http://ridayayoga.com/
Maps: https://maps.google.com/?cid=14346295889632546244&g_mp=Cidnb29nbGUubWFwcy5wbGFjZXMudjEuUGxhY2VzLlNlYXJjaFRleHQQAhgEIAA"
cmpcysj1900umih9u3w84v8wu,Espacio Presente Yoga y Neurociencias,,678 82 71 59,Espacio Presente Yoga y Neurociencias,,España,google-maps,atleevoyoga,NUEVO,MEDIA,,,2026-05-19T18:26:40.605Z,2026-05-19T18:26:40.605Z,http://www.espaciopresente.es/,"Manuel Villalobos, 19, local, 41009 Sevilla",Sevilla,5,35,https://maps.google.com/?cid=188878561074736974&g_mp=Cidnb29nbGUubWFwcy5wbGFjZXMudjEuUGxhY2VzLlNlYXJjaFRleHQQAhgEIAA,yoga_studio,OPERATIONAL,"Importado desde Google Maps
Tipo: Centro de yoga
Dirección: Manuel Villalobos, 19, local, 41009 Sevilla
Google: 5⭐ (35 reseñas)
Web: http://www.espaciopresente.es/
Maps: https://maps.google.com/?cid=188878561074736974&g_mp=Cidnb29nbGUubWFwcy5wbGFjZXMudjEuUGxhY2VzLlNlYXJjaFRleHQQAhgEIAA"
cmpcysjbe00unih9ulansi5rf,Rocío Luque Yoga,,623 76 92 61,Rocío Luque Yoga,,España,google-maps,atleevoyoga,NUEVO,MEDIA,,,2026-05-19T18:26:40.940Z,2026-05-19T18:26:40.940Z,https://rocioluque.yoga/,"C. Heliotropo, 4, Casco Antiguo, 41003 Sevilla",Sevilla,5,131,https://maps.google.com/?cid=4045177690114861038&g_mp=Cidnb29nbGUubWFwcy5wbGFjZXMudjEuUGxhY2VzLlNlYXJjaFRleHQQAhgEIAA,yoga_studio,OPERATIONAL,"Importado desde Google Maps
Tipo: Centro de yoga
Dirección: C. Heliotropo, 4, Casco Antiguo, 41003 Sevilla
Google: 5⭐ (131 reseñas)
Web: https://rocioluque.yoga/
Maps: https://maps.google.com/?cid=4045177690114861038&g_mp=Cidnb29nbGUubWFwcy5wbGFjZXMudjEuUGxhY2VzLlNlYXJjaFRleHQQAhgEIAA"
cmpcysjl900uoih9u5bopd3yx,Dm estudio boutique yoga y pilates,,617 93 42 22,Dm estudio boutique yoga y pilates,,España,google-maps,atleevoyoga,NUEVO,MEDIA,,,2026-05-19T18:26:41.325Z,2026-05-19T18:26:41.325Z,https://dmestudioboutique.com/,"C. Padre Pedro Ayala, 14, 41005 Sevilla",Sevilla,5,4,https://maps.google.com/?cid=8240004126363880635&g_mp=Cidnb29nbGUubWFwcy5wbGFjZXMudjEuUGxhY2VzLlNlYXJjaFRleHQQAhgEIAA,yoga_studio,OPERATIONAL,"Importado desde Google Maps
Tipo: Centro de yoga
Dirección: C. Padre Pedro Ayala, 14, 41005 Sevilla
Google: 5⭐ (4 reseñas)
Web: https://dmestudioboutique.com/
Maps: https://maps.google.com/?cid=8240004126363880635&g_mp=Cidnb29nbGUubWFwcy5wbGFjZXMudjEuUGxhY2VzLlNlYXJjaFRleHQQAhgEIAA"
cmpcysjuf00upih9uwvehsrxn,Respira yoga sevilla,,624 64 30 60,Respira yoga sevilla,,España,google-maps,atleevoyoga,NUEVO,MEDIA,,,2026-05-19T18:26:41.655Z,2026-05-19T18:26:41.655Z,http://www.respirayogasevilla.com/,"C. Yakarta, 5, 41020 Sevilla",Sevilla,4.9,130,https://maps.google.com/?cid=18320047639931849895&g_mp=Cidnb29nbGUubWFwcy5wbGFjZXMudjEuUGxhY2VzLlNlYXJjaFRleHQQAhgEIAA,yoga_studio,OPERATIONAL,"Importado desde Google Maps
Tipo: Centro de yoga
Dirección: C. Yakarta, 5, 41020 Sevilla
Google: 4.9⭐ (130 reseñas)
Web: http://www.respirayogasevilla.com/
Maps: https://maps.google.com/?cid=18320047639931849895&g_mp=Cidnb29nbGUubWFwcy5wbGFjZXMudjEuUGxhY2VzLlNlYXJjaFRleHQQAhgEIAA"
cmpcysk4q00uqih9uc1jexyoz,Lavita Yoga Sevilla,,664 21 87 35,Lavita Yoga Sevilla,,España,google-maps,atleevoyoga,NUEVO,MEDIA,,,2026-05-19T18:26:42.026Z,2026-05-19T18:26:42.026Z,https://lavitayoga.es/,"C. Gaspar Alonso, 5, 41013 Sevilla",Sevilla,4.9,75,https://maps.google.com/?cid=16642430046912205937&g_mp=Cidnb29nbGUubWFwcy5wbGFjZXMudjEuUGxhY2VzLlNlYXJjaFRleHQQAhgEIAA,yoga_studio,OPERATIONAL,"Importado desde Google Maps
Tipo: Centro de yoga
Dirección: C. Gaspar Alonso, 5, 41013 Sevilla
Google: 4.9⭐ (75 reseñas)
Web: https://lavitayoga.es/
Maps: https://maps.google.com/?cid=16642430046912205937&g_mp=Cidnb29nbGUubWFwcy5wbGFjZXMudjEuUGxhY2VzLlNlYXJjaFRleHQQAhgEIAA"
cmpcyske000urih9ugw4796de,"ikigai yoga, pilates barre",,680 53 19 88,"ikigai yoga, pilates barre",,España,google-maps,atleevoyoga,NUEVO,MEDIA,,,2026-05-19T18:26:42.361Z,2026-05-19T18:26:42.361Z,http://escuelamushindo.es/,"Calle Dr. Hermosilla Molina, 41020 Sevilla",Sevilla,5,20,https://maps.google.com/?cid=6489582509676512114&g_mp=Cidnb29nbGUubWFwcy5wbGFjZXMudjEuUGxhY2VzLlNlYXJjaFRleHQQAhgEIAA,wellness_center,OPERATIONAL,"Importado desde Google Maps
Tipo: Centro de salud y bienestar
Dirección: Calle Dr. Hermosilla Molina, 41020 Sevilla
Google: 5⭐ (20 reseñas)
Web: http://escuelamushindo.es/
Maps: https://maps.google.com/?cid=6489582509676512114&g_mp=Cidnb29nbGUubWFwcy5wbGFjZXMudjEuUGxhY2VzLlNlYXJjaFRleHQQAhgEIAA"
cmpcyskn100usih9uka7nac1r,The Paradise Yoga Sevilla,,699 55 19 34,The Paradise Yoga Sevilla,,España,google-maps,atleevoyoga,NUEVO,MEDIA,,,2026-05-19T18:26:42.686Z,2026-05-19T18:26:42.686Z,http://letiyoyoga.com/,"C. Virgen de la Estrella, 9, Bajo, 41011 Sevilla",Sevilla,5,24,https://maps.google.com/?cid=12773636331267864511&g_mp=Cidnb29nbGUubWFwcy5wbGFjZXMudjEuUGxhY2VzLlNlYXJjaFRleHQQAhgEIAA,yoga_studio,OPERATIONAL,"Importado desde Google Maps
Tipo: Centro de yoga
Dirección: C. Virgen de la Estrella, 9, Bajo, 41011 Sevilla
Google: 5⭐ (24 reseñas)
Web: http://letiyoyoga.com/
Maps: https://maps.google.com/?cid=12773636331267864511&g_mp=Cidnb29nbGUubWFwcy5wbGFjZXMudjEuUGxhY2VzLlNlYXJjaFRleHQQAhgEIAA"
cmpcyskwl00utih9umnj2kria,Mukha Yoga,,624 46 33 60,Mukha Yoga,,España,google-maps,atleevoyoga,NUEVO,MEDIA,,,2026-05-19T18:26:43.029Z,2026-05-19T18:26:43.029Z,https://www.mukhayoga.es/,"Av. de Emilio Lemos, 2, 41020 Sevilla",Sevilla,5,75,https://maps.google.com/?cid=3836563688191609188&g_mp=Cidnb29nbGUubWFwcy5wbGFjZXMudjEuUGxhY2VzLlNlYXJjaFRleHQQAhgEIAA,yoga_studio,OPERATIONAL,"Importado desde Google Maps
Tipo: Centro de yoga
Dirección: Av. de Emilio Lemos, 2, 41020 Sevilla
Google: 5⭐ (75 reseñas)
Web: https://www.mukhayoga.es/
Maps: https://maps.google.com/?cid=3836563688191609188&g_mp=Cidnb29nbGUubWFwcy5wbGFjZXMudjEuUGxhY2VzLlNlYXJjaFRleHQQAhgEIAA"
cmpcysl6h00uuih9uy2biqqj0,Viba Estudio de Yoga & Mindfulness,,699 77 97 91,Viba Estudio de Yoga & Mindfulness,,España,google-maps,atleevoyoga,NUEVO,MEDIA,,,2026-05-19T18:26:43.385Z,2026-05-19T18:26:43.385Z,https://www.estudioviba.com/,"C. Rodo, 14, Casco Antiguo, 41001 Sevilla",Sevilla,5,37,https://maps.google.com/?cid=7986008426775250617&g_mp=Cidnb29nbGUubWFwcy5wbGFjZXMudjEuUGxhY2VzLlNlYXJjaFRleHQQAhgEIAA,yoga_studio,OPERATIONAL,"Importado desde Google Maps
Tipo: Centro de yoga
Dirección: C. Rodo, 14, Casco Antiguo, 41001 Sevilla
Google: 5⭐ (37 reseñas)
Web: https://www.estudioviba.com/
Maps: https://maps.google.com/?cid=7986008426775250617&g_mp=Cidnb29nbGUubWFwcy5wbGFjZXMudjEuUGxhY2VzLlNlYXJjaFRleHQQAhgEIAA"
cmpcyslfp00uvih9u5lrbn67v,Guruveda Yoga,,627 34 77 46,Guruveda Yoga,,España,google-maps,atleevoyoga,NUEVO,MEDIA,,,2026-05-19T18:26:43.718Z,2026-05-19T18:26:43.718Z,https://guruvedayoga.com/,"C. San Hermenegildo, 13, Casco Antiguo, 41003 Sevilla",Sevilla,5,41,https://maps.google.com/?cid=8284925750103446716&g_mp=Cidnb29nbGUubWFwcy5wbGFjZXMudjEuUGxhY2VzLlNlYXJjaFRleHQQAhgEIAA,yoga_studio,OPERATIONAL,"Importado desde Google Maps
Tipo: Centro de yoga
Dirección: C. San Hermenegildo, 13, Casco Antiguo, 41003 Sevilla
Google: 5⭐ (41 reseñas)
Web: https://guruvedayoga.com/
Maps: https://maps.google.com/?cid=8284925750103446716&g_mp=Cidnb29nbGUubWFwcy5wbGFjZXMudjEuUGxhY2VzLlNlYXJjaFRleHQQAhgEIAA"
cmpcyslpt00uwih9uqrgdcp1c,Mindfulness y Meditación Sevilla (Nacho Luque),,644 03 96 35,Mindfulness y Meditación Sevilla (Nacho Luque),,España,google-maps,atleevoyoga,NUEVO,MEDIA,,,2026-05-19T18:26:44.081Z,2026-05-19T18:26:44.081Z,https://tumindfulness.com/?utm_source=mybusiness,"C. Alfarería, 27, 41010 Sevilla",Sevilla,5,735,https://maps.google.com/?cid=9248171135139949218&g_mp=Cidnb29nbGUubWFwcy5wbGFjZXMudjEuUGxhY2VzLlNlYXJjaFRleHQQAhgEIAA,health,OPERATIONAL,"Importado desde Google Maps
Tipo: Salud y bienestar
Dirección: C. Alfarería, 27, 41010 Sevilla
Google: 5⭐ (735 reseñas)
Web: https://tumindfulness.com/?utm_source=mybusiness
Maps: https://maps.google.com/?cid=9248171135139949218&g_mp=Cidnb29nbGUubWFwcy5wbGFjZXMudjEuUGxhY2VzLlNlYXJjaFRleHQQAhgEIAA"
cmpcyslyp00uxih9ucjp82vga,Maia Yoga Studio,,622 22 88 05,Maia Yoga Studio,,España,google-maps,atleevoyoga,NUEVO,MEDIA,,,2026-05-19T18:26:44.402Z,2026-05-19T18:26:44.402Z,,"Edificio PortaSevilla, Calle Dr. González Caraballo, Planta 3 Puerta 15, 41020 Sevilla",Sevilla,5,10,https://maps.google.com/?cid=1169617116260986212&g_mp=Cidnb29nbGUubWFwcy5wbGFjZXMudjEuUGxhY2VzLlNlYXJjaFRleHQQAhgEIAA,,OPERATIONAL,"Importado desde Google Maps
Dirección: Edificio PortaSevilla, Calle Dr. González Caraballo, Planta 3 Puerta 15, 41020 Sevilla
Google: 5⭐ (10 reseñas)
Maps: https://maps.google.com/?cid=1169617116260986212&g_mp=Cidnb29nbGUubWFwcy5wbGFjZXMudjEuUGxhY2VzLlNlYXJjaFRleHQQAhgEIAA"
cmpcysm7r00uyih9ubdo65y7z,Clases de yoga en sevilla * Cuídate Yoga*,,656 26 69 84,Clases de yoga en sevilla * Cuídate Yoga*,,España,google-maps,atleevoyoga,NUEVO,MEDIA,,,2026-05-19T18:26:44.727Z,2026-05-19T18:26:44.727Z,https://www.instagram.com/cuidate_yoga?igsh=dGIyaXBteHNhbm94,"C. Maestras, 3, Norte, 41015 Sevilla",Sevilla,5,56,https://maps.google.com/?cid=194840686627648673&g_mp=Cidnb29nbGUubWFwcy5wbGFjZXMudjEuUGxhY2VzLlNlYXJjaFRleHQQAhgEIAA,yoga_studio,OPERATIONAL,"Importado desde Google Maps
Tipo: Centro de yoga
Dirección: C. Maestras, 3, Norte, 41015 Sevilla
Google: 5⭐ (56 reseñas)
Web: https://www.instagram.com/cuidate_yoga?igsh=dGIyaXBteHNhbm94
Maps: https://maps.google.com/?cid=194840686627648673&g_mp=Cidnb29nbGUubWFwcy5wbGFjZXMudjEuUGxhY2VzLlNlYXJjaFRleHQQAhgEIAA"
cmpcysmgp00uzih9udlsxzrd9,Yoga Ancestral Sevilla,,672 19 28 16,Yoga Ancestral Sevilla,,España,google-maps,atleevoyoga,NUEVO,MEDIA,,,2026-05-19T18:26:45.049Z,2026-05-19T18:26:45.049Z,https://www.facebook.com/Victor.Manuel.Noguera.Perez/?locale=ar_AR&_rdr,"C. Procurador, 19, 41010 Sevilla",Sevilla,5,37,https://maps.google.com/?cid=13723163609131318285&g_mp=Cidnb29nbGUubWFwcy5wbGFjZXMudjEuUGxhY2VzLlNlYXJjaFRleHQQAhgEIAA,yoga_studio,OPERATIONAL,"Importado desde Google Maps
Tipo: Centro de yoga
Dirección: C. Procurador, 19, 41010 Sevilla
Google: 5⭐ (37 reseñas)
Web: https://www.facebook.com/Victor.Manuel.Noguera.Perez/?locale=ar_AR&_rdr
Maps: https://maps.google.com/?cid=13723163609131318285&g_mp=Cidnb29nbGUubWFwcy5wbGFjZXMudjEuUGxhY2VzLlNlYXJjaFRleHQQAhgEIAA"
cmpcysmpt00v0ih9u4gmhbjld,Estudio Ganesha Sevilla. Clases de Pilates y Yoga. Coaching. Dietética nutrición.,,652 93 25 08,Estudio Ganesha Sevilla. Clases de Pilates y Yoga. Coaching. Dietética nutrición.,,España,google-maps,atleevoyoga,NUEVO,MEDIA,,,2026-05-19T18:26:45.377Z,2026-05-19T18:26:45.377Z,http://www.estudioganeshasevilla.com/,"Av. de Emilio Lemos, 2, 2° Planta. Mod. 207.1, 41020 Sevilla",Sevilla,4.8,107,https://maps.google.com/?cid=3828490894097531113&g_mp=Cidnb29nbGUubWFwcy5wbGFjZXMudjEuUGxhY2VzLlNlYXJjaFRleHQQAhgEIAA,gym,OPERATIONAL,"Importado desde Google Maps
Tipo: Gimnasio
Dirección: Av. de Emilio Lemos, 2, 2° Planta. Mod. 207.1, 41020 Sevilla
Google: 4.8⭐ (107 reseñas)
Web: http://www.estudioganeshasevilla.com/
Maps: https://maps.google.com/?cid=3828490894097531113&g_mp=Cidnb29nbGUubWFwcy5wbGFjZXMudjEuUGxhY2VzLlNlYXJjaFRleHQQAhgEIAA"
cmpcysmyv00v1ih9ubjql9efo,LeticiaYoga&Pilates,,659 22 69 73,LeticiaYoga&Pilates,,España,google-maps,atleevoyoga,NUEVO,MEDIA,,,2026-05-19T18:26:45.704Z,2026-05-19T18:26:45.704Z,,"C. Mallén, 8, 41018 Sevilla",Sevilla,5,19,https://maps.google.com/?cid=16540511062170660933&g_mp=Cidnb29nbGUubWFwcy5wbGFjZXMudjEuUGxhY2VzLlNlYXJjaFRleHQQAhgEIAA,yoga_studio,OPERATIONAL,"Importado desde Google Maps
Tipo: Centro de yoga
Dirección: C. Mallén, 8, 41018 Sevilla
Google: 5⭐ (19 reseñas)
Maps: https://maps.google.com/?cid=16540511062170660933&g_mp=Cidnb29nbGUubWFwcy5wbGFjZXMudjEuUGxhY2VzLlNlYXJjaFRleHQQAhgEIAA"
cmpcysn7r00v2ih9u7yf7zfl0,Harita Yoga,,628 66 98 62,Harita Yoga,,España,google-maps,atleevoyoga,NUEVO,MEDIA,,,2026-05-19T18:26:46.024Z,2026-05-19T18:26:46.024Z,http://haritayoga.com/,"Calle Verde, 3, Casco Antiguo, 41004 Sevilla",Sevilla,5,19,https://maps.google.com/?cid=17674321947240051238&g_mp=Cidnb29nbGUubWFwcy5wbGFjZXMudjEuUGxhY2VzLlNlYXJjaFRleHQQAhgEIAA,yoga_studio,OPERATIONAL,"Importado desde Google Maps
Tipo: Centro de yoga
Dirección: Calle Verde, 3, Casco Antiguo, 41004 Sevilla
Google: 5⭐ (19 reseñas)
Web: http://haritayoga.com/
Maps: https://maps.google.com/?cid=17674321947240051238&g_mp=Cidnb29nbGUubWFwcy5wbGFjZXMudjEuUGxhY2VzLlNlYXJjaFRleHQQAhgEIAA"
cmpcysngq00v3ih9u84efp4of,Masaje y Yoga en Sevilla - enON,,640 02 93 02,Masaje y Yoga en Sevilla - enON,,España,google-maps,atleevoyoga,NUEVO,MEDIA,,,2026-05-19T18:26:46.346Z,2026-05-19T18:26:46.346Z,https://enon.yoga/,"San Luis, 78, Casco Antiguo, 41003 Sevilla",Sevilla,5,43,https://maps.google.com/?cid=17725410450458062017&g_mp=Cidnb29nbGUubWFwcy5wbGFjZXMudjEuUGxhY2VzLlNlYXJjaFRleHQQAhgEIAA,massage,OPERATIONAL,"Importado desde Google Maps
Tipo: Servicio de masajes
Dirección: San Luis, 78, Casco Antiguo, 41003 Sevilla
Google: 5⭐ (43 reseñas)
Web: https://enon.yoga/
Maps: https://maps.google.com/?cid=17725410450458062017&g_mp=Cidnb29nbGUubWFwcy5wbGFjZXMudjEuUGxhY2VzLlNlYXJjaFRleHQQAhgEIAA"
cmpcysntq00v4ih9upco99poi,Aura Bahari Yoga,,660 37 30 78,Aura Bahari Yoga,,España,google-maps,atleevoyoga,NUEVO,MEDIA,,,2026-05-19T18:26:46.815Z,2026-05-19T18:26:46.815Z,,"Av. Alcalde Luis Uruñuela, 6. Edificio Congresos , Módulo 117, 41020 Sevilla",Sevilla,5,24,https://maps.google.com/?cid=9284554310322896290&g_mp=Cidnb29nbGUubWFwcy5wbGFjZXMudjEuUGxhY2VzLlNlYXJjaFRleHQQAhgEIAA,yoga_studio,OPERATIONAL,"Importado desde Google Maps
Tipo: Centro de yoga
Dirección: Av. Alcalde Luis Uruñuela, 6. Edificio Congresos , Módulo 117, 41020 Sevilla
Google: 5⭐ (24 reseñas)
Maps: https://maps.google.com/?cid=9284554310322896290&g_mp=Cidnb29nbGUubWFwcy5wbGFjZXMudjEuUGxhY2VzLlNlYXJjaFRleHQQAhgEIAA"
cmpcyso2w00v5ih9utb099vpn,Sikhara NaturalYoga,,692 72 38 58,Sikhara NaturalYoga,,España,google-maps,atleevoyoga,NUEVO,MEDIA,,,2026-05-19T18:26:47.145Z,2026-05-19T18:26:47.145Z,,"C. Caminos, 4, Módulo 3, 41020 Sevilla",Sevilla,5,24,https://maps.google.com/?cid=17271699386748214337&g_mp=Cidnb29nbGUubWFwcy5wbGFjZXMudjEuUGxhY2VzLlNlYXJjaFRleHQQAhgEIAA,yoga_studio,OPERATIONAL,"Importado desde Google Maps
Tipo: Centro de yoga
Dirección: C. Caminos, 4, Módulo 3, 41020 Sevilla
Google: 5⭐ (24 reseñas)
Maps: https://maps.google.com/?cid=17271699386748214337&g_mp=Cidnb29nbGUubWFwcy5wbGFjZXMudjEuUGxhY2VzLlNlYXJjaFRleHQQAhgEIAA"
cmpcysoc100v6ih9uwsltdynx,Alba Pilates & Yoga,,605 33 22 82,Alba Pilates & Yoga,,España,google-maps,atleevoyoga,NUEVO,MEDIA,,,2026-05-19T18:26:47.473Z,2026-05-19T18:26:47.473Z,https://www.instagram.com/alba.yogafit?igsh=MWpqZGw1Z25wMDd5OA==,"Av. de la Buhaira, 3, 41018 Sevilla",Sevilla,5,23,https://maps.google.com/?cid=18252809816051849388&g_mp=Cidnb29nbGUubWFwcy5wbGFjZXMudjEuUGxhY2VzLlNlYXJjaFRleHQQAhgEIAA,gym,OPERATIONAL,"Importado desde Google Maps
Tipo: Gimnasio
Dirección: Av. de la Buhaira, 3, 41018 Sevilla
Google: 5⭐ (23 reseñas)
Web: https://www.instagram.com/alba.yogafit?igsh=MWpqZGw1Z25wMDd5OA==
Maps: https://maps.google.com/?cid=18252809816051849388&g_mp=Cidnb29nbGUubWFwcy5wbGFjZXMudjEuUGxhY2VzLlNlYXJjaFRleHQQAhgEIAA"
cmpcysol600v7ih9uoo96eafw,Centro Sensei,,954 53 69 61,Centro Sensei,,España,google-maps,atleevoyoga,NUEVO,MEDIA,,,2026-05-19T18:26:47.802Z,2026-05-19T18:26:47.802Z,http://centrosensei.com/,"C. Chaves Nogales, 1, 41018 Sevilla",Sevilla,5,50,https://maps.google.com/?cid=12097719770769708511&g_mp=Cidnb29nbGUubWFwcy5wbGFjZXMudjEuUGxhY2VzLlNlYXJjaFRleHQQAhgEIAA,wellness_center,OPERATIONAL,"Importado desde Google Maps
Tipo: Centro de salud y bienestar
Dirección: C. Chaves Nogales, 1, 41018 Sevilla
Google: 5⭐ (50 reseñas)
Web: http://centrosensei.com/
Maps: https://maps.google.com/?cid=12097719770769708511&g_mp=Cidnb29nbGUubWFwcy5wbGFjZXMudjEuUGxhY2VzLlNlYXJjaFRleHQQAhgEIAA"
cmpcysou500v8ih9u1uxbwqof,DIANA PILATES & YOGA,,609 56 79 37,DIANA PILATES & YOGA,,España,google-maps,atleevoyoga,NUEVO,MEDIA,,,2026-05-19T18:26:48.125Z,2026-05-19T18:26:48.125Z,,"Av. de Emilio Lemos, 2, EDIFICIO TORRE ESTE - Planta 1. Módulo 106.1, 41020 Sevilla",Sevilla,5,36,https://maps.google.com/?cid=14505426648471016626&g_mp=Cidnb29nbGUubWFwcy5wbGFjZXMudjEuUGxhY2VzLlNlYXJjaFRleHQQAhgEIAA,gym,OPERATIONAL,"Importado desde Google Maps
Tipo: Gimnasio
Dirección: Av. de Emilio Lemos, 2, EDIFICIO TORRE ESTE - Planta 1. Módulo 106.1, 41020 Sevilla
Google: 5⭐ (36 reseñas)
Maps: https://maps.google.com/?cid=14505426648471016626&g_mp=Cidnb29nbGUubWFwcy5wbGFjZXMudjEuUGxhY2VzLlNlYXJjaFRleHQQAhgEIAA"
cmpcysp3g00v9ih9uz18gkj56,"Nillyoga- Yoga in English & Spanish, Seville",,643 36 23 14,"Nillyoga- Yoga in English & Spanish, Seville",,España,google-maps,atleevoyoga,NUEVO,MEDIA,,,2026-05-19T18:26:48.460Z,2026-05-19T18:26:48.460Z,https://nillyoga.tilda.ws/,"C. Moravia, 6, Casco Antiguo, 41003 Sevilla",Sevilla,5,16,https://maps.google.com/?cid=8991382447757463725&g_mp=Cidnb29nbGUubWFwcy5wbGFjZXMudjEuUGxhY2VzLlNlYXJjaFRleHQQAhgEIAA,yoga_studio,OPERATIONAL,"Importado desde Google Maps
Tipo: Centro de yoga
Dirección: C. Moravia, 6, Casco Antiguo, 41003 Sevilla
Google: 5⭐ (16 reseñas)
Web: https://nillyoga.tilda.ws/
Maps: https://maps.google.com/?cid=8991382447757463725&g_mp=Cidnb29nbGUubWFwcy5wbGFjZXMudjEuUGxhY2VzLlNlYXJjaFRleHQQAhgEIAA"
cmpcyspcu00vaih9ucnwj1pye,Pilates porvenir 14.Academia.,,609 20 95 87,Pilates porvenir 14.Academia.,,España,google-maps,atleevoyoga,NUEVO,MEDIA,,,2026-05-19T18:26:48.798Z,2026-05-19T18:26:48.798Z,http://www.porvenir14.com/,"C. Porvenir, 14, 41013 Sevilla",Sevilla,5,105,https://maps.google.com/?cid=1586323805519280403&g_mp=Cidnb29nbGUubWFwcy5wbGFjZXMudjEuUGxhY2VzLlNlYXJjaFRleHQQAhgEIAA,gym,OPERATIONAL,"Importado desde Google Maps
Tipo: Gimnasio
Dirección: C. Porvenir, 14, 41013 Sevilla
Google: 5⭐ (105 reseñas)
Web: http://www.porvenir14.com/
Maps: https://maps.google.com/?cid=1586323805519280403&g_mp=Cidnb29nbGUubWFwcy5wbGFjZXMudjEuUGxhY2VzLlNlYXJjaFRleHQQAhgEIAA"
cmpcysply00vbih9ujue8s0gz,"Centro Shambala Sevilla: Constelaciones Familiares, Yoga, Masajes y Meditación",,600 27 00 94,"Centro Shambala Sevilla: Constelaciones Familiares, Yoga, Masajes y Meditación",,España,google-maps,atleevoyoga,NUEVO,MEDIA,,,2026-05-19T18:26:49.127Z,2026-05-19T18:26:49.127Z,http://shambalasevilla.es/,"C. Fernando Tirado, 6, 41018 Sevilla",Sevilla,5,35,https://maps.google.com/?cid=8853272195643499656&g_mp=Cidnb29nbGUubWFwcy5wbGFjZXMudjEuUGxhY2VzLlNlYXJjaFRleHQQAhgEIAA,yoga_studio,OPERATIONAL,"Importado desde Google Maps
Tipo: Centro de yoga
Dirección: C. Fernando Tirado, 6, 41018 Sevilla
Google: 5⭐ (35 reseñas)
Web: http://shambalasevilla.es/
Maps: https://maps.google.com/?cid=8853272195643499656&g_mp=Cidnb29nbGUubWFwcy5wbGFjZXMudjEuUGxhY2VzLlNlYXJjaFRleHQQAhgEIAA"
cmpcyspv300vcih9uk2ht58re,Surya Yoga. Rocio de la Rosa,,670 87 32 82,Surya Yoga. Rocio de la Rosa,,España,google-maps,atleevoyoga,NUEVO,MEDIA,,,2026-05-19T18:26:49.455Z,2026-05-19T18:26:49.455Z,,"Plaza Dr. González Gramage, 4, 41005 Sevilla",Sevilla,4.8,35,https://maps.google.com/?cid=12229734692297331211&g_mp=Cidnb29nbGUubWFwcy5wbGFjZXMudjEuUGxhY2VzLlNlYXJjaFRleHQQAhgEIAA,yoga_studio,OPERATIONAL,"Importado desde Google Maps
Tipo: Centro de yoga
Dirección: Plaza Dr. González Gramage, 4, 41005 Sevilla
Google: 4.8⭐ (35 reseñas)
Maps: https://maps.google.com/?cid=12229734692297331211&g_mp=Cidnb29nbGUubWFwcy5wbGFjZXMudjEuUGxhY2VzLlNlYXJjaFRleHQQAhgEIAA"
cmpcysq3y00vdih9ufwmq80qd,Sannu Fisioterapia y Yoga,,634 57 16 75,Sannu Fisioterapia y Yoga,,España,google-maps,atleevoyoga,NUEVO,MEDIA,,,2026-05-19T18:26:49.774Z,2026-05-19T18:26:49.774Z,https://sannuespacios.com/,"C. Socorro, 14, Local, Casco Antiguo, 41003 Sevilla",Sevilla,5,83,https://maps.google.com/?cid=2632566705685007294&g_mp=Cidnb29nbGUubWFwcy5wbGFjZXMudjEuUGxhY2VzLlNlYXJjaFRleHQQAhgEIAA,medical_clinic,OPERATIONAL,"Importado desde Google Maps
Tipo: Clínica ambulatoria
Dirección: C. Socorro, 14, Local, Casco Antiguo, 41003 Sevilla
Google: 5⭐ (83 reseñas)
Web: https://sannuespacios.com/
Maps: https://maps.google.com/?cid=2632566705685007294&g_mp=Cidnb29nbGUubWFwcy5wbGFjZXMudjEuUGxhY2VzLlNlYXJjaFRleHQQAhgEIAA"
cmpcysqdd00veih9u824yebiz,Cósmica Yoga Studio,,617 11 80 96,Cósmica Yoga Studio,,España,google-maps,atleevoyoga,NUEVO,MEDIA,,,2026-05-19T18:26:50.113Z,2026-05-19T18:26:50.113Z,https://www.cosmicaconcept.com/,"C. Virgen de la Estrella, 9, 41011 Sevilla",Sevilla,,,https://maps.google.com/?cid=6796344456088039186&g_mp=Cidnb29nbGUubWFwcy5wbGFjZXMudjEuUGxhY2VzLlNlYXJjaFRleHQQAhgEIAA,yoga_studio,OPERATIONAL,"Importado desde Google Maps
Tipo: Centro de yoga
Dirección: C. Virgen de la Estrella, 9, 41011 Sevilla
Web: https://www.cosmicaconcept.com/
Maps: https://maps.google.com/?cid=6796344456088039186&g_mp=Cidnb29nbGUubWFwcy5wbGFjZXMudjEuUGxhY2VzLlNlYXJjaFRleHQQAhgEIAA"
cmpcysqny00vfih9ut5z8io7m,"ATISHA - Servicios Sanitarios, Terapias Naturales y Clases de Yoga",,626 37 96 12,"ATISHA - Servicios Sanitarios, Terapias Naturales y Clases de Yoga",,España,google-maps,atleevoyoga,NUEVO,MEDIA,,,2026-05-19T18:26:50.495Z,2026-05-19T18:26:50.495Z,https://atisha.es/,"C. Rodrigo de Triana, 33, BAJO DERECHA, 41010 Sevilla",Sevilla,5,82,https://maps.google.com/?cid=12634827741981395313&g_mp=Cidnb29nbGUubWFwcy5wbGFjZXMudjEuUGxhY2VzLlNlYXJjaFRleHQQAhgEIAA,wellness_center,OPERATIONAL,"Importado desde Google Maps
Tipo: Centro de salud y bienestar
Dirección: C. Rodrigo de Triana, 33, BAJO DERECHA, 41010 Sevilla
Google: 5⭐ (82 reseñas)
Web: https://atisha.es/
Maps: https://maps.google.com/?cid=12634827741981395313&g_mp=Cidnb29nbGUubWFwcy5wbGFjZXMudjEuUGxhY2VzLlNlYXJjaFRleHQQAhgEIAA"
cmpcysqxa00vgih9uadgm85ai,Iyengar Yoga Sevilla,,665 53 08 25,Iyengar Yoga Sevilla,,España,google-maps,atleevoyoga,NUEVO,MEDIA,,,2026-05-19T18:26:50.830Z,2026-05-19T18:26:50.830Z,http://iyengar-yoga-sevilla.es/,"C. Bajeles, 13, 1a planta, modúlo 5 y 6, Casco Antiguo, 41002 Sevilla",Sevilla,5,23,https://maps.google.com/?cid=17474273048729605852&g_mp=Cidnb29nbGUubWFwcy5wbGFjZXMudjEuUGxhY2VzLlNlYXJjaFRleHQQAhgEIAA,yoga_studio,OPERATIONAL,"Importado desde Google Maps
Tipo: Centro de yoga
Dirección: C. Bajeles, 13, 1a planta, modúlo 5 y 6, Casco Antiguo, 41002 Sevilla
Google: 5⭐ (23 reseñas)
Web: http://iyengar-yoga-sevilla.es/
Maps: https://maps.google.com/?cid=17474273048729605852&g_mp=Cidnb29nbGUubWFwcy5wbGFjZXMudjEuUGxhY2VzLlNlYXJjaFRleHQQAhgEIAA"
cmpcysr6e00vhih9uaft63mab,Vive Yoga,,651 06 37 91,Vive Yoga,,España,google-maps,atleevoyoga,NUEVO,MEDIA,,,2026-05-19T18:26:51.158Z,2026-05-19T18:26:51.158Z,https://viveyoga.es/,"Calle Industria, 5. Edificio Metropol 3, planta 2, módulo 16, 41927 Mairena del Aljarafe, Sevilla",Sevilla,5,174,https://maps.google.com/?cid=9975425454057806594&g_mp=Cidnb29nbGUubWFwcy5wbGFjZXMudjEuUGxhY2VzLlNlYXJjaFRleHQQAhgEIAA,yoga_studio,OPERATIONAL,"Importado desde Google Maps
Tipo: Centro de yoga
Dirección: Calle Industria, 5. Edificio Metropol 3, planta 2, módulo 16, 41927 Mairena del Aljarafe, Sevilla
Google: 5⭐ (174 reseñas)
Web: https://viveyoga.es/
Maps: https://maps.google.com/?cid=9975425454057806594&g_mp=Cidnb29nbGUubWFwcy5wbGFjZXMudjEuUGxhY2VzLlNlYXJjaFRleHQQAhgEIAA"
cmpcysrfi00viih9ua6s30iwg,Carmen Figueroa Estudio,,669 53 91 91,Carmen Figueroa Estudio,,España,google-maps,atleevoyoga,NUEVO,MEDIA,,,2026-05-19T18:26:51.486Z,2026-05-19T18:26:51.486Z,http://www.carmenfigueroaestudio.com/,"C. Benito Mas y Prat, 5, Bajo 1, 41005 Sevilla",Sevilla,5,21,https://maps.google.com/?cid=6150236870060196773&g_mp=Cidnb29nbGUubWFwcy5wbGFjZXMudjEuUGxhY2VzLlNlYXJjaFRleHQQAhgEIAA,yoga_studio,OPERATIONAL,"Importado desde Google Maps
Tipo: Centro de yoga
Dirección: C. Benito Mas y Prat, 5, Bajo 1, 41005 Sevilla
Google: 5⭐ (21 reseñas)
Web: http://www.carmenfigueroaestudio.com/
Maps: https://maps.google.com/?cid=6150236870060196773&g_mp=Cidnb29nbGUubWFwcy5wbGFjZXMudjEuUGxhY2VzLlNlYXJjaFRleHQQAhgEIAA"
cmpcysroh00vjih9uinigmglv,VIR Studio Yoga,,,VIR Studio Yoga,,España,google-maps,atleevoyoga,NUEVO,MEDIA,,,2026-05-19T18:26:51.809Z,2026-05-19T18:26:51.809Z,,"Carretera Sevilla-Málaga-Granada, 48 A, 41016, 41016, Carr. de Alcalá, 70, 41016 Sevilla",Sevilla,4.9,19,https://maps.google.com/?cid=17546389103161370053&g_mp=Cidnb29nbGUubWFwcy5wbGFjZXMudjEuUGxhY2VzLlNlYXJjaFRleHQQAhgEIAA,yoga_studio,OPERATIONAL,"Importado desde Google Maps
Tipo: Centro de yoga
Dirección: Carretera Sevilla-Málaga-Granada, 48 A, 41016, 41016, Carr. de Alcalá, 70, 41016 Sevilla
Google: 4.9⭐ (19 reseñas)
Maps: https://maps.google.com/?cid=17546389103161370053&g_mp=Cidnb29nbGUubWFwcy5wbGFjZXMudjEuUGxhY2VzLlNlYXJjaFRleHQQAhgEIAA"
cmpcysrxu00vkih9uvedv5rfl,Centro Integral de Yoga Triana,,954 27 53 04,Centro Integral de Yoga Triana,,España,google-maps,atleevoyoga,NUEVO,MEDIA,,,2026-05-19T18:26:52.147Z,2026-05-19T18:26:52.147Z,http://www.yogasevilla.net/,"C. Rafael Salas Gonzalez, 4, 41010 Sevilla",Sevilla,5,2,https://maps.google.com/?cid=4934997303273753191&g_mp=Cidnb29nbGUubWFwcy5wbGFjZXMudjEuUGxhY2VzLlNlYXJjaFRleHQQAhgEIAA,service,OPERATIONAL,"Importado desde Google Maps
Tipo: Servicios
Dirección: C. Rafael Salas Gonzalez, 4, 41010 Sevilla
Google: 5⭐ (2 reseñas)
Web: http://www.yogasevilla.net/
Maps: https://maps.google.com/?cid=4934997303273753191&g_mp=Cidnb29nbGUubWFwcy5wbGFjZXMudjEuUGxhY2VzLlNlYXJjaFRleHQQAhgEIAA"
cmpcyss6x00vlih9ulphd972t,DIKSHA Yoga y Terapia Corporal Integrativa,,662 58 80 17,DIKSHA Yoga y Terapia Corporal Integrativa,,España,google-maps,atleevoyoga,NUEVO,MEDIA,,,2026-05-19T18:26:52.473Z,2026-05-19T18:26:52.473Z,http://www.silviaortega.es/,"C. Relator, 15, Casco Antiguo, 41002 Sevilla",Sevilla,5,16,https://maps.google.com/?cid=6003281752956261669&g_mp=Cidnb29nbGUubWFwcy5wbGFjZXMudjEuUGxhY2VzLlNlYXJjaFRleHQQAhgEIAA,yoga_studio,OPERATIONAL,"Importado desde Google Maps
Tipo: Centro de yoga
Dirección: C. Relator, 15, Casco Antiguo, 41002 Sevilla
Google: 5⭐ (16 reseñas)
Web: http://www.silviaortega.es/
Maps: https://maps.google.com/?cid=6003281752956261669&g_mp=Cidnb29nbGUubWFwcy5wbGFjZXMudjEuUGxhY2VzLlNlYXJjaFRleHQQAhgEIAA"
cmpcyssfv00vmih9uju54sewo,Dinamika Yoga y pilates,,617 00 42 90,Dinamika Yoga y pilates,,España,google-maps,atleevoyoga,NUEVO,MEDIA,,,2026-05-19T18:26:52.795Z,2026-05-19T18:26:52.795Z,,"C. Sta. María de Ordás, 23, 41008 Sevilla",Sevilla,5,17,https://maps.google.com/?cid=44544689914575163&g_mp=Cidnb29nbGUubWFwcy5wbGFjZXMudjEuUGxhY2VzLlNlYXJjaFRleHQQAhgEIAA,sports_club,OPERATIONAL,"Importado desde Google Maps
Tipo: Club deportivo
Dirección: C. Sta. María de Ordás, 23, 41008 Sevilla
Google: 5⭐ (17 reseñas)
Maps: https://maps.google.com/?cid=44544689914575163&g_mp=Cidnb29nbGUubWFwcy5wbGFjZXMudjEuUGxhY2VzLlNlYXJjaFRleHQQAhgEIAA"
cmpcyssov00vnih9u5usr4vlf,Movimiento Y Sanación,,665 01 07 02,Movimiento Y Sanación,,España,google-maps,atleevoyoga,NUEVO,MEDIA,,,2026-05-19T18:26:53.119Z,2026-05-19T18:26:53.119Z,,"C. San Jorge, 7, 41010 Sevilla",Sevilla,5,28,https://maps.google.com/?cid=12768448369180466064&g_mp=Cidnb29nbGUubWFwcy5wbGFjZXMudjEuUGxhY2VzLlNlYXJjaFRleHQQAhgEIAA,,OPERATIONAL,"Importado desde Google Maps
Dirección: C. San Jorge, 7, 41010 Sevilla
Google: 5⭐ (28 reseñas)
Maps: https://maps.google.com/?cid=12768448369180466064&g_mp=Cidnb29nbGUubWFwcy5wbGFjZXMudjEuUGxhY2VzLlNlYXJjaFRleHQQAhgEIAA"
cmpcyssys00voih9uu3rgnozw,Espacio Kalamana,,649 79 92 67,Espacio Kalamana,,España,google-maps,atleevoyoga,NUEVO,MEDIA,,,2026-05-19T18:26:53.477Z,2026-05-19T18:26:53.477Z,http://espaciokalamana.com/,"Cl. Fray Leopoldo de Alpandeire, 8, local 9B, 41008 Sevilla",Sevilla,4.8,24,https://maps.google.com/?cid=5660040771034170018&g_mp=Cidnb29nbGUubWFwcy5wbGFjZXMudjEuUGxhY2VzLlNlYXJjaFRleHQQAhgEIAA,wellness_center,OPERATIONAL,"Importado desde Google Maps
Tipo: Centro de salud y bienestar
Dirección: Cl. Fray Leopoldo de Alpandeire, 8, local 9B, 41008 Sevilla
Google: 4.8⭐ (24 reseñas)
Web: http://espaciokalamana.com/
Maps: https://maps.google.com/?cid=5660040771034170018&g_mp=Cidnb29nbGUubWFwcy5wbGFjZXMudjEuUGxhY2VzLlNlYXJjaFRleHQQAhgEIAA"
cmpcyst8500vpih9u3xv2yfg6,Espacio de Yoga y Meditación Montequinto,,609 41 09 21,Espacio de Yoga y Meditación Montequinto,,España,google-maps,atleevoyoga,NUEVO,MEDIA,,,2026-05-19T18:26:53.813Z,2026-05-19T18:26:53.813Z,https://yogaenmontequinto.wixsite.com/yogaenmontequinto,"Av. Enríquez de Ribera, 27, 41089 Dos Hermanas, Sevilla",Sevilla,5,64,https://maps.google.com/?cid=17573385474079326288&g_mp=Cidnb29nbGUubWFwcy5wbGFjZXMudjEuUGxhY2VzLlNlYXJjaFRleHQQAhgEIAA,yoga_studio,OPERATIONAL,"Importado desde Google Maps
Tipo: Centro de yoga
Dirección: Av. Enríquez de Ribera, 27, 41089 Dos Hermanas, Sevilla
Google: 5⭐ (64 reseñas)
Web: https://yogaenmontequinto.wixsite.com/yogaenmontequinto
Maps: https://maps.google.com/?cid=17573385474079326288&g_mp=Cidnb29nbGUubWFwcy5wbGFjZXMudjEuUGxhY2VzLlNlYXJjaFRleHQQAhgEIAA"
cmpcysthl00vqih9uen4nl7hp,Óscar de Carmen,,640 55 16 52,Óscar de Carmen,,España,google-maps,atleevoyoga,NUEVO,MEDIA,,,2026-05-19T18:26:54.154Z,2026-05-19T18:26:54.154Z,,"Pje. de Amores, 3, Casco Antiguo, 41003 Sevilla",Sevilla,5,24,https://maps.google.com/?cid=15731646448817747324&g_mp=Cidnb29nbGUubWFwcy5wbGFjZXMudjEuUGxhY2VzLlNlYXJjaFRleHQQAhgEIAA,yoga_studio,OPERATIONAL,"Importado desde Google Maps
Tipo: Centro de yoga
Dirección: Pje. de Amores, 3, Casco Antiguo, 41003 Sevilla
Google: 5⭐ (24 reseñas)
Maps: https://maps.google.com/?cid=15731646448817747324&g_mp=Cidnb29nbGUubWFwcy5wbGFjZXMudjEuUGxhY2VzLlNlYXJjaFRleHQQAhgEIAA"
cmpcystr400vrih9ublpw864g,Khalma Wellness,,,Khalma Wellness,,España,google-maps,atleevoyoga,NUEVO,MEDIA,,,2026-05-19T18:26:54.496Z,2026-05-19T18:26:54.496Z,http://www.khalma.com/,"C. Sánchez Perrier, 12, 41009 Sevilla",Sevilla,4.9,163,https://maps.google.com/?cid=14606169768559838423&g_mp=Cidnb29nbGUubWFwcy5wbGFjZXMudjEuUGxhY2VzLlNlYXJjaFRleHQQAhgEIAA,wellness_center,OPERATIONAL,"Importado desde Google Maps
Tipo: Centro de salud y bienestar
Dirección: C. Sánchez Perrier, 12, 41009 Sevilla
Google: 4.9⭐ (163 reseñas)
Web: http://www.khalma.com/
Maps: https://maps.google.com/?cid=14606169768559838423&g_mp=Cidnb29nbGUubWFwcy5wbGFjZXMudjEuUGxhY2VzLlNlYXJjaFRleHQQAhgEIAA"
cmpcysu0900vsih9u42wv143i,Mybeyoga,,649 43 68 10,Mybeyoga,,España,google-maps,atleevoyoga,NUEVO,MEDIA,,,2026-05-19T18:26:54.826Z,2026-05-19T18:26:54.826Z,http://www.mybeyoga.com/,"Edificio Portasevilla, Calle Dr. González Caraballo, 1, módulo, 79, planta 2, 41020 Sevilla",Sevilla,5,8,https://maps.google.com/?cid=6599142442956741787&g_mp=Cidnb29nbGUubWFwcy5wbGFjZXMudjEuUGxhY2VzLlNlYXJjaFRleHQQAhgEIAA,yoga_studio,OPERATIONAL,"Importado desde Google Maps
Tipo: Centro de yoga
Dirección: Edificio Portasevilla, Calle Dr. González Caraballo, 1, módulo, 79, planta 2, 41020 Sevilla
Google: 5⭐ (8 reseñas)
Web: http://www.mybeyoga.com/
Maps: https://maps.google.com/?cid=6599142442956741787&g_mp=Cidnb29nbGUubWFwcy5wbGFjZXMudjEuUGxhY2VzLlNlYXJjaFRleHQQAhgEIAA"
cmpcysu9f00vtih9u6kgpdsb9,Sunkiss Yoga,,667 72 57 99,Sunkiss Yoga,,España,google-maps,atleevoyoga,NUEVO,MEDIA,,,2026-05-19T18:26:55.156Z,2026-05-19T18:26:55.156Z,http://sunkissyoga.com/,"C. Pino Nasarron, 13, 41016 Sevilla",Sevilla,5,23,https://maps.google.com/?cid=190854587680447043&g_mp=Cidnb29nbGUubWFwcy5wbGFjZXMudjEuUGxhY2VzLlNlYXJjaFRleHQQAhgEIAA,general_store,OPERATIONAL,"Importado desde Google Maps
Tipo: Tienda general
Dirección: C. Pino Nasarron, 13, 41016 Sevilla
Google: 5⭐ (23 reseñas)
Web: http://sunkissyoga.com/
Maps: https://maps.google.com/?cid=190854587680447043&g_mp=Cidnb29nbGUubWFwcy5wbGFjZXMudjEuUGxhY2VzLlNlYXJjaFRleHQQAhgEIAA"
cmpcysuin00vuih9uufjonutn,Oceana Holistica,,601 17 73 27,Oceana Holistica,,España,google-maps,atleevoyoga,NUEVO,MEDIA,,,2026-05-19T18:26:55.487Z,2026-05-19T18:26:55.487Z,https://alma-salada.mailchimpsites.com/,"C/ Periodista Ramón Resa, 6, 41012 Sevilla",Sevilla,5,6,https://maps.google.com/?cid=1970286272926436218&g_mp=Cidnb29nbGUubWFwcy5wbGFjZXMudjEuUGxhY2VzLlNlYXJjaFRleHQQAhgEIAA,yoga_studio,OPERATIONAL,"Importado desde Google Maps
Tipo: Centro de yoga
Dirección: C/ Periodista Ramón Resa, 6, 41012 Sevilla
Google: 5⭐ (6 reseñas)
Web: https://alma-salada.mailchimpsites.com/
Maps: https://maps.google.com/?cid=1970286272926436218&g_mp=Cidnb29nbGUubWFwcy5wbGFjZXMudjEuUGxhY2VzLlNlYXJjaFRleHQQAhgEIAA"
cmpcysus100vvih9ul51wutvb,The Real Yoga,,678 90 39 00,The Real Yoga,,España,google-maps,atleevoyoga,NUEVO,MEDIA,,,2026-05-19T18:26:55.826Z,2026-05-19T18:26:55.826Z,,"Calle Dr. Jerónimo Pou, 3, 41010 Sevilla",Sevilla,5,1,https://maps.google.com/?cid=6974042254907211441&g_mp=Cidnb29nbGUubWFwcy5wbGFjZXMudjEuUGxhY2VzLlNlYXJjaFRleHQQAhgEIAA,yoga_studio,OPERATIONAL,"Importado desde Google Maps
Tipo: Centro de yoga
Dirección: Calle Dr. Jerónimo Pou, 3, 41010 Sevilla
Google: 5⭐ (1 reseñas)
Maps: https://maps.google.com/?cid=6974042254907211441&g_mp=Cidnb29nbGUubWFwcy5wbGFjZXMudjEuUGxhY2VzLlNlYXJjaFRleHQQAhgEIAA"
cmpcysv1z00vwih9u96ppnyqk,Hatha-Chi,,634 24 92 96,Hatha-Chi,,España,google-maps,atleevoyoga,NUEVO,MEDIA,,,2026-05-19T18:26:56.183Z,2026-05-19T18:26:56.183Z,,"C. Palma del Río, 24, 41008 Sevilla",Sevilla,5,7,https://maps.google.com/?cid=3339984178796919329&g_mp=Cidnb29nbGUubWFwcy5wbGFjZXMudjEuUGxhY2VzLlNlYXJjaFRleHQQAhgEIAA,,OPERATIONAL,"Importado desde Google Maps
Dirección: C. Palma del Río, 24, 41008 Sevilla
Google: 5⭐ (7 reseñas)
Maps: https://maps.google.com/?cid=3339984178796919329&g_mp=Cidnb29nbGUubWFwcy5wbGFjZXMudjEuUGxhY2VzLlNlYXJjaFRleHQQAhgEIAA"
cmpcysvb700vxih9u3m93acj2,Kundalini Yoga Sevilla,,649 79 92 67,Kundalini Yoga Sevilla,,España,google-maps,atleevoyoga,NUEVO,MEDIA,,,2026-05-19T18:26:56.516Z,2026-05-19T18:26:56.516Z,http://www.kundaliniyogasevilla.com/,"Cl. Fray Leopoldo de Alpandeire, 8, local 9B, 41008 Sevilla",Sevilla,4,2,https://maps.google.com/?cid=17726818136288961504&g_mp=Cidnb29nbGUubWFwcy5wbGFjZXMudjEuUGxhY2VzLlNlYXJjaFRleHQQAhgEIAA,yoga_studio,OPERATIONAL,"Importado desde Google Maps
Tipo: Centro de yoga
Dirección: Cl. Fray Leopoldo de Alpandeire, 8, local 9B, 41008 Sevilla
Google: 4⭐ (2 reseñas)
Web: http://www.kundaliniyogasevilla.com/
Maps: https://maps.google.com/?cid=17726818136288961504&g_mp=Cidnb29nbGUubWFwcy5wbGFjZXMudjEuUGxhY2VzLlNlYXJjaFRleHQQAhgEIAA"
cmpcysvki00vyih9u74wc1zje,MonshadSevillaYoga,,626 58 48 17,MonshadSevillaYoga,,España,google-maps,atleevoyoga,NUEVO,MEDIA,,,2026-05-19T18:26:56.851Z,2026-05-19T18:26:56.851Z,http://monshadsevillayoga.es/,"Eduardo Dato 45 edif, 41018 Paris, Sevilla",Sevilla,4.4,7,https://maps.google.com/?cid=8739740795873929608&g_mp=Cidnb29nbGUubWFwcy5wbGFjZXMudjEuUGxhY2VzLlNlYXJjaFRleHQQAhgEIAA,yoga_studio,OPERATIONAL,"Importado desde Google Maps
Tipo: Centro de yoga
Dirección: Eduardo Dato 45 edif, 41018 Paris, Sevilla
Google: 4.4⭐ (7 reseñas)
Web: http://monshadsevillayoga.es/
Maps: https://maps.google.com/?cid=8739740795873929608&g_mp=Cidnb29nbGUubWFwcy5wbGFjZXMudjEuUGxhY2VzLlNlYXJjaFRleHQQAhgEIAA"
cmpcysvtq00vzih9ur84trqc5,Core’in Pilates,,657 63 23 96,Core’in Pilates,,España,google-maps,atleevoyoga,NUEVO,MEDIA,,,2026-05-19T18:26:57.183Z,2026-05-19T18:26:57.183Z,http://www.coreinpilates.com/,"C. Luis Montoto, 85, local 19, 41018 Sevilla",Sevilla,4.9,85,https://maps.google.com/?cid=5944426680714876927&g_mp=Cidnb29nbGUubWFwcy5wbGFjZXMudjEuUGxhY2VzLlNlYXJjaFRleHQQAhgEIAA,gym,OPERATIONAL,"Importado desde Google Maps
Tipo: Gimnasio
Dirección: C. Luis Montoto, 85, local 19, 41018 Sevilla
Google: 4.9⭐ (85 reseñas)
Web: http://www.coreinpilates.com/
Maps: https://maps.google.com/?cid=5944426680714876927&g_mp=Cidnb29nbGUubWFwcy5wbGFjZXMudjEuUGxhY2VzLlNlYXJjaFRleHQQAhgEIAA"
cmpcysw2o00w0ih9uvpnuo9r3,Yoga Studio & Yoga Zone ES 1,,(11) 91467-8515,Yoga Studio & Yoga Zone ES 1,,España,google-maps,atleevoyoga,NUEVO,MEDIA,,,2026-05-19T18:26:57.504Z,2026-05-19T18:26:57.504Z,,"Calle Grupo Oscar Carvallo, 9, 41018 Sevilla",Sevilla,,,https://maps.google.com/?cid=1418495914021507975&g_mp=Cidnb29nbGUubWFwcy5wbGFjZXMudjEuUGxhY2VzLlNlYXJjaFRleHQQAhgEIAA,yoga_studio,OPERATIONAL,"Importado desde Google Maps
Tipo: Centro de yoga
Dirección: Calle Grupo Oscar Carvallo, 9, 41018 Sevilla
Maps: https://maps.google.com/?cid=1418495914021507975&g_mp=Cidnb29nbGUubWFwcy5wbGFjZXMudjEuUGxhY2VzLlNlYXJjaFRleHQQAhgEIAA"
cmpcysxgv00w1ih9u7pdgve7y,Yoga y Mindfulness Zaragoza,,654 49 69 86,Yoga y Mindfulness Zaragoza,,España,google-maps,atleevoyoga,NUEVO,MEDIA,,,2026-05-19T18:26:59.311Z,2026-05-19T18:26:59.311Z,https://www.mindfulnessyogazaragoza.es/,"Calle Andador Luis Puntes Gracia, 4, 50008 Zaragoza",Zaragoza,5,182,https://maps.google.com/?cid=16748992930700700762&g_mp=Cidnb29nbGUubWFwcy5wbGFjZXMudjEuUGxhY2VzLlNlYXJjaFRleHQQAhgEIAA,yoga_studio,OPERATIONAL,"Importado desde Google Maps
Tipo: Centro de yoga
Dirección: Calle Andador Luis Puntes Gracia, 4, 50008 Zaragoza
Google: 5⭐ (182 reseñas)
Web: https://www.mindfulnessyogazaragoza.es/
Maps: https://maps.google.com/?cid=16748992930700700762&g_mp=Cidnb29nbGUubWFwcy5wbGFjZXMudjEuUGxhY2VzLlNlYXJjaFRleHQQAhgEIAA"
cmpcysxq200w2ih9u15p4rddq,Escuela Yoga Zaragoza. Lydia Galdamez,,617 45 20 09,Escuela Yoga Zaragoza. Lydia Galdamez,,España,google-maps,atleevoyoga,NUEVO,MEDIA,,,2026-05-19T18:26:59.642Z,2026-05-19T18:26:59.642Z,http://www.yogazaragoza.com/,"C. de Sta. Joaquina de Vedruna, 5, 50008 Zaragoza",Zaragoza,5,67,https://maps.google.com/?cid=16847566268919962706&g_mp=Cidnb29nbGUubWFwcy5wbGFjZXMudjEuUGxhY2VzLlNlYXJjaFRleHQQAhgEIAA,yoga_studio,OPERATIONAL,"Importado desde Google Maps
Tipo: Centro de yoga
Dirección: C. de Sta. Joaquina de Vedruna, 5, 50008 Zaragoza
Google: 5⭐ (67 reseñas)
Web: http://www.yogazaragoza.com/
Maps: https://maps.google.com/?cid=16847566268919962706&g_mp=Cidnb29nbGUubWFwcy5wbGFjZXMudjEuUGxhY2VzLlNlYXJjaFRleHQQAhgEIAA"
cmpcysxza00w3ih9uwd020kco,Escuela de Yoga Zaragoza,,645 88 18 11,Escuela de Yoga Zaragoza,,España,google-maps,atleevoyoga,NUEVO,MEDIA,,,2026-05-19T18:26:59.974Z,2026-05-19T18:26:59.974Z,https://www.escuelayogazaragoza.com/,"C. de Ramiro I de Aragón, 20, Local 8, Delicias, 50017 Zaragoza",Zaragoza,4.9,63,https://maps.google.com/?cid=7988924434606569083&g_mp=Cidnb29nbGUubWFwcy5wbGFjZXMudjEuUGxhY2VzLlNlYXJjaFRleHQQAhgEIAA,yoga_studio,OPERATIONAL,"Importado desde Google Maps
Tipo: Centro de yoga
Dirección: C. de Ramiro I de Aragón, 20, Local 8, Delicias, 50017 Zaragoza
Google: 4.9⭐ (63 reseñas)
Web: https://www.escuelayogazaragoza.com/
Maps: https://maps.google.com/?cid=7988924434606569083&g_mp=Cidnb29nbGUubWFwcy5wbGFjZXMudjEuUGxhY2VzLlNlYXJjaFRleHQQAhgEIAA"
cmpcysy8n00w4ih9u5onuut1v,Go Yoga! Zaragoza,,677 68 09 72,Go Yoga! Zaragoza,,España,google-maps,atleevoyoga,NUEVO,MEDIA,,,2026-05-19T18:27:00.312Z,2026-05-19T18:27:00.312Z,http://www.goyogazaragoza.es/,"C. del Conde de Aranda, 1, Entresuelo Derecha, Casco Antiguo, 50004 Zaragoza",Zaragoza,4.9,93,https://maps.google.com/?cid=5011811932304087277&g_mp=Cidnb29nbGUubWFwcy5wbGFjZXMudjEuUGxhY2VzLlNlYXJjaFRleHQQAhgEIAA,yoga_studio,OPERATIONAL,"Importado desde Google Maps
Tipo: Centro de yoga
Dirección: C. del Conde de Aranda, 1, Entresuelo Derecha, Casco Antiguo, 50004 Zaragoza
Google: 4.9⭐ (93 reseñas)
Web: http://www.goyogazaragoza.es/
Maps: https://maps.google.com/?cid=5011811932304087277&g_mp=Cidnb29nbGUubWFwcy5wbGFjZXMudjEuUGxhY2VzLlNlYXJjaFRleHQQAhgEIAA"
cmpcysyiq00w5ih9u8e4fbjty,Yoga Zaragoza. Escuela de Yoga Saul Becana,,675 91 44 90,Yoga Zaragoza. Escuela de Yoga Saul Becana,,España,google-maps,atleevoyoga,NUEVO,MEDIA,,,2026-05-19T18:27:00.675Z,2026-05-19T18:27:00.675Z,https://yogazaragozasaul.com/,"Av. de César Augusto, 3, 1ºD, Casco Antiguo, 50004 Zaragoza",Zaragoza,5,25,https://maps.google.com/?cid=15798470725184282523&g_mp=Cidnb29nbGUubWFwcy5wbGFjZXMudjEuUGxhY2VzLlNlYXJjaFRleHQQAhgEIAA,yoga_studio,OPERATIONAL,"Importado desde Google Maps
Tipo: Centro de yoga
Dirección: Av. de César Augusto, 3, 1ºD, Casco Antiguo, 50004 Zaragoza
Google: 5⭐ (25 reseñas)
Web: https://yogazaragozasaul.com/
Maps: https://maps.google.com/?cid=15798470725184282523&g_mp=Cidnb29nbGUubWFwcy5wbGFjZXMudjEuUGxhY2VzLlNlYXJjaFRleHQQAhgEIAA"
cmpcysyro00w6ih9udldh4g1f,Escuela de Yoga Zaragoza Conchita Morera,,976 23 56 33,Escuela de Yoga Zaragoza Conchita Morera,,España,google-maps,atleevoyoga,NUEVO,MEDIA,,,2026-05-19T18:27:00.997Z,2026-05-19T18:27:00.997Z,,"P.º de Pamplona, 23, 50004 Zaragoza",Zaragoza,5,22,https://maps.google.com/?cid=18167945441726643114&g_mp=Cidnb29nbGUubWFwcy5wbGFjZXMudjEuUGxhY2VzLlNlYXJjaFRleHQQAhgEIAA,yoga_studio,OPERATIONAL,"Importado desde Google Maps
Tipo: Centro de yoga
Dirección: P.º de Pamplona, 23, 50004 Zaragoza
Google: 5⭐ (22 reseñas)
Maps: https://maps.google.com/?cid=18167945441726643114&g_mp=Cidnb29nbGUubWFwcy5wbGFjZXMudjEuUGxhY2VzLlNlYXJjaFRleHQQAhgEIAA"
cmpcysz0p00w7ih9uddpbawi0,Victoria de Miguel | Escuela de Crecimiento,,664 30 78 15,Victoria de Miguel | Escuela de Crecimiento,,España,google-maps,atleevoyoga,NUEVO,MEDIA,,,2026-05-19T18:27:01.321Z,2026-05-19T18:27:01.321Z,http://www.victoriademiguel.es/,"Pl. Santiago Sas, 6, 1C, Casco Antiguo, 50003 Zaragoza",Zaragoza,5,64,https://maps.google.com/?cid=17798826975246223876&g_mp=Cidnb29nbGUubWFwcy5wbGFjZXMudjEuUGxhY2VzLlNlYXJjaFRleHQQAhgEIAA,yoga_studio,OPERATIONAL,"Importado desde Google Maps
Tipo: Centro de yoga
Dirección: Pl. Santiago Sas, 6, 1C, Casco Antiguo, 50003 Zaragoza
Google: 5⭐ (64 reseñas)
Web: http://www.victoriademiguel.es/
Maps: https://maps.google.com/?cid=17798826975246223876&g_mp=Cidnb29nbGUubWFwcy5wbGFjZXMudjEuUGxhY2VzLlNlYXJjaFRleHQQAhgEIAA"
cmpcysza000w8ih9uiridm6rw,Yoga Zaragoza. Satya escuela de yoga.,,654 06 89 56,Yoga Zaragoza. Satya escuela de yoga.,,España,google-maps,atleevoyoga,NUEVO,MEDIA,,,2026-05-19T18:27:01.657Z,2026-05-19T18:27:01.657Z,https://www.satyaescueladeyoga.es/,"Junto a la Puerta Del Carmen Calle, Zoel, C. de García Galdeano, 10, 50004 Zaragoza",Zaragoza,5,53,https://maps.google.com/?cid=897413259430650182&g_mp=Cidnb29nbGUubWFwcy5wbGFjZXMudjEuUGxhY2VzLlNlYXJjaFRleHQQAhgEIAA,yoga_studio,OPERATIONAL,"Importado desde Google Maps
Tipo: Centro de yoga
Dirección: Junto a la Puerta Del Carmen Calle, Zoel, C. de García Galdeano, 10, 50004 Zaragoza
Google: 5⭐ (53 reseñas)
Web: https://www.satyaescueladeyoga.es/
Maps: https://maps.google.com/?cid=897413259430650182&g_mp=Cidnb29nbGUubWFwcy5wbGFjZXMudjEuUGxhY2VzLlNlYXJjaFRleHQQAhgEIAA"
cmpcyszjh00w9ih9u5gzqvtdi,Utopía · Yoga Studio,,624 06 02 21,Utopía · Yoga Studio,,España,google-maps,atleevoyoga,NUEVO,MEDIA,,,2026-05-19T18:27:01.998Z,2026-05-19T18:27:01.998Z,https://www.instagram.com/utopiayoga_studio/,"C. de la Luz, 14, Puerta izquierda, 50006 Zaragoza",Zaragoza,5,37,https://maps.google.com/?cid=3803102994820549467&g_mp=Cidnb29nbGUubWFwcy5wbGFjZXMudjEuUGxhY2VzLlNlYXJjaFRleHQQAhgEIAA,yoga_studio,OPERATIONAL,"Importado desde Google Maps
Tipo: Centro de yoga
Dirección: C. de la Luz, 14, Puerta izquierda, 50006 Zaragoza
Google: 5⭐ (37 reseñas)
Web: https://www.instagram.com/utopiayoga_studio/
Maps: https://maps.google.com/?cid=3803102994820549467&g_mp=Cidnb29nbGUubWFwcy5wbGFjZXMudjEuUGxhY2VzLlNlYXJjaFRleHQQAhgEIAA"
cmpcyszt800waih9ua1yjdgsn,Corporal ATC & Yoga Studio,,638 76 69 12,Corporal ATC & Yoga Studio,,España,google-maps,atleevoyoga,NUEVO,MEDIA,,,2026-05-19T18:27:02.348Z,2026-05-19T18:27:02.348Z,https://corporalatc.com/,"C. de Francisco Pizarro, 4, 50004 Zaragoza",Zaragoza,5,100,https://maps.google.com/?cid=16898952631476177528&g_mp=Cidnb29nbGUubWFwcy5wbGFjZXMudjEuUGxhY2VzLlNlYXJjaFRleHQQAhgEIAA,yoga_studio,OPERATIONAL,"Importado desde Google Maps
Tipo: Centro de yoga
Dirección: C. de Francisco Pizarro, 4, 50004 Zaragoza
Google: 5⭐ (100 reseñas)
Web: https://corporalatc.com/
Maps: https://maps.google.com/?cid=16898952631476177528&g_mp=Cidnb29nbGUubWFwcy5wbGFjZXMudjEuUGxhY2VzLlNlYXJjaFRleHQQAhgEIAA"
cmpcyt02h00wbih9ukctwldi7,Sala de Yoga (Ana Sánchez),,646 16 70 86,Sala de Yoga (Ana Sánchez),,España,google-maps,atleevoyoga,NUEVO,MEDIA,,,2026-05-19T18:27:02.681Z,2026-05-19T18:27:02.681Z,http://www.yogazaragoza.es/,"C. de Cristóbal Colón, 50007 Zaragoza",Zaragoza,5,15,https://maps.google.com/?cid=15117255281478522448&g_mp=Cidnb29nbGUubWFwcy5wbGFjZXMudjEuUGxhY2VzLlNlYXJjaFRleHQQAhgEIAA,yoga_studio,OPERATIONAL,"Importado desde Google Maps
Tipo: Centro de yoga
Dirección: C. de Cristóbal Colón, 50007 Zaragoza
Google: 5⭐ (15 reseñas)
Web: http://www.yogazaragoza.es/
Maps: https://maps.google.com/?cid=15117255281478522448&g_mp=Cidnb29nbGUubWFwcy5wbGFjZXMudjEuUGxhY2VzLlNlYXJjaFRleHQQAhgEIAA"
cmpcyt0bl00wcih9u736t6nqc,Ashtanga Yoga Zaragoza,,633 21 28 60,Ashtanga Yoga Zaragoza,,España,google-maps,atleevoyoga,NUEVO,MEDIA,,,2026-05-19T18:27:03.009Z,2026-05-19T18:27:03.009Z,https://www.instagram.com/ashtangayogazaragoza,"C. del Cinco de Marzo, 4, 1ºA, Casco Antiguo, 50004 Zaragoza",Zaragoza,5,91,https://maps.google.com/?cid=6126627732254790338&g_mp=Cidnb29nbGUubWFwcy5wbGFjZXMudjEuUGxhY2VzLlNlYXJjaFRleHQQAhgEIAA,yoga_studio,OPERATIONAL,"Importado desde Google Maps
Tipo: Centro de yoga
Dirección: C. del Cinco de Marzo, 4, 1ºA, Casco Antiguo, 50004 Zaragoza
Google: 5⭐ (91 reseñas)
Web: https://www.instagram.com/ashtangayogazaragoza
Maps: https://maps.google.com/?cid=6126627732254790338&g_mp=Cidnb29nbGUubWFwcy5wbGFjZXMudjEuUGxhY2VzLlNlYXJjaFRleHQQAhgEIAA"
cmpcyt0kh00wdih9u87lthjs1,Alma Yoga Studio,,605 28 02 21,Alma Yoga Studio,,España,google-maps,atleevoyoga,NUEVO,MEDIA,,,2026-05-19T18:27:03.330Z,2026-05-19T18:27:03.330Z,http://www.almayogaestudio.es/,"C. de las Flores, 5, 50013 Zaragoza",Zaragoza,5,20,https://maps.google.com/?cid=11247979366814085481&g_mp=Cidnb29nbGUubWFwcy5wbGFjZXMudjEuUGxhY2VzLlNlYXJjaFRleHQQAhgEIAA,yoga_studio,OPERATIONAL,"Importado desde Google Maps
Tipo: Centro de yoga
Dirección: C. de las Flores, 5, 50013 Zaragoza
Google: 5⭐ (20 reseñas)
Web: http://www.almayogaestudio.es/
Maps: https://maps.google.com/?cid=11247979366814085481&g_mp=Cidnb29nbGUubWFwcy5wbGFjZXMudjEuUGxhY2VzLlNlYXJjaFRleHQQAhgEIAA"
cmpcyt0u500weih9uhev1izph,Centro de Yoga Shakti Zaragoza,,696 14 46 65,Centro de Yoga Shakti Zaragoza,,España,google-maps,atleevoyoga,NUEVO,MEDIA,,,2026-05-19T18:27:03.677Z,2026-05-19T18:27:03.677Z,http://www.yoga-shakti.net/,"Calle de Maeztu, Maria, 6, 50018 Zaragoza",Zaragoza,4.9,37,https://maps.google.com/?cid=18303466953893808811&g_mp=Cidnb29nbGUubWFwcy5wbGFjZXMudjEuUGxhY2VzLlNlYXJjaFRleHQQAhgEIAA,yoga_studio,OPERATIONAL,"Importado desde Google Maps
Tipo: Centro de yoga
Dirección: Calle de Maeztu, Maria, 6, 50018 Zaragoza
Google: 4.9⭐ (37 reseñas)
Web: http://www.yoga-shakti.net/
Maps: https://maps.google.com/?cid=18303466953893808811&g_mp=Cidnb29nbGUubWFwcy5wbGFjZXMudjEuUGxhY2VzLlNlYXJjaFRleHQQAhgEIAA"
cmpcyt15s00wfih9uz7mzxv2i,YogaOne Miraflores,,976 24 37 01,YogaOne Miraflores,,España,google-maps,atleevoyoga,NUEVO,MEDIA,,,2026-05-19T18:27:04.097Z,2026-05-19T18:27:04.097Z,https://www.yogaone.es/es/yogaone-miraflores,"Av. de San José, 62, 50008 Zaragoza",Zaragoza,4.7,92,https://maps.google.com/?cid=17390601516490543085&g_mp=Cidnb29nbGUubWFwcy5wbGFjZXMudjEuUGxhY2VzLlNlYXJjaFRleHQQAhgEIAA,yoga_studio,OPERATIONAL,"Importado desde Google Maps
Tipo: Centro de yoga
Dirección: Av. de San José, 62, 50008 Zaragoza
Google: 4.7⭐ (92 reseñas)
Web: https://www.yogaone.es/es/yogaone-miraflores
Maps: https://maps.google.com/?cid=17390601516490543085&g_mp=Cidnb29nbGUubWFwcy5wbGFjZXMudjEuUGxhY2VzLlNlYXJjaFRleHQQAhgEIAA"
cmpcyt1ey00wgih9utlvyj7dg,Ocho Sentidos,,690 32 67 76,Ocho Sentidos,,España,google-maps,atleevoyoga,NUEVO,MEDIA,,,2026-05-19T18:27:04.426Z,2026-05-19T18:27:04.426Z,http://www.ochosentidos.com/,"C. de S. Miguel, 14, 1º, 4ª, Casco Antiguo, 50001 Zaragoza",Zaragoza,4.8,43,https://maps.google.com/?cid=7389293843888388072&g_mp=Cidnb29nbGUubWFwcy5wbGFjZXMudjEuUGxhY2VzLlNlYXJjaFRleHQQAhgEIAA,yoga_studio,OPERATIONAL,"Importado desde Google Maps
Tipo: Centro de yoga
Dirección: C. de S. Miguel, 14, 1º, 4ª, Casco Antiguo, 50001 Zaragoza
Google: 4.8⭐ (43 reseñas)
Web: http://www.ochosentidos.com/
Maps: https://maps.google.com/?cid=7389293843888388072&g_mp=Cidnb29nbGUubWFwcy5wbGFjZXMudjEuUGxhY2VzLlNlYXJjaFRleHQQAhgEIAA"
cmpcyt1od00whih9upmb01ggr,estudio de yoga,,06 76 80 87 06,estudio de yoga,,España,google-maps,atleevoyoga,NUEVO,MEDIA,,,2026-05-19T18:27:04.765Z,2026-05-19T18:27:04.765Z,,"Rda. del Ibón de Plan, 50011 Zaragoza",Zaragoza,,,https://maps.google.com/?cid=6611423626488485881&g_mp=Cidnb29nbGUubWFwcy5wbGFjZXMudjEuUGxhY2VzLlNlYXJjaFRleHQQAhgEIAA,yoga_studio,OPERATIONAL,"Importado desde Google Maps
Tipo: Centro de yoga
Dirección: Rda. del Ibón de Plan, 50011 Zaragoza
Maps: https://maps.google.com/?cid=6611423626488485881&g_mp=Cidnb29nbGUubWFwcy5wbGFjZXMudjEuUGxhY2VzLlNlYXJjaFRleHQQAhgEIAA"
cmpcyt1xm00wiih9ukjyu1fsy,Centro Femenino Sama,,607 95 75 84,Centro Femenino Sama,,España,google-maps,atleevoyoga,NUEVO,MEDIA,,,2026-05-19T18:27:05.098Z,2026-05-19T18:27:05.098Z,http://www.centrofemeninosama.es/,"C/ de Felipe Sanclemente, 22, Casco Antiguo, 50001 Zaragoza",Zaragoza,4.9,164,https://maps.google.com/?cid=7244125196745112452&g_mp=Cidnb29nbGUubWFwcy5wbGFjZXMudjEuUGxhY2VzLlNlYXJjaFRleHQQAhgEIAA,health,OPERATIONAL,"Importado desde Google Maps
Tipo: Salud y bienestar
Dirección: C/ de Felipe Sanclemente, 22, Casco Antiguo, 50001 Zaragoza
Google: 4.9⭐ (164 reseñas)
Web: http://www.centrofemeninosama.es/
Maps: https://maps.google.com/?cid=7244125196745112452&g_mp=Cidnb29nbGUubWFwcy5wbGFjZXMudjEuUGxhY2VzLlNlYXJjaFRleHQQAhgEIAA"
cmpcyt26p00wjih9u4atmcuc0,Vidha Hot Yoga,,660 57 26 64,Vidha Hot Yoga,,España,google-maps,atleevoyoga,NUEVO,MEDIA,,,2026-05-19T18:27:05.425Z,2026-05-19T18:27:05.425Z,https://vidhahotyoga.com/,"C. de Tomás Pelayo, 30, Casablanca, 50009 Casablanca, Zaragoza",Zaragoza,4.8,122,https://maps.google.com/?cid=5608104359008804683&g_mp=Cidnb29nbGUubWFwcy5wbGFjZXMudjEuUGxhY2VzLlNlYXJjaFRleHQQAhgEIAA,yoga_studio,OPERATIONAL,"Importado desde Google Maps
Tipo: Centro de yoga
Dirección: C. de Tomás Pelayo, 30, Casablanca, 50009 Casablanca, Zaragoza
Google: 4.8⭐ (122 reseñas)
Web: https://vidhahotyoga.com/
Maps: https://maps.google.com/?cid=5608104359008804683&g_mp=Cidnb29nbGUubWFwcy5wbGFjZXMudjEuUGxhY2VzLlNlYXJjaFRleHQQAhgEIAA"
cmpcyt2gy00wkih9uyntp5klv,Ananda Yoga Zaragoza,,629 37 83 82,Ananda Yoga Zaragoza,,España,google-maps,atleevoyoga,NUEVO,MEDIA,,,2026-05-19T18:27:05.794Z,2026-05-19T18:27:05.794Z,http://www.anandayogazaragoza.es/,"C. de María Zayas Sotomayor, 2, 50018 Zaragoza",Zaragoza,5,10,https://maps.google.com/?cid=7596433235115127554&g_mp=Cidnb29nbGUubWFwcy5wbGFjZXMudjEuUGxhY2VzLlNlYXJjaFRleHQQAhgEIAA,yoga_studio,OPERATIONAL,"Importado desde Google Maps
Tipo: Centro de yoga
Dirección: C. de María Zayas Sotomayor, 2, 50018 Zaragoza
Google: 5⭐ (10 reseñas)
Web: http://www.anandayogazaragoza.es/
Maps: https://maps.google.com/?cid=7596433235115127554&g_mp=Cidnb29nbGUubWFwcy5wbGFjZXMudjEuUGxhY2VzLlNlYXJjaFRleHQQAhgEIAA"
cmpcyt2uw00wlih9unf5phgh8,Darshana Yoga Zaragoza - Jaca,,606 28 20 66,Darshana Yoga Zaragoza - Jaca,,España,google-maps,atleevoyoga,NUEVO,MEDIA,,,2026-05-19T18:27:06.297Z,2026-05-19T18:27:06.297Z,http://www.darshanayoga.es/,"C. del Conde de la Viñaza, 14, Delicias, 50017 Zaragoza",Zaragoza,4.8,30,https://maps.google.com/?cid=15142313933638597488&g_mp=Cidnb29nbGUubWFwcy5wbGFjZXMudjEuUGxhY2VzLlNlYXJjaFRleHQQAhgEIAA,yoga_studio,OPERATIONAL,"Importado desde Google Maps
Tipo: Centro de yoga
Dirección: C. del Conde de la Viñaza, 14, Delicias, 50017 Zaragoza
Google: 4.8⭐ (30 reseñas)
Web: http://www.darshanayoga.es/
Maps: https://maps.google.com/?cid=15142313933638597488&g_mp=Cidnb29nbGUubWFwcy5wbGFjZXMudjEuUGxhY2VzLlNlYXJjaFRleHQQAhgEIAA"
cmpcyt34700wmih9u8onuamee,Estudio de AeroYoga Zaragoza - Sala de actividades La Vida en Verde,,640 82 47 62,Estudio de AeroYoga Zaragoza - Sala de actividades La Vida en Verde,,España,google-maps,atleevoyoga,NUEVO,MEDIA,,,2026-05-19T18:27:06.631Z,2026-05-19T18:27:06.631Z,http://www.lavidaenverde.net/,"Av. de César Augusto, 3, 1D, Casco Antiguo, 50004 Zaragoza",Zaragoza,4.7,19,https://maps.google.com/?cid=15052727783282824712&g_mp=Cidnb29nbGUubWFwcy5wbGFjZXMudjEuUGxhY2VzLlNlYXJjaFRleHQQAhgEIAA,yoga_studio,OPERATIONAL,"Importado desde Google Maps
Tipo: Centro de yoga
Dirección: Av. de César Augusto, 3, 1D, Casco Antiguo, 50004 Zaragoza
Google: 4.7⭐ (19 reseñas)
Web: http://www.lavidaenverde.net/
Maps: https://maps.google.com/?cid=15052727783282824712&g_mp=Cidnb29nbGUubWFwcy5wbGFjZXMudjEuUGxhY2VzLlNlYXJjaFRleHQQAhgEIAA"
cmpcyt3dl00wnih9ubex4dmo8,Escuela de Yoga Padma,,637 23 43 08,Escuela de Yoga Padma,,España,google-maps,atleevoyoga,NUEVO,MEDIA,,,2026-05-19T18:27:06.970Z,2026-05-19T18:27:06.970Z,http://www.yogapadmazgz.com/,"C. de María Espinosa, 4, local, 50018 Zaragoza",Zaragoza,4.9,7,https://maps.google.com/?cid=8599898884083367883&g_mp=Cidnb29nbGUubWFwcy5wbGFjZXMudjEuUGxhY2VzLlNlYXJjaFRleHQQAhgEIAA,educational_institution,OPERATIONAL,"Importado desde Google Maps
Tipo: Institución educativa
Dirección: C. de María Espinosa, 4, local, 50018 Zaragoza
Google: 4.9⭐ (7 reseñas)
Web: http://www.yogapadmazgz.com/
Maps: https://maps.google.com/?cid=8599898884083367883&g_mp=Cidnb29nbGUubWFwcy5wbGFjZXMudjEuUGxhY2VzLlNlYXJjaFRleHQQAhgEIAA"
cmpcyt4ms00woih9uevgcs5l8,Yoga Centre Flow,,644 02 89 62,Yoga Centre Flow,,España,google-maps,atleevoyoga,NUEVO,MEDIA,,,2026-05-19T18:27:08.596Z,2026-05-19T18:27:08.596Z,http://www.yogacentreflow.com/,"C. Hilera, 15, Oficina 5, Distrito Centro, 29007 Málaga",Málaga,5,192,https://maps.google.com/?cid=7656379397519323187&g_mp=Cidnb29nbGUubWFwcy5wbGFjZXMudjEuUGxhY2VzLlNlYXJjaFRleHQQAhgEIAA,yoga_studio,OPERATIONAL,"Importado desde Google Maps
Tipo: Centro de yoga
Dirección: C. Hilera, 15, Oficina 5, Distrito Centro, 29007 Málaga
Google: 5⭐ (192 reseñas)
Web: http://www.yogacentreflow.com/
Maps: https://maps.google.com/?cid=7656379397519323187&g_mp=Cidnb29nbGUubWFwcy5wbGFjZXMudjEuUGxhY2VzLlNlYXJjaFRleHQQAhgEIAA"
cmpcyt4w500wpih9uxr30c3uv,Hatha Yoga Málaga,,,Hatha Yoga Málaga,,España,google-maps,atleevoyoga,NUEVO,MEDIA,,,2026-05-19T18:27:08.934Z,2026-05-19T18:27:08.934Z,http://www.hathayogamalaga.com/,"C. Conde de Ureña, 26, Distrito Centro, 29012 Málaga",Málaga,5,132,https://maps.google.com/?cid=12627127370232535453&g_mp=Cidnb29nbGUubWFwcy5wbGFjZXMudjEuUGxhY2VzLlNlYXJjaFRleHQQAhgEIAA,yoga_studio,OPERATIONAL,"Importado desde Google Maps
Tipo: Centro de yoga
Dirección: C. Conde de Ureña, 26, Distrito Centro, 29012 Málaga
Google: 5⭐ (132 reseñas)
Web: http://www.hathayogamalaga.com/
Maps: https://maps.google.com/?cid=12627127370232535453&g_mp=Cidnb29nbGUubWFwcy5wbGFjZXMudjEuUGxhY2VzLlNlYXJjaFRleHQQAhgEIAA"
cmpcyt55900wqih9uqmqkqn94,Ágape Yoga Málaga,,654 40 58 52,Ágape Yoga Málaga,,España,google-maps,atleevoyoga,NUEVO,MEDIA,,,2026-05-19T18:27:09.262Z,2026-05-19T18:27:09.262Z,http://agapeyogamalaga.com/,"C. Fernando de Lesseps, 5, 4B, Distrito Centro, 29005 Málaga",Málaga,5,142,https://maps.google.com/?cid=10273137077451725301&g_mp=Cidnb29nbGUubWFwcy5wbGFjZXMudjEuUGxhY2VzLlNlYXJjaFRleHQQAhgEIAA,yoga_studio,OPERATIONAL,"Importado desde Google Maps
Tipo: Centro de yoga
Dirección: C. Fernando de Lesseps, 5, 4B, Distrito Centro, 29005 Málaga
Google: 5⭐ (142 reseñas)
Web: http://agapeyogamalaga.com/
Maps: https://maps.google.com/?cid=10273137077451725301&g_mp=Cidnb29nbGUubWFwcy5wbGFjZXMudjEuUGxhY2VzLlNlYXJjaFRleHQQAhgEIAA"
cmpcyt5eh00wrih9um2ahqtgu,Efecto Yoga Málaga,,645 80 85 96,Efecto Yoga Málaga,,España,google-maps,atleevoyoga,NUEVO,MEDIA,,,2026-05-19T18:27:09.593Z,2026-05-19T18:27:09.593Z,http://www.efectoyogamalaga.com/,"C. Alemania, 1, Distrito Centro, 29001 Málaga",Málaga,5,76,https://maps.google.com/?cid=8164050710928932484&g_mp=Cidnb29nbGUubWFwcy5wbGFjZXMudjEuUGxhY2VzLlNlYXJjaFRleHQQAhgEIAA,yoga_studio,OPERATIONAL,"Importado desde Google Maps
Tipo: Centro de yoga
Dirección: C. Alemania, 1, Distrito Centro, 29001 Málaga
Google: 5⭐ (76 reseñas)
Web: http://www.efectoyogamalaga.com/
Maps: https://maps.google.com/?cid=8164050710928932484&g_mp=Cidnb29nbGUubWFwcy5wbGFjZXMudjEuUGxhY2VzLlNlYXJjaFRleHQQAhgEIAA"
cmpcyt5ns00wsih9uuyftfl2b,Parvati Yoga Málaga,,666 38 66 11,Parvati Yoga Málaga,,España,google-maps,atleevoyoga,NUEVO,MEDIA,,,2026-05-19T18:27:09.929Z,2026-05-19T18:27:09.929Z,http://www.parvatiyogamalaga.com/,"Pje. San Fernando, 4, Distrito Centro, 29002 Málaga",Málaga,5,65,https://maps.google.com/?cid=12387634573606761225&g_mp=Cidnb29nbGUubWFwcy5wbGFjZXMudjEuUGxhY2VzLlNlYXJjaFRleHQQAhgEIAA,yoga_studio,OPERATIONAL,"Importado desde Google Maps
Tipo: Centro de yoga
Dirección: Pje. San Fernando, 4, Distrito Centro, 29002 Málaga
Google: 5⭐ (65 reseñas)
Web: http://www.parvatiyogamalaga.com/
Maps: https://maps.google.com/?cid=12387634573606761225&g_mp=Cidnb29nbGUubWFwcy5wbGFjZXMudjEuUGxhY2VzLlNlYXJjaFRleHQQAhgEIAA"
cmpcyt5xb00wtih9u5rsxmzp8,Indra Yoga Mindfulness Institute,,687 61 31 48,Indra Yoga Mindfulness Institute,,España,google-maps,atleevoyoga,NUEVO,MEDIA,,,2026-05-19T18:27:10.272Z,2026-05-19T18:27:10.272Z,http://www.indrayogamalaga.com/,"C. Eduardo Carvajal, 9, Cruz de Humilladero, 29007 Málaga",Málaga,4.9,55,https://maps.google.com/?cid=7037401641404985497&g_mp=Cidnb29nbGUubWFwcy5wbGFjZXMudjEuUGxhY2VzLlNlYXJjaFRleHQQAhgEIAA,yoga_studio,OPERATIONAL,"Importado desde Google Maps
Tipo: Centro de yoga
Dirección: C. Eduardo Carvajal, 9, Cruz de Humilladero, 29007 Málaga
Google: 4.9⭐ (55 reseñas)
Web: http://www.indrayogamalaga.com/
Maps: https://maps.google.com/?cid=7037401641404985497&g_mp=Cidnb29nbGUubWFwcy5wbGFjZXMudjEuUGxhY2VzLlNlYXJjaFRleHQQAhgEIAA"
cmpcyt66t00wuih9upl8ohf09,Yoga Aéreo Malaga - Yogāsana Estudio,,610 35 23 41,Yoga Aéreo Malaga - Yogāsana Estudio,,España,google-maps,atleevoyoga,NUEVO,MEDIA,,,2026-05-19T18:27:10.614Z,2026-05-19T18:27:10.614Z,http://www.yogaaereomalaga.es/,"C/ Juan Martínez Montañés, 7, LOC 8, Carretera de Cádiz, 29004 Málaga",Málaga,5,143,https://maps.google.com/?cid=6426602739034605078&g_mp=Cidnb29nbGUubWFwcy5wbGFjZXMudjEuUGxhY2VzLlNlYXJjaFRleHQQAhgEIAA,yoga_studio,OPERATIONAL,"Importado desde Google Maps
Tipo: Centro de yoga
Dirección: C/ Juan Martínez Montañés, 7, LOC 8, Carretera de Cádiz, 29004 Málaga
Google: 5⭐ (143 reseñas)
Web: http://www.yogaaereomalaga.es/
Maps: https://maps.google.com/?cid=6426602739034605078&g_mp=Cidnb29nbGUubWFwcy5wbGFjZXMudjEuUGxhY2VzLlNlYXJjaFRleHQQAhgEIAA"
cmpcyt6fw00wvih9u3ts18cqx,Escuela de Yoga Maria Diz,,619 05 63 21,Escuela de Yoga Maria Diz,,España,google-maps,atleevoyoga,NUEVO,MEDIA,,,2026-05-19T18:27:10.940Z,2026-05-19T18:27:10.940Z,https://www.escueladeyogamariadiz.com/,"C. Juan de Robles, 14, Cruz de Humilladero, 29010 Málaga",Málaga,5,87,https://maps.google.com/?cid=2286296533101431872&g_mp=Cidnb29nbGUubWFwcy5wbGFjZXMudjEuUGxhY2VzLlNlYXJjaFRleHQQAhgEIAA,yoga_studio,OPERATIONAL,"Importado desde Google Maps
Tipo: Centro de yoga
Dirección: C. Juan de Robles, 14, Cruz de Humilladero, 29010 Málaga
Google: 5⭐ (87 reseñas)
Web: https://www.escueladeyogamariadiz.com/
Maps: https://maps.google.com/?cid=2286296533101431872&g_mp=Cidnb29nbGUubWFwcy5wbGFjZXMudjEuUGxhY2VzLlNlYXJjaFRleHQQAhgEIAA"
cmpcyt6qe00wwih9ujkq0coi3,YogaOne El Perchel,,638 61 87 69,YogaOne El Perchel,,España,google-maps,atleevoyoga,NUEVO,MEDIA,,,2026-05-19T18:27:11.319Z,2026-05-19T18:27:11.319Z,https://www.yogaone.es/es/elperchel,"C. la Serna, 5, Distrito Centro, 29002 Málaga",Málaga,4.8,167,https://maps.google.com/?cid=9032269681829222954&g_mp=Cidnb29nbGUubWFwcy5wbGFjZXMudjEuUGxhY2VzLlNlYXJjaFRleHQQAhgEIAA,yoga_studio,OPERATIONAL,"Importado desde Google Maps
Tipo: Centro de yoga
Dirección: C. la Serna, 5, Distrito Centro, 29002 Málaga
Google: 4.8⭐ (167 reseñas)
Web: https://www.yogaone.es/es/elperchel
Maps: https://maps.google.com/?cid=9032269681829222954&g_mp=Cidnb29nbGUubWFwcy5wbGFjZXMudjEuUGxhY2VzLlNlYXJjaFRleHQQAhgEIAA"
cmpcyt6zn00wxih9u2xfl2nkp,Vinyasa Yoga Estudio,,630 28 86 42,Vinyasa Yoga Estudio,,España,google-maps,atleevoyoga,NUEVO,MEDIA,,,2026-05-19T18:27:11.652Z,2026-05-19T18:27:11.652Z,https://estudiovinyasayoga.com/,"🌍 Avenida de Sor Teresa Prat, por Valssport, C. Cañada del Tesoro, 53, 1° Entrada, Carretera de Cádiz, 29003 Málaga",Málaga,5,76,https://maps.google.com/?cid=12994158634998226786&g_mp=Cidnb29nbGUubWFwcy5wbGFjZXMudjEuUGxhY2VzLlNlYXJjaFRleHQQAhgEIAA,yoga_studio,OPERATIONAL,"Importado desde Google Maps
Tipo: Centro de yoga
Dirección: 🌍 Avenida de Sor Teresa Prat, por Valssport, C. Cañada del Tesoro, 53, 1° Entrada, Carretera de Cádiz, 29003 Málaga
Google: 5⭐ (76 reseñas)
Web: https://estudiovinyasayoga.com/
Maps: https://maps.google.com/?cid=12994158634998226786&g_mp=Cidnb29nbGUubWFwcy5wbGFjZXMudjEuUGxhY2VzLlNlYXJjaFRleHQQAhgEIAA"
cmpcyt79c00wyih9uucdadhze,IOMFIT Pilates & Yoga Center,,622 18 32 55,IOMFIT Pilates & Yoga Center,,España,google-maps,atleevoyoga,NUEVO,MEDIA,,,2026-05-19T18:27:12.000Z,2026-05-19T18:27:12.000Z,http://www.iomfityogamalaga.es/,"Teatinos, Av. de José Ribera, 11, Teatinos-Universidad, 29010 Málaga",Málaga,5,100,https://maps.google.com/?cid=7981512794501007949&g_mp=Cidnb29nbGUubWFwcy5wbGFjZXMudjEuUGxhY2VzLlNlYXJjaFRleHQQAhgEIAA,yoga_studio,OPERATIONAL,"Importado desde Google Maps
Tipo: Centro de yoga
Dirección: Teatinos, Av. de José Ribera, 11, Teatinos-Universidad, 29010 Málaga
Google: 5⭐ (100 reseñas)
Web: http://www.iomfityogamalaga.es/
Maps: https://maps.google.com/?cid=7981512794501007949&g_mp=Cidnb29nbGUubWFwcy5wbGFjZXMudjEuUGxhY2VzLlNlYXJjaFRleHQQAhgEIAA"
cmpcyt7ik00wzih9umm2sp1oo,Tierrayoga Málaga,,624 39 43 38,Tierrayoga Málaga,,España,google-maps,atleevoyoga,NUEVO,MEDIA,,,2026-05-19T18:27:12.333Z,2026-05-19T18:27:12.333Z,https://tierrayogamalaga.webnode.es/,"C. Antonio Luis Carrión, Cruz de Humilladero, 29006 Málaga",Málaga,5,49,https://maps.google.com/?cid=6987754271972891689&g_mp=Cidnb29nbGUubWFwcy5wbGFjZXMudjEuUGxhY2VzLlNlYXJjaFRleHQQAhgEIAA,yoga_studio,OPERATIONAL,"Importado desde Google Maps
Tipo: Centro de yoga
Dirección: C. Antonio Luis Carrión, Cruz de Humilladero, 29006 Málaga
Google: 5⭐ (49 reseñas)
Web: https://tierrayogamalaga.webnode.es/
Maps: https://maps.google.com/?cid=6987754271972891689&g_mp=Cidnb29nbGUubWFwcy5wbGFjZXMudjEuUGxhY2VzLlNlYXJjaFRleHQQAhgEIAA"
cmpcyt7ry00x0ih9uwtedlogf,Escuela Española de Yoga Prana,,633 26 06 44,Escuela Española de Yoga Prana,,España,google-maps,atleevoyoga,NUEVO,MEDIA,,,2026-05-19T18:27:12.671Z,2026-05-19T18:27:12.671Z,https://www.escueladeyogaprana.com/contacto,"Av. Ingeniero José María Garnica, 11, Distrito Centro, 29002 Málaga",Málaga,5,25,https://maps.google.com/?cid=1742876840677551652&g_mp=Cidnb29nbGUubWFwcy5wbGFjZXMudjEuUGxhY2VzLlNlYXJjaFRleHQQAhgEIAA,yoga_studio,OPERATIONAL,"Importado desde Google Maps
Tipo: Centro de yoga
Dirección: Av. Ingeniero José María Garnica, 11, Distrito Centro, 29002 Málaga
Google: 5⭐ (25 reseñas)
Web: https://www.escueladeyogaprana.com/contacto
Maps: https://maps.google.com/?cid=1742876840677551652&g_mp=Cidnb29nbGUubWFwcy5wbGFjZXMudjEuUGxhY2VzLlNlYXJjaFRleHQQAhgEIAA"
cmpcyt81100x1ih9u9591t9ld,Malaga.yoga,,620 06 45 98,Malaga.yoga,,España,google-maps,atleevoyoga,NUEVO,MEDIA,,,2026-05-19T18:27:12.998Z,2026-05-19T18:27:12.998Z,http://www.malaga.yoga/,"C. San Millán, 25, Distrito Centro, 29013 Málaga",Málaga,4.8,12,https://maps.google.com/?cid=4270067242401394956&g_mp=Cidnb29nbGUubWFwcy5wbGFjZXMudjEuUGxhY2VzLlNlYXJjaFRleHQQAhgEIAA,yoga_studio,OPERATIONAL,"Importado desde Google Maps
Tipo: Centro de yoga
Dirección: C. San Millán, 25, Distrito Centro, 29013 Málaga
Google: 4.8⭐ (12 reseñas)
Web: http://www.malaga.yoga/
Maps: https://maps.google.com/?cid=4270067242401394956&g_mp=Cidnb29nbGUubWFwcy5wbGFjZXMudjEuUGxhY2VzLlNlYXJjaFRleHQQAhgEIAA"
cmpcyt8an00x2ih9uunq1f6ww,Ashtanga Yoga Málaga,,,Ashtanga Yoga Málaga,,España,google-maps,atleevoyoga,NUEVO,MEDIA,,,2026-05-19T18:27:13.344Z,2026-05-19T18:27:13.344Z,http://www.ashtangayogamalaga.com/,"Calle de Julio Mathias 1❤️, Distrito Centro, 29013 Málaga",Málaga,5,40,https://maps.google.com/?cid=12137101007658377852&g_mp=Cidnb29nbGUubWFwcy5wbGFjZXMudjEuUGxhY2VzLlNlYXJjaFRleHQQAhgEIAA,yoga_studio,OPERATIONAL,"Importado desde Google Maps
Tipo: Centro de yoga
Dirección: Calle de Julio Mathias 1❤️, Distrito Centro, 29013 Málaga
Google: 5⭐ (40 reseñas)
Web: http://www.ashtangayogamalaga.com/
Maps: https://maps.google.com/?cid=12137101007658377852&g_mp=Cidnb29nbGUubWFwcy5wbGFjZXMudjEuUGxhY2VzLlNlYXJjaFRleHQQAhgEIAA"
cmpcyt8js00x3ih9umz8o0lge,Centro de Yoga Yantra,,952 22 56 40,Centro de Yoga Yantra,,España,google-maps,atleevoyoga,NUEVO,MEDIA,,,2026-05-19T18:27:13.673Z,2026-05-19T18:27:13.673Z,http://yogayantra.es/,"Edificio Horizonte, Pl. de la Malagueta, 2, Málaga-Este, 29016 Málaga",Málaga,5,19,https://maps.google.com/?cid=5538534861690512609&g_mp=Cidnb29nbGUubWFwcy5wbGFjZXMudjEuUGxhY2VzLlNlYXJjaFRleHQQAhgEIAA,gym,OPERATIONAL,"Importado desde Google Maps
Tipo: Gimnasio
Dirección: Edificio Horizonte, Pl. de la Malagueta, 2, Málaga-Este, 29016 Málaga
Google: 5⭐ (19 reseñas)
Web: http://yogayantra.es/
Maps: https://maps.google.com/?cid=5538534861690512609&g_mp=Cidnb29nbGUubWFwcy5wbGFjZXMudjEuUGxhY2VzLlNlYXJjaFRleHQQAhgEIAA"
cmpcyt8ue00x4ih9u98ttk1qb,Pranayoga,,633 44 71 74,Pranayoga,,España,google-maps,atleevoyoga,NUEVO,MEDIA,,,2026-05-19T18:27:14.055Z,2026-05-19T18:27:14.055Z,https://www.pranayogamalaga.com/,"Pl. Rda., 2, 5A, Cdad. Jardín, 29014 Málaga",Málaga,4.8,72,https://maps.google.com/?cid=5422832821030792123&g_mp=Cidnb29nbGUubWFwcy5wbGFjZXMudjEuUGxhY2VzLlNlYXJjaFRleHQQAhgEIAA,yoga_studio,OPERATIONAL,"Importado desde Google Maps
Tipo: Centro de yoga
Dirección: Pl. Rda., 2, 5A, Cdad. Jardín, 29014 Málaga
Google: 4.8⭐ (72 reseñas)
Web: https://www.pranayogamalaga.com/
Maps: https://maps.google.com/?cid=5422832821030792123&g_mp=Cidnb29nbGUubWFwcy5wbGFjZXMudjEuUGxhY2VzLlNlYXJjaFRleHQQAhgEIAA"
cmpcyt96900x5ih9uf68bobhf,Brilla Yoga Estudio,,644 01 79 63,Brilla Yoga Estudio,,España,google-maps,atleevoyoga,NUEVO,MEDIA,,,2026-05-19T18:27:14.481Z,2026-05-19T18:27:14.481Z,https://brillayoga.es/,"C. Sigfrido, 9, Planta 1, Sala 1, Cruz de Humilladero, 29006 Málaga",Málaga,5,43,https://maps.google.com/?cid=6259248539782419871&g_mp=Cidnb29nbGUubWFwcy5wbGFjZXMudjEuUGxhY2VzLlNlYXJjaFRleHQQAhgEIAA,yoga_studio,OPERATIONAL,"Importado desde Google Maps
Tipo: Centro de yoga
Dirección: C. Sigfrido, 9, Planta 1, Sala 1, Cruz de Humilladero, 29006 Málaga
Google: 5⭐ (43 reseñas)
Web: https://brillayoga.es/
Maps: https://maps.google.com/?cid=6259248539782419871&g_mp=Cidnb29nbGUubWFwcy5wbGFjZXMudjEuUGxhY2VzLlNlYXJjaFRleHQQAhgEIAA"
cmpcyt9fe00x6ih9unhskd0fv,Ashtanga Yoga Costa del Sol,,685 63 17 93,Ashtanga Yoga Costa del Sol,,España,google-maps,atleevoyoga,NUEVO,MEDIA,,,2026-05-19T18:27:14.810Z,2026-05-19T18:27:14.810Z,http://www.ashtangayogacostadelsol.com/,"C. Enrique Scholtz, 4, Distrito Centro, 29007 Málaga",Málaga,4.7,22,https://maps.google.com/?cid=9343950997962629923&g_mp=Cidnb29nbGUubWFwcy5wbGFjZXMudjEuUGxhY2VzLlNlYXJjaFRleHQQAhgEIAA,,OPERATIONAL,"Importado desde Google Maps
Dirección: C. Enrique Scholtz, 4, Distrito Centro, 29007 Málaga
Google: 4.7⭐ (22 reseñas)
Web: http://www.ashtangayogacostadelsol.com/
Maps: https://maps.google.com/?cid=9343950997962629923&g_mp=Cidnb29nbGUubWFwcy5wbGFjZXMudjEuUGxhY2VzLlNlYXJjaFRleHQQAhgEIAA"
cmpcyt9og00x7ih9u26dm8le4,Centro de Yoga Sadhaka,,630 43 67 02,Centro de Yoga Sadhaka,,España,google-maps,atleevoyoga,NUEVO,MEDIA,,,2026-05-19T18:27:15.136Z,2026-05-19T18:27:15.136Z,http://www.sadhakayoga.com/,"C.CIAL MALAGA NOSTRUM Pol. Guadalhorce, Calle Jaén, 9 Ed. Galia B-2, Carretera de Cádiz, 29004 Málaga",Málaga,5,22,https://maps.google.com/?cid=17148385074425090222&g_mp=Cidnb29nbGUubWFwcy5wbGFjZXMudjEuUGxhY2VzLlNlYXJjaFRleHQQAhgEIAA,yoga_studio,OPERATIONAL,"Importado desde Google Maps
Tipo: Centro de yoga
Dirección: C.CIAL MALAGA NOSTRUM Pol. Guadalhorce, Calle Jaén, 9 Ed. Galia B-2, Carretera de Cádiz, 29004 Málaga
Google: 5⭐ (22 reseñas)
Web: http://www.sadhakayoga.com/
Maps: https://maps.google.com/?cid=17148385074425090222&g_mp=Cidnb29nbGUubWFwcy5wbGFjZXMudjEuUGxhY2VzLlNlYXJjaFRleHQQAhgEIAA"
cmpcyt9xp00x8ih9u01rjlqa1,Sadhana de Yoga,,952 22 03 64,Sadhana de Yoga,,España,google-maps,atleevoyoga,NUEVO,MEDIA,,,2026-05-19T18:27:15.469Z,2026-05-19T18:27:15.469Z,,"P.º de Sancha, 6, Málaga-Este, 29016 Málaga",Málaga,5,32,https://maps.google.com/?cid=16704187543361827440&g_mp=Cidnb29nbGUubWFwcy5wbGFjZXMudjEuUGxhY2VzLlNlYXJjaFRleHQQAhgEIAA,yoga_studio,OPERATIONAL,"Importado desde Google Maps
Tipo: Centro de yoga
Dirección: P.º de Sancha, 6, Málaga-Este, 29016 Málaga
Google: 5⭐ (32 reseñas)
Maps: https://maps.google.com/?cid=16704187543361827440&g_mp=Cidnb29nbGUubWFwcy5wbGFjZXMudjEuUGxhY2VzLlNlYXJjaFRleHQQAhgEIAA"
cmpcytbu400x9ih9uwcwhqmq0,Namaste Yoga Bilbao,,655 95 44 12,Namaste Yoga Bilbao,,España,google-maps,atleevoyoga,NUEVO,MEDIA,,,2026-05-19T18:27:17.932Z,2026-05-19T18:27:17.932Z,http://www.namasteyogabilbao.es/,"Mazarredo Zumarkalea, 35, 6º B, Abando, 48009 Bilbao, Bizkaia",Bilbao,4.9,152,https://maps.google.com/?cid=1666086490214498127&g_mp=Cidnb29nbGUubWFwcy5wbGFjZXMudjEuUGxhY2VzLlNlYXJjaFRleHQQAhgEIAA,yoga_studio,OPERATIONAL,"Importado desde Google Maps
Tipo: Centro de yoga
Dirección: Mazarredo Zumarkalea, 35, 6º B, Abando, 48009 Bilbao, Bizkaia
Google: 4.9⭐ (152 reseñas)
Web: http://www.namasteyogabilbao.es/
Maps: https://maps.google.com/?cid=1666086490214498127&g_mp=Cidnb29nbGUubWFwcy5wbGFjZXMudjEuUGxhY2VzLlNlYXJjaFRleHQQAhgEIAA"
cmpcytc3400xaih9usiyotbyz,"YOGABILBAO, Meditación y Yoga en Bilbao",,629 77 79 57,"YOGABILBAO, Meditación y Yoga en Bilbao",,España,google-maps,atleevoyoga,NUEVO,MEDIA,,,2026-05-19T18:27:18.257Z,2026-05-19T18:27:18.257Z,https://www.yogabilbao.es/,"María Díaz de Haro 10bis 2° piso Pta. 1, Abando, 48013 Bilbao, Vizcaya",Bilbao,4.9,82,https://maps.google.com/?cid=7099386375686410434&g_mp=Cidnb29nbGUubWFwcy5wbGFjZXMudjEuUGxhY2VzLlNlYXJjaFRleHQQAhgEIAA,yoga_studio,OPERATIONAL,"Importado desde Google Maps
Tipo: Centro de yoga
Dirección: María Díaz de Haro 10bis 2° piso Pta. 1, Abando, 48013 Bilbao, Vizcaya
Google: 4.9⭐ (82 reseñas)
Web: https://www.yogabilbao.es/
Maps: https://maps.google.com/?cid=7099386375686410434&g_mp=Cidnb29nbGUubWFwcy5wbGFjZXMudjEuUGxhY2VzLlNlYXJjaFRleHQQAhgEIAA"
cmpcytccg00xbih9ufq74ad7m,Urban Yoga Bilbao,,611 56 43 11,Urban Yoga Bilbao,,España,google-maps,atleevoyoga,NUEVO,MEDIA,,,2026-05-19T18:27:18.592Z,2026-05-19T18:27:18.592Z,http://www.urbanyogabilbao.es/,"Cosme Echevarrieta Kalea, 1, Abando, 48009 Bilbao, Bizkaia",Bilbao,5,43,https://maps.google.com/?cid=607263753074775245&g_mp=Cidnb29nbGUubWFwcy5wbGFjZXMudjEuUGxhY2VzLlNlYXJjaFRleHQQAhgEIAA,yoga_studio,OPERATIONAL,"Importado desde Google Maps
Tipo: Centro de yoga
Dirección: Cosme Echevarrieta Kalea, 1, Abando, 48009 Bilbao, Bizkaia
Google: 5⭐ (43 reseñas)
Web: http://www.urbanyogabilbao.es/
Maps: https://maps.google.com/?cid=607263753074775245&g_mp=Cidnb29nbGUubWFwcy5wbGFjZXMudjEuUGxhY2VzLlNlYXJjaFRleHQQAhgEIAA"
cmpcytclh00xcih9unbpjv2qi,Ágora Yoga & Pilates Bilbao,,688 82 73 67,Ágora Yoga & Pilates Bilbao,,España,google-maps,atleevoyoga,NUEVO,MEDIA,,,2026-05-19T18:27:18.917Z,2026-05-19T18:27:18.917Z,http://www.agorabilbao.com/,"Telesforo Aranzadi K., 2, Abando, 48008 Bilbao, Bizkaia",Bilbao,4.9,97,https://maps.google.com/?cid=8520864302626422766&g_mp=Cidnb29nbGUubWFwcy5wbGFjZXMudjEuUGxhY2VzLlNlYXJjaFRleHQQAhgEIAA,yoga_studio,OPERATIONAL,"Importado desde Google Maps
Tipo: Centro de yoga
Dirección: Telesforo Aranzadi K., 2, Abando, 48008 Bilbao, Bizkaia
Google: 4.9⭐ (97 reseñas)
Web: http://www.agorabilbao.com/
Maps: https://maps.google.com/?cid=8520864302626422766&g_mp=Cidnb29nbGUubWFwcy5wbGFjZXMudjEuUGxhY2VzLlNlYXJjaFRleHQQAhgEIAA"
cmpcytcuh00xdih9uu1bxugdr,Bamboo Yoga Bilbao| Yoga Estudio Bilbao,,944 00 56 00,Bamboo Yoga Bilbao| Yoga Estudio Bilbao,,España,google-maps,atleevoyoga,NUEVO,MEDIA,,,2026-05-19T18:27:19.242Z,2026-05-19T18:27:19.242Z,https://www.upandyou.es/bamboo-yoga/,"Kalea Manuel Allende, 18, Abando, 48010 Bilbao, Bizkaia",Bilbao,5,3,https://maps.google.com/?cid=12412136324632007269&g_mp=Cidnb29nbGUubWFwcy5wbGFjZXMudjEuUGxhY2VzLlNlYXJjaFRleHQQAhgEIAA,yoga_studio,OPERATIONAL,"Importado desde Google Maps
Tipo: Centro de yoga
Dirección: Kalea Manuel Allende, 18, Abando, 48010 Bilbao, Bizkaia
Google: 5⭐ (3 reseñas)
Web: https://www.upandyou.es/bamboo-yoga/
Maps: https://maps.google.com/?cid=12412136324632007269&g_mp=Cidnb29nbGUubWFwcy5wbGFjZXMudjEuUGxhY2VzLlNlYXJjaFRleHQQAhgEIAA"
cmpcytd3k00xeih9uxpjssiee,Izanyoga,,608 17 13 77,Izanyoga,,España,google-maps,atleevoyoga,NUEVO,MEDIA,,,2026-05-19T18:27:19.568Z,2026-05-19T18:27:19.568Z,http://www.izanyogabilbao.es/,"Arbidea Kalea, 7, Otxarkoaga - Txurdinaga, 48004 Bilbao, Bizkaia",Bilbao,4.9,90,https://maps.google.com/?cid=15293391085139052612&g_mp=Cidnb29nbGUubWFwcy5wbGFjZXMudjEuUGxhY2VzLlNlYXJjaFRleHQQAhgEIAA,yoga_studio,OPERATIONAL,"Importado desde Google Maps
Tipo: Centro de yoga
Dirección: Arbidea Kalea, 7, Otxarkoaga - Txurdinaga, 48004 Bilbao, Bizkaia
Google: 4.9⭐ (90 reseñas)
Web: http://www.izanyogabilbao.es/
Maps: https://maps.google.com/?cid=15293391085139052612&g_mp=Cidnb29nbGUubWFwcy5wbGFjZXMudjEuUGxhY2VzLlNlYXJjaFRleHQQAhgEIAA"
cmpcytdd100xfih9uyr6kkty4,Ashtanga Yoga Bilbao,,696 12 30 11,Ashtanga Yoga Bilbao,,España,google-maps,atleevoyoga,NUEVO,MEDIA,,,2026-05-19T18:27:19.910Z,2026-05-19T18:27:19.910Z,https://www.ashtangayogabilbao.com/,"Calle de Bailén, 1, 7a planta, Abando, 48003 Bilbao, Vizcaya",Bilbao,4.9,73,https://maps.google.com/?cid=12163713995277285094&g_mp=Cidnb29nbGUubWFwcy5wbGFjZXMudjEuUGxhY2VzLlNlYXJjaFRleHQQAhgEIAA,yoga_studio,OPERATIONAL,"Importado desde Google Maps
Tipo: Centro de yoga
Dirección: Calle de Bailén, 1, 7a planta, Abando, 48003 Bilbao, Vizcaya
Google: 4.9⭐ (73 reseñas)
Web: https://www.ashtangayogabilbao.com/
Maps: https://maps.google.com/?cid=12163713995277285094&g_mp=Cidnb29nbGUubWFwcy5wbGFjZXMudjEuUGxhY2VzLlNlYXJjaFRleHQQAhgEIAA"
cmpcytdm700xgih9u2v8f4fd3,108 Yoga Studio,,,108 Yoga Studio,,España,google-maps,atleevoyoga,NUEVO,MEDIA,,,2026-05-19T18:27:20.239Z,2026-05-19T18:27:20.239Z,https://www.108yogastudio.com/,"Gran Vía 63 Bis, 2ª planta, dpto. 10, Abando, 48011 Bilbao, Vizcaya",Bilbao,4.8,42,https://maps.google.com/?cid=17343608154455918403&g_mp=Cidnb29nbGUubWFwcy5wbGFjZXMudjEuUGxhY2VzLlNlYXJjaFRleHQQAhgEIAA,yoga_studio,OPERATIONAL,"Importado desde Google Maps
Tipo: Centro de yoga
Dirección: Gran Vía 63 Bis, 2ª planta, dpto. 10, Abando, 48011 Bilbao, Vizcaya
Google: 4.8⭐ (42 reseñas)
Web: https://www.108yogastudio.com/
Maps: https://maps.google.com/?cid=17343608154455918403&g_mp=Cidnb29nbGUubWFwcy5wbGFjZXMudjEuUGxhY2VzLlNlYXJjaFRleHQQAhgEIAA"
cmpcytdvi00xhih9u78a9bkeh,Viveka Yoga Bilbao,,692 70 70 81,Viveka Yoga Bilbao,,España,google-maps,atleevoyoga,NUEVO,MEDIA,,,2026-05-19T18:27:20.574Z,2026-05-19T18:27:20.574Z,https://vivekaespacioyoga.com/,"C. Luzarra, 16, 4º DEPARTAMENTO 1, Deusto, 48014 Bilbao, Vizcaya",Bilbao,5,66,https://maps.google.com/?cid=6873327855691207511&g_mp=Cidnb29nbGUubWFwcy5wbGFjZXMudjEuUGxhY2VzLlNlYXJjaFRleHQQAhgEIAA,yoga_studio,OPERATIONAL,"Importado desde Google Maps
Tipo: Centro de yoga
Dirección: C. Luzarra, 16, 4º DEPARTAMENTO 1, Deusto, 48014 Bilbao, Vizcaya
Google: 5⭐ (66 reseñas)
Web: https://vivekaespacioyoga.com/
Maps: https://maps.google.com/?cid=6873327855691207511&g_mp=Cidnb29nbGUubWFwcy5wbGFjZXMudjEuUGxhY2VzLlNlYXJjaFRleHQQAhgEIAA"
cmpcyte4k00xiih9u5rw7xqm5,"Yoga Bizia: Yoga Integral, Yoga Aéreo y Meditación. Yoga Bilbao",,652 76 06 46,"Yoga Bizia: Yoga Integral, Yoga Aéreo y Meditación. Yoga Bilbao",,España,google-maps,atleevoyoga,NUEVO,MEDIA,,,2026-05-19T18:27:20.901Z,2026-05-19T18:27:20.901Z,https://yogabizia.com/,"Calle Gral. Concha, 25, Abando, 48010 Bilbao, Vizcaya",Bilbao,4.8,28,https://maps.google.com/?cid=9048763736945174415&g_mp=Cidnb29nbGUubWFwcy5wbGFjZXMudjEuUGxhY2VzLlNlYXJjaFRleHQQAhgEIAA,yoga_studio,OPERATIONAL,"Importado desde Google Maps
Tipo: Centro de yoga
Dirección: Calle Gral. Concha, 25, Abando, 48010 Bilbao, Vizcaya
Google: 4.8⭐ (28 reseñas)
Web: https://yogabizia.com/
Maps: https://maps.google.com/?cid=9048763736945174415&g_mp=Cidnb29nbGUubWFwcy5wbGFjZXMudjEuUGxhY2VzLlNlYXJjaFRleHQQAhgEIAA"
cmpcytedp00xjih9uumpvr2w9,Centro MAYA|Mujer y Acompañamiento|Doula de Nacimiento y Fin de Vida|Bilbao,,686 39 13 52,Centro MAYA|Mujer y Acompañamiento|Doula de Nacimiento y Fin de Vida|Bilbao,,España,google-maps,atleevoyoga,NUEVO,MEDIA,,,2026-05-19T18:27:21.229Z,2026-05-19T18:27:21.229Z,http://www.centromayabilbao.com/,"Askao Kalea, 9, Ibaiondo, 48005 Bilbao, Bizkaia",Bilbao,4.9,166,https://maps.google.com/?cid=8646562418546861856&g_mp=Cidnb29nbGUubWFwcy5wbGFjZXMudjEuUGxhY2VzLlNlYXJjaFRleHQQAhgEIAA,yoga_studio,OPERATIONAL,"Importado desde Google Maps
Tipo: Centro de yoga
Dirección: Askao Kalea, 9, Ibaiondo, 48005 Bilbao, Bizkaia
Google: 4.9⭐ (166 reseñas)
Web: http://www.centromayabilbao.com/
Maps: https://maps.google.com/?cid=8646562418546861856&g_mp=Cidnb29nbGUubWFwcy5wbGFjZXMudjEuUGxhY2VzLlNlYXJjaFRleHQQAhgEIAA"
cmpcytemh00xkih9u1tzg7o6i,Escuela de Yoga - Escuela de Vida - Yoga en Bilbao,,636 10 20 20,Escuela de Yoga - Escuela de Vida - Yoga en Bilbao,,España,google-maps,atleevoyoga,NUEVO,MEDIA,,,2026-05-19T18:27:21.546Z,2026-05-19T18:27:21.546Z,http://escueladeyogaescueladevida.com/,"San Mames Zumarkalea, 43 bis, Abando, 48010 Bilbao, Bizkaia",Bilbao,5,21,https://maps.google.com/?cid=16348582657152919825&g_mp=Cidnb29nbGUubWFwcy5wbGFjZXMudjEuUGxhY2VzLlNlYXJjaFRleHQQAhgEIAA,yoga_studio,OPERATIONAL,"Importado desde Google Maps
Tipo: Centro de yoga
Dirección: San Mames Zumarkalea, 43 bis, Abando, 48010 Bilbao, Bizkaia
Google: 5⭐ (21 reseñas)
Web: http://escueladeyogaescueladevida.com/
Maps: https://maps.google.com/?cid=16348582657152919825&g_mp=Cidnb29nbGUubWFwcy5wbGFjZXMudjEuUGxhY2VzLlNlYXJjaFRleHQQAhgEIAA"
cmpcytevr00xlih9ukef3bjjq,Centro Yoga Estudio 7 Gyrotonic Meditación,,615 73 23 96,Centro Yoga Estudio 7 Gyrotonic Meditación,,España,google-maps,atleevoyoga,NUEVO,MEDIA,,,2026-05-19T18:27:21.880Z,2026-05-19T18:27:21.880Z,https://www.estudio7bilbao.com/,"Henao Kalea, 7, piso 7 puerta 1-A, Abando, 48009 Bilbao, Bizkaia",Bilbao,5,15,https://maps.google.com/?cid=18157519704408687950&g_mp=Cidnb29nbGUubWFwcy5wbGFjZXMudjEuUGxhY2VzLlNlYXJjaFRleHQQAhgEIAA,yoga_studio,OPERATIONAL,"Importado desde Google Maps
Tipo: Centro de yoga
Dirección: Henao Kalea, 7, piso 7 puerta 1-A, Abando, 48009 Bilbao, Bizkaia
Google: 5⭐ (15 reseñas)
Web: https://www.estudio7bilbao.com/
Maps: https://maps.google.com/?cid=18157519704408687950&g_mp=Cidnb29nbGUubWFwcy5wbGFjZXMudjEuUGxhY2VzLlNlYXJjaFRleHQQAhgEIAA"
cmpcytf5700xmih9uhhxn9yiw,Loratze Yoga Studio,,689 65 66 99,Loratze Yoga Studio,,España,google-maps,atleevoyoga,NUEVO,MEDIA,,,2026-05-19T18:27:22.220Z,2026-05-19T18:27:22.220Z,https://www.loratzeyoga.com/,"Alameda de Mazarredo, 17, 1º D, Abando, 48001 Bilbao, Vizcaya",Bilbao,5,22,https://maps.google.com/?cid=4283057451540899578&g_mp=Cidnb29nbGUubWFwcy5wbGFjZXMudjEuUGxhY2VzLlNlYXJjaFRleHQQAhgEIAA,yoga_studio,OPERATIONAL,"Importado desde Google Maps
Tipo: Centro de yoga
Dirección: Alameda de Mazarredo, 17, 1º D, Abando, 48001 Bilbao, Vizcaya
Google: 5⭐ (22 reseñas)
Web: https://www.loratzeyoga.com/
Maps: https://maps.google.com/?cid=4283057451540899578&g_mp=Cidnb29nbGUubWFwcy5wbGFjZXMudjEuUGxhY2VzLlNlYXJjaFRleHQQAhgEIAA"
cmpcytfef00xnih9uwymhsdab,Kaia Yoga Studio,,692 73 04 50,Kaia Yoga Studio,,España,google-maps,atleevoyoga,NUEVO,MEDIA,,,2026-05-19T18:27:22.551Z,2026-05-19T18:27:22.551Z,,"Calle de Juan Ajuriaguerra, 19, 2D, Abando, 48009 Bilbao, Vizcaya",Bilbao,5,10,https://maps.google.com/?cid=15596041767188677110&g_mp=Cidnb29nbGUubWFwcy5wbGFjZXMudjEuUGxhY2VzLlNlYXJjaFRleHQQAhgEIAA,yoga_studio,OPERATIONAL,"Importado desde Google Maps
Tipo: Centro de yoga
Dirección: Calle de Juan Ajuriaguerra, 19, 2D, Abando, 48009 Bilbao, Vizcaya
Google: 5⭐ (10 reseñas)
Maps: https://maps.google.com/?cid=15596041767188677110&g_mp=Cidnb29nbGUubWFwcy5wbGFjZXMudjEuUGxhY2VzLlNlYXJjaFRleHQQAhgEIAA"
cmpcytfnn00xoih9uf80i3mgb,Moov Yoga y Pilates,,616 85 89 45,Moov Yoga y Pilates,,España,google-maps,atleevoyoga,NUEVO,MEDIA,,,2026-05-19T18:27:22.883Z,2026-05-19T18:27:22.883Z,https://www.moovbilbao.com/,"C. Costa, 12-14, 6º, Abando, 48010 Bilbao, Vizcaya",Bilbao,5,52,https://maps.google.com/?cid=15983057123478776790&g_mp=Cidnb29nbGUubWFwcy5wbGFjZXMudjEuUGxhY2VzLlNlYXJjaFRleHQQAhgEIAA,yoga_studio,OPERATIONAL,"Importado desde Google Maps
Tipo: Centro de yoga
Dirección: C. Costa, 12-14, 6º, Abando, 48010 Bilbao, Vizcaya
Google: 5⭐ (52 reseñas)
Web: https://www.moovbilbao.com/
Maps: https://maps.google.com/?cid=15983057123478776790&g_mp=Cidnb29nbGUubWFwcy5wbGFjZXMudjEuUGxhY2VzLlNlYXJjaFRleHQQAhgEIAA"
cmpcytfww00xpih9ur76ituaw,"Adhara Yoga Bilbao, Salud Integral",,688 61 01 08,"Adhara Yoga Bilbao, Salud Integral",,España,google-maps,atleevoyoga,NUEVO,MEDIA,,,2026-05-19T18:27:23.216Z,2026-05-19T18:27:23.216Z,https://www.adharayogabilbao.es/,"Lauaxeta Plaza, 6, bajo, 48004 Bilbao, Bizkaia",Bilbao,4.9,33,https://maps.google.com/?cid=4118185562910730691&g_mp=Cidnb29nbGUubWFwcy5wbGFjZXMudjEuUGxhY2VzLlNlYXJjaFRleHQQAhgEIAA,yoga_studio,OPERATIONAL,"Importado desde Google Maps
Tipo: Centro de yoga
Dirección: Lauaxeta Plaza, 6, bajo, 48004 Bilbao, Bizkaia
Google: 4.9⭐ (33 reseñas)
Web: https://www.adharayogabilbao.es/
Maps: https://maps.google.com/?cid=4118185562910730691&g_mp=Cidnb29nbGUubWFwcy5wbGFjZXMudjEuUGxhY2VzLlNlYXJjaFRleHQQAhgEIAA"
cmpcytg6600xqih9usxfxfwwv,Mercedes Flow Yoga,,630 97 54 25,Mercedes Flow Yoga,,España,google-maps,atleevoyoga,NUEVO,MEDIA,,,2026-05-19T18:27:23.551Z,2026-05-19T18:27:23.551Z,http://mercedesflowyoga.com/,"Telesforo Aranzadi K., 2, Abando, 48008 Bilbao, Bizkaia",Bilbao,5,16,https://maps.google.com/?cid=682359223802910260&g_mp=Cidnb29nbGUubWFwcy5wbGFjZXMudjEuUGxhY2VzLlNlYXJjaFRleHQQAhgEIAA,yoga_studio,OPERATIONAL,"Importado desde Google Maps
Tipo: Centro de yoga
Dirección: Telesforo Aranzadi K., 2, Abando, 48008 Bilbao, Bizkaia
Google: 5⭐ (16 reseñas)
Web: http://mercedesflowyoga.com/
Maps: https://maps.google.com/?cid=682359223802910260&g_mp=Cidnb29nbGUubWFwcy5wbGFjZXMudjEuUGxhY2VzLlNlYXJjaFRleHQQAhgEIAA"
cmpcytgfl00xrih9u99lo2r49,"Dharma Studio Bilbao Yoga, Yoga Aéreo y Pilates",,672 37 69 62,"Dharma Studio Bilbao Yoga, Yoga Aéreo y Pilates",,España,google-maps,atleevoyoga,NUEVO,MEDIA,,,2026-05-19T18:27:23.890Z,2026-05-19T18:27:23.890Z,https://dharmabilbao.com/,"Al. de Urquijo, 28, 7D, Abando, 48010 Bilbao, Vizcaya",Bilbao,5,9,https://maps.google.com/?cid=4304044907678579948&g_mp=Cidnb29nbGUubWFwcy5wbGFjZXMudjEuUGxhY2VzLlNlYXJjaFRleHQQAhgEIAA,yoga_studio,OPERATIONAL,"Importado desde Google Maps
Tipo: Centro de yoga
Dirección: Al. de Urquijo, 28, 7D, Abando, 48010 Bilbao, Vizcaya
Google: 5⭐ (9 reseñas)
Web: https://dharmabilbao.com/
Maps: https://maps.google.com/?cid=4304044907678579948&g_mp=Cidnb29nbGUubWFwcy5wbGFjZXMudjEuUGxhY2VzLlNlYXJjaFRleHQQAhgEIAA"
cmpcytgph00xsih9uain30rcy,Mandala YOGA Bilbao,,946 55 51 25,Mandala YOGA Bilbao,,España,google-maps,atleevoyoga,NUEVO,MEDIA,,,2026-05-19T18:27:24.245Z,2026-05-19T18:27:24.245Z,https://mandalayogabilbao.wordpress.com/,"Lehendakari Agirre Kalea, 8, 48330 Intzuntza, Bizkaia",Bilbao,5,17,https://maps.google.com/?cid=15842385136739576737&g_mp=Cidnb29nbGUubWFwcy5wbGFjZXMudjEuUGxhY2VzLlNlYXJjaFRleHQQAhgEIAA,yoga_studio,OPERATIONAL,"Importado desde Google Maps
Tipo: Centro de yoga
Dirección: Lehendakari Agirre Kalea, 8, 48330 Intzuntza, Bizkaia
Google: 5⭐ (17 reseñas)
Web: https://mandalayogabilbao.wordpress.com/
Maps: https://maps.google.com/?cid=15842385136739576737&g_mp=Cidnb29nbGUubWFwcy5wbGFjZXMudjEuUGxhY2VzLlNlYXJjaFRleHQQAhgEIAA"
cmpcytgyq00xtih9uaxv483k5,Kala Yoga Bilbao,,614 02 22 30,Kala Yoga Bilbao,,España,google-maps,atleevoyoga,NUEVO,MEDIA,,,2026-05-19T18:27:24.578Z,2026-05-19T18:27:24.578Z,https://www.kalayogabilbao.com/,"Saturraran Kalea, 7, Deusto, 48015 Bilbao, Bizkaia",Bilbao,5,20,https://maps.google.com/?cid=5649710649262263493&g_mp=Cidnb29nbGUubWFwcy5wbGFjZXMudjEuUGxhY2VzLlNlYXJjaFRleHQQAhgEIAA,yoga_studio,OPERATIONAL,"Importado desde Google Maps
Tipo: Centro de yoga
Dirección: Saturraran Kalea, 7, Deusto, 48015 Bilbao, Bizkaia
Google: 5⭐ (20 reseñas)
Web: https://www.kalayogabilbao.com/
Maps: https://maps.google.com/?cid=5649710649262263493&g_mp=Cidnb29nbGUubWFwcy5wbGFjZXMudjEuUGxhY2VzLlNlYXJjaFRleHQQAhgEIAA"
cmpcyth7v00xuih9ug2dbcbrz,Balanza Pilates Mazarredo,,688 77 99 69,Balanza Pilates Mazarredo,,España,google-maps,atleevoyoga,NUEVO,MEDIA,,,2026-05-19T18:27:24.908Z,2026-05-19T18:27:24.908Z,https://balanzapilates.com/,"Alameda de Mazarredo, 35, 5A, Abando, 48009 Bilbao, Vizcaya",Bilbao,5,49,https://maps.google.com/?cid=17854016963319294662&g_mp=Cidnb29nbGUubWFwcy5wbGFjZXMudjEuUGxhY2VzLlNlYXJjaFRleHQQAhgEIAA,gym,OPERATIONAL,"Importado desde Google Maps
Tipo: Gimnasio
Dirección: Alameda de Mazarredo, 35, 5A, Abando, 48009 Bilbao, Vizcaya
Google: 5⭐ (49 reseñas)
Web: https://balanzapilates.com/
Maps: https://maps.google.com/?cid=17854016963319294662&g_mp=Cidnb29nbGUubWFwcy5wbGFjZXMudjEuUGxhY2VzLlNlYXJjaFRleHQQAhgEIAA"
cmpcythh600xvih9ub5ir9cl0,Inner Yoga Bilbao,,671 89 72 97,Inner Yoga Bilbao,,España,google-maps,atleevoyoga,NUEVO,MEDIA,,,2026-05-19T18:27:25.242Z,2026-05-19T18:27:25.242Z,,"C. Bidebarrieta Kalea, 12, Ibaiondo, 48005 Bilbao, Vizcaya",Bilbao,5,4,https://maps.google.com/?cid=10197789845160434537&g_mp=Cidnb29nbGUubWFwcy5wbGFjZXMudjEuUGxhY2VzLlNlYXJjaFRleHQQAhgEIAA,yoga_studio,OPERATIONAL,"Importado desde Google Maps
Tipo: Centro de yoga
Dirección: C. Bidebarrieta Kalea, 12, Ibaiondo, 48005 Bilbao, Vizcaya
Google: 5⭐ (4 reseñas)
Maps: https://maps.google.com/?cid=10197789845160434537&g_mp=Cidnb29nbGUubWFwcy5wbGFjZXMudjEuUGxhY2VzLlNlYXJjaFRleHQQAhgEIAA"
cmpcythq700xwih9uxk4n4z2z,RAMAYOGAESKOLA YogaPlazaNueva- Sanatana Dharma Bilbao,,650 32 30 21,RAMAYOGAESKOLA YogaPlazaNueva- Sanatana Dharma Bilbao,,España,google-maps,atleevoyoga,NUEVO,MEDIA,,,2026-05-19T18:27:25.568Z,2026-05-19T18:27:25.568Z,http://www.yogaplazanueva.eu/,"Labegerie Mitxel Kalea, 2, Ibaiondo, 48005 Bilbao, Bizkaia",Bilbao,4.8,10,https://maps.google.com/?cid=3254448742780819583&g_mp=Cidnb29nbGUubWFwcy5wbGFjZXMudjEuUGxhY2VzLlNlYXJjaFRleHQQAhgEIAA,yoga_studio,OPERATIONAL,"Importado desde Google Maps
Tipo: Centro de yoga
Dirección: Labegerie Mitxel Kalea, 2, Ibaiondo, 48005 Bilbao, Bizkaia
Google: 4.8⭐ (10 reseñas)
Web: http://www.yogaplazanueva.eu/
Maps: https://maps.google.com/?cid=3254448742780819583&g_mp=Cidnb29nbGUubWFwcy5wbGFjZXMudjEuUGxhY2VzLlNlYXJjaFRleHQQAhgEIAA"
cmpcyti0800xxih9u4u467z23,Vive Khoa | Masajes | Yoga | Danza,,722 61 64 77,Vive Khoa | Masajes | Yoga | Danza,,España,google-maps,atleevoyoga,NUEVO,MEDIA,,,2026-05-19T18:27:25.928Z,2026-05-19T18:27:25.928Z,https://vivekhoa.com/,"Av. de San Adrián, 38, local esquina trasera, Ibaiondo, 48003 Bilbao, Vizcaya",Bilbao,5,32,https://maps.google.com/?cid=15576546654257280511&g_mp=Cidnb29nbGUubWFwcy5wbGFjZXMudjEuUGxhY2VzLlNlYXJjaFRleHQQAhgEIAA,yoga_studio,OPERATIONAL,"Importado desde Google Maps
Tipo: Centro de yoga
Dirección: Av. de San Adrián, 38, local esquina trasera, Ibaiondo, 48003 Bilbao, Vizcaya
Google: 5⭐ (32 reseñas)
Web: https://vivekhoa.com/
Maps: https://maps.google.com/?cid=15576546654257280511&g_mp=Cidnb29nbGUubWFwcy5wbGFjZXMudjEuUGxhY2VzLlNlYXJjaFRleHQQAhgEIAA"
cmpcytiac00xyih9u16t5eykp,️Alfonso Solans OSTEOPATÍA&YOGA,,657 30 55 33,️Alfonso Solans OSTEOPATÍA&YOGA,,España,google-maps,atleevoyoga,NUEVO,MEDIA,,,2026-05-19T18:27:26.260Z,2026-05-19T18:27:26.260Z,,"C. Henao, 7, planta 7, puerta 1A, Abando, 48009 Bilbao, Vizcaya",Bilbao,5,12,https://maps.google.com/?cid=656116159200723283&g_mp=Cidnb29nbGUubWFwcy5wbGFjZXMudjEuUGxhY2VzLlNlYXJjaFRleHQQAhgEIAA,wellness_center,OPERATIONAL,"Importado desde Google Maps
Tipo: Centro de salud y bienestar
Dirección: C. Henao, 7, planta 7, puerta 1A, Abando, 48009 Bilbao, Vizcaya
Google: 5⭐ (12 reseñas)
Maps: https://maps.google.com/?cid=656116159200723283&g_mp=Cidnb29nbGUubWFwcy5wbGFjZXMudjEuUGxhY2VzLlNlYXJjaFRleHQQAhgEIAA"
cmpcytijf00xzih9ucgid89t1,"Bija Yoga, Embarazo y Postparto",,669 73 62 44,"Bija Yoga, Embarazo y Postparto",,España,google-maps,atleevoyoga,NUEVO,MEDIA,,,2026-05-19T18:27:26.619Z,2026-05-19T18:27:26.619Z,,"Abando, 48009 Bilbao, Vizcaya",Bilbao,5,5,https://maps.google.com/?cid=1491027095025923901&g_mp=Cidnb29nbGUubWFwcy5wbGFjZXMudjEuUGxhY2VzLlNlYXJjaFRleHQQAhgEIAA,yoga_studio,OPERATIONAL,"Importado desde Google Maps
Tipo: Centro de yoga
Dirección: Abando, 48009 Bilbao, Vizcaya
Google: 5⭐ (5 reseñas)
Maps: https://maps.google.com/?cid=1491027095025923901&g_mp=Cidnb29nbGUubWFwcy5wbGFjZXMudjEuUGxhY2VzLlNlYXJjaFRleHQQAhgEIAA"
cmpcytisi00y0ih9u2i4821r5,Central Yoga Bilbao,,649 04 20 31,Central Yoga Bilbao,,España,google-maps,atleevoyoga,NUEVO,MEDIA,,,2026-05-19T18:27:26.946Z,2026-05-19T18:27:26.946Z,http://www.centralyogabilbao.com/,"Diego Lopez Haroko Kale Nagusia, 27, Abando, 48009 Bilbao, Bizkaia",Bilbao,4.4,7,https://maps.google.com/?cid=1021850821486079207&g_mp=Cidnb29nbGUubWFwcy5wbGFjZXMudjEuUGxhY2VzLlNlYXJjaFRleHQQAhgEIAA,yoga_studio,OPERATIONAL,"Importado desde Google Maps
Tipo: Centro de yoga
Dirección: Diego Lopez Haroko Kale Nagusia, 27, Abando, 48009 Bilbao, Bizkaia
Google: 4.4⭐ (7 reseñas)
Web: http://www.centralyogabilbao.com/
Maps: https://maps.google.com/?cid=1021850821486079207&g_mp=Cidnb29nbGUubWFwcy5wbGFjZXMudjEuUGxhY2VzLlNlYXJjaFRleHQQAhgEIAA"
cmpcytj1o00y1ih9uwfhhzj6l,Estudio Pilates Euskalduna,,688 72 26 55,Estudio Pilates Euskalduna,,España,google-maps,atleevoyoga,NUEVO,MEDIA,,,2026-05-19T18:27:27.276Z,2026-05-19T18:27:27.276Z,https://pilateseuskalduna.es/,"Jesusen Bihotza Plaza, 4, DEPARTAMENTO 6, Abando, 48011 Bilbao, Vizcaya",Bilbao,5,20,https://maps.google.com/?cid=17914654769307114595&g_mp=Cidnb29nbGUubWFwcy5wbGFjZXMudjEuUGxhY2VzLlNlYXJjaFRleHQQAhgEIAA,gym,OPERATIONAL,"Importado desde Google Maps
Tipo: Gimnasio
Dirección: Jesusen Bihotza Plaza, 4, DEPARTAMENTO 6, Abando, 48011 Bilbao, Vizcaya
Google: 5⭐ (20 reseñas)
Web: https://pilateseuskalduna.es/
Maps: https://maps.google.com/?cid=17914654769307114595&g_mp=Cidnb29nbGUubWFwcy5wbGFjZXMudjEuUGxhY2VzLlNlYXJjaFRleHQQAhgEIAA"
cmpcytjar00y2ih9uosfpm9an,Yoga Ananda Bilbao,,634 44 14 87,Yoga Ananda Bilbao,,España,google-maps,atleevoyoga,NUEVO,MEDIA,,,2026-05-19T18:27:27.603Z,2026-05-19T18:27:27.603Z,http://www.yogacondharma.com/,"Calle Gral. Concha, 37, Errekalde, 48012 Bilbao, Vizcaya",Bilbao,5,12,https://maps.google.com/?cid=16206492317649154413&g_mp=Cidnb29nbGUubWFwcy5wbGFjZXMudjEuUGxhY2VzLlNlYXJjaFRleHQQAhgEIAA,yoga_studio,OPERATIONAL,"Importado desde Google Maps
Tipo: Centro de yoga
Dirección: Calle Gral. Concha, 37, Errekalde, 48012 Bilbao, Vizcaya
Google: 5⭐ (12 reseñas)
Web: http://www.yogacondharma.com/
Maps: https://maps.google.com/?cid=16206492317649154413&g_mp=Cidnb29nbGUubWFwcy5wbGFjZXMudjEuUGxhY2VzLlNlYXJjaFRleHQQAhgEIAA"
cmpcytjk500y3ih9u4wvwwpbq,El Regazo Feliz,,667 77 54 75,El Regazo Feliz,,España,google-maps,atleevoyoga,NUEVO,MEDIA,,,2026-05-19T18:27:27.942Z,2026-05-19T18:27:27.942Z,http://www.regazofeliz.com/,"Alameda de Mazarredo, 35, 1ºA, Abando, 48009 Bilbao, Vizcaya",Bilbao,4.9,107,https://maps.google.com/?cid=2373130943429176633&g_mp=Cidnb29nbGUubWFwcy5wbGFjZXMudjEuUGxhY2VzLlNlYXJjaFRleHQQAhgEIAA,yoga_studio,OPERATIONAL,"Importado desde Google Maps
Tipo: Centro de yoga
Dirección: Alameda de Mazarredo, 35, 1ºA, Abando, 48009 Bilbao, Vizcaya
Google: 4.9⭐ (107 reseñas)
Web: http://www.regazofeliz.com/
Maps: https://maps.google.com/?cid=2373130943429176633&g_mp=Cidnb29nbGUubWFwcy5wbGFjZXMudjEuUGxhY2VzLlNlYXJjaFRleHQQAhgEIAA"
cmpcytjt800y4ih9ulehff5eo,Cinco Elementos Bilbao,,688 88 04 43,Cinco Elementos Bilbao,,España,google-maps,atleevoyoga,NUEVO,MEDIA,,,2026-05-19T18:27:28.268Z,2026-05-19T18:27:28.268Z,https://cincoelementosbilbao.es/,"Espinosa Orive Doktorearen Kalea, 27, Ibaiondo, 48003 Bilbao, Bizkaia",Bilbao,5,39,https://maps.google.com/?cid=12604445870364834060&g_mp=Cidnb29nbGUubWFwcy5wbGFjZXMudjEuUGxhY2VzLlNlYXJjaFRleHQQAhgEIAA,yoga_studio,OPERATIONAL,"Importado desde Google Maps
Tipo: Centro de yoga
Dirección: Espinosa Orive Doktorearen Kalea, 27, Ibaiondo, 48003 Bilbao, Bizkaia
Google: 5⭐ (39 reseñas)
Web: https://cincoelementosbilbao.es/
Maps: https://maps.google.com/?cid=12604445870364834060&g_mp=Cidnb29nbGUubWFwcy5wbGFjZXMudjEuUGxhY2VzLlNlYXJjaFRleHQQAhgEIAA"
cmpcytk2r00y5ih9utepr6ymy,Sanna Pilates & Yoga,,651 70 25 96,Sanna Pilates & Yoga,,España,google-maps,atleevoyoga,NUEVO,MEDIA,,,2026-05-19T18:27:28.612Z,2026-05-19T18:27:28.612Z,,"Ondarroa Kalea, 2, Otxarkoaga - Txurdinaga, 48004 Bilbao, Bizkaia",Bilbao,5,20,https://maps.google.com/?cid=931958728788304389&g_mp=Cidnb29nbGUubWFwcy5wbGFjZXMudjEuUGxhY2VzLlNlYXJjaFRleHQQAhgEIAA,gym,OPERATIONAL,"Importado desde Google Maps
Tipo: Gimnasio
Dirección: Ondarroa Kalea, 2, Otxarkoaga - Txurdinaga, 48004 Bilbao, Bizkaia
Google: 5⭐ (20 reseñas)
Maps: https://maps.google.com/?cid=931958728788304389&g_mp=Cidnb29nbGUubWFwcy5wbGFjZXMudjEuUGxhY2VzLlNlYXJjaFRleHQQAhgEIAA"
cmpcytkc100y6ih9ubwy2jzbd,Gabriela Florea,,662 40 35 75,Gabriela Florea,,España,google-maps,atleevoyoga,NUEVO,MEDIA,,,2026-05-19T18:27:28.945Z,2026-05-19T18:27:28.945Z,https://gabrielaflorea.eu/,"Alameda de Mazarredo, 35, 1A, Abando, 48010 Bilbao, Vizcaya",Bilbao,5,20,https://maps.google.com/?cid=12797814893307459761&g_mp=Cidnb29nbGUubWFwcy5wbGFjZXMudjEuUGxhY2VzLlNlYXJjaFRleHQQAhgEIAA,,OPERATIONAL,"Importado desde Google Maps
Dirección: Alameda de Mazarredo, 35, 1A, Abando, 48010 Bilbao, Vizcaya
Google: 5⭐ (20 reseñas)
Web: https://gabrielaflorea.eu/
Maps: https://maps.google.com/?cid=12797814893307459761&g_mp=Cidnb29nbGUubWFwcy5wbGFjZXMudjEuUGxhY2VzLlNlYXJjaFRleHQQAhgEIAA"
cmpcytkl800y7ih9uh7aghvm8,YOGA CON AMOR 🏼‍ ️ 🏻 🏻‍ ️CENTRO DE YOGA Y BIENESTAR,,644 97 99 37,YOGA CON AMOR 🏼‍ ️ 🏻 🏻‍ ️CENTRO DE YOGA Y BIENESTAR,,España,google-maps,atleevoyoga,NUEVO,MEDIA,,,2026-05-19T18:27:29.276Z,2026-05-19T18:27:29.276Z,,"C. Islas Canarias, 65, Deusto, 48015 Bilbao, Vizcaya",Bilbao,4.9,8,https://maps.google.com/?cid=17002638332003107934&g_mp=Cidnb29nbGUubWFwcy5wbGFjZXMudjEuUGxhY2VzLlNlYXJjaFRleHQQAhgEIAA,yoga_studio,OPERATIONAL,"Importado desde Google Maps
Tipo: Centro de yoga
Dirección: C. Islas Canarias, 65, Deusto, 48015 Bilbao, Vizcaya
Google: 4.9⭐ (8 reseñas)
Maps: https://maps.google.com/?cid=17002638332003107934&g_mp=Cidnb29nbGUubWFwcy5wbGFjZXMudjEuUGxhY2VzLlNlYXJjaFRleHQQAhgEIAA"
cmpcytku600y8ih9ut79uy88o,YogaOne Deusto,,638 46 08 53,YogaOne Deusto,,España,google-maps,atleevoyoga,NUEVO,MEDIA,,,2026-05-19T18:27:29.599Z,2026-05-19T18:27:29.599Z,https://www.yogaone.es/deusto,"Madariaga Etorbidea, 41, Deusto, 48014 Bilbao, Bizkaia",Bilbao,5,26,https://maps.google.com/?cid=14989646925567817882&g_mp=Cidnb29nbGUubWFwcy5wbGFjZXMudjEuUGxhY2VzLlNlYXJjaFRleHQQAhgEIAA,yoga_studio,OPERATIONAL,"Importado desde Google Maps
Tipo: Centro de yoga
Dirección: Madariaga Etorbidea, 41, Deusto, 48014 Bilbao, Bizkaia
Google: 5⭐ (26 reseñas)
Web: https://www.yogaone.es/deusto
Maps: https://maps.google.com/?cid=14989646925567817882&g_mp=Cidnb29nbGUubWFwcy5wbGFjZXMudjEuUGxhY2VzLlNlYXJjaFRleHQQAhgEIAA"
cmpcytl3b00y9ih9uw9riowey,Flor de Vida - Kundalini Yoga,,617 62 20 54,Flor de Vida - Kundalini Yoga,,España,google-maps,atleevoyoga,NUEVO,MEDIA,,,2026-05-19T18:27:29.927Z,2026-05-19T18:27:29.927Z,https://flordevidakundaliniyoga.com/,"Begoñako, C. Amadeo Deprit, calle 2, Oficina 5, 48006 Bilbao, Vizcaya",Bilbao,5,7,https://maps.google.com/?cid=4467589106813460133&g_mp=Cidnb29nbGUubWFwcy5wbGFjZXMudjEuUGxhY2VzLlNlYXJjaFRleHQQAhgEIAA,yoga_studio,OPERATIONAL,"Importado desde Google Maps
Tipo: Centro de yoga
Dirección: Begoñako, C. Amadeo Deprit, calle 2, Oficina 5, 48006 Bilbao, Vizcaya
Google: 5⭐ (7 reseñas)
Web: https://flordevidakundaliniyoga.com/
Maps: https://maps.google.com/?cid=4467589106813460133&g_mp=Cidnb29nbGUubWFwcy5wbGFjZXMudjEuUGxhY2VzLlNlYXJjaFRleHQQAhgEIAA"
cmpcytlch00yaih9uf9rummmb,Su Mind Pilates Bilbao,,615 79 97 82,Su Mind Pilates Bilbao,,España,google-maps,atleevoyoga,NUEVO,MEDIA,,,2026-05-19T18:27:30.258Z,2026-05-19T18:27:30.258Z,https://www.sumind.es/,"Diego Lopez Haroko Kale Nagusia, 63 bis, Abando, 48011 Bilbao, Bizkaia",Bilbao,5,11,https://maps.google.com/?cid=10452463102683582540&g_mp=Cidnb29nbGUubWFwcy5wbGFjZXMudjEuUGxhY2VzLlNlYXJjaFRleHQQAhgEIAA,gym,OPERATIONAL,"Importado desde Google Maps
Tipo: Gimnasio
Dirección: Diego Lopez Haroko Kale Nagusia, 63 bis, Abando, 48011 Bilbao, Bizkaia
Google: 5⭐ (11 reseñas)
Web: https://www.sumind.es/
Maps: https://maps.google.com/?cid=10452463102683582540&g_mp=Cidnb29nbGUubWFwcy5wbGFjZXMudjEuUGxhY2VzLlNlYXJjaFRleHQQAhgEIAA"
cmpcytllh00ybih9utcs64cjk,Estudio de Pilates Landaluce,,644 13 70 74,Estudio de Pilates Landaluce,,España,google-maps,atleevoyoga,NUEVO,MEDIA,,,2026-05-19T18:27:30.582Z,2026-05-19T18:27:30.582Z,http://www.estudiolandaluce.com/,"Sagarminaga Kalea, 4, local 4, 48004 Bilbao, Vizcaya",Bilbao,4.9,46,https://maps.google.com/?cid=15611905711057739231&g_mp=Cidnb29nbGUubWFwcy5wbGFjZXMudjEuUGxhY2VzLlNlYXJjaFRleHQQAhgEIAA,gym,OPERATIONAL,"Importado desde Google Maps
Tipo: Gimnasio
Dirección: Sagarminaga Kalea, 4, local 4, 48004 Bilbao, Vizcaya
Google: 4.9⭐ (46 reseñas)
Web: http://www.estudiolandaluce.com/
Maps: https://maps.google.com/?cid=15611905711057739231&g_mp=Cidnb29nbGUubWFwcy5wbGFjZXMudjEuUGxhY2VzLlNlYXJjaFRleHQQAhgEIAA"
cmpcytluw00ycih9ugbxtqpve,Erditu Yoga y Maternidad,,645 12 06 65,Erditu Yoga y Maternidad,,España,google-maps,atleevoyoga,NUEVO,MEDIA,,,2026-05-19T18:27:30.920Z,2026-05-19T18:27:30.920Z,http://www.erditu.com/,"C/ Colón de Larreátegui K., 26, 5D, Abando, 48009 Bilbao, Vizcaya",Bilbao,5,23,https://maps.google.com/?cid=11603177238989509654&g_mp=Cidnb29nbGUubWFwcy5wbGFjZXMudjEuUGxhY2VzLlNlYXJjaFRleHQQAhgEIAA,medical_clinic,OPERATIONAL,"Importado desde Google Maps
Tipo: Clínica ambulatoria
Dirección: C/ Colón de Larreátegui K., 26, 5D, Abando, 48009 Bilbao, Vizcaya
Google: 5⭐ (23 reseñas)
Web: http://www.erditu.com/
Maps: https://maps.google.com/?cid=11603177238989509654&g_mp=Cidnb29nbGUubWFwcy5wbGFjZXMudjEuUGxhY2VzLlNlYXJjaFRleHQQAhgEIAA"
cmpcytm3t00ydih9uccumakqn,Pilates Femenino Bilbao,,669 78 91 22,Pilates Femenino Bilbao,,España,google-maps,atleevoyoga,NUEVO,MEDIA,,,2026-05-19T18:27:31.242Z,2026-05-19T18:27:31.242Z,http://pilatesfemeninobilbao.com/,"C. Costa, 12, 1° izq, Abando, 48010 Bilbao, Vizcaya",Bilbao,4.9,102,https://maps.google.com/?cid=1738507350739962442&g_mp=Cidnb29nbGUubWFwcy5wbGFjZXMudjEuUGxhY2VzLlNlYXJjaFRleHQQAhgEIAA,gym,OPERATIONAL,"Importado desde Google Maps
Tipo: Gimnasio
Dirección: C. Costa, 12, 1° izq, Abando, 48010 Bilbao, Vizcaya
Google: 4.9⭐ (102 reseñas)
Web: http://pilatesfemeninobilbao.com/
Maps: https://maps.google.com/?cid=1738507350739962442&g_mp=Cidnb29nbGUubWFwcy5wbGFjZXMudjEuUGxhY2VzLlNlYXJjaFRleHQQAhgEIAA"
cmpcytmcu00yeih9uag9er603,Yogabila,,664 10 03 06,Yogabila,,España,google-maps,atleevoyoga,NUEVO,MEDIA,,,2026-05-19T18:27:31.567Z,2026-05-19T18:27:31.567Z,https://yogabila.com/,"Campo de Volantín Pasealekua, 25, bajo, 48007 Bilbao, Bizkaia",Bilbao,5,8,https://maps.google.com/?cid=2808530336809546733&g_mp=Cidnb29nbGUubWFwcy5wbGFjZXMudjEuUGxhY2VzLlNlYXJjaFRleHQQAhgEIAA,yoga_studio,OPERATIONAL,"Importado desde Google Maps
Tipo: Centro de yoga
Dirección: Campo de Volantín Pasealekua, 25, bajo, 48007 Bilbao, Bizkaia
Google: 5⭐ (8 reseñas)
Web: https://yogabila.com/
Maps: https://maps.google.com/?cid=2808530336809546733&g_mp=Cidnb29nbGUubWFwcy5wbGFjZXMudjEuUGxhY2VzLlNlYXJjaFRleHQQAhgEIAA"
cmpcytmlx00yfih9uhsspw65s,"Ainhoa Rangel, Life Coah, PNL y Gestión Emocional",,629 77 79 57,"Ainhoa Rangel, Life Coah, PNL y Gestión Emocional",,España,google-maps,atleevoyoga,NUEVO,MEDIA,,,2026-05-19T18:27:31.894Z,2026-05-19T18:27:31.894Z,https://www.yogabilbao.es/#coaching,"C. María Díaz de Haro, 10 BIS, 2º OFI 1, Abando, 48013 Bilbao, Vizcaya",Bilbao,5,5,https://maps.google.com/?cid=6896225416937762155&g_mp=Cidnb29nbGUubWFwcy5wbGFjZXMudjEuUGxhY2VzLlNlYXJjaFRleHQQAhgEIAA,,OPERATIONAL,"Importado desde Google Maps
Dirección: C. María Díaz de Haro, 10 BIS, 2º OFI 1, Abando, 48013 Bilbao, Vizcaya
Google: 5⭐ (5 reseñas)
Web: https://www.yogabilbao.es/#coaching
Maps: https://maps.google.com/?cid=6896225416937762155&g_mp=Cidnb29nbGUubWFwcy5wbGFjZXMudjEuUGxhY2VzLlNlYXJjaFRleHQQAhgEIAA"
cmpcytmuw00ygih9uil3ncla4,Centro de Yoga Ananta Lakshmi,,612 28 63 41,Centro de Yoga Ananta Lakshmi,,España,google-maps,atleevoyoga,NUEVO,MEDIA,,,2026-05-19T18:27:32.216Z,2026-05-19T18:27:32.216Z,https://www.facebook.com/anantalaskhmi/,"Loteria Kalea, 2, Ibaiondo, 48005 Bilbao, Bizkaia",Bilbao,4.7,3,https://maps.google.com/?cid=7053645932872226179&g_mp=Cidnb29nbGUubWFwcy5wbGFjZXMudjEuUGxhY2VzLlNlYXJjaFRleHQQAhgEIAA,yoga_studio,OPERATIONAL,"Importado desde Google Maps
Tipo: Centro de yoga
Dirección: Loteria Kalea, 2, Ibaiondo, 48005 Bilbao, Bizkaia
Google: 4.7⭐ (3 reseñas)
Web: https://www.facebook.com/anantalaskhmi/
Maps: https://maps.google.com/?cid=7053645932872226179&g_mp=Cidnb29nbGUubWFwcy5wbGFjZXMudjEuUGxhY2VzLlNlYXJjaFRleHQQAhgEIAA"
cmpcytn7300yhih9uyu3zonr1,Pilates Bilbao,,607 69 34 85,Pilates Bilbao,,España,google-maps,atleevoyoga,NUEVO,MEDIA,,,2026-05-19T18:27:32.656Z,2026-05-19T18:27:32.656Z,,"C. de Ercilla, 36, 1. IZQ, Abando, 48011 Bilbao, Vizcaya",Bilbao,5,26,https://maps.google.com/?cid=16700678965522925310&g_mp=Cidnb29nbGUubWFwcy5wbGFjZXMudjEuUGxhY2VzLlNlYXJjaFRleHQQAhgEIAA,gym,OPERATIONAL,"Importado desde Google Maps
Tipo: Gimnasio
Dirección: C. de Ercilla, 36, 1. IZQ, Abando, 48011 Bilbao, Vizcaya
Google: 5⭐ (26 reseñas)
Maps: https://maps.google.com/?cid=16700678965522925310&g_mp=Cidnb29nbGUubWFwcy5wbGFjZXMudjEuUGxhY2VzLlNlYXJjaFRleHQQAhgEIAA"
cmpcytng400yiih9uhofa5g69,L'ATELIER PILATES BILBAO,,652 75 64 48,L'ATELIER PILATES BILBAO,,España,google-maps,atleevoyoga,NUEVO,MEDIA,,,2026-05-19T18:27:32.981Z,2026-05-19T18:27:32.981Z,,"Calle Ibáñez de Bilbao, 4, 2C, Abando, 48001 Bilbao, Vizcaya",Bilbao,5,20,https://maps.google.com/?cid=15968825482376407702&g_mp=Cidnb29nbGUubWFwcy5wbGFjZXMudjEuUGxhY2VzLlNlYXJjaFRleHQQAhgEIAA,gym,OPERATIONAL,"Importado desde Google Maps
Tipo: Gimnasio
Dirección: Calle Ibáñez de Bilbao, 4, 2C, Abando, 48001 Bilbao, Vizcaya
Google: 5⭐ (20 reseñas)
Maps: https://maps.google.com/?cid=15968825482376407702&g_mp=Cidnb29nbGUubWFwcy5wbGFjZXMudjEuUGxhY2VzLlNlYXJjaFRleHQQAhgEIAA"
cmpcytnpg00yjih9uesbxdlsp,Centro de Yoga IYENGAR® de Bilbao-Santutxu,,634 41 33 52,Centro de Yoga IYENGAR® de Bilbao-Santutxu,,España,google-maps,atleevoyoga,NUEVO,MEDIA,,,2026-05-19T18:27:33.316Z,2026-05-19T18:27:33.316Z,http://www.yogaiyengarbilbao-santutxu.es/,"Menendez y Pelayo Marcelino Kalea, 16, Ibaiondo, 48016 Bilbao, Bizkaia",Bilbao,5,7,https://maps.google.com/?cid=17444076767442633138&g_mp=Cidnb29nbGUubWFwcy5wbGFjZXMudjEuUGxhY2VzLlNlYXJjaFRleHQQAhgEIAA,yoga_studio,OPERATIONAL,"Importado desde Google Maps
Tipo: Centro de yoga
Dirección: Menendez y Pelayo Marcelino Kalea, 16, Ibaiondo, 48016 Bilbao, Bizkaia
Google: 5⭐ (7 reseñas)
Web: http://www.yogaiyengarbilbao-santutxu.es/
Maps: https://maps.google.com/?cid=17444076767442633138&g_mp=Cidnb29nbGUubWFwcy5wbGFjZXMudjEuUGxhY2VzLlNlYXJjaFRleHQQAhgEIAA"
cmpcytnzg00ykih9ugekgt4vd,KUNDALINI YOGA BILBAO,,650 48 18 45,KUNDALINI YOGA BILBAO,,España,google-maps,atleevoyoga,NUEVO,MEDIA,,,2026-05-19T18:27:33.676Z,2026-05-19T18:27:33.676Z,http://kundaliniyogabilbao.com/,"C. de José María de Escuza, 1, 6º pta. - Dpto. 5, Abando, 48013 Bilbao, Vizcaya",Bilbao,,,https://maps.google.com/?cid=1512103875043931685&g_mp=Cidnb29nbGUubWFwcy5wbGFjZXMudjEuUGxhY2VzLlNlYXJjaFRleHQQAhgEIAA,yoga_studio,OPERATIONAL,"Importado desde Google Maps
Tipo: Centro de yoga
Dirección: C. de José María de Escuza, 1, 6º pta. - Dpto. 5, Abando, 48013 Bilbao, Vizcaya
Web: http://kundaliniyogabilbao.com/
Maps: https://maps.google.com/?cid=1512103875043931685&g_mp=Cidnb29nbGUubWFwcy5wbGFjZXMudjEuUGxhY2VzLlNlYXJjaFRleHQQAhgEIAA"
cmpcyto9700ylih9uoskek9xi,Saravgyoga - Centro de Yoga y Pilates,,664 60 74 64,Saravgyoga - Centro de Yoga y Pilates,,España,google-maps,atleevoyoga,NUEVO,MEDIA,,,2026-05-19T18:27:34.028Z,2026-05-19T18:27:34.028Z,https://saravgyoga.com/,"Ametzola Kalea, 10, 48450 Doneztebe, Bizkaia",Bilbao,5,105,https://maps.google.com/?cid=3689916453367286055&g_mp=Cidnb29nbGUubWFwcy5wbGFjZXMudjEuUGxhY2VzLlNlYXJjaFRleHQQAhgEIAA,,OPERATIONAL,"Importado desde Google Maps
Dirección: Ametzola Kalea, 10, 48450 Doneztebe, Bizkaia
Google: 5⭐ (105 reseñas)
Web: https://saravgyoga.com/
Maps: https://maps.google.com/?cid=3689916453367286055&g_mp=Cidnb29nbGUubWFwcy5wbGFjZXMudjEuUGxhY2VzLlNlYXJjaFRleHQQAhgEIAA"
cmpcytoig00ymih9umz1z01wm,KINESSHIA OSTEOPATÍA PILATES BILBAO,,946 00 40 95,KINESSHIA OSTEOPATÍA PILATES BILBAO,,España,google-maps,atleevoyoga,NUEVO,MEDIA,,,2026-05-19T18:27:34.361Z,2026-05-19T18:27:34.361Z,,"Nafarroa Kalea, 12, 1ºDI, Abando, 48001 Bilbao, Bizkaia",Bilbao,5,4,https://maps.google.com/?cid=2082321333007196863&g_mp=Cidnb29nbGUubWFwcy5wbGFjZXMudjEuUGxhY2VzLlNlYXJjaFRleHQQAhgEIAA,gym,OPERATIONAL,"Importado desde Google Maps
Tipo: Gimnasio
Dirección: Nafarroa Kalea, 12, 1ºDI, Abando, 48001 Bilbao, Bizkaia
Google: 5⭐ (4 reseñas)
Maps: https://maps.google.com/?cid=2082321333007196863&g_mp=Cidnb29nbGUubWFwcy5wbGFjZXMudjEuUGxhY2VzLlNlYXJjaFRleHQQAhgEIAA"
cmpcytos600ynih9uot1p68ap,AnaYoga,,661 90 77 02,AnaYoga,,España,google-maps,atleevoyoga,NUEVO,MEDIA,,,2026-05-19T18:27:34.711Z,2026-05-19T18:27:34.711Z,https://anayoga.es/,"Barrondo Kalea, 3, 48450 Doneztebe, Vizcaya",Bilbao,5,51,https://maps.google.com/?cid=17843674167499854060&g_mp=Cidnb29nbGUubWFwcy5wbGFjZXMudjEuUGxhY2VzLlNlYXJjaFRleHQQAhgEIAA,yoga_studio,OPERATIONAL,"Importado desde Google Maps
Tipo: Centro de yoga
Dirección: Barrondo Kalea, 3, 48450 Doneztebe, Vizcaya
Google: 5⭐ (51 reseñas)
Web: https://anayoga.es/
Maps: https://maps.google.com/?cid=17843674167499854060&g_mp=Cidnb29nbGUubWFwcy5wbGFjZXMudjEuUGxhY2VzLlNlYXJjaFRleHQQAhgEIAA"
cmpcytp1900yoih9u8cj78q53,Club Pilates Indautxu® | Bilbao,,668 54 51 19,Club Pilates Indautxu® | Bilbao,,España,google-maps,atleevoyoga,NUEVO,MEDIA,,,2026-05-19T18:27:35.038Z,2026-05-19T18:27:35.038Z,https://clubpilatesindautxu.es/?utm_source=GMB&utm_id=CLUB_Pilates_Indautxu,"Gregorio de la Revilla Zumarkalea, 10, Abando, 48011 Bilbao, Bizkaia",Bilbao,5,78,https://maps.google.com/?cid=12033171743646387845&g_mp=Cidnb29nbGUubWFwcy5wbGFjZXMudjEuUGxhY2VzLlNlYXJjaFRleHQQAhgEIAA,gym,OPERATIONAL,"Importado desde Google Maps
Tipo: Gimnasio
Dirección: Gregorio de la Revilla Zumarkalea, 10, Abando, 48011 Bilbao, Bizkaia
Google: 5⭐ (78 reseñas)
Web: https://clubpilatesindautxu.es/?utm_source=GMB&utm_id=CLUB_Pilates_Indautxu
Maps: https://maps.google.com/?cid=12033171743646387845&g_mp=Cidnb29nbGUubWFwcy5wbGFjZXMudjEuUGxhY2VzLlNlYXJjaFRleHQQAhgEIAA"
cmpcytpae00ypih9upqccblmm,Centro Dharma,,685 72 87 26,Centro Dharma,,España,google-maps,atleevoyoga,NUEVO,MEDIA,,,2026-05-19T18:27:35.366Z,2026-05-19T18:27:35.366Z,,"Av. San Antonio Hiribidea, Kukullaga, 48450 Bilbao, Bizkaia",Bilbao,5,3,https://maps.google.com/?cid=1702285031296189536&g_mp=Cidnb29nbGUubWFwcy5wbGFjZXMudjEuUGxhY2VzLlNlYXJjaFRleHQQAhgEIAA,yoga_studio,OPERATIONAL,"Importado desde Google Maps
Tipo: Centro de yoga
Dirección: Av. San Antonio Hiribidea, Kukullaga, 48450 Bilbao, Bizkaia
Google: 5⭐ (3 reseñas)
Maps: https://maps.google.com/?cid=1702285031296189536&g_mp=Cidnb29nbGUubWFwcy5wbGFjZXMudjEuUGxhY2VzLlNlYXJjaFRleHQQAhgEIAA"
cmpcytpjl00yqih9ufi7u24w0,La Tagua - Pilates y Movimiento,,603 40 72 26,La Tagua - Pilates y Movimiento,,España,google-maps,atleevoyoga,NUEVO,MEDIA,,,2026-05-19T18:27:35.697Z,2026-05-19T18:27:35.697Z,http://www.latagua.es/,"Areiltza Doktorearen Zumarkalea, 21, Abando, 48011 Bilbao, Bizkaia",Bilbao,5,53,https://maps.google.com/?cid=4302838832990652498&g_mp=Cidnb29nbGUubWFwcy5wbGFjZXMudjEuUGxhY2VzLlNlYXJjaFRleHQQAhgEIAA,gym,OPERATIONAL,"Importado desde Google Maps
Tipo: Gimnasio
Dirección: Areiltza Doktorearen Zumarkalea, 21, Abando, 48011 Bilbao, Bizkaia
Google: 5⭐ (53 reseñas)
Web: http://www.latagua.es/
Maps: https://maps.google.com/?cid=4302838832990652498&g_mp=Cidnb29nbGUubWFwcy5wbGFjZXMudjEuUGxhY2VzLlNlYXJjaFRleHQQAhgEIAA"
cmpcytpt600yrih9uhgfj4s6i,Yosoki Bilbao Yoga Sofrologia Reiki iñaki iriondo,,635 73 49 26,Yosoki Bilbao Yoga Sofrologia Reiki iñaki iriondo,,España,google-maps,atleevoyoga,NUEVO,MEDIA,,,2026-05-19T18:27:36.043Z,2026-05-19T18:27:36.043Z,https://www.yosoki.com/,"Goienkale, 4, Ibaiondo, 48005 Bilbao, Bizkaia",Bilbao,4.2,13,https://maps.google.com/?cid=15025310410711321230&g_mp=Cidnb29nbGUubWFwcy5wbGFjZXMudjEuUGxhY2VzLlNlYXJjaFRleHQQAhgEIAA,yoga_studio,OPERATIONAL,"Importado desde Google Maps
Tipo: Centro de yoga
Dirección: Goienkale, 4, Ibaiondo, 48005 Bilbao, Bizkaia
Google: 4.2⭐ (13 reseñas)
Web: https://www.yosoki.com/
Maps: https://maps.google.com/?cid=15025310410711321230&g_mp=Cidnb29nbGUubWFwcy5wbGFjZXMudjEuUGxhY2VzLlNlYXJjaFRleHQQAhgEIAA"
cmpcytq2h00ysih9uw2tckkl6,GYROTONIC STUDIO JADO,,944 71 69 92,GYROTONIC STUDIO JADO,,España,google-maps,atleevoyoga,NUEVO,MEDIA,,,2026-05-19T18:27:36.378Z,2026-05-19T18:27:36.378Z,https://www.gyrotonicstudiojado.com/,"C. de Ercilla, 18, 2º, Abando, 48009 Bilbao, Vizcaya",Bilbao,5,16,https://maps.google.com/?cid=10572669734101094944&g_mp=Cidnb29nbGUubWFwcy5wbGFjZXMudjEuUGxhY2VzLlNlYXJjaFRleHQQAhgEIAA,gym,OPERATIONAL,"Importado desde Google Maps
Tipo: Gimnasio
Dirección: C. de Ercilla, 18, 2º, Abando, 48009 Bilbao, Vizcaya
Google: 5⭐ (16 reseñas)
Web: https://www.gyrotonicstudiojado.com/
Maps: https://maps.google.com/?cid=10572669734101094944&g_mp=Cidnb29nbGUubWFwcy5wbGFjZXMudjEuUGxhY2VzLlNlYXJjaFRleHQQAhgEIAA"
cmpcytqbf00ytih9uuvitzbvz,GYROTONIC BILBAO,,650 63 59 07,GYROTONIC BILBAO,,España,google-maps,atleevoyoga,NUEVO,MEDIA,,,2026-05-19T18:27:36.699Z,2026-05-19T18:27:36.699Z,http://www.gyrotonicbilbao.com/,"Alameda de Recalde, 24, Abando, 48009 Bilbao, Vizcaya",Bilbao,5,29,https://maps.google.com/?cid=12189132757542586924&g_mp=Cidnb29nbGUubWFwcy5wbGFjZXMudjEuUGxhY2VzLlNlYXJjaFRleHQQAhgEIAA,gym,OPERATIONAL,"Importado desde Google Maps
Tipo: Gimnasio
Dirección: Alameda de Recalde, 24, Abando, 48009 Bilbao, Vizcaya
Google: 5⭐ (29 reseñas)
Web: http://www.gyrotonicbilbao.com/
Maps: https://maps.google.com/?cid=12189132757542586924&g_mp=Cidnb29nbGUubWFwcy5wbGFjZXMudjEuUGxhY2VzLlNlYXJjaFRleHQQAhgEIAA"
cmpcytqkm00yuih9uthhwcwr7,BIOBA BARRE ESTUDIO,,688 78 73 03,BIOBA BARRE ESTUDIO,,España,google-maps,atleevoyoga,NUEVO,MEDIA,,,2026-05-19T18:27:37.031Z,2026-05-19T18:27:37.031Z,http://biobaestudio.com/,"Museo Plaza, 5, Abando, 48009 Bilbao, Bizkaia",Bilbao,4.8,17,https://maps.google.com/?cid=6995082198931897969&g_mp=Cidnb29nbGUubWFwcy5wbGFjZXMudjEuUGxhY2VzLlNlYXJjaFRleHQQAhgEIAA,gym,OPERATIONAL,"Importado desde Google Maps
Tipo: Gimnasio
Dirección: Museo Plaza, 5, Abando, 48009 Bilbao, Bizkaia
Google: 4.8⭐ (17 reseñas)
Web: http://biobaestudio.com/
Maps: https://maps.google.com/?cid=6995082198931897969&g_mp=Cidnb29nbGUubWFwcy5wbGFjZXMudjEuUGxhY2VzLlNlYXJjaFRleHQQAhgEIAA"
cmpcytqtq00yvih9usjzsduca,"Centro de Bienestar ""Espacio Azul""",,670 87 30 64,"Centro de Bienestar ""Espacio Azul""",,España,google-maps,atleevoyoga,NUEVO,MEDIA,,,2026-05-19T18:27:37.358Z,2026-05-19T18:27:37.358Z,http://www.espacioazul.es/,"C. Henao, 52, Entreplanta, Abando, 48009 Bilbao, Vizcaya",Bilbao,4.6,54,https://maps.google.com/?cid=17633272683100041265&g_mp=Cidnb29nbGUubWFwcy5wbGFjZXMudjEuUGxhY2VzLlNlYXJjaFRleHQQAhgEIAA,wellness_center,OPERATIONAL,"Importado desde Google Maps
Tipo: Centro de salud y bienestar
Dirección: C. Henao, 52, Entreplanta, Abando, 48009 Bilbao, Vizcaya
Google: 4.6⭐ (54 reseñas)
Web: http://www.espacioazul.es/
Maps: https://maps.google.com/?cid=17633272683100041265&g_mp=Cidnb29nbGUubWFwcy5wbGFjZXMudjEuUGxhY2VzLlNlYXJjaFRleHQQAhgEIAA"
cmpcytr2v00ywih9ub345cigi,AGUAmarina Centro de Salud Integral,,699 32 23 20,AGUAmarina Centro de Salud Integral,,España,google-maps,atleevoyoga,NUEVO,MEDIA,,,2026-05-19T18:27:37.688Z,2026-05-19T18:27:37.688Z,http://www.aguamarinabilbao.com,"Calle Luzarra, 16 - 3ª Planta, puerta 3, Deusto, 48014 Bilbao, Vizcaya",Bilbao,4.7,46,https://maps.google.com/?cid=5002960883843580846&g_mp=Cidnb29nbGUubWFwcy5wbGFjZXMudjEuUGxhY2VzLlNlYXJjaFRleHQQAhgEIAA,wellness_center,OPERATIONAL,"Importado desde Google Maps
Tipo: Centro de salud y bienestar
Dirección: Calle Luzarra, 16 - 3ª Planta, puerta 3, Deusto, 48014 Bilbao, Vizcaya
Google: 4.7⭐ (46 reseñas)
Web: http://www.aguamarinabilbao.com
Maps: https://maps.google.com/?cid=5002960883843580846&g_mp=Cidnb29nbGUubWFwcy5wbGFjZXMudjEuUGxhY2VzLlNlYXJjaFRleHQQAhgEIAA"
cmpcytt2600yxih9u8czpbu5p,Maha Yoga Mallorca,,666 41 64 07,Maha Yoga Mallorca,,España,google-maps,atleevoyoga,NUEVO,MEDIA,,,2026-05-19T18:27:40.255Z,2026-05-19T18:27:40.255Z,http://www.mahayogamallorca.com/,"Carrer de Vallseca, 9, Centre, 07012 Palma, Illes Balears",Mallorca,5,97,https://maps.google.com/?cid=3379526622592378527&g_mp=Cidnb29nbGUubWFwcy5wbGFjZXMudjEuUGxhY2VzLlNlYXJjaFRleHQQAhgEIAA,yoga_studio,OPERATIONAL,"Importado desde Google Maps
Tipo: Centro de yoga
Dirección: Carrer de Vallseca, 9, Centre, 07012 Palma, Illes Balears
Google: 5⭐ (97 reseñas)
Web: http://www.mahayogamallorca.com/
Maps: https://maps.google.com/?cid=3379526622592378527&g_mp=Cidnb29nbGUubWFwcy5wbGFjZXMudjEuUGxhY2VzLlNlYXJjaFRleHQQAhgEIAA"
cmpcyttbc00yyih9ul4z42gzr,Earth Yoga,,636 21 41 59,Earth Yoga,,España,google-maps,atleevoyoga,NUEVO,MEDIA,,,2026-05-19T18:27:40.584Z,2026-05-19T18:27:40.584Z,http://www.earthyoga.es/,"Carrer de Despuig, 34, Ponent, 07013 Palma, Illes Balears",Mallorca,4.8,79,https://maps.google.com/?cid=15348980258368054265&g_mp=Cidnb29nbGUubWFwcy5wbGFjZXMudjEuUGxhY2VzLlNlYXJjaFRleHQQAhgEIAA,yoga_studio,OPERATIONAL,"Importado desde Google Maps
Tipo: Centro de yoga
Dirección: Carrer de Despuig, 34, Ponent, 07013 Palma, Illes Balears
Google: 4.8⭐ (79 reseñas)
Web: http://www.earthyoga.es/
Maps: https://maps.google.com/?cid=15348980258368054265&g_mp=Cidnb29nbGUubWFwcy5wbGFjZXMudjEuUGxhY2VzLlNlYXJjaFRleHQQAhgEIAA"
cmpcyttkp00yzih9ujdeclz79,Santosha Yoga,,696 56 43 96,Santosha Yoga,,España,google-maps,atleevoyoga,NUEVO,MEDIA,,,2026-05-19T18:27:40.921Z,2026-05-19T18:27:40.921Z,http://www.santoshayogapalma.es/,"Carrer de Montpeller, 26, Ponent, 07014 Palma, Illes Balears",Mallorca,5,67,https://maps.google.com/?cid=9562841454433669340&g_mp=Cidnb29nbGUubWFwcy5wbGFjZXMudjEuUGxhY2VzLlNlYXJjaFRleHQQAhgEIAA,yoga_studio,OPERATIONAL,"Importado desde Google Maps
Tipo: Centro de yoga
Dirección: Carrer de Montpeller, 26, Ponent, 07014 Palma, Illes Balears
Google: 5⭐ (67 reseñas)
Web: http://www.santoshayogapalma.es/
Maps: https://maps.google.com/?cid=9562841454433669340&g_mp=Cidnb29nbGUubWFwcy5wbGFjZXMudjEuUGxhY2VzLlNlYXJjaFRleHQQAhgEIAA"
cmpcytttw00z0ih9ucgdw9jkk,Sadhana Works,,971 72 31 83,Sadhana Works,,España,google-maps,atleevoyoga,NUEVO,MEDIA,,,2026-05-19T18:27:41.253Z,2026-05-19T18:27:41.253Z,https://sadhana.works/,"Carrer de Sant Feliu, 17, local 8 & 9, Centre, 07012 Palma, Illes Balears",Mallorca,5,41,https://maps.google.com/?cid=12892084689195283385&g_mp=Cidnb29nbGUubWFwcy5wbGFjZXMudjEuUGxhY2VzLlNlYXJjaFRleHQQAhgEIAA,yoga_studio,OPERATIONAL,"Importado desde Google Maps
Tipo: Centro de yoga
Dirección: Carrer de Sant Feliu, 17, local 8 & 9, Centre, 07012 Palma, Illes Balears
Google: 5⭐ (41 reseñas)
Web: https://sadhana.works/
Maps: https://maps.google.com/?cid=12892084689195283385&g_mp=Cidnb29nbGUubWFwcy5wbGFjZXMudjEuUGxhY2VzLlNlYXJjaFRleHQQAhgEIAA"
cmpcytu3u00z1ih9uv96e61ko,HOT YOGA MALLORCA - BIKRAM YOGA MALLORCA,,640 21 31 95,HOT YOGA MALLORCA - BIKRAM YOGA MALLORCA,,España,google-maps,atleevoyoga,NUEVO,MEDIA,,,2026-05-19T18:27:41.611Z,2026-05-19T18:27:41.611Z,http://www.hotyogamallorca.com/,"Carrer Albó, Locales 5-6, Ponent, 07014 Palma, Illes Balears",Mallorca,4.9,62,https://maps.google.com/?cid=2915208123684435219&g_mp=Cidnb29nbGUubWFwcy5wbGFjZXMudjEuUGxhY2VzLlNlYXJjaFRleHQQAhgEIAA,yoga_studio,OPERATIONAL,"Importado desde Google Maps
Tipo: Centro de yoga
Dirección: Carrer Albó, Locales 5-6, Ponent, 07014 Palma, Illes Balears
Google: 4.9⭐ (62 reseñas)
Web: http://www.hotyogamallorca.com/
Maps: https://maps.google.com/?cid=2915208123684435219&g_mp=Cidnb29nbGUubWFwcy5wbGFjZXMudjEuUGxhY2VzLlNlYXJjaFRleHQQAhgEIAA"
cmpcytud100z2ih9uvf0439xa,Yoga Shala Atmanyoga,,613 91 74 10,Yoga Shala Atmanyoga,,España,google-maps,atleevoyoga,NUEVO,MEDIA,,,2026-05-19T18:27:41.942Z,2026-05-19T18:27:41.942Z,https://shalaatmanyoga.es/,"C. Antoni Ribas, 4, Llevant, 07006 Palma, Illes Balears",Mallorca,5,86,https://maps.google.com/?cid=1969164418820280981&g_mp=Cidnb29nbGUubWFwcy5wbGFjZXMudjEuUGxhY2VzLlNlYXJjaFRleHQQAhgEIAA,yoga_studio,OPERATIONAL,"Importado desde Google Maps
Tipo: Centro de yoga
Dirección: C. Antoni Ribas, 4, Llevant, 07006 Palma, Illes Balears
Google: 5⭐ (86 reseñas)
Web: https://shalaatmanyoga.es/
Maps: https://maps.google.com/?cid=1969164418820280981&g_mp=Cidnb29nbGUubWFwcy5wbGFjZXMudjEuUGxhY2VzLlNlYXJjaFRleHQQAhgEIAA"
cmpcytum100z3ih9u6la4u1x5,Centro de Yoga Iyengar - Temps de Llum,,629 86 06 06,Centro de Yoga Iyengar - Temps de Llum,,España,google-maps,atleevoyoga,NUEVO,MEDIA,,,2026-05-19T18:27:42.265Z,2026-05-19T18:27:42.265Z,https://www.tempsdellum.com/,"Carrer de Pere Dezcallar i Net, 13, 5, 1, Centre, 07003 Palma, Illes Balears",Mallorca,5,45,https://maps.google.com/?cid=7477369050392607065&g_mp=Cidnb29nbGUubWFwcy5wbGFjZXMudjEuUGxhY2VzLlNlYXJjaFRleHQQAhgEIAA,yoga_studio,OPERATIONAL,"Importado desde Google Maps
Tipo: Centro de yoga
Dirección: Carrer de Pere Dezcallar i Net, 13, 5, 1, Centre, 07003 Palma, Illes Balears
Google: 5⭐ (45 reseñas)
Web: https://www.tempsdellum.com/
Maps: https://maps.google.com/?cid=7477369050392607065&g_mp=Cidnb29nbGUubWFwcy5wbGFjZXMudjEuUGxhY2VzLlNlYXJjaFRleHQQAhgEIAA"
cmpcytuuz00z4ih9utj46catr,Urvashi Yoga Estudio,,603 76 58 64,Urvashi Yoga Estudio,,España,google-maps,atleevoyoga,NUEVO,MEDIA,,,2026-05-19T18:27:42.587Z,2026-05-19T18:27:42.587Z,http://urvashiyogaestudio.com/,"Plaça d'Alexander Fleming, 13, Bajos, Norte, 07004 Palma, Illes Balears",Mallorca,5,158,https://maps.google.com/?cid=3975310772318583439&g_mp=Cidnb29nbGUubWFwcy5wbGFjZXMudjEuUGxhY2VzLlNlYXJjaFRleHQQAhgEIAA,yoga_studio,OPERATIONAL,"Importado desde Google Maps
Tipo: Centro de yoga
Dirección: Plaça d'Alexander Fleming, 13, Bajos, Norte, 07004 Palma, Illes Balears
Google: 5⭐ (158 reseñas)
Web: http://urvashiyogaestudio.com/
Maps: https://maps.google.com/?cid=3975310772318583439&g_mp=Cidnb29nbGUubWFwcy5wbGFjZXMudjEuUGxhY2VzLlNlYXJjaFRleHQQAhgEIAA"
cmpcytv4900z5ih9uhq85ks2j,Ashtanga Yoga Palma de Mallorca,,654 80 23 43,Ashtanga Yoga Palma de Mallorca,,España,google-maps,atleevoyoga,NUEVO,MEDIA,,,2026-05-19T18:27:42.921Z,2026-05-19T18:27:42.921Z,http://www.ramiroventura.com/,"Carrer del Marquès de la Sènia, 44, Ponent, 07014 Palma, Illes Balears",Mallorca,4.8,26,https://maps.google.com/?cid=17736961631641204129&g_mp=Cidnb29nbGUubWFwcy5wbGFjZXMudjEuUGxhY2VzLlNlYXJjaFRleHQQAhgEIAA,yoga_studio,OPERATIONAL,"Importado desde Google Maps
Tipo: Centro de yoga
Dirección: Carrer del Marquès de la Sènia, 44, Ponent, 07014 Palma, Illes Balears
Google: 4.8⭐ (26 reseñas)
Web: http://www.ramiroventura.com/
Maps: https://maps.google.com/?cid=17736961631641204129&g_mp=Cidnb29nbGUubWFwcy5wbGFjZXMudjEuUGxhY2VzLlNlYXJjaFRleHQQAhgEIAA"
cmpcytvgi00z6ih9uiii9al11,Yoga del Mar,,674 42 20 35,Yoga del Mar,,España,google-maps,atleevoyoga,NUEVO,MEDIA,,,2026-05-19T18:27:43.362Z,2026-05-19T18:27:43.362Z,https://www.yogadelmar.es/en/,"Carrer del Vicari Joaquim Fuster, 113a, Platja de Palma i Pla de Sant Jordi, 07006 Palma, Illes Balears",Mallorca,4.7,67,https://maps.google.com/?cid=10313431871591269974&g_mp=Cidnb29nbGUubWFwcy5wbGFjZXMudjEuUGxhY2VzLlNlYXJjaFRleHQQAhgEIAA,yoga_studio,OPERATIONAL,"Importado desde Google Maps
Tipo: Centro de yoga
Dirección: Carrer del Vicari Joaquim Fuster, 113a, Platja de Palma i Pla de Sant Jordi, 07006 Palma, Illes Balears
Google: 4.7⭐ (67 reseñas)
Web: https://www.yogadelmar.es/en/
Maps: https://maps.google.com/?cid=10313431871591269974&g_mp=Cidnb29nbGUubWFwcy5wbGFjZXMudjEuUGxhY2VzLlNlYXJjaFRleHQQAhgEIAA"
cmpcytvps00z7ih9u97uukusr,NIRODHA - yoga & pilates Palma -,,601 27 26 40,NIRODHA - yoga & pilates Palma -,,España,google-maps,atleevoyoga,NUEVO,MEDIA,,,2026-05-19T18:27:43.696Z,2026-05-19T18:27:43.696Z,https://yogaypilatespalma.com/,"Carrer d'Antoni Lliteres, 4, Ponent, 07013 Palma, Illes Balears",Mallorca,5,26,https://maps.google.com/?cid=8705412550612553520&g_mp=Cidnb29nbGUubWFwcy5wbGFjZXMudjEuUGxhY2VzLlNlYXJjaFRleHQQAhgEIAA,yoga_studio,OPERATIONAL,"Importado desde Google Maps
Tipo: Centro de yoga
Dirección: Carrer d'Antoni Lliteres, 4, Ponent, 07013 Palma, Illes Balears
Google: 5⭐ (26 reseñas)
Web: https://yogaypilatespalma.com/
Maps: https://maps.google.com/?cid=8705412550612553520&g_mp=Cidnb29nbGUubWFwcy5wbGFjZXMudjEuUGxhY2VzLlNlYXJjaFRleHQQAhgEIAA"
cmpcytvyx00z8ih9up0qrqnrv,Yoga El Terreno,,607 15 17 70,Yoga El Terreno,,España,google-maps,atleevoyoga,NUEVO,MEDIA,,,2026-05-19T18:27:44.026Z,2026-05-19T18:27:44.026Z,http://www.yogaelterreno.com/,"Carrer Dos de Maig, 32, Ponent, 07015 Palma, Illes Balears",Mallorca,5,16,https://maps.google.com/?cid=16296445109021360301&g_mp=Cidnb29nbGUubWFwcy5wbGFjZXMudjEuUGxhY2VzLlNlYXJjaFRleHQQAhgEIAA,yoga_studio,OPERATIONAL,"Importado desde Google Maps
Tipo: Centro de yoga
Dirección: Carrer Dos de Maig, 32, Ponent, 07015 Palma, Illes Balears
Google: 5⭐ (16 reseñas)
Web: http://www.yogaelterreno.com/
Maps: https://maps.google.com/?cid=16296445109021360301&g_mp=Cidnb29nbGUubWFwcy5wbGFjZXMudjEuUGxhY2VzLlNlYXJjaFRleHQQAhgEIAA"
cmpcytw8300z9ih9uhjcc60df,Yoga Real,,650 47 70 18,Yoga Real,,España,google-maps,atleevoyoga,NUEVO,MEDIA,,,2026-05-19T18:27:44.355Z,2026-05-19T18:27:44.355Z,http://www.yogareal.es/,"Carrer de la Reina Constança, 20, 2 izquierda, Llevant, 07006 Palma, Illes Balears",Mallorca,5,43,https://maps.google.com/?cid=13792698114911824649&g_mp=Cidnb29nbGUubWFwcy5wbGFjZXMudjEuUGxhY2VzLlNlYXJjaFRleHQQAhgEIAA,yoga_studio,OPERATIONAL,"Importado desde Google Maps
Tipo: Centro de yoga
Dirección: Carrer de la Reina Constança, 20, 2 izquierda, Llevant, 07006 Palma, Illes Balears
Google: 5⭐ (43 reseñas)
Web: http://www.yogareal.es/
Maps: https://maps.google.com/?cid=13792698114911824649&g_mp=Cidnb29nbGUubWFwcy5wbGFjZXMudjEuUGxhY2VzLlNlYXJjaFRleHQQAhgEIAA"
cmpcytwh600zaih9ukcqlihd2,Estudio de Pilates y Yoga Terra i Aire,,656 18 98 11,Estudio de Pilates y Yoga Terra i Aire,,España,google-maps,atleevoyoga,NUEVO,MEDIA,,,2026-05-19T18:27:44.683Z,2026-05-19T18:27:44.683Z,http://www.terraiaire.com/,"C/ de Joan Massanet i Moragues, 3, Nord, 07010 Palma, Illes Balears",Mallorca,5,37,https://maps.google.com/?cid=2459095088404810259&g_mp=Cidnb29nbGUubWFwcy5wbGFjZXMudjEuUGxhY2VzLlNlYXJjaFRleHQQAhgEIAA,gym,OPERATIONAL,"Importado desde Google Maps
Tipo: Gimnasio
Dirección: C/ de Joan Massanet i Moragues, 3, Nord, 07010 Palma, Illes Balears
Google: 5⭐ (37 reseñas)
Web: http://www.terraiaire.com/
Maps: https://maps.google.com/?cid=2459095088404810259&g_mp=Cidnb29nbGUubWFwcy5wbGFjZXMudjEuUGxhY2VzLlNlYXJjaFRleHQQAhgEIAA"
cmpcytwqe00zbih9u1kj1dznc,Movisiento Studio Yoga & Movement,,666 18 80 10,Movisiento Studio Yoga & Movement,,España,google-maps,atleevoyoga,NUEVO,MEDIA,,,2026-05-19T18:27:45.014Z,2026-05-19T18:27:45.014Z,https://www.movisiento.com/,"Avinguda de Joan Miró, 38, Ponent, 07015 Palma, Illes Balears",Mallorca,5,21,https://maps.google.com/?cid=3694378284938745272&g_mp=Cidnb29nbGUubWFwcy5wbGFjZXMudjEuUGxhY2VzLlNlYXJjaFRleHQQAhgEIAA,yoga_studio,OPERATIONAL,"Importado desde Google Maps
Tipo: Centro de yoga
Dirección: Avinguda de Joan Miró, 38, Ponent, 07015 Palma, Illes Balears
Google: 5⭐ (21 reseñas)
Web: https://www.movisiento.com/
Maps: https://maps.google.com/?cid=3694378284938745272&g_mp=Cidnb29nbGUubWFwcy5wbGFjZXMudjEuUGxhY2VzLlNlYXJjaFRleHQQAhgEIAA"
cmpcytwzm00zcih9uzgb5t4ge,SādhanaYoga Estudio,,656 97 04 32,SādhanaYoga Estudio,,España,google-maps,atleevoyoga,NUEVO,MEDIA,,,2026-05-19T18:27:45.346Z,2026-05-19T18:27:45.346Z,http://www.marianasadhana.com/,"Carrer de Martí Boneo, 18, bj, Ponent, 07013 Palma, Illes Balears",Mallorca,5,12,https://maps.google.com/?cid=5563215190133527384&g_mp=Cidnb29nbGUubWFwcy5wbGFjZXMudjEuUGxhY2VzLlNlYXJjaFRleHQQAhgEIAA,yoga_studio,OPERATIONAL,"Importado desde Google Maps
Tipo: Centro de yoga
Dirección: Carrer de Martí Boneo, 18, bj, Ponent, 07013 Palma, Illes Balears
Google: 5⭐ (12 reseñas)
Web: http://www.marianasadhana.com/
Maps: https://maps.google.com/?cid=5563215190133527384&g_mp=Cidnb29nbGUubWFwcy5wbGFjZXMudjEuUGxhY2VzLlNlYXJjaFRleHQQAhgEIAA"
cmpcytx8u00zdih9uwih9rq2z,Yoga House Mallorca,,667 52 05 66,Yoga House Mallorca,,España,google-maps,atleevoyoga,NUEVO,MEDIA,,,2026-05-19T18:27:45.679Z,2026-05-19T18:27:45.679Z,http://www.yogahousemallorca.com/,"Carrer d'Andrea Doria, 16, Ponent, 07014 Palma, Illes Balears",Mallorca,4.7,14,https://maps.google.com/?cid=3404088803789175336&g_mp=Cidnb29nbGUubWFwcy5wbGFjZXMudjEuUGxhY2VzLlNlYXJjaFRleHQQAhgEIAA,yoga_studio,OPERATIONAL,"Importado desde Google Maps
Tipo: Centro de yoga
Dirección: Carrer d'Andrea Doria, 16, Ponent, 07014 Palma, Illes Balears
Google: 4.7⭐ (14 reseñas)
Web: http://www.yogahousemallorca.com/
Maps: https://maps.google.com/?cid=3404088803789175336&g_mp=Cidnb29nbGUubWFwcy5wbGFjZXMudjEuUGxhY2VzLlNlYXJjaFRleHQQAhgEIAA"
cmpcytxi100zeih9u5f3qbzv5,The Practice Mallorca,,691 71 47 56,The Practice Mallorca,,España,google-maps,atleevoyoga,NUEVO,MEDIA,,,2026-05-19T18:27:46.010Z,2026-05-19T18:27:46.010Z,https://thepracticemallorca.com/,"Avinguda Mèxic, 17, Llevant, 07007 Palma, Illes Balears",Mallorca,4.9,31,https://maps.google.com/?cid=16751729864606894106&g_mp=Cidnb29nbGUubWFwcy5wbGFjZXMudjEuUGxhY2VzLlNlYXJjaFRleHQQAhgEIAA,yoga_studio,OPERATIONAL,"Importado desde Google Maps
Tipo: Centro de yoga
Dirección: Avinguda Mèxic, 17, Llevant, 07007 Palma, Illes Balears
Google: 4.9⭐ (31 reseñas)
Web: https://thepracticemallorca.com/
Maps: https://maps.google.com/?cid=16751729864606894106&g_mp=Cidnb29nbGUubWFwcy5wbGFjZXMudjEuUGxhY2VzLlNlYXJjaFRleHQQAhgEIAA"
cmpcytxre00zfih9ugyc074rh,YOGUINI Yoga Iyengar,,636 17 54 04,YOGUINI Yoga Iyengar,,España,google-maps,atleevoyoga,NUEVO,MEDIA,,,2026-05-19T18:27:46.347Z,2026-05-19T18:27:46.347Z,http://www.yoguini.es/,"Carrer d'En Morei, 8, Centre, 07001 Palma, Illes Balears",Mallorca,4.9,62,https://maps.google.com/?cid=3207329323086600259&g_mp=Cidnb29nbGUubWFwcy5wbGFjZXMudjEuUGxhY2VzLlNlYXJjaFRleHQQAhgEIAA,yoga_studio,OPERATIONAL,"Importado desde Google Maps
Tipo: Centro de yoga
Dirección: Carrer d'En Morei, 8, Centre, 07001 Palma, Illes Balears
Google: 4.9⭐ (62 reseñas)
Web: http://www.yoguini.es/
Maps: https://maps.google.com/?cid=3207329323086600259&g_mp=Cidnb29nbGUubWFwcy5wbGFjZXMudjEuUGxhY2VzLlNlYXJjaFRleHQQAhgEIAA"
cmpcyty0f00zgih9uprw8s8lv,European Yoga School - Palma de Mallorca,,604 19 69 27,European Yoga School - Palma de Mallorca,,España,google-maps,atleevoyoga,NUEVO,MEDIA,,,2026-05-19T18:27:46.671Z,2026-05-19T18:27:46.671Z,https://europeanyogaschool.org/,"Carrer de Joan Ripoll i Trobat, 32, Ponent, 07013 Palma, Illes Balears",Mallorca,5,16,https://maps.google.com/?cid=2274778108086191978&g_mp=Cidnb29nbGUubWFwcy5wbGFjZXMudjEuUGxhY2VzLlNlYXJjaFRleHQQAhgEIAA,yoga_studio,OPERATIONAL,"Importado desde Google Maps
Tipo: Centro de yoga
Dirección: Carrer de Joan Ripoll i Trobat, 32, Ponent, 07013 Palma, Illes Balears
Google: 5⭐ (16 reseñas)
Web: https://europeanyogaschool.org/
Maps: https://maps.google.com/?cid=2274778108086191978&g_mp=Cidnb29nbGUubWFwcy5wbGFjZXMudjEuUGxhY2VzLlNlYXJjaFRleHQQAhgEIAA"
cmpcyty9g00zhih9u616pqffl,Lēve Pausa Yoga | Mallorca,,654 92 35 29,Lēve Pausa Yoga | Mallorca,,España,google-maps,atleevoyoga,NUEVO,MEDIA,,,2026-05-19T18:27:46.996Z,2026-05-19T18:27:46.996Z,https://levepausayoga.com/,"Av. de Jaume III, 17, 2º - puerta 33, Centre, 07012 Palma, Illes Balears",Mallorca,5,16,https://maps.google.com/?cid=9380386561971972736&g_mp=Cidnb29nbGUubWFwcy5wbGFjZXMudjEuUGxhY2VzLlNlYXJjaFRleHQQAhgEIAA,yoga_studio,OPERATIONAL,"Importado desde Google Maps
Tipo: Centro de yoga
Dirección: Av. de Jaume III, 17, 2º - puerta 33, Centre, 07012 Palma, Illes Balears
Google: 5⭐ (16 reseñas)
Web: https://levepausayoga.com/
Maps: https://maps.google.com/?cid=9380386561971972736&g_mp=Cidnb29nbGUubWFwcy5wbGFjZXMudjEuUGxhY2VzLlNlYXJjaFRleHQQAhgEIAA"
cmpcytyid00ziih9uhhatcw7h,Mallorcayoga,,,Mallorcayoga,,España,google-maps,atleevoyoga,NUEVO,MEDIA,,,2026-05-19T18:27:47.317Z,2026-05-19T18:27:47.317Z,https://mallorcayoga.se/,"Carrer de Sant Feliu, 3, Centre, 07012 Palma, Illes Balears",Mallorca,,,https://maps.google.com/?cid=1324712036309417711&g_mp=Cidnb29nbGUubWFwcy5wbGFjZXMudjEuUGxhY2VzLlNlYXJjaFRleHQQAhgEIAA,yoga_studio,OPERATIONAL,"Importado desde Google Maps
Tipo: Centro de yoga
Dirección: Carrer de Sant Feliu, 3, Centre, 07012 Palma, Illes Balears
Web: https://mallorcayoga.se/
Maps: https://maps.google.com/?cid=1324712036309417711&g_mp=Cidnb29nbGUubWFwcy5wbGFjZXMudjEuUGxhY2VzLlNlYXJjaFRleHQQAhgEIAA"
cmpcytyrh00zjih9uh4y49ylo,YOGA VITAL,,649 01 27 28,YOGA VITAL,,España,google-maps,atleevoyoga,NUEVO,MEDIA,,,2026-05-19T18:27:47.645Z,2026-05-19T18:27:47.645Z,,"Carrer de Niceto Alcalá Zamora, 44, Ponent, 07013 Palma, Illes Balears",Mallorca,5,160,https://maps.google.com/?cid=1247705679967570826&g_mp=Cidnb29nbGUubWFwcy5wbGFjZXMudjEuUGxhY2VzLlNlYXJjaFRleHQQAhgEIAA,yoga_studio,OPERATIONAL,"Importado desde Google Maps
Tipo: Centro de yoga
Dirección: Carrer de Niceto Alcalá Zamora, 44, Ponent, 07013 Palma, Illes Balears
Google: 5⭐ (160 reseñas)
Maps: https://maps.google.com/?cid=1247705679967570826&g_mp=Cidnb29nbGUubWFwcy5wbGFjZXMudjEuUGxhY2VzLlNlYXJjaFRleHQQAhgEIAA"
cmpcytz0i00zkih9u9ajku1ej,INTER[ ]SPACE YOGA,,662 28 94 82,INTER[ ]SPACE YOGA,,España,google-maps,atleevoyoga,NUEVO,MEDIA,,,2026-05-19T18:27:47.970Z,2026-05-19T18:27:47.970Z,https://interspaceyoga.com/,"Carrer d'En Morei, 8, BJS IZ, Centre, 07001 Palma, Illes Balears",Mallorca,5,3,https://maps.google.com/?cid=11361119624559302589&g_mp=Cidnb29nbGUubWFwcy5wbGFjZXMudjEuUGxhY2VzLlNlYXJjaFRleHQQAhgEIAA,yoga_studio,OPERATIONAL,"Importado desde Google Maps
Tipo: Centro de yoga
Dirección: Carrer d'En Morei, 8, BJS IZ, Centre, 07001 Palma, Illes Balears
Google: 5⭐ (3 reseñas)
Web: https://interspaceyoga.com/
Maps: https://maps.google.com/?cid=11361119624559302589&g_mp=Cidnb29nbGUubWFwcy5wbGFjZXMudjEuUGxhY2VzLlNlYXJjaFRleHQQAhgEIAA"
cmpcytz9q00zlih9utno1vhvf,Saucha Soul Yoga,,680 51 73 35,Saucha Soul Yoga,,España,google-maps,atleevoyoga,NUEVO,MEDIA,,,2026-05-19T18:27:48.302Z,2026-05-19T18:27:48.302Z,https://sauchasoulyoga.com/,"Carrer Fra Lluis Jaume Vallespir, 10, Nord, 07004 Palma, Illes Balears",Mallorca,5,23,https://maps.google.com/?cid=911083552242360913&g_mp=Cidnb29nbGUubWFwcy5wbGFjZXMudjEuUGxhY2VzLlNlYXJjaFRleHQQAhgEIAA,,OPERATIONAL,"Importado desde Google Maps
Dirección: Carrer Fra Lluis Jaume Vallespir, 10, Nord, 07004 Palma, Illes Balears
Google: 5⭐ (23 reseñas)
Web: https://sauchasoulyoga.com/
Maps: https://maps.google.com/?cid=911083552242360913&g_mp=Cidnb29nbGUubWFwcy5wbGFjZXMudjEuUGxhY2VzLlNlYXJjaFRleHQQAhgEIAA"
cmpcytziu00zmih9ujjwbn5t1,Guaret Yoga - Illes Balears,,617 14 07 53,Guaret Yoga - Illes Balears,,España,google-maps,atleevoyoga,NUEVO,MEDIA,,,2026-05-19T18:27:48.630Z,2026-05-19T18:27:48.630Z,https://www.instagram.com/guaret.mallorca/,"Carrer Blau, 11a, Platja de Palma i Pla de Sant Jordi, 07007 Coll den Rabassa, Illes Balears",Mallorca,5,50,https://maps.google.com/?cid=13377962055070459794&g_mp=Cidnb29nbGUubWFwcy5wbGFjZXMudjEuUGxhY2VzLlNlYXJjaFRleHQQAhgEIAA,yoga_studio,OPERATIONAL,"Importado desde Google Maps
Tipo: Centro de yoga
Dirección: Carrer Blau, 11a, Platja de Palma i Pla de Sant Jordi, 07007 Coll den Rabassa, Illes Balears
Google: 5⭐ (50 reseñas)
Web: https://www.instagram.com/guaret.mallorca/
Maps: https://maps.google.com/?cid=13377962055070459794&g_mp=Cidnb29nbGUubWFwcy5wbGFjZXMudjEuUGxhY2VzLlNlYXJjaFRleHQQAhgEIAA"
cmpcytzry00znih9u2j89tc5c,YOGA MALLORCA BJJ,,653 10 60 45,YOGA MALLORCA BJJ,,España,google-maps,atleevoyoga,NUEVO,MEDIA,,,2026-05-19T18:27:48.959Z,2026-05-19T18:27:48.959Z,,"Carrer d'Alòs, 20, Ponent, 07011 Palma, Illes Balears",Mallorca,5,3,https://maps.google.com/?cid=163515067194267005&g_mp=Cidnb29nbGUubWFwcy5wbGFjZXMudjEuUGxhY2VzLlNlYXJjaFRleHQQAhgEIAA,yoga_studio,OPERATIONAL,"Importado desde Google Maps
Tipo: Centro de yoga
Dirección: Carrer d'Alòs, 20, Ponent, 07011 Palma, Illes Balears
Google: 5⭐ (3 reseñas)
Maps: https://maps.google.com/?cid=163515067194267005&g_mp=Cidnb29nbGUubWFwcy5wbGFjZXMudjEuUGxhY2VzLlNlYXJjaFRleHQQAhgEIAA"
cmpcyu01000zoih9uqc9nq98x,Abhyasa Yoga & Entrenamiento,,613 00 38 00,Abhyasa Yoga & Entrenamiento,,España,google-maps,atleevoyoga,NUEVO,MEDIA,,,2026-05-19T18:27:49.285Z,2026-05-19T18:27:49.285Z,https://www.abhyasa.es/,"Carrer Bisbe Cabanelles, 50, Llevant, 07005 Palma, Illes Balears",Mallorca,4.9,54,https://maps.google.com/?cid=197230319977300700&g_mp=Cidnb29nbGUubWFwcy5wbGFjZXMudjEuUGxhY2VzLlNlYXJjaFRleHQQAhgEIAA,yoga_studio,OPERATIONAL,"Importado desde Google Maps
Tipo: Centro de yoga
Dirección: Carrer Bisbe Cabanelles, 50, Llevant, 07005 Palma, Illes Balears
Google: 4.9⭐ (54 reseñas)
Web: https://www.abhyasa.es/
Maps: https://maps.google.com/?cid=197230319977300700&g_mp=Cidnb29nbGUubWFwcy5wbGFjZXMudjEuUGxhY2VzLlNlYXJjaFRleHQQAhgEIAA"
cmpcyu0bi00zpih9u4qma5yi6,Little Yoga Studio,,667 54 49 78,Little Yoga Studio,,España,google-maps,atleevoyoga,NUEVO,MEDIA,,,2026-05-19T18:27:49.662Z,2026-05-19T18:27:49.662Z,,"Carrer d'Álvaro de Bazán, 35, Ponent, 07014 Palma, Illes Balears",Mallorca,,,https://maps.google.com/?cid=10782978895341203567&g_mp=Cidnb29nbGUubWFwcy5wbGFjZXMudjEuUGxhY2VzLlNlYXJjaFRleHQQAhgEIAA,yoga_studio,OPERATIONAL,"Importado desde Google Maps
Tipo: Centro de yoga
Dirección: Carrer d'Álvaro de Bazán, 35, Ponent, 07014 Palma, Illes Balears
Maps: https://maps.google.com/?cid=10782978895341203567&g_mp=Cidnb29nbGUubWFwcy5wbGFjZXMudjEuUGxhY2VzLlNlYXJjaFRleHQQAhgEIAA"
cmpcyu0ku00zqih9u86xxspdw,DHARMA YOGA STUDIO MALLORCA,,629 73 38 33,DHARMA YOGA STUDIO MALLORCA,,España,google-maps,atleevoyoga,NUEVO,MEDIA,,,2026-05-19T18:27:49.998Z,2026-05-19T18:27:49.998Z,http://dharmayogamallorca.com/,"Carrer de l` Ametler, 1, 07600 Son Verí Nou, Illes Balears",Mallorca,5,25,https://maps.google.com/?cid=16304851854682443513&g_mp=Cidnb29nbGUubWFwcy5wbGFjZXMudjEuUGxhY2VzLlNlYXJjaFRleHQQAhgEIAA,yoga_studio,OPERATIONAL,"Importado desde Google Maps
Tipo: Centro de yoga
Dirección: Carrer de l` Ametler, 1, 07600 Son Verí Nou, Illes Balears
Google: 5⭐ (25 reseñas)
Web: http://dharmayogamallorca.com/
Maps: https://maps.google.com/?cid=16304851854682443513&g_mp=Cidnb29nbGUubWFwcy5wbGFjZXMudjEuUGxhY2VzLlNlYXJjaFRleHQQAhgEIAA"
cmpcyu0tw00zrih9uwhfco3sn,Mysore House Mallorca,,663 21 86 38,Mysore House Mallorca,,España,google-maps,atleevoyoga,NUEVO,MEDIA,,,2026-05-19T18:27:50.324Z,2026-05-19T18:27:50.324Z,http://www.mysorehousemallorca.com/,"Carrer de Villalonga, 41, Ponent, 07013 Palma, Illes Balears",Mallorca,4.8,53,https://maps.google.com/?cid=6862915639872246452&g_mp=Cidnb29nbGUubWFwcy5wbGFjZXMudjEuUGxhY2VzLlNlYXJjaFRleHQQAhgEIAA,yoga_studio,OPERATIONAL,"Importado desde Google Maps
Tipo: Centro de yoga
Dirección: Carrer de Villalonga, 41, Ponent, 07013 Palma, Illes Balears
Google: 4.8⭐ (53 reseñas)
Web: http://www.mysorehousemallorca.com/
Maps: https://maps.google.com/?cid=6862915639872246452&g_mp=Cidnb29nbGUubWFwcy5wbGFjZXMudjEuUGxhY2VzLlNlYXJjaFRleHQQAhgEIAA"
cmpcyu13500zsih9unxnzrx1l,Narada Yoga & Ayurveda,,,Narada Yoga & Ayurveda,,España,google-maps,atleevoyoga,NUEVO,MEDIA,,,2026-05-19T18:27:50.657Z,2026-05-19T18:27:50.657Z,,"Carrer de Jeroni Alemany, 24, Ponent, 07011 Palma, Illes Balears",Mallorca,5,12,https://maps.google.com/?cid=5626197914588612742&g_mp=Cidnb29nbGUubWFwcy5wbGFjZXMudjEuUGxhY2VzLlNlYXJjaFRleHQQAhgEIAA,yoga_studio,OPERATIONAL,"Importado desde Google Maps
Tipo: Centro de yoga
Dirección: Carrer de Jeroni Alemany, 24, Ponent, 07011 Palma, Illes Balears
Google: 5⭐ (12 reseñas)
Maps: https://maps.google.com/?cid=5626197914588612742&g_mp=Cidnb29nbGUubWFwcy5wbGFjZXMudjEuUGxhY2VzLlNlYXJjaFRleHQQAhgEIAA"
cmpcyu1cc00ztih9u04q6c23s,"Gyana - Yoga, Meditation & Thai Yoga Massage Mallorca",,674 42 20 35,"Gyana - Yoga, Meditation & Thai Yoga Massage Mallorca",,España,google-maps,atleevoyoga,NUEVO,MEDIA,,,2026-05-19T18:27:50.989Z,2026-05-19T18:27:50.989Z,https://gyana-yoga.com/de/,"Carrer Cortecera, 26b, Platja de Palma i Pla de Sant Jordi, 07006 Palma, Illes Balears",Mallorca,5,17,https://maps.google.com/?cid=12019219612078265267&g_mp=Cidnb29nbGUubWFwcy5wbGFjZXMudjEuUGxhY2VzLlNlYXJjaFRleHQQAhgEIAA,yoga_studio,OPERATIONAL,"Importado desde Google Maps
Tipo: Centro de yoga
Dirección: Carrer Cortecera, 26b, Platja de Palma i Pla de Sant Jordi, 07006 Palma, Illes Balears
Google: 5⭐ (17 reseñas)
Web: https://gyana-yoga.com/de/
Maps: https://maps.google.com/?cid=12019219612078265267&g_mp=Cidnb29nbGUubWFwcy5wbGFjZXMudjEuUGxhY2VzLlNlYXJjaFRleHQQAhgEIAA"
cmpcyu1lt00zuih9ubxrolxq6,Pilates Plus by Silvia Guidi de Knappe,,665 88 31 13,Pilates Plus by Silvia Guidi de Knappe,,España,google-maps,atleevoyoga,NUEVO,MEDIA,,,2026-05-19T18:27:51.330Z,2026-05-19T18:27:51.330Z,https://pilatesplus.international/,"Carrer Gral. Ricardo Ortega, 4, Llevant, 07006 Palma, Illes Balears",Mallorca,5,310,https://maps.google.com/?cid=15272523566733997564&g_mp=Cidnb29nbGUubWFwcy5wbGFjZXMudjEuUGxhY2VzLlNlYXJjaFRleHQQAhgEIAA,gym,OPERATIONAL,"Importado desde Google Maps
Tipo: Gimnasio
Dirección: Carrer Gral. Ricardo Ortega, 4, Llevant, 07006 Palma, Illes Balears
Google: 5⭐ (310 reseñas)
Web: https://pilatesplus.international/
Maps: https://maps.google.com/?cid=15272523566733997564&g_mp=Cidnb29nbGUubWFwcy5wbGFjZXMudjEuUGxhY2VzLlNlYXJjaFRleHQQAhgEIAA"
cmpcyu1vn00zvih9umkvtddr6,Centro de Yoga Anapranayoga,,649 11 44 31,Centro de Yoga Anapranayoga,,España,google-maps,atleevoyoga,NUEVO,MEDIA,,,2026-05-19T18:27:51.683Z,2026-05-19T18:27:51.683Z,http://www.anapranayoga.com/,"Carrer Can Foradi, 3 Travesía calle Aragón, Zona, Carrer de Son Fuster Nou, Llevant, 07009 Palma, Illes Balears",Mallorca,4.8,20,https://maps.google.com/?cid=16167825143423342485&g_mp=Cidnb29nbGUubWFwcy5wbGFjZXMudjEuUGxhY2VzLlNlYXJjaFRleHQQAhgEIAA,yoga_studio,OPERATIONAL,"Importado desde Google Maps
Tipo: Centro de yoga
Dirección: Carrer Can Foradi, 3 Travesía calle Aragón, Zona, Carrer de Son Fuster Nou, Llevant, 07009 Palma, Illes Balears
Google: 4.8⭐ (20 reseñas)
Web: http://www.anapranayoga.com/
Maps: https://maps.google.com/?cid=16167825143423342485&g_mp=Cidnb29nbGUubWFwcy5wbGFjZXMudjEuUGxhY2VzLlNlYXJjaFRleHQQAhgEIAA"
cmpcyu24m00zwih9ulg4c6tys,Anahata Yoga Palma,,654 96 71 53,Anahata Yoga Palma,,España,google-maps,atleevoyoga,NUEVO,MEDIA,,,2026-05-19T18:27:52.007Z,2026-05-19T18:27:52.007Z,https://www.anahatayogalife.com/,"Carrer de Pou, 16, Ponent, 07013 Palma, Illes Balears",Mallorca,5,13,https://maps.google.com/?cid=17546864794325885090&g_mp=Cidnb29nbGUubWFwcy5wbGFjZXMudjEuUGxhY2VzLlNlYXJjaFRleHQQAhgEIAA,,OPERATIONAL,"Importado desde Google Maps
Dirección: Carrer de Pou, 16, Ponent, 07013 Palma, Illes Balears
Google: 5⭐ (13 reseñas)
Web: https://www.anahatayogalife.com/
Maps: https://maps.google.com/?cid=17546864794325885090&g_mp=Cidnb29nbGUubWFwcy5wbGFjZXMudjEuUGxhY2VzLlNlYXJjaFRleHQQAhgEIAA"
cmpcyu2ej00zxih9ujokc00yr,Govinda Yoga,,971 20 00 13,Govinda Yoga,,España,google-maps,atleevoyoga,NUEVO,MEDIA,,,2026-05-19T18:27:52.363Z,2026-05-19T18:27:52.363Z,http://www.govindayoga.es/,"Carrer del Pare Bartomeu Pou, 23, Nord, 07003 Palma, Illes Balears",Mallorca,4.7,54,https://maps.google.com/?cid=949420994075243903&g_mp=Cidnb29nbGUubWFwcy5wbGFjZXMudjEuUGxhY2VzLlNlYXJjaFRleHQQAhgEIAA,yoga_studio,OPERATIONAL,"Importado desde Google Maps
Tipo: Centro de yoga
Dirección: Carrer del Pare Bartomeu Pou, 23, Nord, 07003 Palma, Illes Balears
Google: 4.7⭐ (54 reseñas)
Web: http://www.govindayoga.es/
Maps: https://maps.google.com/?cid=949420994075243903&g_mp=Cidnb29nbGUubWFwcy5wbGFjZXMudjEuUGxhY2VzLlNlYXJjaFRleHQQAhgEIAA"
cmpcyu2nk00zyih9ud0w4wnya,Aerial Zone studio · Yoga Aéreo,,602 41 38 81,Aerial Zone studio · Yoga Aéreo,,España,google-maps,atleevoyoga,NUEVO,MEDIA,,,2026-05-19T18:27:52.688Z,2026-05-19T18:27:52.688Z,https://beacons.ai/taniaaz,"Trva.de Jesús, 3, B, Norte, 07011 Palma, Illes Balears",Mallorca,4.9,12,https://maps.google.com/?cid=6435159076703640415&g_mp=Cidnb29nbGUubWFwcy5wbGFjZXMudjEuUGxhY2VzLlNlYXJjaFRleHQQAhgEIAA,yoga_studio,OPERATIONAL,"Importado desde Google Maps
Tipo: Centro de yoga
Dirección: Trva.de Jesús, 3, B, Norte, 07011 Palma, Illes Balears
Google: 4.9⭐ (12 reseñas)
Web: https://beacons.ai/taniaaz
Maps: https://maps.google.com/?cid=6435159076703640415&g_mp=Cidnb29nbGUubWFwcy5wbGFjZXMudjEuUGxhY2VzLlNlYXJjaFRleHQQAhgEIAA"
cmpcyu2wh00zzih9uxgz4cb2v,Yoga Seeds of Love - Yoga para niños,,697 40 42 28,Yoga Seeds of Love - Yoga para niños,,España,google-maps,atleevoyoga,NUEVO,MEDIA,,,2026-05-19T18:27:53.010Z,2026-05-19T18:27:53.010Z,http://www.yogaseedsoflove.com/,"Carrer del Bisbe Massanet, Llevant, 07005 Palma, Illes Balears",Mallorca,4.9,14,https://maps.google.com/?cid=11650652130227851545&g_mp=Cidnb29nbGUubWFwcy5wbGFjZXMudjEuUGxhY2VzLlNlYXJjaFRleHQQAhgEIAA,yoga_studio,OPERATIONAL,"Importado desde Google Maps
Tipo: Centro de yoga
Dirección: Carrer del Bisbe Massanet, Llevant, 07005 Palma, Illes Balears
Google: 4.9⭐ (14 reseñas)
Web: http://www.yogaseedsoflove.com/
Maps: https://maps.google.com/?cid=11650652130227851545&g_mp=Cidnb29nbGUubWFwcy5wbGFjZXMudjEuUGxhY2VzLlNlYXJjaFRleHQQAhgEIAA"
cmpcyu35h0100ih9utexc3iqi,UN Yoga,,661 53 23 82,UN Yoga,,España,google-maps,atleevoyoga,NUEVO,MEDIA,,,2026-05-19T18:27:53.334Z,2026-05-19T18:27:53.334Z,https://www.unpalma.com/,"Carrer de Joan de Cremona, 4, Centre, 07014 Palma, Illes Balears",Mallorca,5,10,https://maps.google.com/?cid=11411787768494235573&g_mp=Cidnb29nbGUubWFwcy5wbGFjZXMudjEuUGxhY2VzLlNlYXJjaFRleHQQAhgEIAA,yoga_studio,OPERATIONAL,"Importado desde Google Maps
Tipo: Centro de yoga
Dirección: Carrer de Joan de Cremona, 4, Centre, 07014 Palma, Illes Balears
Google: 5⭐ (10 reseñas)
Web: https://www.unpalma.com/
Maps: https://maps.google.com/?cid=11411787768494235573&g_mp=Cidnb29nbGUubWFwcy5wbGFjZXMudjEuUGxhY2VzLlNlYXJjaFRleHQQAhgEIAA"
cmpcyu3fs0101ih9uj6jl3cvy,El Rincón de Sol,,620 32 62 35,El Rincón de Sol,,España,google-maps,atleevoyoga,NUEVO,MEDIA,,,2026-05-19T18:27:53.705Z,2026-05-19T18:27:53.705Z,http://www.elrincondesolonline.com/,"Carrer de Pascual Ribot, 6, Ponent, 07011 Palma, Illes Balears",Mallorca,4.8,39,https://maps.google.com/?cid=12723806433337570811&g_mp=Cidnb29nbGUubWFwcy5wbGFjZXMudjEuUGxhY2VzLlNlYXJjaFRleHQQAhgEIAA,yoga_studio,OPERATIONAL,"Importado desde Google Maps
Tipo: Centro de yoga
Dirección: Carrer de Pascual Ribot, 6, Ponent, 07011 Palma, Illes Balears
Google: 4.8⭐ (39 reseñas)
Web: http://www.elrincondesolonline.com/
Maps: https://maps.google.com/?cid=12723806433337570811&g_mp=Cidnb29nbGUubWFwcy5wbGFjZXMudjEuUGxhY2VzLlNlYXJjaFRleHQQAhgEIAA"
cmpcyu3p40102ih9uirvk8nsr,Oceandream Yoga,,,Oceandream Yoga,,España,google-maps,atleevoyoga,NUEVO,MEDIA,,,2026-05-19T18:27:54.040Z,2026-05-19T18:27:54.040Z,,"Carrer Manuel Sanchis Guarner, 10, 3º puerta 1, Nord, 07004 Palma, Illes Balears",Mallorca,5,2,https://maps.google.com/?cid=5059809489829527119&g_mp=Cidnb29nbGUubWFwcy5wbGFjZXMudjEuUGxhY2VzLlNlYXJjaFRleHQQAhgEIAA,yoga_studio,OPERATIONAL,"Importado desde Google Maps
Tipo: Centro de yoga
Dirección: Carrer Manuel Sanchis Guarner, 10, 3º puerta 1, Nord, 07004 Palma, Illes Balears
Google: 5⭐ (2 reseñas)
Maps: https://maps.google.com/?cid=5059809489829527119&g_mp=Cidnb29nbGUubWFwcy5wbGFjZXMudjEuUGxhY2VzLlNlYXJjaFRleHQQAhgEIAA"
cmpcyu3ya0103ih9u9js6vh9e,Natural studio,,680 39 55 17,Natural studio,,España,google-maps,atleevoyoga,NUEVO,MEDIA,,,2026-05-19T18:27:54.370Z,2026-05-19T18:27:54.370Z,https://naturalstudiopalma.com/,"Ctra. de Sóller, km4 n, 11, Nord, 07009 Palma, Illes Balears",Mallorca,5,23,https://maps.google.com/?cid=18232140816991865566&g_mp=Cidnb29nbGUubWFwcy5wbGFjZXMudjEuUGxhY2VzLlNlYXJjaFRleHQQAhgEIAA,gym,OPERATIONAL,"Importado desde Google Maps
Tipo: Gimnasio
Dirección: Ctra. de Sóller, km4 n, 11, Nord, 07009 Palma, Illes Balears
Google: 5⭐ (23 reseñas)
Web: https://naturalstudiopalma.com/
Maps: https://maps.google.com/?cid=18232140816991865566&g_mp=Cidnb29nbGUubWFwcy5wbGFjZXMudjEuUGxhY2VzLlNlYXJjaFRleHQQAhgEIAA"
cmpcyu4790104ih9u88h0sgdx,Centro de Yoga Iyengar Iván Castell,,679 55 66 44,Centro de Yoga Iyengar Iván Castell,,España,google-maps,atleevoyoga,NUEVO,MEDIA,,,2026-05-19T18:27:54.693Z,2026-05-19T18:27:54.693Z,http://www.yogapalma.com/,"Carrer de Velázquez, 4, Centre, 07002 Palma, Illes Balears",Mallorca,4.9,15,https://maps.google.com/?cid=7822097737686579020&g_mp=Cidnb29nbGUubWFwcy5wbGFjZXMudjEuUGxhY2VzLlNlYXJjaFRleHQQAhgEIAA,yoga_studio,OPERATIONAL,"Importado desde Google Maps
Tipo: Centro de yoga
Dirección: Carrer de Velázquez, 4, Centre, 07002 Palma, Illes Balears
Google: 4.9⭐ (15 reseñas)
Web: http://www.yogapalma.com/
Maps: https://maps.google.com/?cid=7822097737686579020&g_mp=Cidnb29nbGUubWFwcy5wbGFjZXMudjEuUGxhY2VzLlNlYXJjaFRleHQQAhgEIAA"
cmpcyu4gk0105ih9ug13vu15m,Abhyasa El Terreno,,613 00 38 00,Abhyasa El Terreno,,España,google-maps,atleevoyoga,NUEVO,MEDIA,,,2026-05-19T18:27:55.028Z,2026-05-19T18:27:55.028Z,https://www.abhyasa.es/,"Av. Joan Miró, 38, Local 5, Ponent, 07014 Palma, Illes Balears",Mallorca,5,10,https://maps.google.com/?cid=14955675404664101156&g_mp=Cidnb29nbGUubWFwcy5wbGFjZXMudjEuUGxhY2VzLlNlYXJjaFRleHQQAhgEIAA,yoga_studio,OPERATIONAL,"Importado desde Google Maps
Tipo: Centro de yoga
Dirección: Av. Joan Miró, 38, Local 5, Ponent, 07014 Palma, Illes Balears
Google: 5⭐ (10 reseñas)
Web: https://www.abhyasa.es/
Maps: https://maps.google.com/?cid=14955675404664101156&g_mp=Cidnb29nbGUubWFwcy5wbGFjZXMudjEuUGxhY2VzLlNlYXJjaFRleHQQAhgEIAA"
cmpcyu4pr0106ih9uhsnw99li,Espai Kínesis centro pilates & osteopatia,,656 51 82 85,Espai Kínesis centro pilates & osteopatia,,España,google-maps,atleevoyoga,NUEVO,MEDIA,,,2026-05-19T18:27:55.360Z,2026-05-19T18:27:55.360Z,https://sites.google.com/view/espaikinesis/inicio,"C/ de Pons y Gallarza, 50, bajos, Norte, 07004 Palma, Illes Balears",Mallorca,5,58,https://maps.google.com/?cid=10772510201280147985&g_mp=Cidnb29nbGUubWFwcy5wbGFjZXMudjEuUGxhY2VzLlNlYXJjaFRleHQQAhgEIAA,gym,OPERATIONAL,"Importado desde Google Maps
Tipo: Gimnasio
Dirección: C/ de Pons y Gallarza, 50, bajos, Norte, 07004 Palma, Illes Balears
Google: 5⭐ (58 reseñas)
Web: https://sites.google.com/view/espaikinesis/inicio
Maps: https://maps.google.com/?cid=10772510201280147985&g_mp=Cidnb29nbGUubWFwcy5wbGFjZXMudjEuUGxhY2VzLlNlYXJjaFRleHQQAhgEIAA"
cmpcyu4z30107ih9utlgbydd2,Estudio Pilates Palma,,687 78 66 09,Estudio Pilates Palma,,España,google-maps,atleevoyoga,NUEVO,MEDIA,,,2026-05-19T18:27:55.696Z,2026-05-19T18:27:55.696Z,https://www.estudiopilatespalma.com/,"Av. de Jaume III, 26, Entresuelo 2º, Centre, 07012 Palma, Illes Balears",Mallorca,4.9,55,https://maps.google.com/?cid=1920478318726201253&g_mp=Cidnb29nbGUubWFwcy5wbGFjZXMudjEuUGxhY2VzLlNlYXJjaFRleHQQAhgEIAA,gym,OPERATIONAL,"Importado desde Google Maps
Tipo: Gimnasio
Dirección: Av. de Jaume III, 26, Entresuelo 2º, Centre, 07012 Palma, Illes Balears
Google: 4.9⭐ (55 reseñas)
Web: https://www.estudiopilatespalma.com/
Maps: https://maps.google.com/?cid=1920478318726201253&g_mp=Cidnb29nbGUubWFwcy5wbGFjZXMudjEuUGxhY2VzLlNlYXJjaFRleHQQAhgEIAA"
cmpcyu58a0108ih9u3g1oec3x,FIT.IT.WOMAN PILATES,,669 03 62 69,FIT.IT.WOMAN PILATES,,España,google-maps,atleevoyoga,NUEVO,MEDIA,,,2026-05-19T18:27:56.027Z,2026-05-19T18:27:56.027Z,https://fititwoman.com/,"Carrer Femenies, 37, local 1, Ponent, 07013 Palma, Illes Balears",Mallorca,5,201,https://maps.google.com/?cid=3423883876381898018&g_mp=Cidnb29nbGUubWFwcy5wbGFjZXMudjEuUGxhY2VzLlNlYXJjaFRleHQQAhgEIAA,gym,OPERATIONAL,"Importado desde Google Maps
Tipo: Gimnasio
Dirección: Carrer Femenies, 37, local 1, Ponent, 07013 Palma, Illes Balears
Google: 5⭐ (201 reseñas)
Web: https://fititwoman.com/
Maps: https://maps.google.com/?cid=3423883876381898018&g_mp=Cidnb29nbGUubWFwcy5wbGFjZXMudjEuUGxhY2VzLlNlYXJjaFRleHQQAhgEIAA"
cmpcyu5hf0109ih9ugwoyg7nl,Yoga con Alexia 🧘,,646 26 91 60,Yoga con Alexia 🧘,,España,google-maps,atleevoyoga,NUEVO,MEDIA,,,2026-05-19T18:27:56.355Z,2026-05-19T18:27:56.355Z,https://www.yogaconalexia.com/,"en Centro Harmony, Carrer de l'Emperadriu Eugènia, 1, Nord, 07010 Palma, Illes Balears",Mallorca,5,4,https://maps.google.com/?cid=9657202801339748633&g_mp=Cidnb29nbGUubWFwcy5wbGFjZXMudjEuUGxhY2VzLlNlYXJjaFRleHQQAhgEIAA,yoga_studio,OPERATIONAL,"Importado desde Google Maps
Tipo: Centro de yoga
Dirección: en Centro Harmony, Carrer de l'Emperadriu Eugènia, 1, Nord, 07010 Palma, Illes Balears
Google: 5⭐ (4 reseñas)
Web: https://www.yogaconalexia.com/
Maps: https://maps.google.com/?cid=9657202801339748633&g_mp=Cidnb29nbGUubWFwcy5wbGFjZXMudjEuUGxhY2VzLlNlYXJjaFRleHQQAhgEIAA"
cmpcyu5r8010aih9uar9jkjgf,YogaOne Arxiduc,,604 97 70 93,YogaOne Arxiduc,,España,google-maps,atleevoyoga,NUEVO,MEDIA,,,2026-05-19T18:27:56.709Z,2026-05-19T18:27:56.709Z,https://www.yogaone.es/es/arxiduc,"Carrer Arxiduc Lluís Salvador, 32, Nord, 07004 Palma, Illes Balears",Mallorca,4.9,47,https://maps.google.com/?cid=12644604913009745744&g_mp=Cidnb29nbGUubWFwcy5wbGFjZXMudjEuUGxhY2VzLlNlYXJjaFRleHQQAhgEIAA,yoga_studio,OPERATIONAL,"Importado desde Google Maps
Tipo: Centro de yoga
Dirección: Carrer Arxiduc Lluís Salvador, 32, Nord, 07004 Palma, Illes Balears
Google: 4.9⭐ (47 reseñas)
Web: https://www.yogaone.es/es/arxiduc
Maps: https://maps.google.com/?cid=12644604913009745744&g_mp=Cidnb29nbGUubWFwcy5wbGFjZXMudjEuUGxhY2VzLlNlYXJjaFRleHQQAhgEIAA"
cmpcyu60a010bih9u368mlg0f,Ling Tai Mallorca,,971 72 58 36,Ling Tai Mallorca,,España,google-maps,atleevoyoga,NUEVO,MEDIA,,,2026-05-19T18:27:57.034Z,2026-05-19T18:27:57.034Z,https://lingtaimallorca.com/,"Carrer de Bartomeu Llull, 6, Nord, 07010 Palma, Illes Balears",Mallorca,4.8,23,https://maps.google.com/?cid=5137028747700208935&g_mp=Cidnb29nbGUubWFwcy5wbGFjZXMudjEuUGxhY2VzLlNlYXJjaFRleHQQAhgEIAA,yoga_studio,OPERATIONAL,"Importado desde Google Maps
Tipo: Centro de yoga
Dirección: Carrer de Bartomeu Llull, 6, Nord, 07010 Palma, Illes Balears
Google: 4.8⭐ (23 reseñas)
Web: https://lingtaimallorca.com/
Maps: https://maps.google.com/?cid=5137028747700208935&g_mp=Cidnb29nbGUubWFwcy5wbGFjZXMudjEuUGxhY2VzLlNlYXJjaFRleHQQAhgEIAA"
cmpcyu69a010cih9u7hu5zo8l,S'espai 6 pilates & yoga studio,,622 36 66 06,S'espai 6 pilates & yoga studio,,España,google-maps,atleevoyoga,NUEVO,MEDIA,,,2026-05-19T18:27:57.359Z,2026-05-19T18:27:57.359Z,http://www.sespai6.com/,"C/ Manuel Carrascosa, 6 1st, Polígon Son Angelats, 07100 Sóller, Illes Balears",Mallorca,4.9,31,https://maps.google.com/?cid=6747340183598433722&g_mp=Cidnb29nbGUubWFwcy5wbGFjZXMudjEuUGxhY2VzLlNlYXJjaFRleHQQAhgEIAA,yoga_studio,OPERATIONAL,"Importado desde Google Maps
Tipo: Centro de yoga
Dirección: C/ Manuel Carrascosa, 6 1st, Polígon Son Angelats, 07100 Sóller, Illes Balears
Google: 4.9⭐ (31 reseñas)
Web: http://www.sespai6.com/
Maps: https://maps.google.com/?cid=6747340183598433722&g_mp=Cidnb29nbGUubWFwcy5wbGFjZXMudjEuUGxhY2VzLlNlYXJjaFRleHQQAhgEIAA"
cmpcyu6j4010dih9umz177doc,RA MA Institute Mallorca,,971 22 25 80,RA MA Institute Mallorca,,España,google-maps,atleevoyoga,NUEVO,MEDIA,,,2026-05-19T18:27:57.712Z,2026-05-19T18:27:57.712Z,http://ramayogainstitute.com/mallorca/,"Carrer de Despuig, 51, Ponent, 07013 Palma, Illes Balears",Mallorca,4.3,26,https://maps.google.com/?cid=152475383825816742&g_mp=Cidnb29nbGUubWFwcy5wbGFjZXMudjEuUGxhY2VzLlNlYXJjaFRleHQQAhgEIAA,yoga_studio,OPERATIONAL,"Importado desde Google Maps
Tipo: Centro de yoga
Dirección: Carrer de Despuig, 51, Ponent, 07013 Palma, Illes Balears
Google: 4.3⭐ (26 reseñas)
Web: http://ramayogainstitute.com/mallorca/
Maps: https://maps.google.com/?cid=152475383825816742&g_mp=Cidnb29nbGUubWFwcy5wbGFjZXMudjEuUGxhY2VzLlNlYXJjaFRleHQQAhgEIAA"
cmpcyu6s1010eih9ugtdyvwz1,Breathspiration | Creative Yoga Retreats in Mallorca and the Mediterranean,,625 29 27 51,Breathspiration | Creative Yoga Retreats in Mallorca and the Mediterranean,,España,google-maps,atleevoyoga,NUEVO,MEDIA,,,2026-05-19T18:27:58.034Z,2026-05-19T18:27:58.034Z,https://www.breathspiration.com/,"Carrer Ample de la Mercè, 22, Centre, 07002 Palma, Illes Balears",Mallorca,5,39,https://maps.google.com/?cid=4590518941960206584&g_mp=Cidnb29nbGUubWFwcy5wbGFjZXMudjEuUGxhY2VzLlNlYXJjaFRleHQQAhgEIAA,travel_agency,OPERATIONAL,"Importado desde Google Maps
Tipo: Agencia de viajes
Dirección: Carrer Ample de la Mercè, 22, Centre, 07002 Palma, Illes Balears
Google: 5⭐ (39 reseñas)
Web: https://www.breathspiration.com/
Maps: https://maps.google.com/?cid=4590518941960206584&g_mp=Cidnb29nbGUubWFwcy5wbGFjZXMudjEuUGxhY2VzLlNlYXJjaFRleHQQAhgEIAA"
cmpcyu71b010fih9u4vb2gy98,Ademas Yoga,,633 70 57 83,Ademas Yoga,,España,google-maps,atleevoyoga,NUEVO,MEDIA,,,2026-05-19T18:27:58.367Z,2026-05-19T18:27:58.367Z,http://www.ademasyoga.com/,"Carrer de Beethoven, 17A, Llevant, 07008 Palma, Illes Balears",Mallorca,5,10,https://maps.google.com/?cid=6827864899103420387&g_mp=Cidnb29nbGUubWFwcy5wbGFjZXMudjEuUGxhY2VzLlNlYXJjaFRleHQQAhgEIAA,yoga_studio,OPERATIONAL,"Importado desde Google Maps
Tipo: Centro de yoga
Dirección: Carrer de Beethoven, 17A, Llevant, 07008 Palma, Illes Balears
Google: 5⭐ (10 reseñas)
Web: http://www.ademasyoga.com/
Maps: https://maps.google.com/?cid=6827864899103420387&g_mp=Cidnb29nbGUubWFwcy5wbGFjZXMudjEuUGxhY2VzLlNlYXJjaFRleHQQAhgEIAA"
cmpcyu7am010gih9uyzcq3xwb,Health and Fun Yoga Molinar,,,Health and Fun Yoga Molinar,,España,google-maps,atleevoyoga,NUEVO,MEDIA,,,2026-05-19T18:27:58.703Z,2026-05-19T18:27:58.703Z,,"Carrer del Golf de Biscaia, 2, Platja de Palma i Pla de Sant Jordi, 07007 Palma, Illes Balears",Mallorca,4.8,50,https://maps.google.com/?cid=5370139055611868196&g_mp=Cidnb29nbGUubWFwcy5wbGFjZXMudjEuUGxhY2VzLlNlYXJjaFRleHQQAhgEIAA,sports_school,OPERATIONAL,"Importado desde Google Maps
Tipo: Escuela deportiva
Dirección: Carrer del Golf de Biscaia, 2, Platja de Palma i Pla de Sant Jordi, 07007 Palma, Illes Balears
Google: 4.8⭐ (50 reseñas)
Maps: https://maps.google.com/?cid=5370139055611868196&g_mp=Cidnb29nbGUubWFwcy5wbGFjZXMudjEuUGxhY2VzLlNlYXJjaFRleHQQAhgEIAA"
cmpcyu7jz010hih9uyl7ijqxo,The Thai Yoga Massage School,,661 43 13 71,The Thai Yoga Massage School,,España,google-maps,atleevoyoga,NUEVO,MEDIA,,,2026-05-19T18:27:59.039Z,2026-05-19T18:27:59.039Z,https://www.thethaiyogamassageschool.com/,"Carrer dels Moliners, Centre, 07002 Palma, Illes Balears",Mallorca,5,12,https://maps.google.com/?cid=16533413791479140227&g_mp=Cidnb29nbGUubWFwcy5wbGFjZXMudjEuUGxhY2VzLlNlYXJjaFRleHQQAhgEIAA,educational_institution,OPERATIONAL,"Importado desde Google Maps
Tipo: Institución educativa
Dirección: Carrer dels Moliners, Centre, 07002 Palma, Illes Balears
Google: 5⭐ (12 reseñas)
Web: https://www.thethaiyogamassageschool.com/
Maps: https://maps.google.com/?cid=16533413791479140227&g_mp=Cidnb29nbGUubWFwcy5wbGFjZXMudjEuUGxhY2VzLlNlYXJjaFRleHQQAhgEIAA"
cmpcyu7t2010iih9u4iz2gtrn,Slowly Yoga,,657 14 47 32,Slowly Yoga,,España,google-maps,atleevoyoga,NUEVO,MEDIA,,,2026-05-19T18:27:59.367Z,2026-05-19T18:27:59.367Z,https://slowlyoga.com/,"C. de Manacor, Llevant, 07006 Palma, Illes Balears",Mallorca,5,1,https://maps.google.com/?cid=15162107498033173252&g_mp=Cidnb29nbGUubWFwcy5wbGFjZXMudjEuUGxhY2VzLlNlYXJjaFRleHQQAhgEIAA,yoga_studio,OPERATIONAL,"Importado desde Google Maps
Tipo: Centro de yoga
Dirección: C. de Manacor, Llevant, 07006 Palma, Illes Balears
Google: 5⭐ (1 reseñas)
Web: https://slowlyoga.com/
Maps: https://maps.google.com/?cid=15162107498033173252&g_mp=Cidnb29nbGUubWFwcy5wbGFjZXMudjEuUGxhY2VzLlNlYXJjaFRleHQQAhgEIAA"
cmpcyu831010jih9ubvqcyzbp,"Fisiofit Palma - Fisioterapia, Yoga y Entrenamiento delante del Parc de ses Fonts",,608 64 15 54,"Fisiofit Palma - Fisioterapia, Yoga y Entrenamiento delante del Parc de ses Fonts",,España,google-maps,atleevoyoga,NUEVO,MEDIA,,,2026-05-19T18:27:59.725Z,2026-05-19T18:27:59.725Z,https://fisiofitpalma.es/,"Cra. de Gaspar Sabater, 12, Nord, 07010 Palma, Illes Balears",Mallorca,4.9,149,https://maps.google.com/?cid=10631367162701978560&g_mp=Cidnb29nbGUubWFwcy5wbGFjZXMudjEuUGxhY2VzLlNlYXJjaFRleHQQAhgEIAA,wellness_center,OPERATIONAL,"Importado desde Google Maps
Tipo: Centro de salud y bienestar
Dirección: Cra. de Gaspar Sabater, 12, Nord, 07010 Palma, Illes Balears
Google: 4.9⭐ (149 reseñas)
Web: https://fisiofitpalma.es/
Maps: https://maps.google.com/?cid=10631367162701978560&g_mp=Cidnb29nbGUubWFwcy5wbGFjZXMudjEuUGxhY2VzLlNlYXJjaFRleHQQAhgEIAA"
cmpcyu8ce010kih9u1dbpacy6,escola de ioga RAMAYANA,,699 88 02 40,escola de ioga RAMAYANA,,España,google-maps,atleevoyoga,NUEVO,MEDIA,,,2026-05-19T18:28:00.063Z,2026-05-19T18:28:00.063Z,,"Carrer de Costa Rica, 1, Ponent, 07014 Palma, Illes Balears",Mallorca,5,3,https://maps.google.com/?cid=3858750606036396250&g_mp=Cidnb29nbGUubWFwcy5wbGFjZXMudjEuUGxhY2VzLlNlYXJjaFRleHQQAhgEIAA,yoga_studio,OPERATIONAL,"Importado desde Google Maps
Tipo: Centro de yoga
Dirección: Carrer de Costa Rica, 1, Ponent, 07014 Palma, Illes Balears
Google: 5⭐ (3 reseñas)
Maps: https://maps.google.com/?cid=3858750606036396250&g_mp=Cidnb29nbGUubWFwcy5wbGFjZXMudjEuUGxhY2VzLlNlYXJjaFRleHQQAhgEIAA"
cmpd0852f01s0q1sehsi4srti,Talleres de Yoga y Mindfulness Madrid,,,Talleres de Yoga y Mindfulness Madrid,,España,google-maps,atleevoyoga,NUEVO,MEDIA,,,2026-05-19T19:06:48.616Z,2026-05-19T19:06:48.616Z,,"Calle de Luisa Fernanda, 2, Moncloa - Aravaca, 28008 Madrid",Madrid,4.9,8,https://maps.google.com/?cid=11182744033397491863&g_mp=Cidnb29nbGUubWFwcy5wbGFjZXMudjEuUGxhY2VzLlNlYXJjaFRleHQQAhgEIAA,yoga_studio,OPERATIONAL,"Importado desde Google Maps
Tipo: Centro de yoga
Dirección: Calle de Luisa Fernanda, 2, Moncloa - Aravaca, 28008 Madrid
Google: 4.9⭐ (8 reseñas)
Maps: https://maps.google.com/?cid=11182744033397491863&g_mp=Cidnb29nbGUubWFwcy5wbGFjZXMudjEuUGxhY2VzLlNlYXJjaFRleHQQAhgEIAA"
cmpd085g001s1q1sezn1myb9h,Shadak,,914 35 23 28,Shadak,,España,google-maps,atleevoyoga,NUEVO,MEDIA,,,2026-05-19T19:06:49.105Z,2026-05-19T19:06:49.105Z,https://www.ramirocalle.es/,"Cl. de Ayala, 10, 1º derecha, Salamanca, 28001 Madrid",Madrid,4.9,491,https://maps.google.com/?cid=8098611636919293348&g_mp=Cidnb29nbGUubWFwcy5wbGFjZXMudjEuUGxhY2VzLlNlYXJjaFRleHQQAhgEIAA,health,OPERATIONAL,"Importado desde Google Maps
Tipo: Salud y bienestar
Dirección: Cl. de Ayala, 10, 1º derecha, Salamanca, 28001 Madrid
Google: 4.9⭐ (491 reseñas)
Web: https://www.ramirocalle.es/
Maps: https://maps.google.com/?cid=8098611636919293348&g_mp=Cidnb29nbGUubWFwcy5wbGFjZXMudjEuUGxhY2VzLlNlYXJjaFRleHQQAhgEIAA"
cmpd086t301s2q1seyycds3t5,Centro Bodhigaya,,686 60 03 75,Centro Bodhigaya,,España,google-maps,atleevoyoga,NUEVO,MEDIA,,,2026-05-19T19:06:50.872Z,2026-05-19T19:06:50.872Z,https://centrobodhigaya.weebly.com/,"C. de Hermosilla, 161, Salamanca, 28028 Madrid",Madrid,4.9,16,https://maps.google.com/?cid=8672321304718368306&g_mp=Cidnb29nbGUubWFwcy5wbGFjZXMudjEuUGxhY2VzLlNlYXJjaFRleHQQAhgEIAA,yoga_studio,OPERATIONAL,"Importado desde Google Maps
Tipo: Centro de yoga
Dirección: C. de Hermosilla, 161, Salamanca, 28028 Madrid
Google: 4.9⭐ (16 reseñas)
Web: https://centrobodhigaya.weebly.com/
Maps: https://maps.google.com/?cid=8672321304718368306&g_mp=Cidnb29nbGUubWFwcy5wbGFjZXMudjEuUGxhY2VzLlNlYXJjaFRleHQQAhgEIAA"
cmpd087an01s3q1setvdslnlm,JATHARA YOGA CENTER,,690 79 23 32,JATHARA YOGA CENTER,,España,google-maps,atleevoyoga,NUEVO,MEDIA,,,2026-05-19T19:06:51.503Z,2026-05-19T19:06:51.503Z,http://www.yogajathara.es/,"C. de Menorca, 16, Bajo 5, Retiro, 28009 Madrid",Madrid,5,50,https://maps.google.com/?cid=17846540792228790717&g_mp=Cidnb29nbGUubWFwcy5wbGFjZXMudjEuUGxhY2VzLlNlYXJjaFRleHQQAhgEIAA,yoga_studio,OPERATIONAL,"Importado desde Google Maps
Tipo: Centro de yoga
Dirección: C. de Menorca, 16, Bajo 5, Retiro, 28009 Madrid
Google: 5⭐ (50 reseñas)
Web: http://www.yogajathara.es/
Maps: https://maps.google.com/?cid=17846540792228790717&g_mp=Cidnb29nbGUubWFwcy5wbGFjZXMudjEuUGxhY2VzLlNlYXJjaFRleHQQAhgEIAA"
cmpd087x201s4q1seew8vepbc,Cuenco de Ku - Centro de Yoga,,685 70 51 54,Cuenco de Ku - Centro de Yoga,,España,google-maps,atleevoyoga,NUEVO,MEDIA,,,2026-05-19T19:06:52.310Z,2026-05-19T19:06:52.310Z,http://www.cuencodeku.com/,"Ronda de Segovia, portal, 2B, Arganzuela, 28005 Madrid",Madrid,4.9,46,https://maps.google.com/?cid=212060191858931285&g_mp=Cidnb29nbGUubWFwcy5wbGFjZXMudjEuUGxhY2VzLlNlYXJjaFRleHQQAhgEIAA,yoga_studio,OPERATIONAL,"Importado desde Google Maps
Tipo: Centro de yoga
Dirección: Ronda de Segovia, portal, 2B, Arganzuela, 28005 Madrid
Google: 4.9⭐ (46 reseñas)
Web: http://www.cuencodeku.com/
Maps: https://maps.google.com/?cid=212060191858931285&g_mp=Cidnb29nbGUubWFwcy5wbGFjZXMudjEuUGxhY2VzLlNlYXJjaFRleHQQAhgEIAA"
cmpd088e501s5q1sesrrc7ib6,AIYA - Instituto Yoga y Ayurveda,,637 41 84 34,AIYA - Instituto Yoga y Ayurveda,,España,google-maps,atleevoyoga,NUEVO,MEDIA,,,2026-05-19T19:06:52.925Z,2026-05-19T19:06:52.925Z,https://www.aiyayurveda.com/,"C. de Campomanes, 8, Centro, 28013 Madrid",Madrid,5,97,https://maps.google.com/?cid=16530816442921365226&g_mp=Cidnb29nbGUubWFwcy5wbGFjZXMudjEuUGxhY2VzLlNlYXJjaFRleHQQAhgEIAA,yoga_studio,OPERATIONAL,"Importado desde Google Maps
Tipo: Centro de yoga
Dirección: C. de Campomanes, 8, Centro, 28013 Madrid
Google: 5⭐ (97 reseñas)
Web: https://www.aiyayurveda.com/
Maps: https://maps.google.com/?cid=16530816442921365226&g_mp=Cidnb29nbGUubWFwcy5wbGFjZXMudjEuUGxhY2VzLlNlYXJjaFRleHQQAhgEIAA"
cmpd0896v01s6q1se6oxbxaop,Yoga Orgánico,,627 00 71 21,Yoga Orgánico,,España,google-maps,atleevoyoga,NUEVO,MEDIA,,,2026-05-19T19:06:53.959Z,2026-05-19T19:06:53.959Z,http://www.yogaorganico.org/,"C. de Víctor Hugo, 1, Centro, 28004 Madrid",Madrid,4.7,20,https://maps.google.com/?cid=13820275373108953180&g_mp=Cidnb29nbGUubWFwcy5wbGFjZXMudjEuUGxhY2VzLlNlYXJjaFRleHQQAhgEIAA,yoga_studio,OPERATIONAL,"Importado desde Google Maps
Tipo: Centro de yoga
Dirección: C. de Víctor Hugo, 1, Centro, 28004 Madrid
Google: 4.7⭐ (20 reseñas)
Web: http://www.yogaorganico.org/
Maps: https://maps.google.com/?cid=13820275373108953180&g_mp=Cidnb29nbGUubWFwcy5wbGFjZXMudjEuUGxhY2VzLlNlYXJjaFRleHQQAhgEIAA"
cmpd089nr01s7q1sey3m0onm8,Templo Origen,,643 96 46 19,Templo Origen,,España,google-maps,atleevoyoga,NUEVO,MEDIA,,,2026-05-19T19:06:54.568Z,2026-05-19T19:06:54.568Z,https://temploorigen.es/,"P.º de la Virgen del Puerto, 21, Arganzuela, 28005 Madrid",Madrid,4.7,51,https://maps.google.com/?cid=18399271660228565879&g_mp=Cidnb29nbGUubWFwcy5wbGFjZXMudjEuUGxhY2VzLlNlYXJjaFRleHQQAhgEIAA,yoga_studio,OPERATIONAL,"Importado desde Google Maps
Tipo: Centro de yoga
Dirección: P.º de la Virgen del Puerto, 21, Arganzuela, 28005 Madrid
Google: 4.7⭐ (51 reseñas)
Web: https://temploorigen.es/
Maps: https://maps.google.com/?cid=18399271660228565879&g_mp=Cidnb29nbGUubWFwcy5wbGFjZXMudjEuUGxhY2VzLlNlYXJjaFRleHQQAhgEIAA"
cmpd08alx01s8q1sel33tv7dl,Centro Yoga Pratyaya,,914 73 96 70,Centro Yoga Pratyaya,,España,google-maps,atleevoyoga,NUEVO,MEDIA,,,2026-05-19T19:06:55.797Z,2026-05-19T19:06:55.797Z,http://www.centroyogapratyaya.com/,"C. de las Naves, 14B, Arganzuela, 28005 Madrid",Madrid,5,14,https://maps.google.com/?cid=7831138867938923553&g_mp=Cidnb29nbGUubWFwcy5wbGFjZXMudjEuUGxhY2VzLlNlYXJjaFRleHQQAhgEIAA,yoga_studio,OPERATIONAL,"Importado desde Google Maps
Tipo: Centro de yoga
Dirección: C. de las Naves, 14B, Arganzuela, 28005 Madrid
Google: 5⭐ (14 reseñas)
Web: http://www.centroyogapratyaya.com/
Maps: https://maps.google.com/?cid=7831138867938923553&g_mp=Cidnb29nbGUubWFwcy5wbGFjZXMudjEuUGxhY2VzLlNlYXJjaFRleHQQAhgEIAA"
cmpd08axd01s9q1segrdw6egj,Yoga Gompa,,699 13 26 78,Yoga Gompa,,España,google-maps,atleevoyoga,NUEVO,MEDIA,,,2026-05-19T19:06:56.210Z,2026-05-19T19:06:56.210Z,https://gompa.es/,"Calle del Dr. Fleming, 5, Chamartín, 28036 Madrid",Madrid,4.6,17,https://maps.google.com/?cid=12086113692379825796&g_mp=Cidnb29nbGUubWFwcy5wbGFjZXMudjEuUGxhY2VzLlNlYXJjaFRleHQQAhgEIAA,yoga_studio,OPERATIONAL,"Importado desde Google Maps
Tipo: Centro de yoga
Dirección: Calle del Dr. Fleming, 5, Chamartín, 28036 Madrid
Google: 4.6⭐ (17 reseñas)
Web: https://gompa.es/
Maps: https://maps.google.com/?cid=12086113692379825796&g_mp=Cidnb29nbGUubWFwcy5wbGFjZXMudjEuUGxhY2VzLlNlYXJjaFRleHQQAhgEIAA"
cmpd08b8v01saq1ses20yvobq,Shivaratri Yoga,,627 73 90 90,Shivaratri Yoga,,España,google-maps,atleevoyoga,NUEVO,MEDIA,,,2026-05-19T19:06:56.623Z,2026-05-19T19:06:56.623Z,http://www.shivaratri.es/,"28024, Carr. de Carabanchel a Aravaca, 5, Latina, 28024 Madrid",Madrid,5,121,https://maps.google.com/?cid=3761511672165023769&g_mp=Cidnb29nbGUubWFwcy5wbGFjZXMudjEuUGxhY2VzLlNlYXJjaFRleHQQAhgEIAA,yoga_studio,OPERATIONAL,"Importado desde Google Maps
Tipo: Centro de yoga
Dirección: 28024, Carr. de Carabanchel a Aravaca, 5, Latina, 28024 Madrid
Google: 5⭐ (121 reseñas)
Web: http://www.shivaratri.es/
Maps: https://maps.google.com/?cid=3761511672165023769&g_mp=Cidnb29nbGUubWFwcy5wbGFjZXMudjEuUGxhY2VzLlNlYXJjaFRleHQQAhgEIAA"
cmpd08bk901sbq1seg25hhp1n,Miss Yogui,,606 08 16 53,Miss Yogui,,España,google-maps,atleevoyoga,NUEVO,MEDIA,,,2026-05-19T19:06:57.034Z,2026-05-19T19:06:57.034Z,https://www.missyogui.com/,"Paseo de las Delicias, 28, Arganzuela, 28045 Madrid",Madrid,5,23,https://maps.google.com/?cid=7180878095400620283&g_mp=Cidnb29nbGUubWFwcy5wbGFjZXMudjEuUGxhY2VzLlNlYXJjaFRleHQQAhgEIAA,yoga_studio,OPERATIONAL,"Importado desde Google Maps
Tipo: Centro de yoga
Dirección: Paseo de las Delicias, 28, Arganzuela, 28045 Madrid
Google: 5⭐ (23 reseñas)
Web: https://www.missyogui.com/
Maps: https://maps.google.com/?cid=7180878095400620283&g_mp=Cidnb29nbGUubWFwcy5wbGFjZXMudjEuUGxhY2VzLlNlYXJjaFRleHQQAhgEIAA"
cmpd08bwa01scq1se3at8vmfz,Iyengar Yoga-Salud,,913 86 30 69,Iyengar Yoga-Salud,,España,google-maps,atleevoyoga,NUEVO,MEDIA,,,2026-05-19T19:06:57.467Z,2026-05-19T19:06:57.467Z,http://www.centroyogasalud.com/,"Calle Federico Carlos Sainz de Robles, 31, Moncloa - Aravaca, 28035 Madrid",Madrid,4.9,86,https://maps.google.com/?cid=15612834096401043852&g_mp=Cidnb29nbGUubWFwcy5wbGFjZXMudjEuUGxhY2VzLlNlYXJjaFRleHQQAhgEIAA,yoga_studio,OPERATIONAL,"Importado desde Google Maps
Tipo: Centro de yoga
Dirección: Calle Federico Carlos Sainz de Robles, 31, Moncloa - Aravaca, 28035 Madrid
Google: 4.9⭐ (86 reseñas)
Web: http://www.centroyogasalud.com/
Maps: https://maps.google.com/?cid=15612834096401043852&g_mp=Cidnb29nbGUubWFwcy5wbGFjZXMudjEuUGxhY2VzLlNlYXJjaFRleHQQAhgEIAA"
cmpd08c7t01sdq1se16t9x8bt,NonaYoga,,625 98 00 49,NonaYoga,,España,google-maps,atleevoyoga,NUEVO,MEDIA,,,2026-05-19T19:06:57.881Z,2026-05-19T19:06:57.881Z,https://nonayoga.es/clases-de-yoga-en-chamberi-madrid/,"Calle de Sandoval, 20, Chamberí, 28010 Madrid",Madrid,5,13,https://maps.google.com/?cid=11702826910014492220&g_mp=Cidnb29nbGUubWFwcy5wbGFjZXMudjEuUGxhY2VzLlNlYXJjaFRleHQQAhgEIAA,yoga_studio,OPERATIONAL,"Importado desde Google Maps
Tipo: Centro de yoga
Dirección: Calle de Sandoval, 20, Chamberí, 28010 Madrid
Google: 5⭐ (13 reseñas)
Web: https://nonayoga.es/clases-de-yoga-en-chamberi-madrid/
Maps: https://maps.google.com/?cid=11702826910014492220&g_mp=Cidnb29nbGUubWFwcy5wbGFjZXMudjEuUGxhY2VzLlNlYXJjaFRleHQQAhgEIAA"
cmpd08cou01seq1se5052h9ud,Yoga Prenatal Madrid -Hipnoparto Madrid - Starenyoga,,747 45 27 77,Yoga Prenatal Madrid -Hipnoparto Madrid - Starenyoga,,España,google-maps,atleevoyoga,NUEVO,MEDIA,,,2026-05-19T19:06:58.495Z,2026-05-19T19:06:58.495Z,https://starenyoga.com/,"C. de las Minas, 6, Centro, 28004 Madrid",Madrid,5,22,https://maps.google.com/?cid=2327160496505385931&g_mp=Cidnb29nbGUubWFwcy5wbGFjZXMudjEuUGxhY2VzLlNlYXJjaFRleHQQAhgEIAA,yoga_studio,OPERATIONAL,"Importado desde Google Maps
Tipo: Centro de yoga
Dirección: C. de las Minas, 6, Centro, 28004 Madrid
Google: 5⭐ (22 reseñas)
Web: https://starenyoga.com/
Maps: https://maps.google.com/?cid=2327160496505385931&g_mp=Cidnb29nbGUubWFwcy5wbGFjZXMudjEuUGxhY2VzLlNlYXJjaFRleHQQAhgEIAA"
cmpd08dbg01sfq1semdpf7jwf,Yoga Esencia Pura,,656 45 70 84,Yoga Esencia Pura,,España,google-maps,atleevoyoga,NUEVO,MEDIA,,,2026-05-19T19:06:59.309Z,2026-05-19T19:06:59.309Z,http://www.yogaesenciapura.com/,"C/ de Magallanes, 15, Chamberí, 28015 Madrid",Madrid,5,34,https://maps.google.com/?cid=17432007472575697277&g_mp=Cidnb29nbGUubWFwcy5wbGFjZXMudjEuUGxhY2VzLlNlYXJjaFRleHQQAhgEIAA,yoga_studio,OPERATIONAL,"Importado desde Google Maps
Tipo: Centro de yoga
Dirección: C/ de Magallanes, 15, Chamberí, 28015 Madrid
Google: 5⭐ (34 reseñas)
Web: http://www.yogaesenciapura.com/
Maps: https://maps.google.com/?cid=17432007472575697277&g_mp=Cidnb29nbGUubWFwcy5wbGFjZXMudjEuUGxhY2VzLlNlYXJjaFRleHQQAhgEIAA"
cmpd08do201sgq1sev1x95lbr,Centro Mandala,,617 23 61 05,Centro Mandala,,España,google-maps,atleevoyoga,NUEVO,MEDIA,,,2026-05-19T19:06:59.762Z,2026-05-19T19:06:59.762Z,http://centromandala.es/,"C. de la Cabeza, 15, 2º, Centro, 28012 Madrid",Madrid,4.8,34,https://maps.google.com/?cid=3434983010372526083&g_mp=Cidnb29nbGUubWFwcy5wbGFjZXMudjEuUGxhY2VzLlNlYXJjaFRleHQQAhgEIAA,yoga_studio,OPERATIONAL,"Importado desde Google Maps
Tipo: Centro de yoga
Dirección: C. de la Cabeza, 15, 2º, Centro, 28012 Madrid
Google: 4.8⭐ (34 reseñas)
Web: http://centromandala.es/
Maps: https://maps.google.com/?cid=3434983010372526083&g_mp=Cidnb29nbGUubWFwcy5wbGFjZXMudjEuUGxhY2VzLlNlYXJjaFRleHQQAhgEIAA"
cmpd08es001shq1se3cr3850p,Ashtanga Ciudad Jardín,,636 65 00 95,Ashtanga Ciudad Jardín,,España,google-maps,atleevoyoga,NUEVO,MEDIA,,,2026-05-19T19:07:01.200Z,2026-05-19T19:07:01.200Z,https://www.ashtangaciudadjardin.es/,"C. de Gustavo Fernández Balbuena, 29, Chamartín, 28002 Madrid",Madrid,5,49,https://maps.google.com/?cid=16330037653389392285&g_mp=Cidnb29nbGUubWFwcy5wbGFjZXMudjEuUGxhY2VzLlNlYXJjaFRleHQQAhgEIAA,yoga_studio,OPERATIONAL,"Importado desde Google Maps
Tipo: Centro de yoga
Dirección: C. de Gustavo Fernández Balbuena, 29, Chamartín, 28002 Madrid
Google: 5⭐ (49 reseñas)
Web: https://www.ashtangaciudadjardin.es/
Maps: https://maps.google.com/?cid=16330037653389392285&g_mp=Cidnb29nbGUubWFwcy5wbGFjZXMudjEuUGxhY2VzLlNlYXJjaFRleHQQAhgEIAA"
cmpd08kk601siq1seqyxfrogu,Happy Yoga Joanic,,623 45 10 86,Happy Yoga Joanic,,España,google-maps,atleevoyoga,NUEVO,MEDIA,,,2026-05-19T19:07:08.695Z,2026-05-19T19:07:08.695Z,https://www.happyyoga.cat/,"Metro Joanic, Carrer d'en Grassot, 101, Gràcia, 08025 Barcelona",Barcelona,4.7,72,https://maps.google.com/?cid=13503025604947181975&g_mp=Cidnb29nbGUubWFwcy5wbGFjZXMudjEuUGxhY2VzLlNlYXJjaFRleHQQAhgEIAA,yoga_studio,OPERATIONAL,"Importado desde Google Maps
Tipo: Centro de yoga
Dirección: Metro Joanic, Carrer d'en Grassot, 101, Gràcia, 08025 Barcelona
Google: 4.7⭐ (72 reseñas)
Web: https://www.happyyoga.cat/
Maps: https://maps.google.com/?cid=13503025604947181975&g_mp=Cidnb29nbGUubWFwcy5wbGFjZXMudjEuUGxhY2VzLlNlYXJjaFRleHQQAhgEIAA"
cmpd08lce01sjq1seg0t3ce5r,YogaOne Sarrià,,658 88 83 44,YogaOne Sarrià,,España,google-maps,atleevoyoga,NUEVO,MEDIA,,,2026-05-19T19:07:09.710Z,2026-05-19T19:07:09.710Z,https://yogaonesarria.es/,"Carrer dels Caponata, 13, Sarrià-Sant Gervasi, 08034 Barcelona",Barcelona,4.9,91,https://maps.google.com/?cid=6041803687412605709&g_mp=Cidnb29nbGUubWFwcy5wbGFjZXMudjEuUGxhY2VzLlNlYXJjaFRleHQQAhgEIAA,yoga_studio,OPERATIONAL,"Importado desde Google Maps
Tipo: Centro de yoga
Dirección: Carrer dels Caponata, 13, Sarrià-Sant Gervasi, 08034 Barcelona
Google: 4.9⭐ (91 reseñas)
Web: https://yogaonesarria.es/
Maps: https://maps.google.com/?cid=6041803687412605709&g_mp=Cidnb29nbGUubWFwcy5wbGFjZXMudjEuUGxhY2VzLlNlYXJjaFRleHQQAhgEIAA"
cmpd08lss01skq1se2d9awuj9,Ashtanga Yoga Shala,,696 43 74 64,Ashtanga Yoga Shala,,España,google-maps,atleevoyoga,NUEVO,MEDIA,,,2026-05-19T19:07:10.300Z,2026-05-19T19:07:10.300Z,http://www.ashtangayogabcn.com/,"Pg. d'Isabel II, 14, 2º 2ª, Ciutat Vella, 08003 Barcelona",Barcelona,5,34,https://maps.google.com/?cid=11505396131414041808&g_mp=Cidnb29nbGUubWFwcy5wbGFjZXMudjEuUGxhY2VzLlNlYXJjaFRleHQQAhgEIAA,yoga_studio,OPERATIONAL,"Importado desde Google Maps
Tipo: Centro de yoga
Dirección: Pg. d'Isabel II, 14, 2º 2ª, Ciutat Vella, 08003 Barcelona
Google: 5⭐ (34 reseñas)
Web: http://www.ashtangayogabcn.com/
Maps: https://maps.google.com/?cid=11505396131414041808&g_mp=Cidnb29nbGUubWFwcy5wbGFjZXMudjEuUGxhY2VzLlNlYXJjaFRleHQQAhgEIAA"
cmpd08m4401slq1sedjxfr822,Yoga Weeks,,932 80 71 22,Yoga Weeks,,España,google-maps,atleevoyoga,NUEVO,MEDIA,,,2026-05-19T19:07:10.708Z,2026-05-19T19:07:10.708Z,http://www.yogaweeks.com/,"Carrer del Carme, 40, Ciutat Vella, 08001 Barcelona",Barcelona,4.7,107,https://maps.google.com/?cid=7541224426204894932&g_mp=Cidnb29nbGUubWFwcy5wbGFjZXMudjEuUGxhY2VzLlNlYXJjaFRleHQQAhgEIAA,yoga_studio,OPERATIONAL,"Importado desde Google Maps
Tipo: Centro de yoga
Dirección: Carrer del Carme, 40, Ciutat Vella, 08001 Barcelona
Google: 4.7⭐ (107 reseñas)
Web: http://www.yogaweeks.com/
Maps: https://maps.google.com/?cid=7541224426204894932&g_mp=Cidnb29nbGUubWFwcy5wbGFjZXMudjEuUGxhY2VzLlNlYXJjaFRleHQQAhgEIAA"
cmpd08ml601smq1se6q0v7yfz,Zen In - Yoga Barcelona,,611 61 31 86,Zen In - Yoga Barcelona,,España,google-maps,atleevoyoga,NUEVO,MEDIA,,,2026-05-19T19:07:11.323Z,2026-05-19T19:07:11.323Z,https://www.instagram.com/zen.in.community/,"Carrer del Carme, 1, Ciutat Vella, 08001 Barcelona",Barcelona,5,1,https://maps.google.com/?cid=7542883490561081489&g_mp=Cidnb29nbGUubWFwcy5wbGFjZXMudjEuUGxhY2VzLlNlYXJjaFRleHQQAhgEIAA,yoga_studio,OPERATIONAL,"Importado desde Google Maps
Tipo: Centro de yoga
Dirección: Carrer del Carme, 1, Ciutat Vella, 08001 Barcelona
Google: 5⭐ (1 reseñas)
Web: https://www.instagram.com/zen.in.community/
Maps: https://maps.google.com/?cid=7542883490561081489&g_mp=Cidnb29nbGUubWFwcy5wbGFjZXMudjEuUGxhY2VzLlNlYXJjaFRleHQQAhgEIAA"
cmpd08njk01snq1se8zsjvjjw,Spirit Sadhana School of Yoga,,629 35 82 74,Spirit Sadhana School of Yoga,,España,google-maps,atleevoyoga,NUEVO,MEDIA,,,2026-05-19T19:07:12.560Z,2026-05-19T19:07:12.560Z,http://www.lowcostytt.com/,"118, 6 2, Carrer de Casp, Eixample, 08013 Barcelona",Barcelona,4.9,135,https://maps.google.com/?cid=17269314643573481563&g_mp=Cidnb29nbGUubWFwcy5wbGFjZXMudjEuUGxhY2VzLlNlYXJjaFRleHQQAhgEIAA,yoga_studio,OPERATIONAL,"Importado desde Google Maps
Tipo: Centro de yoga
Dirección: 118, 6 2, Carrer de Casp, Eixample, 08013 Barcelona
Google: 4.9⭐ (135 reseñas)
Web: http://www.lowcostytt.com/
Maps: https://maps.google.com/?cid=17269314643573481563&g_mp=Cidnb29nbGUubWFwcy5wbGFjZXMudjEuUGxhY2VzLlNlYXJjaFRleHQQAhgEIAA"
cmpd08ohb01soq1segcutaxl0,Yoga Barcelona,,607 25 05 40,Yoga Barcelona,,España,google-maps,atleevoyoga,NUEVO,MEDIA,,,2026-05-19T19:07:13.776Z,2026-05-19T19:07:13.776Z,http://www.yogabarcelona.info/,"Carrer de Casanova, 27, Eixample, 08011 Barcelona",Barcelona,5,3,https://maps.google.com/?cid=8400038661879821528&g_mp=Cidnb29nbGUubWFwcy5wbGFjZXMudjEuUGxhY2VzLlNlYXJjaFRleHQQAhgEIAA,yoga_studio,OPERATIONAL,"Importado desde Google Maps
Tipo: Centro de yoga
Dirección: Carrer de Casanova, 27, Eixample, 08011 Barcelona
Google: 5⭐ (3 reseñas)
Web: http://www.yogabarcelona.info/
Maps: https://maps.google.com/?cid=8400038661879821528&g_mp=Cidnb29nbGUubWFwcy5wbGFjZXMudjEuUGxhY2VzLlNlYXJjaFRleHQQAhgEIAA"
cmpd08pbj01spq1se8k4s6m7v,Yoga-Marga | Formaciones Yoga Barcelona,,625 42 44 79,Yoga-Marga | Formaciones Yoga Barcelona,,España,google-maps,atleevoyoga,NUEVO,MEDIA,,,2026-05-19T19:07:14.864Z,2026-05-19T19:07:14.864Z,http://www.yoga-marga.com/,"Carrer de Siracusa, 14, bajos, Gràcia, 08012 Barcelona",Barcelona,4.8,50,https://maps.google.com/?cid=15746606601597977291&g_mp=Cidnb29nbGUubWFwcy5wbGFjZXMudjEuUGxhY2VzLlNlYXJjaFRleHQQAhgEIAA,yoga_studio,OPERATIONAL,"Importado desde Google Maps
Tipo: Centro de yoga
Dirección: Carrer de Siracusa, 14, bajos, Gràcia, 08012 Barcelona
Google: 4.8⭐ (50 reseñas)
Web: http://www.yoga-marga.com/
Maps: https://maps.google.com/?cid=15746606601597977291&g_mp=Cidnb29nbGUubWFwcy5wbGFjZXMudjEuUGxhY2VzLlNlYXJjaFRleHQQAhgEIAA"
cmpd08q0m01sqq1sehk5ow7ch,YogaOne Tuset,,930 00 89 00,YogaOne Tuset,,España,google-maps,atleevoyoga,NUEVO,MEDIA,,,2026-05-19T19:07:15.767Z,2026-05-19T19:07:15.767Z,https://www.yogaone.es/es/yogaone-tuset,"Carrer d'Aribau, 230, Sarrià-Sant Gervasi, 08006 Barcelona",Barcelona,3.1,79,https://maps.google.com/?cid=987564387938588975&g_mp=Cidnb29nbGUubWFwcy5wbGFjZXMudjEuUGxhY2VzLlNlYXJjaFRleHQQAhgEIAA,yoga_studio,OPERATIONAL,"Importado desde Google Maps
Tipo: Centro de yoga
Dirección: Carrer d'Aribau, 230, Sarrià-Sant Gervasi, 08006 Barcelona
Google: 3.1⭐ (79 reseñas)
Web: https://www.yogaone.es/es/yogaone-tuset
Maps: https://maps.google.com/?cid=987564387938588975&g_mp=Cidnb29nbGUubWFwcy5wbGFjZXMudjEuUGxhY2VzLlNlYXJjaFRleHQQAhgEIAA"
cmpd08qyq01srq1seft0mf3iz,YogaOne Aragó/Eixample,,937 42 74 05,YogaOne Aragó/Eixample,,España,google-maps,atleevoyoga,NUEVO,MEDIA,,,2026-05-19T19:07:16.994Z,2026-05-19T19:07:16.994Z,https://www.yogaonearagoeixample.com/,"Carrer d'Aragó, 134, Eixample, 08011 Barcelona",Barcelona,4.5,225,https://maps.google.com/?cid=1706152205505524219&g_mp=Cidnb29nbGUubWFwcy5wbGFjZXMudjEuUGxhY2VzLlNlYXJjaFRleHQQAhgEIAA,yoga_studio,OPERATIONAL,"Importado desde Google Maps
Tipo: Centro de yoga
Dirección: Carrer d'Aragó, 134, Eixample, 08011 Barcelona
Google: 4.5⭐ (225 reseñas)
Web: https://www.yogaonearagoeixample.com/
Maps: https://maps.google.com/?cid=1706152205505524219&g_mp=Cidnb29nbGUubWFwcy5wbGFjZXMudjEuUGxhY2VzLlNlYXJjaFRleHQQAhgEIAA"
cmpd08ra301ssq1se673uipn1,SABDA,,625 44 98 78,SABDA,,España,google-maps,atleevoyoga,NUEVO,MEDIA,,,2026-05-19T19:07:17.404Z,2026-05-19T19:07:17.404Z,https://sabdastudio.com/,"C. de Muntaner, 83B, Local 2, Eixample, 08011 Barcelona",Barcelona,4.8,487,https://maps.google.com/?cid=8589682116757985687&g_mp=Cidnb29nbGUubWFwcy5wbGFjZXMudjEuUGxhY2VzLlNlYXJjaFRleHQQAhgEIAA,wellness_center,OPERATIONAL,"Importado desde Google Maps
Tipo: Centro de salud y bienestar
Dirección: C. de Muntaner, 83B, Local 2, Eixample, 08011 Barcelona
Google: 4.8⭐ (487 reseñas)
Web: https://sabdastudio.com/
Maps: https://maps.google.com/?cid=8589682116757985687&g_mp=Cidnb29nbGUubWFwcy5wbGFjZXMudjEuUGxhY2VzLlNlYXJjaFRleHQQAhgEIAA"
cmpd08rl501stq1sexyjo8kfb,Bodhi yoga y terapias naturales,,623 18 44 73,Bodhi yoga y terapias naturales,,España,google-maps,atleevoyoga,NUEVO,MEDIA,,,2026-05-19T19:07:17.802Z,2026-05-19T19:07:17.802Z,http://bodhibcn.com/,"1a, Carrer del Comte d'Urgell, 96, Entresòl, 08011, Eixample, 08011 Barcelona",Barcelona,4.9,71,https://maps.google.com/?cid=17061074744955266765&g_mp=Cidnb29nbGUubWFwcy5wbGFjZXMudjEuUGxhY2VzLlNlYXJjaFRleHQQAhgEIAA,yoga_studio,OPERATIONAL,"Importado desde Google Maps
Tipo: Centro de yoga
Dirección: 1a, Carrer del Comte d'Urgell, 96, Entresòl, 08011, Eixample, 08011 Barcelona
Google: 4.9⭐ (71 reseñas)
Web: http://bodhibcn.com/
Maps: https://maps.google.com/?cid=17061074744955266765&g_mp=Cidnb29nbGUubWFwcy5wbGFjZXMudjEuUGxhY2VzLlNlYXJjaFRleHQQAhgEIAA"
cmpd08s7v01suq1sevw5bg8o8,Sala B del Yoga Club,,666 31 06 56,Sala B del Yoga Club,,España,google-maps,atleevoyoga,NUEVO,MEDIA,,,2026-05-19T19:07:18.619Z,2026-05-19T19:07:18.619Z,,"Carrer de Francisco Giner, 14, Gràcia, 08012 Barcelona",Barcelona,5,5,https://maps.google.com/?cid=11947083782758953498&g_mp=Cidnb29nbGUubWFwcy5wbGFjZXMudjEuUGxhY2VzLlNlYXJjaFRleHQQAhgEIAA,yoga_studio,OPERATIONAL,"Importado desde Google Maps
Tipo: Centro de yoga
Dirección: Carrer de Francisco Giner, 14, Gràcia, 08012 Barcelona
Google: 5⭐ (5 reseñas)
Maps: https://maps.google.com/?cid=11947083782758953498&g_mp=Cidnb29nbGUubWFwcy5wbGFjZXMudjEuUGxhY2VzLlNlYXJjaFRleHQQAhgEIAA"
cmpd08v0d01svq1sel2x5hbgs,Ashtanga Yoga Mysore Barcelona,,650 46 13 11,Ashtanga Yoga Mysore Barcelona,,España,google-maps,atleevoyoga,NUEVO,MEDIA,,,2026-05-19T19:07:22.238Z,2026-05-19T19:07:22.238Z,http://mysorebarcelona.com/,"Carrer de Pujades, 182, Sant Martí, 08005 Barcelona",Barcelona,4.9,46,https://maps.google.com/?cid=74704413504301894&g_mp=Cidnb29nbGUubWFwcy5wbGFjZXMudjEuUGxhY2VzLlNlYXJjaFRleHQQAhgEIAA,yoga_studio,OPERATIONAL,"Importado desde Google Maps
Tipo: Centro de yoga
Dirección: Carrer de Pujades, 182, Sant Martí, 08005 Barcelona
Google: 4.9⭐ (46 reseñas)
Web: http://mysorebarcelona.com/
Maps: https://maps.google.com/?cid=74704413504301894&g_mp=Cidnb29nbGUubWFwcy5wbGFjZXMudjEuUGxhY2VzLlNlYXJjaFRleHQQAhgEIAA"
cmpd08vbv01swq1se82rndzte,ashtanga yoga gràcia barcelona,,650 84 56 92,ashtanga yoga gràcia barcelona,,España,google-maps,atleevoyoga,NUEVO,MEDIA,,,2026-05-19T19:07:22.651Z,2026-05-19T19:07:22.651Z,http://www.ashtangayogagracia.com/#!contacto/c16fm,"Carrer de Santa Eulàlia, 21, 2° piso, Gràcia, 08012 Barcelona",Barcelona,5,16,https://maps.google.com/?cid=3098826191215404611&g_mp=Cidnb29nbGUubWFwcy5wbGFjZXMudjEuUGxhY2VzLlNlYXJjaFRleHQQAhgEIAA,yoga_studio,OPERATIONAL,"Importado desde Google Maps
Tipo: Centro de yoga
Dirección: Carrer de Santa Eulàlia, 21, 2° piso, Gràcia, 08012 Barcelona
Google: 5⭐ (16 reseñas)
Web: http://www.ashtangayogagracia.com/#!contacto/c16fm
Maps: https://maps.google.com/?cid=3098826191215404611&g_mp=Cidnb29nbGUubWFwcy5wbGFjZXMudjEuUGxhY2VzLlNlYXJjaFRleHQQAhgEIAA"
cmpd08vv401sxq1selhuo236u,AshtangayogaPrem,,683 14 51 89,AshtangayogaPrem,,España,google-maps,atleevoyoga,NUEVO,MEDIA,,,2026-05-19T19:07:23.345Z,2026-05-19T19:07:23.345Z,http://www.yogaprem.eu/,"Avenida Mistral 10, entresuelo 6ª, Vídeoportero: 206+OK, Eixample, 08015 Barcelona",Barcelona,5,56,https://maps.google.com/?cid=13134450342085216135&g_mp=Cidnb29nbGUubWFwcy5wbGFjZXMudjEuUGxhY2VzLlNlYXJjaFRleHQQAhgEIAA,yoga_studio,OPERATIONAL,"Importado desde Google Maps
Tipo: Centro de yoga
Dirección: Avenida Mistral 10, entresuelo 6ª, Vídeoportero: 206+OK, Eixample, 08015 Barcelona
Google: 5⭐ (56 reseñas)
Web: http://www.yogaprem.eu/
Maps: https://maps.google.com/?cid=13134450342085216135&g_mp=Cidnb29nbGUubWFwcy5wbGFjZXMudjEuUGxhY2VzLlNlYXJjaFRleHQQAhgEIAA"
cmpd08w7i01syq1sey1l66utd,Ashtanga Yoga Sat Barcelona,,603 55 45 02,Ashtanga Yoga Sat Barcelona,,España,google-maps,atleevoyoga,NUEVO,MEDIA,,,2026-05-19T19:07:23.791Z,2026-05-19T19:07:23.791Z,http://www.ashtangayogasat.com/,"Av. de la República Argentina, 278, Gràcia, 08023 Barcelona",Barcelona,5,6,https://maps.google.com/?cid=12722092864042720997&g_mp=Cidnb29nbGUubWFwcy5wbGFjZXMudjEuUGxhY2VzLlNlYXJjaFRleHQQAhgEIAA,,OPERATIONAL,"Importado desde Google Maps
Dirección: Av. de la República Argentina, 278, Gràcia, 08023 Barcelona
Google: 5⭐ (6 reseñas)
Web: http://www.ashtangayogasat.com/
Maps: https://maps.google.com/?cid=12722092864042720997&g_mp=Cidnb29nbGUubWFwcy5wbGFjZXMudjEuUGxhY2VzLlNlYXJjaFRleHQQAhgEIAA"
cmpd08wqq01szq1se6oqkbij8,"PranaYanaYoga Ashtanga Yoga, clases (offline y online)",,630 84 80 51,"PranaYanaYoga Ashtanga Yoga, clases (offline y online)",,España,google-maps,atleevoyoga,NUEVO,MEDIA,,,2026-05-19T19:07:24.482Z,2026-05-19T19:07:24.482Z,http://www.pranayanayoga.com/,"Plaça del Angel, Metro Jaume 1, Vía Augusta, 165, 2, 3-1, Sarrià-Sant Gervasi, 08021 Barcelona",Barcelona,5,86,https://maps.google.com/?cid=15872177246202681&g_mp=Cidnb29nbGUubWFwcy5wbGFjZXMudjEuUGxhY2VzLlNlYXJjaFRleHQQAhgEIAA,yoga_studio,OPERATIONAL,"Importado desde Google Maps
Tipo: Centro de yoga
Dirección: Plaça del Angel, Metro Jaume 1, Vía Augusta, 165, 2, 3-1, Sarrià-Sant Gervasi, 08021 Barcelona
Google: 5⭐ (86 reseñas)
Web: http://www.pranayanayoga.com/
Maps: https://maps.google.com/?cid=15872177246202681&g_mp=Cidnb29nbGUubWFwcy5wbGFjZXMudjEuUGxhY2VzLlNlYXJjaFRleHQQAhgEIAA"
cmpd08xyl01t0q1secylsu71b,Ashtanga Workshop,,681 03 84 68,Ashtanga Workshop,,España,google-maps,atleevoyoga,NUEVO,MEDIA,,,2026-05-19T19:07:26.061Z,2026-05-19T19:07:26.061Z,https://www.ashtangayogaworkshop.com/,"Via Augusta, 165, Sarrià-Sant Gervasi, 08021 Barcelona",Barcelona,5,15,https://maps.google.com/?cid=7642579549878901067&g_mp=Cidnb29nbGUubWFwcy5wbGFjZXMudjEuUGxhY2VzLlNlYXJjaFRleHQQAhgEIAA,yoga_studio,OPERATIONAL,"Importado desde Google Maps
Tipo: Centro de yoga
Dirección: Via Augusta, 165, Sarrià-Sant Gervasi, 08021 Barcelona
Google: 5⭐ (15 reseñas)
Web: https://www.ashtangayogaworkshop.com/
Maps: https://maps.google.com/?cid=7642579549878901067&g_mp=Cidnb29nbGUubWFwcy5wbGFjZXMudjEuUGxhY2VzLlNlYXJjaFRleHQQAhgEIAA"
cmpd08z0v01t1q1seo40dr1kt,YogaRet Ashtanga Clot,,693 02 88 44,YogaRet Ashtanga Clot,,España,google-maps,atleevoyoga,NUEVO,MEDIA,,,2026-05-19T19:07:27.439Z,2026-05-19T19:07:27.439Z,https://www.yogaret.com/,"Carrer del Ripollès, Sant Martí, 08026 Barcelona",Barcelona,5,25,https://maps.google.com/?cid=1425691118852746558&g_mp=Cidnb29nbGUubWFwcy5wbGFjZXMudjEuUGxhY2VzLlNlYXJjaFRleHQQAhgEIAA,yoga_studio,OPERATIONAL,"Importado desde Google Maps
Tipo: Centro de yoga
Dirección: Carrer del Ripollès, Sant Martí, 08026 Barcelona
Google: 5⭐ (25 reseñas)
Web: https://www.yogaret.com/
Maps: https://maps.google.com/?cid=1425691118852746558&g_mp=Cidnb29nbGUubWFwcy5wbGFjZXMudjEuUGxhY2VzLlNlYXJjaFRleHQQAhgEIAA"
cmpd08zlp01t2q1sefd1qatvh,Ānanda Yoga Shāla,,676 27 21 80,Ānanda Yoga Shāla,,España,google-maps,atleevoyoga,NUEVO,MEDIA,,,2026-05-19T19:07:28.189Z,2026-05-19T19:07:28.189Z,https://www.anandayogashaala.com/,"Carrer Menorca, Carrer de Menorca, 44, 2 -2, Sant Martí, 08020 Barcelona",Barcelona,5,33,https://maps.google.com/?cid=17346411151225221491&g_mp=Cidnb29nbGUubWFwcy5wbGFjZXMudjEuUGxhY2VzLlNlYXJjaFRleHQQAhgEIAA,yoga_studio,OPERATIONAL,"Importado desde Google Maps
Tipo: Centro de yoga
Dirección: Carrer Menorca, Carrer de Menorca, 44, 2 -2, Sant Martí, 08020 Barcelona
Google: 5⭐ (33 reseñas)
Web: https://www.anandayogashaala.com/
Maps: https://maps.google.com/?cid=17346411151225221491&g_mp=Cidnb29nbGUubWFwcy5wbGFjZXMudjEuUGxhY2VzLlNlYXJjaFRleHQQAhgEIAA"
cmpd0908z01t3q1selacwjvmq,Ashtanga Yoga Sant Feliu,,695 41 42 50,Ashtanga Yoga Sant Feliu,,España,google-maps,atleevoyoga,NUEVO,MEDIA,,,2026-05-19T19:07:29.027Z,2026-05-19T19:07:29.027Z,https://www.ashtangayogasf.es/,"Carrer Verge del Pilar, 32, 08980 Sant Feliu de Llobregat, Barcelona",Barcelona,4.9,30,https://maps.google.com/?cid=27630979883980513&g_mp=Cidnb29nbGUubWFwcy5wbGFjZXMudjEuUGxhY2VzLlNlYXJjaFRleHQQAhgEIAA,yoga_studio,OPERATIONAL,"Importado desde Google Maps
Tipo: Centro de yoga
Dirección: Carrer Verge del Pilar, 32, 08980 Sant Feliu de Llobregat, Barcelona
Google: 4.9⭐ (30 reseñas)
Web: https://www.ashtangayogasf.es/
Maps: https://maps.google.com/?cid=27630979883980513&g_mp=Cidnb29nbGUubWFwcy5wbGFjZXMudjEuUGxhY2VzLlNlYXJjaFRleHQQAhgEIAA"
cmpd0913o01t4q1se02odplj7,Ashtanga With Chandana,,672 50 20 07,Ashtanga With Chandana,,España,google-maps,atleevoyoga,NUEVO,MEDIA,,,2026-05-19T19:07:30.132Z,2026-05-19T19:07:30.132Z,https://www.chandanabhowmick.com/,"Carrer del Taquígraf Serra, 6, Les Corts, 08029 Barcelona",Barcelona,5,12,https://maps.google.com/?cid=118612256541038468&g_mp=Cidnb29nbGUubWFwcy5wbGFjZXMudjEuUGxhY2VzLlNlYXJjaFRleHQQAhgEIAA,yoga_studio,OPERATIONAL,"Importado desde Google Maps
Tipo: Centro de yoga
Dirección: Carrer del Taquígraf Serra, 6, Les Corts, 08029 Barcelona
Google: 5⭐ (12 reseñas)
Web: https://www.chandanabhowmick.com/
Maps: https://maps.google.com/?cid=118612256541038468&g_mp=Cidnb29nbGUubWFwcy5wbGFjZXMudjEuUGxhY2VzLlNlYXJjaFRleHQQAhgEIAA"
cmpd091kr01t5q1selw2ogcrt,ANURA Ioga,,640 16 90 33,ANURA Ioga,,España,google-maps,atleevoyoga,NUEVO,MEDIA,,,2026-05-19T19:07:30.748Z,2026-05-19T19:07:30.748Z,http://anuraioga.com/,"Carrer de Bartrina, 42, Davant Plaça Can Galta, Plaça del Comerç, 4, 3er pis, Sant Andreu, 08030 Barcelona",Barcelona,5,50,https://maps.google.com/?cid=9670428658850123088&g_mp=Cidnb29nbGUubWFwcy5wbGFjZXMudjEuUGxhY2VzLlNlYXJjaFRleHQQAhgEIAA,yoga_studio,OPERATIONAL,"Importado desde Google Maps
Tipo: Centro de yoga
Dirección: Carrer de Bartrina, 42, Davant Plaça Can Galta, Plaça del Comerç, 4, 3er pis, Sant Andreu, 08030 Barcelona
Google: 5⭐ (50 reseñas)
Web: http://anuraioga.com/
Maps: https://maps.google.com/?cid=9670428658850123088&g_mp=Cidnb29nbGUubWFwcy5wbGFjZXMudjEuUGxhY2VzLlNlYXJjaFRleHQQAhgEIAA"
cmpd0922z01t6q1se5jhu6v7s,Shanti Vida,,674 73 96 98,Shanti Vida,,España,google-maps,atleevoyoga,NUEVO,MEDIA,,,2026-05-19T19:07:31.404Z,2026-05-19T19:07:31.404Z,https://www.shantivida.org/,"Carrer dels Còdols, 20, Ciutat Vella, 08002 Barcelona",Barcelona,4.6,89,https://maps.google.com/?cid=10913798102742411625&g_mp=Cidnb29nbGUubWFwcy5wbGFjZXMudjEuUGxhY2VzLlNlYXJjaFRleHQQAhgEIAA,yoga_studio,OPERATIONAL,"Importado desde Google Maps
Tipo: Centro de yoga
Dirección: Carrer dels Còdols, 20, Ciutat Vella, 08002 Barcelona
Google: 4.6⭐ (89 reseñas)
Web: https://www.shantivida.org/
Maps: https://maps.google.com/?cid=10913798102742411625&g_mp=Cidnb29nbGUubWFwcy5wbGFjZXMudjEuUGxhY2VzLlNlYXJjaFRleHQQAhgEIAA"
cmpd092e901t7q1selq1eiwpz,Ashtanga Yoga St. Cugat,,608 28 25 52,Ashtanga Yoga St. Cugat,,España,google-maps,atleevoyoga,NUEVO,MEDIA,,,2026-05-19T19:07:31.810Z,2026-05-19T19:07:31.810Z,https://www.ashtangayogastcugat.com/horarios-clases-y-tarifas,"Carrer de Francesc Moragas, 5, Entresuelo 2, 08172 Sant Cugat del Vallès, Barcelona",Barcelona,5,55,https://maps.google.com/?cid=7749326574853647736&g_mp=Cidnb29nbGUubWFwcy5wbGFjZXMudjEuUGxhY2VzLlNlYXJjaFRleHQQAhgEIAA,,OPERATIONAL,"Importado desde Google Maps
Dirección: Carrer de Francesc Moragas, 5, Entresuelo 2, 08172 Sant Cugat del Vallès, Barcelona
Google: 5⭐ (55 reseñas)
Web: https://www.ashtangayogastcugat.com/horarios-clases-y-tarifas
Maps: https://maps.google.com/?cid=7749326574853647736&g_mp=Cidnb29nbGUubWFwcy5wbGFjZXMudjEuUGxhY2VzLlNlYXJjaFRleHQQAhgEIAA"
cmpd092we01t8q1se6m4m843i,Sant Pere,,,Sant Pere,,España,google-maps,atleevoyoga,NUEVO,MEDIA,,,2026-05-19T19:07:32.463Z,2026-05-19T19:07:32.463Z,,"Rda. de Sant Pere, 58, Eixample, 08010 Barcelona",Barcelona,3.3,27,https://maps.google.com/?cid=10574699470522869602&g_mp=Cidnb29nbGUubWFwcy5wbGFjZXMudjEuUGxhY2VzLlNlYXJjaFRleHQQAhgEIAA,service,OPERATIONAL,"Importado desde Google Maps
Tipo: Servicios
Dirección: Rda. de Sant Pere, 58, Eixample, 08010 Barcelona
Google: 3.3⭐ (27 reseñas)
Maps: https://maps.google.com/?cid=10574699470522869602&g_mp=Cidnb29nbGUubWFwcy5wbGFjZXMudjEuUGxhY2VzLlNlYXJjaFRleHQQAhgEIAA"
cmpd093uu01t9q1seewhflw3l,(silencio) Barcelona,,934 61 41 84,(silencio) Barcelona,,España,google-maps,atleevoyoga,NUEVO,MEDIA,,,2026-05-19T19:07:33.703Z,2026-05-19T19:07:33.703Z,https://www.silenciobarcelona.com/,"Carrer de Londres, 41, Eixample, 08029 Barcelona",Barcelona,4.9,407,https://maps.google.com/?cid=14731934085357635672&g_mp=Cidnb29nbGUubWFwcy5wbGFjZXMudjEuUGxhY2VzLlNlYXJjaFRleHQQAhgEIAA,wellness_center,OPERATIONAL,"Importado desde Google Maps
Tipo: Centro de salud y bienestar
Dirección: Carrer de Londres, 41, Eixample, 08029 Barcelona
Google: 4.9⭐ (407 reseñas)
Web: https://www.silenciobarcelona.com/
Maps: https://maps.google.com/?cid=14731934085357635672&g_mp=Cidnb29nbGUubWFwcy5wbGFjZXMudjEuUGxhY2VzLlNlYXJjaFRleHQQAhgEIAA"
cmpd094iu01taq1sednerx6ux,Fit Mastery Sphere,,687 30 11 00,Fit Mastery Sphere,,España,google-maps,atleevoyoga,NUEVO,MEDIA,,,2026-05-19T19:07:34.566Z,2026-05-19T19:07:34.566Z,http://www.fitmastery.es/,"Carrer de Concepción Arenal, 71, Sant Andreu, 08027 Barcelona",Barcelona,5,70,https://maps.google.com/?cid=14247425161112868436&g_mp=Cidnb29nbGUubWFwcy5wbGFjZXMudjEuUGxhY2VzLlNlYXJjaFRleHQQAhgEIAA,gym,OPERATIONAL,"Importado desde Google Maps
Tipo: Gimnasio
Dirección: Carrer de Concepción Arenal, 71, Sant Andreu, 08027 Barcelona
Google: 5⭐ (70 reseñas)
Web: http://www.fitmastery.es/
Maps: https://maps.google.com/?cid=14247425161112868436&g_mp=Cidnb29nbGUubWFwcy5wbGFjZXMudjEuUGxhY2VzLlNlYXJjaFRleHQQAhgEIAA"
cmpd094xt01tbq1se6thn8gf0,Serenity Yoga Studio,,636 09 80 98,Serenity Yoga Studio,,España,google-maps,atleevoyoga,NUEVO,MEDIA,,,2026-05-19T19:07:35.105Z,2026-05-19T19:07:35.105Z,https://www.anahathayogaom.com/serenity-studio/,"Carrer Roquetes, 34, 08960 Sant Just Desvern, Barcelona",Barcelona,5,26,https://maps.google.com/?cid=10059602986398492170&g_mp=Cidnb29nbGUubWFwcy5wbGFjZXMudjEuUGxhY2VzLlNlYXJjaFRleHQQAhgEIAA,yoga_studio,OPERATIONAL,"Importado desde Google Maps
Tipo: Centro de yoga
Dirección: Carrer Roquetes, 34, 08960 Sant Just Desvern, Barcelona
Google: 5⭐ (26 reseñas)
Web: https://www.anahathayogaom.com/serenity-studio/
Maps: https://maps.google.com/?cid=10059602986398492170&g_mp=Cidnb29nbGUubWFwcy5wbGFjZXMudjEuUGxhY2VzLlNlYXJjaFRleHQQAhgEIAA"
cmpd095zx01tcq1seiwaoy4in,YogaWithYouBCN,,619 92 24 55,YogaWithYouBCN,,España,google-maps,atleevoyoga,NUEVO,MEDIA,,,2026-05-19T19:07:36.477Z,2026-05-19T19:07:36.477Z,https://www.yogawithyoubcn.com/,"Gran Via de les Corts Catalanes, 432, Eixample, 08015 Barcelona",Barcelona,5,2,https://maps.google.com/?cid=2535614885971331476&g_mp=Cidnb29nbGUubWFwcy5wbGFjZXMudjEuUGxhY2VzLlNlYXJjaFRleHQQAhgEIAA,yoga_studio,OPERATIONAL,"Importado desde Google Maps
Tipo: Centro de yoga
Dirección: Gran Via de les Corts Catalanes, 432, Eixample, 08015 Barcelona
Google: 5⭐ (2 reseñas)
Web: https://www.yogawithyoubcn.com/
Maps: https://maps.google.com/?cid=2535614885971331476&g_mp=Cidnb29nbGUubWFwcy5wbGFjZXMudjEuUGxhY2VzLlNlYXJjaFRleHQQAhgEIAA"
cmpd096b801tdq1sew13n8ogh,Your space aeroyoga,,674 11 67 27,Your space aeroyoga,,España,google-maps,atleevoyoga,NUEVO,MEDIA,,,2026-05-19T19:07:36.885Z,2026-05-19T19:07:36.885Z,https://instagram.com/yourspace.bcn?igshid=YmMyMTA2M2Y=,"Carrer de Pere IV, 123, Sant Martí, 08018 Barcelona",Barcelona,5,35,https://maps.google.com/?cid=11824045442459378227&g_mp=Cidnb29nbGUubWFwcy5wbGFjZXMudjEuUGxhY2VzLlNlYXJjaFRleHQQAhgEIAA,yoga_studio,OPERATIONAL,"Importado desde Google Maps
Tipo: Centro de yoga
Dirección: Carrer de Pere IV, 123, Sant Martí, 08018 Barcelona
Google: 5⭐ (35 reseñas)
Web: https://instagram.com/yourspace.bcn?igshid=YmMyMTA2M2Y=
Maps: https://maps.google.com/?cid=11824045442459378227&g_mp=Cidnb29nbGUubWFwcy5wbGFjZXMudjEuUGxhY2VzLlNlYXJjaFRleHQQAhgEIAA"
cmpd096mn01teq1se25qwbufq,Ashtanga Yoga Sitges,,696 07 36 81,Ashtanga Yoga Sitges,,España,google-maps,atleevoyoga,NUEVO,MEDIA,,,2026-05-19T19:07:37.295Z,2026-05-19T19:07:37.295Z,http://www.ashtangasitges.com/,"Carrer dels Germans Maristes, 6, 08870 Sitges, Barcelona",Barcelona,5,30,https://maps.google.com/?cid=3374033347715974109&g_mp=Cidnb29nbGUubWFwcy5wbGFjZXMudjEuUGxhY2VzLlNlYXJjaFRleHQQAhgEIAA,yoga_studio,OPERATIONAL,"Importado desde Google Maps
Tipo: Centro de yoga
Dirección: Carrer dels Germans Maristes, 6, 08870 Sitges, Barcelona
Google: 5⭐ (30 reseñas)
Web: http://www.ashtangasitges.com/
Maps: https://maps.google.com/?cid=3374033347715974109&g_mp=Cidnb29nbGUubWFwcy5wbGFjZXMudjEuUGxhY2VzLlNlYXJjaFRleHQQAhgEIAA"
cmpd0974801tfq1sefnyd24c4,Urban Gorillas,,,Urban Gorillas,,España,google-maps,atleevoyoga,NUEVO,MEDIA,,,2026-05-19T19:07:37.928Z,2026-05-19T19:07:37.928Z,https://www.urbangorillas.fitness/,"Carrer de Pallars, 85, Sant Martí, 08018 Barcelona",Barcelona,4.9,47,https://maps.google.com/?cid=10545754361417430965&g_mp=Cidnb29nbGUubWFwcy5wbGFjZXMudjEuUGxhY2VzLlNlYXJjaFRleHQQAhgEIAA,fitness_center,OPERATIONAL,"Importado desde Google Maps
Tipo: Centro deportivo
Dirección: Carrer de Pallars, 85, Sant Martí, 08018 Barcelona
Google: 4.9⭐ (47 reseñas)
Web: https://www.urbangorillas.fitness/
Maps: https://maps.google.com/?cid=10545754361417430965&g_mp=Cidnb29nbGUubWFwcy5wbGFjZXMudjEuUGxhY2VzLlNlYXJjaFRleHQQAhgEIAA"
cmpd097fl01tgq1sehws9kell,YogaOne Surya,,682 88 97 46,YogaOne Surya,,España,google-maps,atleevoyoga,NUEVO,MEDIA,,,2026-05-19T19:07:38.337Z,2026-05-19T19:07:38.337Z,https://www.yogaonesurya.com/,"Carrer del Taquígraf Serra, 6, Les Corts, 08029 Barcelona",Barcelona,4.3,74,https://maps.google.com/?cid=15461306254901148897&g_mp=Cidnb29nbGUubWFwcy5wbGFjZXMudjEuUGxhY2VzLlNlYXJjaFRleHQQAhgEIAA,yoga_studio,OPERATIONAL,"Importado desde Google Maps
Tipo: Centro de yoga
Dirección: Carrer del Taquígraf Serra, 6, Les Corts, 08029 Barcelona
Google: 4.3⭐ (74 reseñas)
Web: https://www.yogaonesurya.com/
Maps: https://maps.google.com/?cid=15461306254901148897&g_mp=Cidnb29nbGUubWFwcy5wbGFjZXMudjEuUGxhY2VzLlNlYXJjaFRleHQQAhgEIAA"
cmpd097r001thq1seg9cx77j6,Sangha Studio,,662 58 57 32,Sangha Studio,,España,google-maps,atleevoyoga,NUEVO,MEDIA,,,2026-05-19T19:07:38.748Z,2026-05-19T19:07:38.748Z,https://sanghastudio.es/,"C. de Muntaner, 442, Principal 2, Sarrià-Sant Gervasi, 08006 Barcelona",Barcelona,5,44,https://maps.google.com/?cid=13932102226583868733&g_mp=Cidnb29nbGUubWFwcy5wbGFjZXMudjEuUGxhY2VzLlNlYXJjaFRleHQQAhgEIAA,yoga_studio,OPERATIONAL,"Importado desde Google Maps
Tipo: Centro de yoga
Dirección: C. de Muntaner, 442, Principal 2, Sarrià-Sant Gervasi, 08006 Barcelona
Google: 5⭐ (44 reseñas)
Web: https://sanghastudio.es/
Maps: https://maps.google.com/?cid=13932102226583868733&g_mp=Cidnb29nbGUubWFwcy5wbGFjZXMudjEuUGxhY2VzLlNlYXJjaFRleHQQAhgEIAA"
cmpd0983f01tiq1senqorqxji,Abril Padma Yoga,,617 81 51 14,Abril Padma Yoga,,España,google-maps,atleevoyoga,NUEVO,MEDIA,,,2026-05-19T19:07:39.195Z,2026-05-19T19:07:39.195Z,https://abrilpadmayoga.com/,"Carrer de Trafalgar, 29, Eixample, 08010 Barcelona",Barcelona,5,31,https://maps.google.com/?cid=4351932346388245147&g_mp=Cidnb29nbGUubWFwcy5wbGFjZXMudjEuUGxhY2VzLlNlYXJjaFRleHQQAhgEIAA,yoga_studio,OPERATIONAL,"Importado desde Google Maps
Tipo: Centro de yoga
Dirección: Carrer de Trafalgar, 29, Eixample, 08010 Barcelona
Google: 5⭐ (31 reseñas)
Web: https://abrilpadmayoga.com/
Maps: https://maps.google.com/?cid=4351932346388245147&g_mp=Cidnb29nbGUubWFwcy5wbGFjZXMudjEuUGxhY2VzLlNlYXJjaFRleHQQAhgEIAA"
cmpd098pz01tjq1sep78dwanf,Ashtanga Yoga Sat,,603 55 45 02,Ashtanga Yoga Sat,,España,google-maps,atleevoyoga,NUEVO,MEDIA,,,2026-05-19T19:07:40.007Z,2026-05-19T19:07:40.007Z,https://www.ashtangayogasat.com/contacto-ashtanga-yoga-sat-barcelona/,"Carrer del Bruc, 67, Eixample, 08009 Barcelona",Barcelona,,,https://maps.google.com/?cid=5353006355529984583&g_mp=Cidnb29nbGUubWFwcy5wbGFjZXMudjEuUGxhY2VzLlNlYXJjaFRleHQQAhgEIAA,yoga_studio,OPERATIONAL,"Importado desde Google Maps
Tipo: Centro de yoga
Dirección: Carrer del Bruc, 67, Eixample, 08009 Barcelona
Web: https://www.ashtangayogasat.com/contacto-ashtanga-yoga-sat-barcelona/
Maps: https://maps.google.com/?cid=5353006355529984583&g_mp=Cidnb29nbGUubWFwcy5wbGFjZXMudjEuUGxhY2VzLlNlYXJjaFRleHQQAhgEIAA"
cmpd099sk01tkq1seonfddzxm,Ubuky Studio,,619 22 17 80,Ubuky Studio,,España,google-maps,atleevoyoga,NUEVO,MEDIA,,,2026-05-19T19:07:41.396Z,2026-05-19T19:07:41.396Z,http://www.ubuky.com/,"Centro de negocios, Carrer de Lo Gaiter del Llobregat, n° 2-10, Piso 2º-4ª M1, 08820 El Prat de Llobregat, Barcelona",Barcelona,5,19,https://maps.google.com/?cid=7420579041914572137&g_mp=Cidnb29nbGUubWFwcy5wbGFjZXMudjEuUGxhY2VzLlNlYXJjaFRleHQQAhgEIAA,yoga_studio,OPERATIONAL,"Importado desde Google Maps
Tipo: Centro de yoga
Dirección: Centro de negocios, Carrer de Lo Gaiter del Llobregat, n° 2-10, Piso 2º-4ª M1, 08820 El Prat de Llobregat, Barcelona
Google: 5⭐ (19 reseñas)
Web: http://www.ubuky.com/
Maps: https://maps.google.com/?cid=7420579041914572137&g_mp=Cidnb29nbGUubWFwcy5wbGFjZXMudjEuUGxhY2VzLlNlYXJjaFRleHQQAhgEIAA"
cmpd09akl01tlq1seyx93gh73,Yoga Vali - Ashtanga Vinyasa Yoga - Hatha Vinyasa Yoga - Yoga Terapeutico,,600 27 97 13,Yoga Vali - Ashtanga Vinyasa Yoga - Hatha Vinyasa Yoga - Yoga Terapeutico,,España,google-maps,atleevoyoga,NUEVO,MEDIA,,,2026-05-19T19:07:42.406Z,2026-05-19T19:07:42.406Z,https://yogavali.com/,"Carrer Santa Anna, 12, 08901 L'Hospitalet de Llobregat, Barcelona",Barcelona,5,6,https://maps.google.com/?cid=12306110949964315194&g_mp=Cidnb29nbGUubWFwcy5wbGFjZXMudjEuUGxhY2VzLlNlYXJjaFRleHQQAhgEIAA,,OPERATIONAL,"Importado desde Google Maps
Dirección: Carrer Santa Anna, 12, 08901 L'Hospitalet de Llobregat, Barcelona
Google: 5⭐ (6 reseñas)
Web: https://yogavali.com/
Maps: https://maps.google.com/?cid=12306110949964315194&g_mp=Cidnb29nbGUubWFwcy5wbGFjZXMudjEuUGxhY2VzLlNlYXJjaFRleHQQAhgEIAA"
cmpd09b5c01tmq1se3115j3f6,Yoga Ana Pau,,639 57 31 08,Yoga Ana Pau,,España,google-maps,atleevoyoga,NUEVO,MEDIA,,,2026-05-19T19:07:43.152Z,2026-05-19T19:07:43.152Z,https://linktr.ee/yoganapau,"Carrer d'Aribau, 226, Sarrià-Sant Gervasi, 08006 Barcelona",Barcelona,5,76,https://maps.google.com/?cid=15859174268583478486&g_mp=Cidnb29nbGUubWFwcy5wbGFjZXMudjEuUGxhY2VzLlNlYXJjaFRleHQQAhgEIAA,,OPERATIONAL,"Importado desde Google Maps
Dirección: Carrer d'Aribau, 226, Sarrià-Sant Gervasi, 08006 Barcelona
Google: 5⭐ (76 reseñas)
Web: https://linktr.ee/yoganapau
Maps: https://maps.google.com/?cid=15859174268583478486&g_mp=Cidnb29nbGUubWFwcy5wbGFjZXMudjEuUGxhY2VzLlNlYXJjaFRleHQQAhgEIAA"
cmpd09bgl01tnq1segp1xc8le,MASYOGA,,,MASYOGA,,España,google-maps,atleevoyoga,NUEVO,MEDIA,,,2026-05-19T19:07:43.557Z,2026-05-19T19:07:43.557Z,,"Carrer de Sant Antoni Maria Claret, 210, Eixample, 08025 Barcelona",Barcelona,4.9,14,https://maps.google.com/?cid=14680197024720268692&g_mp=Cidnb29nbGUubWFwcy5wbGFjZXMudjEuUGxhY2VzLlNlYXJjaFRleHQQAhgEIAA,yoga_studio,OPERATIONAL,"Importado desde Google Maps
Tipo: Centro de yoga
Dirección: Carrer de Sant Antoni Maria Claret, 210, Eixample, 08025 Barcelona
Google: 4.9⭐ (14 reseñas)
Maps: https://maps.google.com/?cid=14680197024720268692&g_mp=Cidnb29nbGUubWFwcy5wbGFjZXMudjEuUGxhY2VzLlNlYXJjaFRleHQQAhgEIAA"
cmpd09bsp01toq1seao2jqlch,Happy Lotus Massage Therapy & Yoga Barcelona,,613 03 18 44,Happy Lotus Massage Therapy & Yoga Barcelona,,España,google-maps,atleevoyoga,NUEVO,MEDIA,,,2026-05-19T19:07:43.993Z,2026-05-19T19:07:43.993Z,http://happylotusbarcelona.com/,"By appointment only, Carrer de Santa Anna, 26-28, Ciutat Vella, 08001 Barcelona",Barcelona,4.9,119,https://maps.google.com/?cid=11389638509136529802&g_mp=Cidnb29nbGUubWFwcy5wbGFjZXMudjEuUGxhY2VzLlNlYXJjaFRleHQQAhgEIAA,massage,OPERATIONAL,"Importado desde Google Maps
Tipo: Servicio de masajes
Dirección: By appointment only, Carrer de Santa Anna, 26-28, Ciutat Vella, 08001 Barcelona
Google: 4.9⭐ (119 reseñas)
Web: http://happylotusbarcelona.com/
Maps: https://maps.google.com/?cid=11389638509136529802&g_mp=Cidnb29nbGUubWFwcy5wbGFjZXMudjEuUGxhY2VzLlNlYXJjaFRleHQQAhgEIAA"
cmpd09c4001tpq1se4y7anc51,Happy Yoga PobleNou,,614 00 39 31,Happy Yoga PobleNou,,España,google-maps,atleevoyoga,NUEVO,MEDIA,,,2026-05-19T19:07:44.400Z,2026-05-19T19:07:44.400Z,https://happy-yoga-poblenou.my.canva.site/,"08005, Carrer de Pujades, 182, Sant Martí, 08005 Barcelona",Barcelona,5,30,https://maps.google.com/?cid=1049962823077293209&g_mp=Cidnb29nbGUubWFwcy5wbGFjZXMudjEuUGxhY2VzLlNlYXJjaFRleHQQAhgEIAA,yoga_studio,OPERATIONAL,"Importado desde Google Maps
Tipo: Centro de yoga
Dirección: 08005, Carrer de Pujades, 182, Sant Martí, 08005 Barcelona
Google: 5⭐ (30 reseñas)
Web: https://happy-yoga-poblenou.my.canva.site/
Maps: https://maps.google.com/?cid=1049962823077293209&g_mp=Cidnb29nbGUubWFwcy5wbGFjZXMudjEuUGxhY2VzLlNlYXJjaFRleHQQAhgEIAA"
cmpd09cl601tqq1segrjcq52j,La sala de ioga,,654 77 43 88,La sala de ioga,,España,google-maps,atleevoyoga,NUEVO,MEDIA,,,2026-05-19T19:07:45.019Z,2026-05-19T19:07:45.019Z,http://www.lasaladeyoga.com/,"Carrer Or, 15, 08195 Sant Cugat del Vallès, Barcelona",Barcelona,5,34,https://maps.google.com/?cid=11195819352802789835&g_mp=Cidnb29nbGUubWFwcy5wbGFjZXMudjEuUGxhY2VzLlNlYXJjaFRleHQQAhgEIAA,yoga_studio,OPERATIONAL,"Importado desde Google Maps
Tipo: Centro de yoga
Dirección: Carrer Or, 15, 08195 Sant Cugat del Vallès, Barcelona
Google: 5⭐ (34 reseñas)
Web: http://www.lasaladeyoga.com/
Maps: https://maps.google.com/?cid=11195819352802789835&g_mp=Cidnb29nbGUubWFwcy5wbGFjZXMudjEuUGxhY2VzLlNlYXJjaFRleHQQAhgEIAA"
cmpd09cx801trq1se5o6qt8p7,Yoga Shala by Silvia Serrano,,616 53 69 84,Yoga Shala by Silvia Serrano,,España,google-maps,atleevoyoga,NUEVO,MEDIA,,,2026-05-19T19:07:45.452Z,2026-05-19T19:07:45.452Z,https://vikasayogashala.com/,"Carrer General Manso, 13, 08980 Sant Feliu de Llobregat, Barcelona",Barcelona,5,6,https://maps.google.com/?cid=1968558239092004421&g_mp=Cidnb29nbGUubWFwcy5wbGFjZXMudjEuUGxhY2VzLlNlYXJjaFRleHQQAhgEIAA,yoga_studio,OPERATIONAL,"Importado desde Google Maps
Tipo: Centro de yoga
Dirección: Carrer General Manso, 13, 08980 Sant Feliu de Llobregat, Barcelona
Google: 5⭐ (6 reseñas)
Web: https://vikasayogashala.com/
Maps: https://maps.google.com/?cid=1968558239092004421&g_mp=Cidnb29nbGUubWFwcy5wbGFjZXMudjEuUGxhY2VzLlNlYXJjaFRleHQQAhgEIAA"
cmpd09jxc01tsq1seka2iol0z,"Centro Shambhala Valencia | Yoga, Meditación, Taichí, Chikung",,679 36 98 46,"Centro Shambhala Valencia | Yoga, Meditación, Taichí, Chikung",,España,google-maps,atleevoyoga,NUEVO,MEDIA,,,2026-05-19T19:07:54.528Z,2026-05-19T19:07:54.528Z,http://www.centroshambhala.com/,"Av. de María Cristina, 11, Ciutat Vella, 46001 València, Valencia",Valencia,5,8,https://maps.google.com/?cid=12176801511589923882&g_mp=Cidnb29nbGUubWFwcy5wbGFjZXMudjEuUGxhY2VzLlNlYXJjaFRleHQQAhgEIAA,yoga_studio,OPERATIONAL,"Importado desde Google Maps
Tipo: Centro de yoga
Dirección: Av. de María Cristina, 11, Ciutat Vella, 46001 València, Valencia
Google: 5⭐ (8 reseñas)
Web: http://www.centroshambhala.com/
Maps: https://maps.google.com/?cid=12176801511589923882&g_mp=Cidnb29nbGUubWFwcy5wbGFjZXMudjEuUGxhY2VzLlNlYXJjaFRleHQQAhgEIAA"
cmpd09l1501ttq1secy16ojod,Centro del Tao,,639 12 77 38,Centro del Tao,,España,google-maps,atleevoyoga,NUEVO,MEDIA,,,2026-05-19T19:07:55.961Z,2026-05-19T19:07:55.961Z,https://somosluzyamor8.wixsite.com/fuente-sabiduria-tao,"C. de Cebrian Mezquita, 4, Jesús, 46007 València, Valencia",Valencia,4.9,9,https://maps.google.com/?cid=2617499750684092924&g_mp=Cidnb29nbGUubWFwcy5wbGFjZXMudjEuUGxhY2VzLlNlYXJjaFRleHQQAhgEIAA,yoga_studio,OPERATIONAL,"Importado desde Google Maps
Tipo: Centro de yoga
Dirección: C. de Cebrian Mezquita, 4, Jesús, 46007 València, Valencia
Google: 4.9⭐ (9 reseñas)
Web: https://somosluzyamor8.wixsite.com/fuente-sabiduria-tao
Maps: https://maps.google.com/?cid=2617499750684092924&g_mp=Cidnb29nbGUubWFwcy5wbGFjZXMudjEuUGxhY2VzLlNlYXJjaFRleHQQAhgEIAA"
cmpd09lcb01tuq1se76w233mk,anastasio Yoga Valencia,,622 19 65 41,anastasio Yoga Valencia,,España,google-maps,atleevoyoga,NUEVO,MEDIA,,,2026-05-19T19:07:56.363Z,2026-05-19T19:07:56.363Z,http://www.anastasioyogavalencia.es/,"C. de Carlos Cervera, 6, bajo izquierda, Ensanche, 46006 Valencia",Valencia,5,10,https://maps.google.com/?cid=617368168766396849&g_mp=Cidnb29nbGUubWFwcy5wbGFjZXMudjEuUGxhY2VzLlNlYXJjaFRleHQQAhgEIAA,yoga_studio,OPERATIONAL,"Importado desde Google Maps
Tipo: Centro de yoga
Dirección: C. de Carlos Cervera, 6, bajo izquierda, Ensanche, 46006 Valencia
Google: 5⭐ (10 reseñas)
Web: http://www.anastasioyogavalencia.es/
Maps: https://maps.google.com/?cid=617368168766396849&g_mp=Cidnb29nbGUubWFwcy5wbGFjZXMudjEuUGxhY2VzLlNlYXJjaFRleHQQAhgEIAA"
cmpd09n2x01tvq1sexhua0f6o,yoga pobla,,635 03 43 22,yoga pobla,,España,google-maps,atleevoyoga,NUEVO,MEDIA,,,2026-05-19T19:07:58.617Z,2026-05-19T19:07:58.617Z,,"Carrer Nou d'Octubre, 8, 46185 La Pobla de Vallbona, Valencia",Valencia,5,3,https://maps.google.com/?cid=13769587859641603787&g_mp=Cidnb29nbGUubWFwcy5wbGFjZXMudjEuUGxhY2VzLlNlYXJjaFRleHQQAhgEIAA,yoga_studio,OPERATIONAL,"Importado desde Google Maps
Tipo: Centro de yoga
Dirección: Carrer Nou d'Octubre, 8, 46185 La Pobla de Vallbona, Valencia
Google: 5⭐ (3 reseñas)
Maps: https://maps.google.com/?cid=13769587859641603787&g_mp=Cidnb29nbGUubWFwcy5wbGFjZXMudjEuUGxhY2VzLlNlYXJjaFRleHQQAhgEIAA"
cmpd09o7p01twq1secf36nbds,Abdón Nacarino | Yoga en Valencia,,627 03 96 54,Abdón Nacarino | Yoga en Valencia,,España,google-maps,atleevoyoga,NUEVO,MEDIA,,,2026-05-19T19:08:00.085Z,2026-05-19T19:08:00.085Z,https://abdonyogaiyengar.com/,"C. Marqués de Zenete, 28, bajo derecha, Extramurs, 46007 Valencia",Valencia,5,33,https://maps.google.com/?cid=234620843391780830&g_mp=Cidnb29nbGUubWFwcy5wbGFjZXMudjEuUGxhY2VzLlNlYXJjaFRleHQQAhgEIAA,yoga_studio,OPERATIONAL,"Importado desde Google Maps
Tipo: Centro de yoga
Dirección: C. Marqués de Zenete, 28, bajo derecha, Extramurs, 46007 Valencia
Google: 5⭐ (33 reseñas)
Web: https://abdonyogaiyengar.com/
Maps: https://maps.google.com/?cid=234620843391780830&g_mp=Cidnb29nbGUubWFwcy5wbGFjZXMudjEuUGxhY2VzLlNlYXJjaFRleHQQAhgEIAA"
cmpd09p0o01txq1se9le1id39,Centro Kalindi,,626 18 90 31,Centro Kalindi,,España,google-maps,atleevoyoga,NUEVO,MEDIA,,,2026-05-19T19:08:01.128Z,2026-05-19T19:08:01.128Z,https://centrokalindi.es/?utm_source=GBP&utm_medium=Ficha,"C. Prof. Beltrán Báguena, 5, planta 8, puerta 5, Campanar, 46009 Valencia",Valencia,4.9,72,https://maps.google.com/?cid=5652367017455040294&g_mp=Cidnb29nbGUubWFwcy5wbGFjZXMudjEuUGxhY2VzLlNlYXJjaFRleHQQAhgEIAA,yoga_studio,OPERATIONAL,"Importado desde Google Maps
Tipo: Centro de yoga
Dirección: C. Prof. Beltrán Báguena, 5, planta 8, puerta 5, Campanar, 46009 Valencia
Google: 4.9⭐ (72 reseñas)
Web: https://centrokalindi.es/?utm_source=GBP&utm_medium=Ficha
Maps: https://maps.google.com/?cid=5652367017455040294&g_mp=Cidnb29nbGUubWFwcy5wbGFjZXMudjEuUGxhY2VzLlNlYXJjaFRleHQQAhgEIAA"
cmpd09q1701tyq1sey0h6zoh7,Ashtanga Yoga Valencia - Cosmin Yogi,,667 81 53 77,Ashtanga Yoga Valencia - Cosmin Yogi,,España,google-maps,atleevoyoga,NUEVO,MEDIA,,,2026-05-19T19:08:02.444Z,2026-05-19T19:08:02.444Z,https://cosminyogi.com/,"Plaça Poligono 11, 2, 46169 Olocau, Valencia",Valencia,4.9,160,https://maps.google.com/?cid=18033966909373414042&g_mp=Cidnb29nbGUubWFwcy5wbGFjZXMudjEuUGxhY2VzLlNlYXJjaFRleHQQAhgEIAA,,OPERATIONAL,"Importado desde Google Maps
Dirección: Plaça Poligono 11, 2, 46169 Olocau, Valencia
Google: 4.9⭐ (160 reseñas)
Web: https://cosminyogi.com/
Maps: https://maps.google.com/?cid=18033966909373414042&g_mp=Cidnb29nbGUubWFwcy5wbGFjZXMudjEuUGxhY2VzLlNlYXJjaFRleHQQAhgEIAA"
cmpd09qd301tzq1se4lnggc76,Ekam Ashtanga Yoga Valencia,,600 07 08 65,Ekam Ashtanga Yoga Valencia,,España,google-maps,atleevoyoga,NUEVO,MEDIA,,,2026-05-19T19:08:02.872Z,2026-05-19T19:08:02.872Z,https://www.ekamashtangayogavalencia.com/,"Carrer de Sant Vicent Màrtir, 83, puerta 10, piso 3, Extramurs, 46007 València, Valencia",Valencia,5,20,https://maps.google.com/?cid=14164629047313990091&g_mp=Cidnb29nbGUubWFwcy5wbGFjZXMudjEuUGxhY2VzLlNlYXJjaFRleHQQAhgEIAA,yoga_studio,OPERATIONAL,"Importado desde Google Maps
Tipo: Centro de yoga
Dirección: Carrer de Sant Vicent Màrtir, 83, puerta 10, piso 3, Extramurs, 46007 València, Valencia
Google: 5⭐ (20 reseñas)
Web: https://www.ekamashtangayogavalencia.com/
Maps: https://maps.google.com/?cid=14164629047313990091&g_mp=Cidnb29nbGUubWFwcy5wbGFjZXMudjEuUGxhY2VzLlNlYXJjaFRleHQQAhgEIAA"
cmpd09qog01u0q1seqq175yg1,APAY Valencia (Asociación de Practicantes de Ashtanga Yoga),,722 23 69 86,APAY Valencia (Asociación de Practicantes de Ashtanga Yoga),,España,google-maps,atleevoyoga,NUEVO,MEDIA,,,2026-05-19T19:08:03.280Z,2026-05-19T19:08:03.280Z,http://www.asociacionapay.com/,"Carrer de Manolo Taberner, 13, L'Olivereta, 46018 València, Valencia",Valencia,5,27,https://maps.google.com/?cid=9213517974029290173&g_mp=Cidnb29nbGUubWFwcy5wbGFjZXMudjEuUGxhY2VzLlNlYXJjaFRleHQQAhgEIAA,yoga_studio,OPERATIONAL,"Importado desde Google Maps
Tipo: Centro de yoga
Dirección: Carrer de Manolo Taberner, 13, L'Olivereta, 46018 València, Valencia
Google: 5⭐ (27 reseñas)
Web: http://www.asociacionapay.com/
Maps: https://maps.google.com/?cid=9213517974029290173&g_mp=Cidnb29nbGUubWFwcy5wbGFjZXMudjEuUGxhY2VzLlNlYXJjaFRleHQQAhgEIAA"
cmpd09y7q01u1q1seaf112zw0,Rosario vinyasa Yoga,,655 47 66 88,Rosario vinyasa Yoga,,España,google-maps,atleevoyoga,NUEVO,MEDIA,,,2026-05-19T19:08:13.046Z,2026-05-19T19:08:13.046Z,,"C. Heliotropo, 4A, Casco Antiguo, 41003 Sevilla",Sevilla,5,4,https://maps.google.com/?cid=6424708588669835050&g_mp=Cidnb29nbGUubWFwcy5wbGFjZXMudjEuUGxhY2VzLlNlYXJjaFRleHQQAhgEIAA,yoga_studio,OPERATIONAL,"Importado desde Google Maps
Tipo: Centro de yoga
Dirección: C. Heliotropo, 4A, Casco Antiguo, 41003 Sevilla
Google: 5⭐ (4 reseñas)
Maps: https://maps.google.com/?cid=6424708588669835050&g_mp=Cidnb29nbGUubWFwcy5wbGFjZXMudjEuUGxhY2VzLlNlYXJjaFRleHQQAhgEIAA"
cmpd09z5e01u2q1seoubev1e4,Yoga Casino,,611 25 19 81,Yoga Casino,,España,google-maps,atleevoyoga,NUEVO,MEDIA,,,2026-05-19T19:08:14.258Z,2026-05-19T19:08:14.258Z,,"C. Martín Villa, 2, Casco Antiguo, 41003 Sevilla",Sevilla,,,https://maps.google.com/?cid=2966625574901518763&g_mp=Cidnb29nbGUubWFwcy5wbGFjZXMudjEuUGxhY2VzLlNlYXJjaFRleHQQAhgEIAA,yoga_studio,OPERATIONAL,"Importado desde Google Maps
Tipo: Centro de yoga
Dirección: C. Martín Villa, 2, Casco Antiguo, 41003 Sevilla
Maps: https://maps.google.com/?cid=2966625574901518763&g_mp=Cidnb29nbGUubWFwcy5wbGFjZXMudjEuUGxhY2VzLlNlYXJjaFRleHQQAhgEIAA"
cmpd09zm401u3q1se3i66ixb8,ESPACIO DHARMA (Ainara Diaz),,659 32 60 15,ESPACIO DHARMA (Ainara Diaz),,España,google-maps,atleevoyoga,NUEVO,MEDIA,,,2026-05-19T19:08:14.861Z,2026-05-19T19:08:14.861Z,,"C. Fernando Zóbel, 48, 41020 Sevilla",Sevilla,,,https://maps.google.com/?cid=462955000719739248&g_mp=Cidnb29nbGUubWFwcy5wbGFjZXMudjEuUGxhY2VzLlNlYXJjaFRleHQQAhgEIAA,yoga_studio,OPERATIONAL,"Importado desde Google Maps
Tipo: Centro de yoga
Dirección: C. Fernando Zóbel, 48, 41020 Sevilla
Maps: https://maps.google.com/?cid=462955000719739248&g_mp=Cidnb29nbGUubWFwcy5wbGFjZXMudjEuUGxhY2VzLlNlYXJjaFRleHQQAhgEIAA"
cmpd0a09g01u4q1seu4m18rdd,SENDA Espacio,,613 13 58 63,SENDA Espacio,,España,google-maps,atleevoyoga,NUEVO,MEDIA,,,2026-05-19T19:08:15.701Z,2026-05-19T19:08:15.701Z,https://www.somossenda.es/,"Av. de la Cruz Roja, 3, 41009 Sevilla",Sevilla,5,11,https://maps.google.com/?cid=14402351580632562285&g_mp=Cidnb29nbGUubWFwcy5wbGFjZXMudjEuUGxhY2VzLlNlYXJjaFRleHQQAhgEIAA,wellness_center,OPERATIONAL,"Importado desde Google Maps
Tipo: Centro de salud y bienestar
Dirección: Av. de la Cruz Roja, 3, 41009 Sevilla
Google: 5⭐ (11 reseñas)
Web: https://www.somossenda.es/
Maps: https://maps.google.com/?cid=14402351580632562285&g_mp=Cidnb29nbGUubWFwcy5wbGFjZXMudjEuUGxhY2VzLlNlYXJjaFRleHQQAhgEIAA"
cmpd0a11y01u5q1sebt13g8gl,YogaMundi Masajes,,645 25 83 13,YogaMundi Masajes,,España,google-maps,atleevoyoga,NUEVO,MEDIA,,,2026-05-19T19:08:16.727Z,2026-05-19T19:08:16.727Z,https://yogamundi.es/?utm_source=google&utm_medium=organic&utm_campaign=gmb,"C. Quintana, 15, Bajo A, Casco Antiguo, 41003 Sevilla",Sevilla,4.9,212,https://maps.google.com/?cid=15058556070689096230&g_mp=Cidnb29nbGUubWFwcy5wbGFjZXMudjEuUGxhY2VzLlNlYXJjaFRleHQQAhgEIAA,massage,OPERATIONAL,"Importado desde Google Maps
Tipo: Servicio de masajes
Dirección: C. Quintana, 15, Bajo A, Casco Antiguo, 41003 Sevilla
Google: 4.9⭐ (212 reseñas)
Web: https://yogamundi.es/?utm_source=google&utm_medium=organic&utm_campaign=gmb
Maps: https://maps.google.com/?cid=15058556070689096230&g_mp=Cidnb29nbGUubWFwcy5wbGFjZXMudjEuUGxhY2VzLlNlYXJjaFRleHQQAhgEIAA"
cmpd0a1dg01u6q1sest1prob8,CoinBets777,,610 76 23 85,CoinBets777,,España,google-maps,atleevoyoga,NUEVO,MEDIA,,,2026-05-19T19:08:17.140Z,2026-05-19T19:08:17.140Z,https://coinbets777.com/,"C. Almirantazgo, 5, Casco Antiguo, 41001 Sevilla",Sevilla,,,https://maps.google.com/?cid=17180680349373611337&g_mp=Cidnb29nbGUubWFwcy5wbGFjZXMudjEuUGxhY2VzLlNlYXJjaFRleHQQAhgEIAA,yoga_studio,OPERATIONAL,"Importado desde Google Maps
Tipo: Centro de yoga
Dirección: C. Almirantazgo, 5, Casco Antiguo, 41001 Sevilla
Web: https://coinbets777.com/
Maps: https://maps.google.com/?cid=17180680349373611337&g_mp=Cidnb29nbGUubWFwcy5wbGFjZXMudjEuUGxhY2VzLlNlYXJjaFRleHQQAhgEIAA"
cmpd0a1ui01u7q1seil5ras3b,A.C YOGALISANA,,646 25 62 48,A.C YOGALISANA,,España,google-maps,atleevoyoga,NUEVO,MEDIA,,,2026-05-19T19:08:17.755Z,2026-05-19T19:08:17.755Z,http://www.yogalisana.com/,"Grupo Parque Miraflores, Norte, 41008 Sevilla",Sevilla,5,60,https://maps.google.com/?cid=13629236367671772459&g_mp=Cidnb29nbGUubWFwcy5wbGFjZXMudjEuUGxhY2VzLlNlYXJjaFRleHQQAhgEIAA,association_or_organization,OPERATIONAL,"Importado desde Google Maps
Tipo: Asociación u organización
Dirección: Grupo Parque Miraflores, Norte, 41008 Sevilla
Google: 5⭐ (60 reseñas)
Web: http://www.yogalisana.com/
Maps: https://maps.google.com/?cid=13629236367671772459&g_mp=Cidnb29nbGUubWFwcy5wbGFjZXMudjEuUGxhY2VzLlNlYXJjaFRleHQQAhgEIAA"
cmpd0a33z01u8q1se8lyucat7,Surya Yoga Studio,,611 86 57 18,Surya Yoga Studio,,España,google-maps,atleevoyoga,NUEVO,MEDIA,,,2026-05-19T19:08:19.391Z,2026-05-19T19:08:19.391Z,http://www.surya-yoga-studio.es/,"C. Miguel de Mañara, 5, Local, 41300 San José de la Rinconada, Sevilla",Sevilla,5,37,https://maps.google.com/?cid=8547375604582798168&g_mp=Cidnb29nbGUubWFwcy5wbGFjZXMudjEuUGxhY2VzLlNlYXJjaFRleHQQAhgEIAA,yoga_studio,OPERATIONAL,"Importado desde Google Maps
Tipo: Centro de yoga
Dirección: C. Miguel de Mañara, 5, Local, 41300 San José de la Rinconada, Sevilla
Google: 5⭐ (37 reseñas)
Web: http://www.surya-yoga-studio.es/
Maps: https://maps.google.com/?cid=8547375604582798168&g_mp=Cidnb29nbGUubWFwcy5wbGFjZXMudjEuUGxhY2VzLlNlYXJjaFRleHQQAhgEIAA"
cmpd0a5bf01u9q1se1gp3blzn,Centro de Yoga Ashtanga,,626 49 69 43,Centro de Yoga Ashtanga,,España,google-maps,atleevoyoga,NUEVO,MEDIA,,,2026-05-19T19:08:22.251Z,2026-05-19T19:08:22.251Z,http://yogashtanga.com/,"C. Cimadevilla, n° 15, Escalera B, 1° A, 33003 Oviedo, Asturias",Sevilla,4.9,42,https://maps.google.com/?cid=15879090011430993885&g_mp=Cidnb29nbGUubWFwcy5wbGFjZXMudjEuUGxhY2VzLlNlYXJjaFRleHQQAhgEIAA,yoga_studio,OPERATIONAL,"Importado desde Google Maps
Tipo: Centro de yoga
Dirección: C. Cimadevilla, n° 15, Escalera B, 1° A, 33003 Oviedo, Asturias
Google: 4.9⭐ (42 reseñas)
Web: http://yogashtanga.com/
Maps: https://maps.google.com/?cid=15879090011430993885&g_mp=Cidnb29nbGUubWFwcy5wbGFjZXMudjEuUGxhY2VzLlNlYXJjaFRleHQQAhgEIAA"
cmpd0aa1d01uaq1sew0h7mm0k,"MENTO - yoga, breathwork, sonoterapia, animal flow, aromaterapia y retiros",,647 90 47 74,"MENTO - yoga, breathwork, sonoterapia, animal flow, aromaterapia y retiros",,España,google-maps,atleevoyoga,NUEVO,MEDIA,,,2026-05-19T19:08:28.370Z,2026-05-19T19:08:28.370Z,https://mento.com.es/,"Pl. Santiago Sas, 7, 2A, Casco Antiguo, 50003 Zaragoza",Zaragoza,5,81,https://maps.google.com/?cid=4253534940511001557&g_mp=Cidnb29nbGUubWFwcy5wbGFjZXMudjEuUGxhY2VzLlNlYXJjaFRleHQQAhgEIAA,yoga_studio,OPERATIONAL,"Importado desde Google Maps
Tipo: Centro de yoga
Dirección: Pl. Santiago Sas, 7, 2A, Casco Antiguo, 50003 Zaragoza
Google: 5⭐ (81 reseñas)
Web: https://mento.com.es/
Maps: https://maps.google.com/?cid=4253534940511001557&g_mp=Cidnb29nbGUubWFwcy5wbGFjZXMudjEuUGxhY2VzLlNlYXJjaFRleHQQAhgEIAA"
cmpd0aad201ubq1sezsy8hrha,Más Que Yoga Zaragoza,,635 18 39 81,Más Que Yoga Zaragoza,,España,google-maps,atleevoyoga,NUEVO,MEDIA,,,2026-05-19T19:08:28.791Z,2026-05-19T19:08:28.791Z,http://www.masqueyogazaragoza.com/,"P.º de María Agustín, 89, 50003 Zaragoza",Zaragoza,5,24,https://maps.google.com/?cid=5487134039256886889&g_mp=Cidnb29nbGUubWFwcy5wbGFjZXMudjEuUGxhY2VzLlNlYXJjaFRleHQQAhgEIAA,yoga_studio,OPERATIONAL,"Importado desde Google Maps
Tipo: Centro de yoga
Dirección: P.º de María Agustín, 89, 50003 Zaragoza
Google: 5⭐ (24 reseñas)
Web: http://www.masqueyogazaragoza.com/
Maps: https://maps.google.com/?cid=5487134039256886889&g_mp=Cidnb29nbGUubWFwcy5wbGFjZXMudjEuUGxhY2VzLlNlYXJjaFRleHQQAhgEIAA"
cmpd0aaoq01ucq1se223v8pvr,Centro de Yoga y Yogaterapia Fernando el Católico,,976 56 07 09,Centro de Yoga y Yogaterapia Fernando el Católico,,España,google-maps,atleevoyoga,NUEVO,MEDIA,,,2026-05-19T19:08:29.211Z,2026-05-19T19:08:29.211Z,https://yogaterapia.es/,"P.º de Fernando el Católico, 9, pral dcha, 50006 Zaragoza",Zaragoza,5,35,https://maps.google.com/?cid=15423455761596854257&g_mp=Cidnb29nbGUubWFwcy5wbGFjZXMudjEuUGxhY2VzLlNlYXJjaFRleHQQAhgEIAA,yoga_studio,OPERATIONAL,"Importado desde Google Maps
Tipo: Centro de yoga
Dirección: P.º de Fernando el Católico, 9, pral dcha, 50006 Zaragoza
Google: 5⭐ (35 reseñas)
Web: https://yogaterapia.es/
Maps: https://maps.google.com/?cid=15423455761596854257&g_mp=Cidnb29nbGUubWFwcy5wbGFjZXMudjEuUGxhY2VzLlNlYXJjaFRleHQQAhgEIAA"
cmpd0abaz01udq1sec7o01uma,Om Yoga Zaragoza en Casco Viejo,,696 81 19 64,Om Yoga Zaragoza en Casco Viejo,,España,google-maps,atleevoyoga,NUEVO,MEDIA,,,2026-05-19T19:08:30.011Z,2026-05-19T19:08:30.011Z,https://omyogazaragoza.es/,"en callejón frente al Bar El Lince, Pl. de Sta. Marta, Casco Antiguo, 50001 Zaragoza",Zaragoza,5,8,https://maps.google.com/?cid=7314358981656090288&g_mp=Cidnb29nbGUubWFwcy5wbGFjZXMudjEuUGxhY2VzLlNlYXJjaFRleHQQAhgEIAA,yoga_studio,OPERATIONAL,"Importado desde Google Maps
Tipo: Centro de yoga
Dirección: en callejón frente al Bar El Lince, Pl. de Sta. Marta, Casco Antiguo, 50001 Zaragoza
Google: 5⭐ (8 reseñas)
Web: https://omyogazaragoza.es/
Maps: https://maps.google.com/?cid=7314358981656090288&g_mp=Cidnb29nbGUubWFwcy5wbGFjZXMudjEuUGxhY2VzLlNlYXJjaFRleHQQAhgEIAA"
cmpd0abma01ueq1sehkpf0b96,TúHaz,,665 41 84 08,TúHaz,,España,google-maps,atleevoyoga,NUEVO,MEDIA,,,2026-05-19T19:08:30.419Z,2026-05-19T19:08:30.419Z,,"C. del Dr. Horno Alcorta, 27, 50004 Zaragoza",Zaragoza,4.9,18,https://maps.google.com/?cid=10547473424877364427&g_mp=Cidnb29nbGUubWFwcy5wbGFjZXMudjEuUGxhY2VzLlNlYXJjaFRleHQQAhgEIAA,yoga_studio,OPERATIONAL,"Importado desde Google Maps
Tipo: Centro de yoga
Dirección: C. del Dr. Horno Alcorta, 27, 50004 Zaragoza
Google: 4.9⭐ (18 reseñas)
Maps: https://maps.google.com/?cid=10547473424877364427&g_mp=Cidnb29nbGUubWFwcy5wbGFjZXMudjEuUGxhY2VzLlNlYXJjaFRleHQQAhgEIAA"
cmpd0ac3101ufq1sea9qekmx8,Escuela Kundalini Yoga y Sat Nam Rasayan Zaragoza,,669 63 64 02,Escuela Kundalini Yoga y Sat Nam Rasayan Zaragoza,,España,google-maps,atleevoyoga,NUEVO,MEDIA,,,2026-05-19T19:08:31.021Z,2026-05-19T19:08:31.021Z,http://kundaliniyogazaragoza.com/,"Av. de César Augusto, 3, 5º-A, Casco Antiguo, 50004 Zaragoza",Zaragoza,5,10,https://maps.google.com/?cid=2327083358083684386&g_mp=Cidnb29nbGUubWFwcy5wbGFjZXMudjEuUGxhY2VzLlNlYXJjaFRleHQQAhgEIAA,yoga_studio,OPERATIONAL,"Importado desde Google Maps
Tipo: Centro de yoga
Dirección: Av. de César Augusto, 3, 5º-A, Casco Antiguo, 50004 Zaragoza
Google: 5⭐ (10 reseñas)
Web: http://kundaliniyogazaragoza.com/
Maps: https://maps.google.com/?cid=2327083358083684386&g_mp=Cidnb29nbGUubWFwcy5wbGFjZXMudjEuUGxhY2VzLlNlYXJjaFRleHQQAhgEIAA"
cmpd0aceg01ugq1sereon3lfq,Clara Diestre | Enseñanza de Yoga y Meditación,,687 69 01 29,Clara Diestre | Enseñanza de Yoga y Meditación,,España,google-maps,atleevoyoga,NUEVO,MEDIA,,,2026-05-19T19:08:31.432Z,2026-05-19T19:08:31.432Z,http://www.claradiestre.com/,"C. Mayores de Aragón, 1, 50008 Zaragoza",Zaragoza,5,8,https://maps.google.com/?cid=17308071071675905391&g_mp=Cidnb29nbGUubWFwcy5wbGFjZXMudjEuUGxhY2VzLlNlYXJjaFRleHQQAhgEIAA,yoga_studio,OPERATIONAL,"Importado desde Google Maps
Tipo: Centro de yoga
Dirección: C. Mayores de Aragón, 1, 50008 Zaragoza
Google: 5⭐ (8 reseñas)
Web: http://www.claradiestre.com/
Maps: https://maps.google.com/?cid=17308071071675905391&g_mp=Cidnb29nbGUubWFwcy5wbGFjZXMudjEuUGxhY2VzLlNlYXJjaFRleHQQAhgEIAA"
cmpd0acq401uhq1sey5xorqca,Centro de Yoga Namaskar,,976 00 46 31,Centro de Yoga Namaskar,,España,google-maps,atleevoyoga,NUEVO,MEDIA,,,2026-05-19T19:08:31.853Z,2026-05-19T19:08:31.853Z,http://centroyogazaragoza.com/,"P.º de la Independencia, 24-26, planta 8 Oficina 7, Casco Antiguo, 50001 Zaragoza",Zaragoza,,,https://maps.google.com/?cid=16010906072809063757&g_mp=Cidnb29nbGUubWFwcy5wbGFjZXMudjEuUGxhY2VzLlNlYXJjaFRleHQQAhgEIAA,yoga_studio,OPERATIONAL,"Importado desde Google Maps
Tipo: Centro de yoga
Dirección: P.º de la Independencia, 24-26, planta 8 Oficina 7, Casco Antiguo, 50001 Zaragoza
Web: http://centroyogazaragoza.com/
Maps: https://maps.google.com/?cid=16010906072809063757&g_mp=Cidnb29nbGUubWFwcy5wbGFjZXMudjEuUGxhY2VzLlNlYXJjaFRleHQQAhgEIAA"
cmpd0ad1f01uiq1sef66f9rh4,Ayatana | Escuela de Yoga en Zaragoza,,976 15 85 46,Ayatana | Escuela de Yoga en Zaragoza,,España,google-maps,atleevoyoga,NUEVO,MEDIA,,,2026-05-19T19:08:32.259Z,2026-05-19T19:08:32.259Z,,"C. de Hernán Cortés, 34, 50005 Zaragoza",Zaragoza,5,1,https://maps.google.com/?cid=14119313675774921063&g_mp=Cidnb29nbGUubWFwcy5wbGFjZXMudjEuUGxhY2VzLlNlYXJjaFRleHQQAhgEIAA,yoga_studio,OPERATIONAL,"Importado desde Google Maps
Tipo: Centro de yoga
Dirección: C. de Hernán Cortés, 34, 50005 Zaragoza
Google: 5⭐ (1 reseñas)
Maps: https://maps.google.com/?cid=14119313675774921063&g_mp=Cidnb29nbGUubWFwcy5wbGFjZXMudjEuUGxhY2VzLlNlYXJjaFRleHQQAhgEIAA"
cmpd0adio01ujq1sek934ggbd,Estudio de Yoga Costa 7,,976 23 66 08,Estudio de Yoga Costa 7,,España,google-maps,atleevoyoga,NUEVO,MEDIA,,,2026-05-19T19:08:32.880Z,2026-05-19T19:08:32.880Z,http://www.estudiodeyogacosta7.com/,"Calle de Joaquín Costa, 7, 1-DCHA, Casco Antiguo, 50001 Zaragoza",Zaragoza,5,11,https://maps.google.com/?cid=17066452832062990480&g_mp=Cidnb29nbGUubWFwcy5wbGFjZXMudjEuUGxhY2VzLlNlYXJjaFRleHQQAhgEIAA,yoga_studio,OPERATIONAL,"Importado desde Google Maps
Tipo: Centro de yoga
Dirección: Calle de Joaquín Costa, 7, 1-DCHA, Casco Antiguo, 50001 Zaragoza
Google: 5⭐ (11 reseñas)
Web: http://www.estudiodeyogacosta7.com/
Maps: https://maps.google.com/?cid=17066452832062990480&g_mp=Cidnb29nbGUubWFwcy5wbGFjZXMudjEuUGxhY2VzLlNlYXJjaFRleHQQAhgEIAA"
cmpd0adul01ukq1se3i0ukogb,ONNA Salud y Movimiento Las Fuentes | Pilates • Fuerza • Espalda Sana • Tonificación • Suelo Pélvico • Funcional • Yoga,,623 06 43 43,ONNA Salud y Movimiento Las Fuentes | Pilates • Fuerza • Espalda Sana • Tonificación • Suelo Pélvico • Funcional • Yoga,,España,google-maps,atleevoyoga,NUEVO,MEDIA,,,2026-05-19T19:08:33.309Z,2026-05-19T19:08:33.309Z,https://www.onnasaludymovimiento.es/,"C. de Tomás Higuera, 22, 50013 Zaragoza",Zaragoza,5,90,https://maps.google.com/?cid=17795043616324835151&g_mp=Cidnb29nbGUubWFwcy5wbGFjZXMudjEuUGxhY2VzLlNlYXJjaFRleHQQAhgEIAA,gym,OPERATIONAL,"Importado desde Google Maps
Tipo: Gimnasio
Dirección: C. de Tomás Higuera, 22, 50013 Zaragoza
Google: 5⭐ (90 reseñas)
Web: https://www.onnasaludymovimiento.es/
Maps: https://maps.google.com/?cid=17795043616324835151&g_mp=Cidnb29nbGUubWFwcy5wbGFjZXMudjEuUGxhY2VzLlNlYXJjaFRleHQQAhgEIAA"
cmpd0ae5n01ulq1se7a6aucfk,Makam Yoga y Ayurveda Zaragoza,,644 89 93 95,Makam Yoga y Ayurveda Zaragoza,,España,google-maps,atleevoyoga,NUEVO,MEDIA,,,2026-05-19T19:08:33.708Z,2026-05-19T19:08:33.708Z,http://makam.es/,"C. de Torrellas, Casco Antiguo, 50001 Zaragoza",Zaragoza,5,32,https://maps.google.com/?cid=16059082888976962688&g_mp=Cidnb29nbGUubWFwcy5wbGFjZXMudjEuUGxhY2VzLlNlYXJjaFRleHQQAhgEIAA,yoga_studio,OPERATIONAL,"Importado desde Google Maps
Tipo: Centro de yoga
Dirección: C. de Torrellas, Casco Antiguo, 50001 Zaragoza
Google: 5⭐ (32 reseñas)
Web: http://makam.es/
Maps: https://maps.google.com/?cid=16059082888976962688&g_mp=Cidnb29nbGUubWFwcy5wbGFjZXMudjEuUGxhY2VzLlNlYXJjaFRleHQQAhgEIAA"
cmpd0aehu01umq1sek6gc18dy,hacemosYoga,,636 41 65 59,hacemosYoga,,España,google-maps,atleevoyoga,NUEVO,MEDIA,,,2026-05-19T19:08:34.146Z,2026-05-19T19:08:34.146Z,http://www.hacemosyoga.com/,"Cmo del Vado, 4, 50014 Zaragoza",Zaragoza,5,11,https://maps.google.com/?cid=9198829274727037993&g_mp=Cidnb29nbGUubWFwcy5wbGFjZXMudjEuUGxhY2VzLlNlYXJjaFRleHQQAhgEIAA,yoga_studio,OPERATIONAL,"Importado desde Google Maps
Tipo: Centro de yoga
Dirección: Cmo del Vado, 4, 50014 Zaragoza
Google: 5⭐ (11 reseñas)
Web: http://www.hacemosyoga.com/
Maps: https://maps.google.com/?cid=9198829274727037993&g_mp=Cidnb29nbGUubWFwcy5wbGFjZXMudjEuUGxhY2VzLlNlYXJjaFRleHQQAhgEIAA"
cmpd0af5o01unq1sem50p1sqz,Centro de Yoga Satyananda,,976 23 97 06,Centro de Yoga Satyananda,,España,google-maps,atleevoyoga,NUEVO,MEDIA,,,2026-05-19T19:08:35.004Z,2026-05-19T19:08:35.004Z,http://www.yogasat.com/,"Gran Vía Santiago Ramón y Cajal, 7, 3º Izda, 50006 Zaragoza",Zaragoza,4.8,6,https://maps.google.com/?cid=1235811116608578416&g_mp=Cidnb29nbGUubWFwcy5wbGFjZXMudjEuUGxhY2VzLlNlYXJjaFRleHQQAhgEIAA,yoga_studio,OPERATIONAL,"Importado desde Google Maps
Tipo: Centro de yoga
Dirección: Gran Vía Santiago Ramón y Cajal, 7, 3º Izda, 50006 Zaragoza
Google: 4.8⭐ (6 reseñas)
Web: http://www.yogasat.com/
Maps: https://maps.google.com/?cid=1235811116608578416&g_mp=Cidnb29nbGUubWFwcy5wbGFjZXMudjEuUGxhY2VzLlNlYXJjaFRleHQQAhgEIAA"
cmpd0afgx01uoq1set32jsoim,Play Yoga,,608 94 90 11,Play Yoga,,España,google-maps,atleevoyoga,NUEVO,MEDIA,,,2026-05-19T19:08:35.409Z,2026-05-19T19:08:35.409Z,https://playyoga.es/,"C. de S. Miguel, 14, 1-4, Casco Antiguo, 50014 Zaragoza",Zaragoza,5,36,https://maps.google.com/?cid=10576988191360085776&g_mp=Cidnb29nbGUubWFwcy5wbGFjZXMudjEuUGxhY2VzLlNlYXJjaFRleHQQAhgEIAA,yoga_studio,OPERATIONAL,"Importado desde Google Maps
Tipo: Centro de yoga
Dirección: C. de S. Miguel, 14, 1-4, Casco Antiguo, 50014 Zaragoza
Google: 5⭐ (36 reseñas)
Web: https://playyoga.es/
Maps: https://maps.google.com/?cid=10576988191360085776&g_mp=Cidnb29nbGUubWFwcy5wbGFjZXMudjEuUGxhY2VzLlNlYXJjaFRleHQQAhgEIAA"
cmpd0afu001upq1se2pi2xed8,Tranquillity Center,,976 40 04 99,Tranquillity Center,,España,google-maps,atleevoyoga,NUEVO,MEDIA,,,2026-05-19T19:08:35.838Z,2026-05-19T19:08:35.838Z,http://www.tranquillitycenter.es/,"C. de Baltasar Gracián, 9, 50005 Zaragoza",Zaragoza,4.8,56,https://maps.google.com/?cid=9566966695421900899&g_mp=Cidnb29nbGUubWFwcy5wbGFjZXMudjEuUGxhY2VzLlNlYXJjaFRleHQQAhgEIAA,wellness_center,OPERATIONAL,"Importado desde Google Maps
Tipo: Centro de salud y bienestar
Dirección: C. de Baltasar Gracián, 9, 50005 Zaragoza
Google: 4.8⭐ (56 reseñas)
Web: http://www.tranquillitycenter.es/
Maps: https://maps.google.com/?cid=9566966695421900899&g_mp=Cidnb29nbGUubWFwcy5wbGFjZXMudjEuUGxhY2VzLlNlYXJjaFRleHQQAhgEIAA"
cmpd0ag5401uqq1seq2l575dg,Aeroyoga y Yoga Zaragoza,,619 98 93 11,Aeroyoga y Yoga Zaragoza,,España,google-maps,atleevoyoga,NUEVO,MEDIA,,,2026-05-19T19:08:36.280Z,2026-05-19T19:08:36.280Z,https://www.aeroyogazaragoza.es/,"C. de Tomás Zumalacárregui, 26, entresuelo B, 50006 Zaragoza",Zaragoza,5,3,https://maps.google.com/?cid=16876423655649657084&g_mp=Cidnb29nbGUubWFwcy5wbGFjZXMudjEuUGxhY2VzLlNlYXJjaFRleHQQAhgEIAA,yoga_studio,OPERATIONAL,"Importado desde Google Maps
Tipo: Centro de yoga
Dirección: C. de Tomás Zumalacárregui, 26, entresuelo B, 50006 Zaragoza
Google: 5⭐ (3 reseñas)
Web: https://www.aeroyogazaragoza.es/
Maps: https://maps.google.com/?cid=16876423655649657084&g_mp=Cidnb29nbGUubWFwcy5wbGFjZXMudjEuUGxhY2VzLlNlYXJjaFRleHQQAhgEIAA"
cmpd0agg901urq1seetr180rk,Yoga,,,Yoga,,España,google-maps,atleevoyoga,NUEVO,MEDIA,,,2026-05-19T19:08:36.682Z,2026-05-19T19:08:36.682Z,,"C. de Mariano Barbasán, 18, 50006 Zaragoza",Zaragoza,5,8,https://maps.google.com/?cid=3311179818132367723&g_mp=Cidnb29nbGUubWFwcy5wbGFjZXMudjEuUGxhY2VzLlNlYXJjaFRleHQQAhgEIAA,yoga_studio,OPERATIONAL,"Importado desde Google Maps
Tipo: Centro de yoga
Dirección: C. de Mariano Barbasán, 18, 50006 Zaragoza
Google: 5⭐ (8 reseñas)
Maps: https://maps.google.com/?cid=3311179818132367723&g_mp=Cidnb29nbGUubWFwcy5wbGFjZXMudjEuUGxhY2VzLlNlYXJjaFRleHQQAhgEIAA"
cmpd0agrp01usq1se6rr610yx,Pilates & Yoga Vertebrasana,,976 51 13 87,Pilates & Yoga Vertebrasana,,España,google-maps,atleevoyoga,NUEVO,MEDIA,,,2026-05-19T19:08:37.093Z,2026-05-19T19:08:37.093Z,http://www.vertebrasana.es/,"C. de Pablo Ruiz Picasso, 6, 50018 Zaragoza",Zaragoza,4.8,50,https://maps.google.com/?cid=6876671549918730557&g_mp=Cidnb29nbGUubWFwcy5wbGFjZXMudjEuUGxhY2VzLlNlYXJjaFRleHQQAhgEIAA,gym,OPERATIONAL,"Importado desde Google Maps
Tipo: Gimnasio
Dirección: C. de Pablo Ruiz Picasso, 6, 50018 Zaragoza
Google: 4.8⭐ (50 reseñas)
Web: http://www.vertebrasana.es/
Maps: https://maps.google.com/?cid=6876671549918730557&g_mp=Cidnb29nbGUubWFwcy5wbGFjZXMudjEuUGxhY2VzLlNlYXJjaFRleHQQAhgEIAA"
cmpd0ah2x01utq1seld9f9qwq,SABÁH | Centro de Masajes y Estética en Zaragoza,,976 23 69 56,SABÁH | Centro de Masajes y Estética en Zaragoza,,España,google-maps,atleevoyoga,NUEVO,MEDIA,,,2026-05-19T19:08:37.498Z,2026-05-19T19:08:37.498Z,https://sabah.es/,"Calle de Don, C. de Jerónimo Blancas, 7, Casco Antiguo, 50001 Zaragoza",Zaragoza,4.6,641,https://maps.google.com/?cid=10060435714216088940&g_mp=Cidnb29nbGUubWFwcy5wbGFjZXMudjEuUGxhY2VzLlNlYXJjaFRleHQQAhgEIAA,wellness_center,OPERATIONAL,"Importado desde Google Maps
Tipo: Centro de salud y bienestar
Dirección: Calle de Don, C. de Jerónimo Blancas, 7, Casco Antiguo, 50001 Zaragoza
Google: 4.6⭐ (641 reseñas)
Web: https://sabah.es/
Maps: https://maps.google.com/?cid=10060435714216088940&g_mp=Cidnb29nbGUubWFwcy5wbGFjZXMudjEuUGxhY2VzLlNlYXJjaFRleHQQAhgEIAA"
cmpd0ahf101uuq1sehfa4yzqi,Espacio Alaire,,620 21 49 41,Espacio Alaire,,España,google-maps,atleevoyoga,NUEVO,MEDIA,,,2026-05-19T19:08:37.933Z,2026-05-19T19:08:37.933Z,http://espacioalaire.com/,"C. de Tomás Zumalacárregui, 26, entlo D, 50006 Zaragoza",Zaragoza,5,32,https://maps.google.com/?cid=13815730471212970306&g_mp=Cidnb29nbGUubWFwcy5wbGFjZXMudjEuUGxhY2VzLlNlYXJjaFRleHQQAhgEIAA,yoga_studio,OPERATIONAL,"Importado desde Google Maps
Tipo: Centro de yoga
Dirección: C. de Tomás Zumalacárregui, 26, entlo D, 50006 Zaragoza
Google: 5⭐ (32 reseñas)
Web: http://espacioalaire.com/
Maps: https://maps.google.com/?cid=13815730471212970306&g_mp=Cidnb29nbGUubWFwcy5wbGFjZXMudjEuUGxhY2VzLlNlYXJjaFRleHQQAhgEIAA"
cmpd0ahqc01uvq1sepezvyxel,Centro Yukido,,636 21 38 85,Centro Yukido,,España,google-maps,atleevoyoga,NUEVO,MEDIA,,,2026-05-19T19:08:38.340Z,2026-05-19T19:08:38.340Z,https://centroyukido.com/,"Av. de César Augusto, 3, 1D, Casco Antiguo, 50004 Zaragoza",Zaragoza,5,1,https://maps.google.com/?cid=9069386944419260296&g_mp=Cidnb29nbGUubWFwcy5wbGFjZXMudjEuUGxhY2VzLlNlYXJjaFRleHQQAhgEIAA,yoga_studio,OPERATIONAL,"Importado desde Google Maps
Tipo: Centro de yoga
Dirección: Av. de César Augusto, 3, 1D, Casco Antiguo, 50004 Zaragoza
Google: 5⭐ (1 reseñas)
Web: https://centroyukido.com/
Maps: https://maps.google.com/?cid=9069386944419260296&g_mp=Cidnb29nbGUubWFwcy5wbGFjZXMudjEuUGxhY2VzLlNlYXJjaFRleHQQAhgEIAA"
cmpd0ai7f01uwq1se9abi1ito,Centro de Yoga Prana,,658 50 50 48,Centro de Yoga Prana,,España,google-maps,atleevoyoga,NUEVO,MEDIA,,,2026-05-19T19:08:38.955Z,2026-05-19T19:08:38.955Z,https://facebook.com/Centro-de-Yoga-Prana-1562677284044892/,"C. de Celanova, 4, Delicias, 50017 Zaragoza",Zaragoza,4.8,19,https://maps.google.com/?cid=2681393631117875334&g_mp=Cidnb29nbGUubWFwcy5wbGFjZXMudjEuUGxhY2VzLlNlYXJjaFRleHQQAhgEIAA,yoga_studio,OPERATIONAL,"Importado desde Google Maps
Tipo: Centro de yoga
Dirección: C. de Celanova, 4, Delicias, 50017 Zaragoza
Google: 4.8⭐ (19 reseñas)
Web: https://facebook.com/Centro-de-Yoga-Prana-1562677284044892/
Maps: https://maps.google.com/?cid=2681393631117875334&g_mp=Cidnb29nbGUubWFwcy5wbGFjZXMudjEuUGxhY2VzLlNlYXJjaFRleHQQAhgEIAA"
cmpd0aiih01uxq1se2e7rh8df,Lorena Durán,,622 23 54 33,Lorena Durán,,España,google-maps,atleevoyoga,NUEVO,MEDIA,,,2026-05-19T19:08:39.353Z,2026-05-19T19:08:39.353Z,http://www.lorenaduran.com/,"C. del Coso, 67, 5ºE, Casco Antiguo, 50001 Zaragoza",Zaragoza,5,22,https://maps.google.com/?cid=11041603885982740794&g_mp=Cidnb29nbGUubWFwcy5wbGFjZXMudjEuUGxhY2VzLlNlYXJjaFRleHQQAhgEIAA,wellness_center,OPERATIONAL,"Importado desde Google Maps
Tipo: Centro de salud y bienestar
Dirección: C. del Coso, 67, 5ºE, Casco Antiguo, 50001 Zaragoza
Google: 5⭐ (22 reseñas)
Web: http://www.lorenaduran.com/
Maps: https://maps.google.com/?cid=11041603885982740794&g_mp=Cidnb29nbGUubWFwcy5wbGFjZXMudjEuUGxhY2VzLlNlYXJjaFRleHQQAhgEIAA"
cmpd0aito01uyq1sexyli3z38,Centro de Yoga Rosa Pilar,,677 65 53 65,Centro de Yoga Rosa Pilar,,España,google-maps,atleevoyoga,NUEVO,MEDIA,,,2026-05-19T19:08:39.756Z,2026-05-19T19:08:39.756Z,,"C. del Conde de Aranda, 68, 1ª, Casco Antiguo, 50003 Zaragoza",Zaragoza,5,3,https://maps.google.com/?cid=13535914414231365359&g_mp=Cidnb29nbGUubWFwcy5wbGFjZXMudjEuUGxhY2VzLlNlYXJjaFRleHQQAhgEIAA,yoga_studio,OPERATIONAL,"Importado desde Google Maps
Tipo: Centro de yoga
Dirección: C. del Conde de Aranda, 68, 1ª, Casco Antiguo, 50003 Zaragoza
Google: 5⭐ (3 reseñas)
Maps: https://maps.google.com/?cid=13535914414231365359&g_mp=Cidnb29nbGUubWFwcy5wbGFjZXMudjEuUGxhY2VzLlNlYXJjaFRleHQQAhgEIAA"
cmpd0ajau01uzq1se3xoiatq5,Sincronía,,,Sincronía,,España,google-maps,atleevoyoga,NUEVO,MEDIA,,,2026-05-19T19:08:40.375Z,2026-05-19T19:08:40.375Z,https://www.sincronía.es/,"C. de Antonio Candalija, Casco Antiguo, 50003 Zaragoza",Zaragoza,5,3,https://maps.google.com/?cid=17819202547370021255&g_mp=Cidnb29nbGUubWFwcy5wbGFjZXMudjEuUGxhY2VzLlNlYXJjaFRleHQQAhgEIAA,health,OPERATIONAL,"Importado desde Google Maps
Tipo: Salud y bienestar
Dirección: C. de Antonio Candalija, Casco Antiguo, 50003 Zaragoza
Google: 5⭐ (3 reseñas)
Web: https://www.sincronía.es/
Maps: https://maps.google.com/?cid=17819202547370021255&g_mp=Cidnb29nbGUubWFwcy5wbGFjZXMudjEuUGxhY2VzLlNlYXJjaFRleHQQAhgEIAA"
cmpd0ajlx01v0q1se5fg6yfim,Body Mind Center,,601 58 03 12,Body Mind Center,,España,google-maps,atleevoyoga,NUEVO,MEDIA,,,2026-05-19T19:08:40.773Z,2026-05-19T19:08:40.773Z,https://www.bodymindcentersc.com/,"C. de Urrea, 24, Casco Antiguo, 50001 Zaragoza",Zaragoza,4.9,51,https://maps.google.com/?cid=3927114720478327736&g_mp=Cidnb29nbGUubWFwcy5wbGFjZXMudjEuUGxhY2VzLlNlYXJjaFRleHQQAhgEIAA,gym,OPERATIONAL,"Importado desde Google Maps
Tipo: Gimnasio
Dirección: C. de Urrea, 24, Casco Antiguo, 50001 Zaragoza
Google: 4.9⭐ (51 reseñas)
Web: https://www.bodymindcentersc.com/
Maps: https://maps.google.com/?cid=3927114720478327736&g_mp=Cidnb29nbGUubWFwcy5wbGFjZXMudjEuUGxhY2VzLlNlYXJjaFRleHQQAhgEIAA"
cmpd0ajx601v1q1seluos5188,Formación Profesores Yoga y Yogaterapia,,976 56 07 09,Formación Profesores Yoga y Yogaterapia,,España,google-maps,atleevoyoga,NUEVO,MEDIA,,,2026-05-19T19:08:41.178Z,2026-05-19T19:08:41.178Z,https://formacionyogayyogaterapia.com/,"P.º de Fernando el Católico, 9 PRINCIPAL, DERECHA, 50006 Zaragoza",Zaragoza,,,https://maps.google.com/?cid=7701275946768513746&g_mp=Cidnb29nbGUubWFwcy5wbGFjZXMudjEuUGxhY2VzLlNlYXJjaFRleHQQAhgEIAA,,OPERATIONAL,"Importado desde Google Maps
Dirección: P.º de Fernando el Católico, 9 PRINCIPAL, DERECHA, 50006 Zaragoza
Web: https://formacionyogayyogaterapia.com/
Maps: https://maps.google.com/?cid=7701275946768513746&g_mp=Cidnb29nbGUubWFwcy5wbGFjZXMudjEuUGxhY2VzLlNlYXJjaFRleHQQAhgEIAA"
cmpd0ak8k01v2q1selicsiort,Sangha Samatha Zaragoza,,666 39 52 36,Sangha Samatha Zaragoza,,España,google-maps,atleevoyoga,NUEVO,MEDIA,,,2026-05-19T19:08:41.589Z,2026-05-19T19:08:41.589Z,,"C. de San Pablo, 29, Casco Antiguo, 50003 Zaragoza",Zaragoza,5,5,https://maps.google.com/?cid=17604562381851209779&g_mp=Cidnb29nbGUubWFwcy5wbGFjZXMudjEuUGxhY2VzLlNlYXJjaFRleHQQAhgEIAA,health,OPERATIONAL,"Importado desde Google Maps
Tipo: Salud y bienestar
Dirección: C. de San Pablo, 29, Casco Antiguo, 50003 Zaragoza
Google: 5⭐ (5 reseñas)
Maps: https://maps.google.com/?cid=17604562381851209779&g_mp=Cidnb29nbGUubWFwcy5wbGFjZXMudjEuUGxhY2VzLlNlYXJjaFRleHQQAhgEIAA"
cmpd0akjn01v3q1segem1gi9f,Escuela Aragonesa de YOGA,,696 21 00 54,Escuela Aragonesa de YOGA,,España,google-maps,atleevoyoga,NUEVO,MEDIA,,,2026-05-19T19:08:41.987Z,2026-05-19T19:08:41.987Z,https://www.yogamanuelmorata.com/,"Pl. del Portillo, 2, Casco Antiguo, 50004 Zaragoza",Zaragoza,,,https://maps.google.com/?cid=15672895431169244458&g_mp=Cidnb29nbGUubWFwcy5wbGFjZXMudjEuUGxhY2VzLlNlYXJjaFRleHQQAhgEIAA,yoga_studio,OPERATIONAL,"Importado desde Google Maps
Tipo: Centro de yoga
Dirección: Pl. del Portillo, 2, Casco Antiguo, 50004 Zaragoza
Web: https://www.yogamanuelmorata.com/
Maps: https://maps.google.com/?cid=15672895431169244458&g_mp=Cidnb29nbGUubWFwcy5wbGFjZXMudjEuUGxhY2VzLlNlYXJjaFRleHQQAhgEIAA"
cmpd0akv601v4q1se99xjdine,Centro Cultural Nuevas Luces de la RedGFU Zaragoza,,976 37 50 55,Centro Cultural Nuevas Luces de la RedGFU Zaragoza,,España,google-maps,atleevoyoga,NUEVO,MEDIA,,,2026-05-19T19:08:42.403Z,2026-05-19T19:08:42.403Z,http://www.redgfu.es/zaragoza,"C. del Dr. Ibáñez, 12, Torrero-La Paz, 50007 Zaragoza",Zaragoza,4.5,10,https://maps.google.com/?cid=18419349257094356532&g_mp=Cidnb29nbGUubWFwcy5wbGFjZXMudjEuUGxhY2VzLlNlYXJjaFRleHQQAhgEIAA,yoga_studio,OPERATIONAL,"Importado desde Google Maps
Tipo: Centro de yoga
Dirección: C. del Dr. Ibáñez, 12, Torrero-La Paz, 50007 Zaragoza
Google: 4.5⭐ (10 reseñas)
Web: http://www.redgfu.es/zaragoza
Maps: https://maps.google.com/?cid=18419349257094356532&g_mp=Cidnb29nbGUubWFwcy5wbGFjZXMudjEuUGxhY2VzLlNlYXJjaFRleHQQAhgEIAA"
cmpd0al6h01v5q1seo97vq04z,Puerta Azul Centro Naturista Yoga,,976 55 36 49,Puerta Azul Centro Naturista Yoga,,España,google-maps,atleevoyoga,NUEVO,MEDIA,,,2026-05-19T19:08:42.810Z,2026-05-19T19:08:42.810Z,http://www.puertaazul.es/,"P.º de Fernando el Católico, 35, 50006 Zaragoza",Zaragoza,3.7,12,https://maps.google.com/?cid=10921281019762840364&g_mp=Cidnb29nbGUubWFwcy5wbGFjZXMudjEuUGxhY2VzLlNlYXJjaFRleHQQAhgEIAA,yoga_studio,OPERATIONAL,"Importado desde Google Maps
Tipo: Centro de yoga
Dirección: P.º de Fernando el Católico, 35, 50006 Zaragoza
Google: 3.7⭐ (12 reseñas)
Web: http://www.puertaazul.es/
Maps: https://maps.google.com/?cid=10921281019762840364&g_mp=Cidnb29nbGUubWFwcy5wbGFjZXMudjEuUGxhY2VzLlNlYXJjaFRleHQQAhgEIAA"
cmpd0alhv01v6q1se79vjtsc2,Espacio Anâtman,,,Espacio Anâtman,,España,google-maps,atleevoyoga,NUEVO,MEDIA,,,2026-05-19T19:08:43.220Z,2026-05-19T19:08:43.220Z,,"C. de García Galdeano, 10, 50004 Zaragoza",Zaragoza,4.2,5,https://maps.google.com/?cid=25273287416946190&g_mp=Cidnb29nbGUubWFwcy5wbGFjZXMudjEuUGxhY2VzLlNlYXJjaFRleHQQAhgEIAA,yoga_studio,OPERATIONAL,"Importado desde Google Maps
Tipo: Centro de yoga
Dirección: C. de García Galdeano, 10, 50004 Zaragoza
Google: 4.2⭐ (5 reseñas)
Maps: https://maps.google.com/?cid=25273287416946190&g_mp=Cidnb29nbGUubWFwcy5wbGFjZXMudjEuUGxhY2VzLlNlYXJjaFRleHQQAhgEIAA"
cmpd0alt601v7q1seifp56hr8,Pole Dance Studio - Zaragoza,,624 29 86 17,Pole Dance Studio - Zaragoza,,España,google-maps,atleevoyoga,NUEVO,MEDIA,,,2026-05-19T19:08:43.627Z,2026-05-19T19:08:43.627Z,,"C. de Mariano Barbasán, 10, 50006 Zaragoza",Zaragoza,5,12,https://maps.google.com/?cid=17742976854399899871&g_mp=Cidnb29nbGUubWFwcy5wbGFjZXMudjEuUGxhY2VzLlNlYXJjaFRleHQQAhgEIAA,sports_school,OPERATIONAL,"Importado desde Google Maps
Tipo: Escuela deportiva
Dirección: C. de Mariano Barbasán, 10, 50006 Zaragoza
Google: 5⭐ (12 reseñas)
Maps: https://maps.google.com/?cid=17742976854399899871&g_mp=Cidnb29nbGUubWFwcy5wbGFjZXMudjEuUGxhY2VzLlNlYXJjaFRleHQQAhgEIAA"
cmpd0am4m01v8q1secjzt76nv,Namaste Pilates,,663 71 42 68,Namaste Pilates,,España,google-maps,atleevoyoga,NUEVO,MEDIA,,,2026-05-19T19:08:44.038Z,2026-05-19T19:08:44.038Z,http://namastepilates.es/,"C. de la Marina Española, 10, local 2, 50009 Zaragoza",Zaragoza,4.9,58,https://maps.google.com/?cid=14685726851367047557&g_mp=Cidnb29nbGUubWFwcy5wbGFjZXMudjEuUGxhY2VzLlNlYXJjaFRleHQQAhgEIAA,gym,OPERATIONAL,"Importado desde Google Maps
Tipo: Gimnasio
Dirección: C. de la Marina Española, 10, local 2, 50009 Zaragoza
Google: 4.9⭐ (58 reseñas)
Web: http://namastepilates.es/
Maps: https://maps.google.com/?cid=14685726851367047557&g_mp=Cidnb29nbGUubWFwcy5wbGFjZXMudjEuUGxhY2VzLlNlYXJjaFRleHQQAhgEIAA"
cmpd0amg501v9q1sejyjthjc7,Escuela Inma Chopo,,620 96 70 58,Escuela Inma Chopo,,España,google-maps,atleevoyoga,NUEVO,MEDIA,,,2026-05-19T19:08:44.453Z,2026-05-19T19:08:44.453Z,https://www.instagram.com/escuela_inma_chopo?igsh=MWxseHpwcHg1cWoxMQ==,"C. de Espoz y Mina, 4, Casco Antiguo, 50003 Zaragoza",Zaragoza,5,4,https://maps.google.com/?cid=17847410282408425679&g_mp=Cidnb29nbGUubWFwcy5wbGFjZXMudjEuUGxhY2VzLlNlYXJjaFRleHQQAhgEIAA,yoga_studio,OPERATIONAL,"Importado desde Google Maps
Tipo: Centro de yoga
Dirección: C. de Espoz y Mina, 4, Casco Antiguo, 50003 Zaragoza
Google: 5⭐ (4 reseñas)
Web: https://www.instagram.com/escuela_inma_chopo?igsh=MWxseHpwcHg1cWoxMQ==
Maps: https://maps.google.com/?cid=17847410282408425679&g_mp=Cidnb29nbGUubWFwcy5wbGFjZXMudjEuUGxhY2VzLlNlYXJjaFRleHQQAhgEIAA"
cmpd0amrg01vaq1seqjz8sf0f,Sangha Respira - Thich Nhat Hanh - Zaragoza,,647 69 40 34,Sangha Respira - Thich Nhat Hanh - Zaragoza,,España,google-maps,atleevoyoga,NUEVO,MEDIA,,,2026-05-19T19:08:44.861Z,2026-05-19T19:08:44.861Z,http://sanghadezaragoza.blogspot.com/,"C. de Gascón de Gotor, 27, 2º izda, 50006 Zaragoza",Zaragoza,4.6,5,https://maps.google.com/?cid=11927026192409841811&g_mp=Cidnb29nbGUubWFwcy5wbGFjZXMudjEuUGxhY2VzLlNlYXJjaFRleHQQAhgEIAA,health,OPERATIONAL,"Importado desde Google Maps
Tipo: Salud y bienestar
Dirección: C. de Gascón de Gotor, 27, 2º izda, 50006 Zaragoza
Google: 4.6⭐ (5 reseñas)
Web: http://sanghadezaragoza.blogspot.com/
Maps: https://maps.google.com/?cid=11927026192409841811&g_mp=Cidnb29nbGUubWFwcy5wbGFjZXMudjEuUGxhY2VzLlNlYXJjaFRleHQQAhgEIAA"
cmpd0an3001vbq1se576osmmr,Centro Bienestar JANAKI YOGA,,657 53 45 89,Centro Bienestar JANAKI YOGA,,España,google-maps,atleevoyoga,NUEVO,MEDIA,,,2026-05-19T19:08:45.277Z,2026-05-19T19:08:45.277Z,http://www.janakiyoga.com/,"C. Corona de Aragón, 34, 50800 Zuera, Zaragoza",Zaragoza,5,106,https://maps.google.com/?cid=2173545631067714617&g_mp=Cidnb29nbGUubWFwcy5wbGFjZXMudjEuUGxhY2VzLlNlYXJjaFRleHQQAhgEIAA,yoga_studio,OPERATIONAL,"Importado desde Google Maps
Tipo: Centro de yoga
Dirección: C. Corona de Aragón, 34, 50800 Zuera, Zaragoza
Google: 5⭐ (106 reseñas)
Web: http://www.janakiyoga.com/
Maps: https://maps.google.com/?cid=2173545631067714617&g_mp=Cidnb29nbGUubWFwcy5wbGFjZXMudjEuUGxhY2VzLlNlYXJjaFRleHQQAhgEIAA"
cmpd0anei01vcq1sezgi5vmmf,Centro Mushu,,693 40 92 03,Centro Mushu,,España,google-maps,atleevoyoga,NUEVO,MEDIA,,,2026-05-19T19:08:45.691Z,2026-05-19T19:08:45.691Z,http://www.centromushu.es/,"C. de la Rebolería, 9, Casco Antiguo, 50002 Zaragoza",Zaragoza,4.7,10,https://maps.google.com/?cid=5756032111516955786&g_mp=Cidnb29nbGUubWFwcy5wbGFjZXMudjEuUGxhY2VzLlNlYXJjaFRleHQQAhgEIAA,massage,OPERATIONAL,"Importado desde Google Maps
Tipo: Servicio de masajes
Dirección: C. de la Rebolería, 9, Casco Antiguo, 50002 Zaragoza
Google: 4.7⭐ (10 reseñas)
Web: http://www.centromushu.es/
Maps: https://maps.google.com/?cid=5756032111516955786&g_mp=Cidnb29nbGUubWFwcy5wbGFjZXMudjEuUGxhY2VzLlNlYXJjaFRleHQQAhgEIAA"
cmpd0as2c01vdq1sednrlroid,Espacio Chandra,,699 40 98 31,Espacio Chandra,,España,google-maps,atleevoyoga,NUEVO,MEDIA,,,2026-05-19T19:08:51.733Z,2026-05-19T19:08:51.733Z,https://espaciochandra.wordpress.com/,"C. Brahms, 5, Carretera de Cádiz, 29004 Málaga",Málaga,4.9,71,https://maps.google.com/?cid=7591664579072916133&g_mp=Cidnb29nbGUubWFwcy5wbGFjZXMudjEuUGxhY2VzLlNlYXJjaFRleHQQAhgEIAA,yoga_studio,OPERATIONAL,"Importado desde Google Maps
Tipo: Centro de yoga
Dirección: C. Brahms, 5, Carretera de Cádiz, 29004 Málaga
Google: 4.9⭐ (71 reseñas)
Web: https://espaciochandra.wordpress.com/
Maps: https://maps.google.com/?cid=7591664579072916133&g_mp=Cidnb29nbGUubWFwcy5wbGFjZXMudjEuUGxhY2VzLlNlYXJjaFRleHQQAhgEIAA"
cmpd0asdo01veq1sezny6nbez,El Refugio de Beth - Centro de Yoga y bienestar integral en Málaga,,655 82 70 75,El Refugio de Beth - Centro de Yoga y bienestar integral en Málaga,,España,google-maps,atleevoyoga,NUEVO,MEDIA,,,2026-05-19T19:08:52.140Z,2026-05-19T19:08:52.140Z,https://www.yogibeth.com/,"C. Enrique Scholtz, 4, 2º 26, Distrito Centro, 29007 Málaga",Málaga,4.9,26,https://maps.google.com/?cid=17252466332467256978&g_mp=Cidnb29nbGUubWFwcy5wbGFjZXMudjEuUGxhY2VzLlNlYXJjaFRleHQQAhgEIAA,yoga_studio,OPERATIONAL,"Importado desde Google Maps
Tipo: Centro de yoga
Dirección: C. Enrique Scholtz, 4, 2º 26, Distrito Centro, 29007 Málaga
Google: 4.9⭐ (26 reseñas)
Web: https://www.yogibeth.com/
Maps: https://maps.google.com/?cid=17252466332467256978&g_mp=Cidnb29nbGUubWFwcy5wbGFjZXMudjEuUGxhY2VzLlNlYXJjaFRleHQQAhgEIAA"
cmpd0asv001vfq1sek3dbra2l,Saddhā Yoga Málaga,,655 49 38 67,Saddhā Yoga Málaga,,España,google-maps,atleevoyoga,NUEVO,MEDIA,,,2026-05-19T19:08:52.764Z,2026-05-19T19:08:52.764Z,,"C. Flamencos, 61, Málaga-Este, 29018 Málaga",Málaga,5,51,https://maps.google.com/?cid=4174011006038878833&g_mp=Cidnb29nbGUubWFwcy5wbGFjZXMudjEuUGxhY2VzLlNlYXJjaFRleHQQAhgEIAA,yoga_studio,OPERATIONAL,"Importado desde Google Maps
Tipo: Centro de yoga
Dirección: C. Flamencos, 61, Málaga-Este, 29018 Málaga
Google: 5⭐ (51 reseñas)
Maps: https://maps.google.com/?cid=4174011006038878833&g_mp=Cidnb29nbGUubWFwcy5wbGFjZXMudjEuUGxhY2VzLlNlYXJjaFRleHQQAhgEIAA"
cmpd0at8k01vgq1sepuai9500,Sala de Yoga Sraddha ( confianza ),,626 08 80 86,Sala de Yoga Sraddha ( confianza ),,España,google-maps,atleevoyoga,NUEVO,MEDIA,,,2026-05-19T19:08:53.253Z,2026-05-19T19:08:53.253Z,,"C. Tejares, 11, Local 7 y 8, Bailén-Miraflores, 29011 Málaga",Málaga,4.9,42,https://maps.google.com/?cid=3441689875161454292&g_mp=Cidnb29nbGUubWFwcy5wbGFjZXMudjEuUGxhY2VzLlNlYXJjaFRleHQQAhgEIAA,yoga_studio,OPERATIONAL,"Importado desde Google Maps
Tipo: Centro de yoga
Dirección: C. Tejares, 11, Local 7 y 8, Bailén-Miraflores, 29011 Málaga
Google: 4.9⭐ (42 reseñas)
Maps: https://maps.google.com/?cid=3441689875161454292&g_mp=Cidnb29nbGUubWFwcy5wbGFjZXMudjEuUGxhY2VzLlNlYXJjaFRleHQQAhgEIAA"
cmpd0auc301vhq1se8ej9icdq,Ashtangamar Yoga Shala,,670 30 00 27,Ashtangamar Yoga Shala,,España,google-maps,atleevoyoga,NUEVO,MEDIA,,,2026-05-19T19:08:54.675Z,2026-05-19T19:08:54.675Z,http://www.ashtangamaryogashala.com/,"C. Abogado Victoriano Frías, 21, local 1, Málaga-Este, 29017 Málaga",Málaga,5,10,https://maps.google.com/?cid=6166331855017666509&g_mp=Cidnb29nbGUubWFwcy5wbGFjZXMudjEuUGxhY2VzLlNlYXJjaFRleHQQAhgEIAA,yoga_studio,OPERATIONAL,"Importado desde Google Maps
Tipo: Centro de yoga
Dirección: C. Abogado Victoriano Frías, 21, local 1, Málaga-Este, 29017 Málaga
Google: 5⭐ (10 reseñas)
Web: http://www.ashtangamaryogashala.com/
Maps: https://maps.google.com/?cid=6166331855017666509&g_mp=Cidnb29nbGUubWFwcy5wbGFjZXMudjEuUGxhY2VzLlNlYXJjaFRleHQQAhgEIAA"
cmpd0auti01viq1sed70id0q8,CENTRO DE YOGA AMITABHA,,640 91 72 72,CENTRO DE YOGA AMITABHA,,España,google-maps,atleevoyoga,NUEVO,MEDIA,,,2026-05-19T19:08:55.302Z,2026-05-19T19:08:55.302Z,,"Alameda de Colón, 16, portal 3 , 2F, Distrito Centro, 29001 Málaga",Málaga,5,12,https://maps.google.com/?cid=2539905417919094971&g_mp=Cidnb29nbGUubWFwcy5wbGFjZXMudjEuUGxhY2VzLlNlYXJjaFRleHQQAhgEIAA,yoga_studio,OPERATIONAL,"Importado desde Google Maps
Tipo: Centro de yoga
Dirección: Alameda de Colón, 16, portal 3 , 2F, Distrito Centro, 29001 Málaga
Google: 5⭐ (12 reseñas)
Maps: https://maps.google.com/?cid=2539905417919094971&g_mp=Cidnb29nbGUubWFwcy5wbGFjZXMudjEuUGxhY2VzLlNlYXJjaFRleHQQAhgEIAA"
cmpd0av4m01vjq1seffeplq62,Kundalini&breathwork Málaga,,633 66 29 87,Kundalini&breathwork Málaga,,España,google-maps,atleevoyoga,NUEVO,MEDIA,,,2026-05-19T19:08:55.702Z,2026-05-19T19:08:55.702Z,https://breathworkenmalaga.com/sesiones-breathwork,"C. Cuarteles, 26, Distrito Centro, 29002 Málaga",Málaga,5,1,https://maps.google.com/?cid=15190755549767542937&g_mp=Cidnb29nbGUubWFwcy5wbGFjZXMudjEuUGxhY2VzLlNlYXJjaFRleHQQAhgEIAA,yoga_studio,OPERATIONAL,"Importado desde Google Maps
Tipo: Centro de yoga
Dirección: C. Cuarteles, 26, Distrito Centro, 29002 Málaga
Google: 5⭐ (1 reseñas)
Web: https://breathworkenmalaga.com/sesiones-breathwork
Maps: https://maps.google.com/?cid=15190755549767542937&g_mp=Cidnb29nbGUubWFwcy5wbGFjZXMudjEuUGxhY2VzLlNlYXJjaFRleHQQAhgEIAA"
cmpd0avg601vkq1se59z83u7b,El Taller. Centro de yoga y movimiento (yoga Iyengar),,,El Taller. Centro de yoga y movimiento (yoga Iyengar),,España,google-maps,atleevoyoga,NUEVO,MEDIA,,,2026-05-19T19:08:56.119Z,2026-05-19T19:08:56.119Z,http://www.facebook.com/eltalleryoga,"C. Juan de Canderrera, 5, Distrito Centro, 29014 Málaga",Málaga,5,21,https://maps.google.com/?cid=8356628853910445939&g_mp=Cidnb29nbGUubWFwcy5wbGFjZXMudjEuUGxhY2VzLlNlYXJjaFRleHQQAhgEIAA,yoga_studio,OPERATIONAL,"Importado desde Google Maps
Tipo: Centro de yoga
Dirección: C. Juan de Canderrera, 5, Distrito Centro, 29014 Málaga
Google: 5⭐ (21 reseñas)
Web: http://www.facebook.com/eltalleryoga
Maps: https://maps.google.com/?cid=8356628853910445939&g_mp=Cidnb29nbGUubWFwcy5wbGFjZXMudjEuUGxhY2VzLlNlYXJjaFRleHQQAhgEIAA"
cmpd0avrh01vlq1seydvrfn2b,Alas Yoga Studio (Espacio Libélula),,658 09 65 62,Alas Yoga Studio (Espacio Libélula),,España,google-maps,atleevoyoga,NUEVO,MEDIA,,,2026-05-19T19:08:56.525Z,2026-05-19T19:08:56.525Z,http://espaciolibelula.es/,"C. Benito Menni, 34, Cdad. Jardín, 29014 Málaga",Málaga,5,10,https://maps.google.com/?cid=12486863776291474820&g_mp=Cidnb29nbGUubWFwcy5wbGFjZXMudjEuUGxhY2VzLlNlYXJjaFRleHQQAhgEIAA,yoga_studio,OPERATIONAL,"Importado desde Google Maps
Tipo: Centro de yoga
Dirección: C. Benito Menni, 34, Cdad. Jardín, 29014 Málaga
Google: 5⭐ (10 reseñas)
Web: http://espaciolibelula.es/
Maps: https://maps.google.com/?cid=12486863776291474820&g_mp=Cidnb29nbGUubWFwcy5wbGFjZXMudjEuUGxhY2VzLlNlYXJjaFRleHQQAhgEIAA"
cmpd0aw2y01vmq1se8n4r03sp,YogaOne Velázquez,,611 70 06 71,YogaOne Velázquez,,España,google-maps,atleevoyoga,NUEVO,MEDIA,,,2026-05-19T19:08:56.938Z,2026-05-19T19:08:56.938Z,https://yogaonevelazquez.es/,"C. Acanto, 2, Carretera de Cádiz, 29003 Málaga",Málaga,4.9,164,https://maps.google.com/?cid=2534389573622708297&g_mp=Cidnb29nbGUubWFwcy5wbGFjZXMudjEuUGxhY2VzLlNlYXJjaFRleHQQAhgEIAA,yoga_studio,OPERATIONAL,"Importado desde Google Maps
Tipo: Centro de yoga
Dirección: C. Acanto, 2, Carretera de Cádiz, 29003 Málaga
Google: 4.9⭐ (164 reseñas)
Web: https://yogaonevelazquez.es/
Maps: https://maps.google.com/?cid=2534389573622708297&g_mp=Cidnb29nbGUubWFwcy5wbGFjZXMudjEuUGxhY2VzLlNlYXJjaFRleHQQAhgEIAA"
cmpd0awjv01vnq1seaxv6h1x5,Bindu Centro de Yoga y Técnicas Naturales,,666 66 82 31,Bindu Centro de Yoga y Técnicas Naturales,,España,google-maps,atleevoyoga,NUEVO,MEDIA,,,2026-05-19T19:08:57.548Z,2026-05-19T19:08:57.548Z,http://binduyogaterapias.es/,"C. Miguel Moya, 16, 2ª planta, 3ª puerta izquierda, Málaga-Este, 29017 Málaga",Málaga,5,13,https://maps.google.com/?cid=14366717868133398049&g_mp=Cidnb29nbGUubWFwcy5wbGFjZXMudjEuUGxhY2VzLlNlYXJjaFRleHQQAhgEIAA,yoga_studio,OPERATIONAL,"Importado desde Google Maps
Tipo: Centro de yoga
Dirección: C. Miguel Moya, 16, 2ª planta, 3ª puerta izquierda, Málaga-Este, 29017 Málaga
Google: 5⭐ (13 reseñas)
Web: http://binduyogaterapias.es/
Maps: https://maps.google.com/?cid=14366717868133398049&g_mp=Cidnb29nbGUubWFwcy5wbGFjZXMudjEuUGxhY2VzLlNlYXJjaFRleHQQAhgEIAA"
cmpd0awvg01voq1sewgrl0j2y,Sharanam,,650 15 37 05,Sharanam,,España,google-maps,atleevoyoga,NUEVO,MEDIA,,,2026-05-19T19:08:57.964Z,2026-05-19T19:08:57.964Z,https://instagram.com/sharanam_escuela?igshid=MzMyNGUyNmU2YQ==,"Pl. Lex Flavia Malacitana, Distrito Centro, 29013 Málaga",Málaga,5,18,https://maps.google.com/?cid=5844688272203795311&g_mp=Cidnb29nbGUubWFwcy5wbGFjZXMudjEuUGxhY2VzLlNlYXJjaFRleHQQAhgEIAA,yoga_studio,OPERATIONAL,"Importado desde Google Maps
Tipo: Centro de yoga
Dirección: Pl. Lex Flavia Malacitana, Distrito Centro, 29013 Málaga
Google: 5⭐ (18 reseñas)
Web: https://instagram.com/sharanam_escuela?igshid=MzMyNGUyNmU2YQ==
Maps: https://maps.google.com/?cid=5844688272203795311&g_mp=Cidnb29nbGUubWFwcy5wbGFjZXMudjEuUGxhY2VzLlNlYXJjaFRleHQQAhgEIAA"
cmpd0ax6u01vpq1sep87wmc5f,Nanda Espacio de Yoga,,605 07 91 97,Nanda Espacio de Yoga,,España,google-maps,atleevoyoga,NUEVO,MEDIA,,,2026-05-19T19:08:58.375Z,2026-05-19T19:08:58.375Z,,"sala En Movimiento, C. Cuarteles, nº 26, Distrito Centro, 29002 Málaga",Málaga,5,6,https://maps.google.com/?cid=6798900646846876286&g_mp=Cidnb29nbGUubWFwcy5wbGFjZXMudjEuUGxhY2VzLlNlYXJjaFRleHQQAhgEIAA,yoga_studio,OPERATIONAL,"Importado desde Google Maps
Tipo: Centro de yoga
Dirección: sala En Movimiento, C. Cuarteles, nº 26, Distrito Centro, 29002 Málaga
Google: 5⭐ (6 reseñas)
Maps: https://maps.google.com/?cid=6798900646846876286&g_mp=Cidnb29nbGUubWFwcy5wbGFjZXMudjEuUGxhY2VzLlNlYXJjaFRleHQQAhgEIAA"
cmpd0axi201vqq1selzx0nruc,Centro Anahata Yoga,,660 36 56 92,Centro Anahata Yoga,,España,google-maps,atleevoyoga,NUEVO,MEDIA,,,2026-05-19T19:08:58.778Z,2026-05-19T19:08:58.778Z,https://www.anahatayogachurriana.com/,"Pl. de la Inmaculada, 8, Churriana, 29140 Málaga",Málaga,4.9,75,https://maps.google.com/?cid=17671591412073999537&g_mp=Cidnb29nbGUubWFwcy5wbGFjZXMudjEuUGxhY2VzLlNlYXJjaFRleHQQAhgEIAA,association_or_organization,OPERATIONAL,"Importado desde Google Maps
Tipo: Asociación u organización
Dirección: Pl. de la Inmaculada, 8, Churriana, 29140 Málaga
Google: 4.9⭐ (75 reseñas)
Web: https://www.anahatayogachurriana.com/
Maps: https://maps.google.com/?cid=17671591412073999537&g_mp=Cidnb29nbGUubWFwcy5wbGFjZXMudjEuUGxhY2VzLlNlYXJjaFRleHQQAhgEIAA"
cmpd0axtf01vrq1seaxxk65ls,"Escuela de Cocina & Yoga, Shiatsu en Málaga",,627 20 44 00,"Escuela de Cocina & Yoga, Shiatsu en Málaga",,España,google-maps,atleevoyoga,NUEVO,MEDIA,,,2026-05-19T19:08:59.188Z,2026-05-19T19:08:59.188Z,http://espaciokaruna.es/,"C. Don Rodrigo, 10, Distrito Centro, 29008 Málaga",Málaga,4.9,44,https://maps.google.com/?cid=13853058821255735401&g_mp=Cidnb29nbGUubWFwcy5wbGFjZXMudjEuUGxhY2VzLlNlYXJjaFRleHQQAhgEIAA,educational_institution,OPERATIONAL,"Importado desde Google Maps
Tipo: Institución educativa
Dirección: C. Don Rodrigo, 10, Distrito Centro, 29008 Málaga
Google: 4.9⭐ (44 reseñas)
Web: http://espaciokaruna.es/
Maps: https://maps.google.com/?cid=13853058821255735401&g_mp=Cidnb29nbGUubWFwcy5wbGFjZXMudjEuUGxhY2VzLlNlYXJjaFRleHQQAhgEIAA"
cmpd0ay4t01vsq1seojxv8dur,Centro de Asana Armonía M. Yoga,,952 28 14 41,Centro de Asana Armonía M. Yoga,,España,google-maps,atleevoyoga,NUEVO,MEDIA,,,2026-05-19T19:08:59.598Z,2026-05-19T19:08:59.598Z,http://centroasana.es/,"C. Blas de Lezo, 2, Distrito Centro, 29011 Málaga",Málaga,4.6,9,https://maps.google.com/?cid=2851028794841739575&g_mp=Cidnb29nbGUubWFwcy5wbGFjZXMudjEuUGxhY2VzLlNlYXJjaFRleHQQAhgEIAA,yoga_studio,OPERATIONAL,"Importado desde Google Maps
Tipo: Centro de yoga
Dirección: C. Blas de Lezo, 2, Distrito Centro, 29011 Málaga
Google: 4.6⭐ (9 reseñas)
Web: http://centroasana.es/
Maps: https://maps.google.com/?cid=2851028794841739575&g_mp=Cidnb29nbGUubWFwcy5wbGFjZXMudjEuUGxhY2VzLlNlYXJjaFRleHQQAhgEIAA"
cmpd0ayhl01vtq1seil6ups1h,Elle Picauly Yoga & Meditation,,06 53962877,Elle Picauly Yoga & Meditation,,España,google-maps,atleevoyoga,NUEVO,MEDIA,,,2026-05-19T19:09:00.057Z,2026-05-19T19:09:00.057Z,http://www.elligned.com/,"C. Carretería, Distrito Centro, 29008 Málaga",Málaga,5,2,https://maps.google.com/?cid=3790474435479189834&g_mp=Cidnb29nbGUubWFwcy5wbGFjZXMudjEuUGxhY2VzLlNlYXJjaFRleHQQAhgEIAA,yoga_studio,OPERATIONAL,"Importado desde Google Maps
Tipo: Centro de yoga
Dirección: C. Carretería, Distrito Centro, 29008 Málaga
Google: 5⭐ (2 reseñas)
Web: http://www.elligned.com/
Maps: https://maps.google.com/?cid=3790474435479189834&g_mp=Cidnb29nbGUubWFwcy5wbGFjZXMudjEuUGxhY2VzLlNlYXJjaFRleHQQAhgEIAA"
cmpd0az5101vuq1se8to4c8op,Carolina Grimaldi,,645 89 73 03,Carolina Grimaldi,,España,google-maps,atleevoyoga,NUEVO,MEDIA,,,2026-05-19T19:09:00.901Z,2026-05-19T19:09:00.901Z,,"C/ Juan Martínez Montañés, 10, Carretera de Cádiz, 29004 Málaga",Málaga,4.9,38,https://maps.google.com/?cid=7603988178720952153&g_mp=Cidnb29nbGUubWFwcy5wbGFjZXMudjEuUGxhY2VzLlNlYXJjaFRleHQQAhgEIAA,yoga_studio,OPERATIONAL,"Importado desde Google Maps
Tipo: Centro de yoga
Dirección: C/ Juan Martínez Montañés, 10, Carretera de Cádiz, 29004 Málaga
Google: 4.9⭐ (38 reseñas)
Maps: https://maps.google.com/?cid=7603988178720952153&g_mp=Cidnb29nbGUubWFwcy5wbGFjZXMudjEuUGxhY2VzLlNlYXJjaFRleHQQAhgEIAA"
cmpd0azka01vvq1se5unarsf9,BACKSTAGE ACADEMY MALAGA,,681 81 03 76,BACKSTAGE ACADEMY MALAGA,,España,google-maps,atleevoyoga,NUEVO,MEDIA,,,2026-05-19T19:09:01.450Z,2026-05-19T19:09:01.450Z,http://www.backstageacademy.es/,"Av. de Velázquez, 20, Carretera de Cádiz, 29003 Málaga",Málaga,4.9,74,https://maps.google.com/?cid=12572910140262570453&g_mp=Cidnb29nbGUubWFwcy5wbGFjZXMudjEuUGxhY2VzLlNlYXJjaFRleHQQAhgEIAA,association_or_organization,OPERATIONAL,"Importado desde Google Maps
Tipo: Asociación u organización
Dirección: Av. de Velázquez, 20, Carretera de Cádiz, 29003 Málaga
Google: 4.9⭐ (74 reseñas)
Web: http://www.backstageacademy.es/
Maps: https://maps.google.com/?cid=12572910140262570453&g_mp=Cidnb29nbGUubWFwcy5wbGFjZXMudjEuUGxhY2VzLlNlYXJjaFRleHQQAhgEIAA"
cmpd0b06201vwq1sen8ky51tb,"Mindful, Yoga Studio en Málaga",,,"Mindful, Yoga Studio en Málaga",,España,google-maps,atleevoyoga,NUEVO,MEDIA,,,2026-05-19T19:09:02.235Z,2026-05-19T19:09:02.235Z,,"Blvr. Louis Pasteur, 14, Teatinos-Universidad, 29010 Málaga",Málaga,5,1,https://maps.google.com/?cid=3712773314521322554&g_mp=Cidnb29nbGUubWFwcy5wbGFjZXMudjEuUGxhY2VzLlNlYXJjaFRleHQQAhgEIAA,yoga_studio,OPERATIONAL,"Importado desde Google Maps
Tipo: Centro de yoga
Dirección: Blvr. Louis Pasteur, 14, Teatinos-Universidad, 29010 Málaga
Google: 5⭐ (1 reseñas)
Maps: https://maps.google.com/?cid=3712773314521322554&g_mp=Cidnb29nbGUubWFwcy5wbGFjZXMudjEuUGxhY2VzLlNlYXJjaFRleHQQAhgEIAA"
cmpd0b0o701vxq1se4jewci8k,AVALON YOGA,,686 65 37 72,AVALON YOGA,,España,google-maps,atleevoyoga,NUEVO,MEDIA,,,2026-05-19T19:09:02.887Z,2026-05-19T19:09:02.887Z,https://wa.me/34686653772,"C. Portugal, Málaga-Este, 29018 Málaga",Málaga,5,4,https://maps.google.com/?cid=2780907786343627669&g_mp=Cidnb29nbGUubWFwcy5wbGFjZXMudjEuUGxhY2VzLlNlYXJjaFRleHQQAhgEIAA,yoga_studio,OPERATIONAL,"Importado desde Google Maps
Tipo: Centro de yoga
Dirección: C. Portugal, Málaga-Este, 29018 Málaga
Google: 5⭐ (4 reseñas)
Web: https://wa.me/34686653772
Maps: https://maps.google.com/?cid=2780907786343627669&g_mp=Cidnb29nbGUubWFwcy5wbGFjZXMudjEuUGxhY2VzLlNlYXJjaFRleHQQAhgEIAA"
cmpd0b0x501vyq1seuinajwoe,Asociación AlmmaEváditi,,629 07 37 60,Asociación AlmmaEváditi,,España,google-maps,atleevoyoga,NUEVO,MEDIA,,,2026-05-19T19:09:03.209Z,2026-05-19T19:09:03.209Z,https://www.instagram.com/almma_evaditi/?hl=es,"C. Cristo del Puerto, 14, Puerto de la Torre, 29190 Málaga",Málaga,5,36,https://maps.google.com/?cid=14598901439343954204&g_mp=Cidnb29nbGUubWFwcy5wbGFjZXMudjEuUGxhY2VzLlNlYXJjaFRleHQQAhgEIAA,yoga_studio,OPERATIONAL,"Importado desde Google Maps
Tipo: Centro de yoga
Dirección: C. Cristo del Puerto, 14, Puerto de la Torre, 29190 Málaga
Google: 5⭐ (36 reseñas)
Web: https://www.instagram.com/almma_evaditi/?hl=es
Maps: https://maps.google.com/?cid=14598901439343954204&g_mp=Cidnb29nbGUubWFwcy5wbGFjZXMudjEuUGxhY2VzLlNlYXJjaFRleHQQAhgEIAA"
cmpd0b17001vzq1seipugw9zv,La Libélula,,656 39 90 51,La Libélula,,España,google-maps,atleevoyoga,NUEVO,MEDIA,,,2026-05-19T19:09:03.564Z,2026-05-19T19:09:03.564Z,https://www.instagram.com/lalibelula_natura,"C. Jonas, 4, Distrito Centro, 29013 Málaga",Málaga,4.8,13,https://maps.google.com/?cid=8391377194773727238&g_mp=Cidnb29nbGUubWFwcy5wbGFjZXMudjEuUGxhY2VzLlNlYXJjaFRleHQQAhgEIAA,yoga_studio,OPERATIONAL,"Importado desde Google Maps
Tipo: Centro de yoga
Dirección: C. Jonas, 4, Distrito Centro, 29013 Málaga
Google: 4.8⭐ (13 reseñas)
Web: https://www.instagram.com/lalibelula_natura
Maps: https://maps.google.com/?cid=8391377194773727238&g_mp=Cidnb29nbGUubWFwcy5wbGFjZXMudjEuUGxhY2VzLlNlYXJjaFRleHQQAhgEIAA"
cmpd0b1fz01w0q1se19aqsgwo,Fisioyoga Málaga,,744 66 02 90,Fisioyoga Málaga,,España,google-maps,atleevoyoga,NUEVO,MEDIA,,,2026-05-19T19:09:03.887Z,2026-05-19T19:09:03.887Z,http://www.fisioyogamalaga.es/,"C. Daoiz, 1, bajo 6, Distrito Centro, 29014 Málaga",Málaga,5,149,https://maps.google.com/?cid=3363203340178367919&g_mp=Cidnb29nbGUubWFwcy5wbGFjZXMudjEuUGxhY2VzLlNlYXJjaFRleHQQAhgEIAA,medical_clinic,OPERATIONAL,"Importado desde Google Maps
Tipo: Clínica ambulatoria
Dirección: C. Daoiz, 1, bajo 6, Distrito Centro, 29014 Málaga
Google: 5⭐ (149 reseñas)
Web: http://www.fisioyogamalaga.es/
Maps: https://maps.google.com/?cid=3363203340178367919&g_mp=Cidnb29nbGUubWFwcy5wbGFjZXMudjEuUGxhY2VzLlNlYXJjaFRleHQQAhgEIAA"
cmpd0b1ox01w1q1senp5ispc9,Centro Kaûma - Quiromasaje - Terapia Corporal - Yoga,,622 93 58 14,Centro Kaûma - Quiromasaje - Terapia Corporal - Yoga,,España,google-maps,atleevoyoga,NUEVO,MEDIA,,,2026-05-19T19:09:04.210Z,2026-05-19T19:09:04.210Z,https://centrokauma.com/,"C. Mármoles, 17, Distrito Centro, 29007 Málaga",Málaga,4.8,110,https://maps.google.com/?cid=2766721541845857062&g_mp=Cidnb29nbGUubWFwcy5wbGFjZXMudjEuUGxhY2VzLlNlYXJjaFRleHQQAhgEIAA,massage,OPERATIONAL,"Importado desde Google Maps
Tipo: Servicio de masajes
Dirección: C. Mármoles, 17, Distrito Centro, 29007 Málaga
Google: 4.8⭐ (110 reseñas)
Web: https://centrokauma.com/
Maps: https://maps.google.com/?cid=2766721541845857062&g_mp=Cidnb29nbGUubWFwcy5wbGFjZXMudjEuUGxhY2VzLlNlYXJjaFRleHQQAhgEIAA"
cmpd0b1y401w2q1senna3yoge,YogaOne Teatinos,,699 75 52 22,YogaOne Teatinos,,España,google-maps,atleevoyoga,NUEVO,MEDIA,,,2026-05-19T19:09:04.540Z,2026-05-19T19:09:04.540Z,https://www.yogaone.es/es/teatinos,"C. Orson Welles, 20, Teatinos-Universidad, 29010 Málaga",Málaga,5,85,https://maps.google.com/?cid=12992987530242613616&g_mp=Cidnb29nbGUubWFwcy5wbGFjZXMudjEuUGxhY2VzLlNlYXJjaFRleHQQAhgEIAA,yoga_studio,OPERATIONAL,"Importado desde Google Maps
Tipo: Centro de yoga
Dirección: C. Orson Welles, 20, Teatinos-Universidad, 29010 Málaga
Google: 5⭐ (85 reseñas)
Web: https://www.yogaone.es/es/teatinos
Maps: https://maps.google.com/?cid=12992987530242613616&g_mp=Cidnb29nbGUubWFwcy5wbGFjZXMudjEuUGxhY2VzLlNlYXJjaFRleHQQAhgEIAA"
cmpd0b27901w3q1se9uyv68jf,RedGFU,,653 24 68 12,RedGFU,,España,google-maps,atleevoyoga,NUEVO,MEDIA,,,2026-05-19T19:09:04.869Z,2026-05-19T19:09:04.869Z,http://www.redgfu.es/malag,"C. Salomón, 8, Distrito Centro, 29013 Málaga",Málaga,5,3,https://maps.google.com/?cid=7496566158858228600&g_mp=Cidnb29nbGUubWFwcy5wbGFjZXMudjEuUGxhY2VzLlNlYXJjaFRleHQQAhgEIAA,yoga_studio,OPERATIONAL,"Importado desde Google Maps
Tipo: Centro de yoga
Dirección: C. Salomón, 8, Distrito Centro, 29013 Málaga
Google: 5⭐ (3 reseñas)
Web: http://www.redgfu.es/malag
Maps: https://maps.google.com/?cid=7496566158858228600&g_mp=Cidnb29nbGUubWFwcy5wbGFjZXMudjEuUGxhY2VzLlNlYXJjaFRleHQQAhgEIAA"
cmpd0b2gi01w4q1senaxrsyqr,Padma Yoga,,,Padma Yoga,,España,google-maps,atleevoyoga,NUEVO,MEDIA,,,2026-05-19T19:09:05.202Z,2026-05-19T19:09:05.202Z,,"C. Montserrat Roig, 6, Palma-Palmilla, 29011 Málaga",Málaga,5,2,https://maps.google.com/?cid=3151630369822620436&g_mp=Cidnb29nbGUubWFwcy5wbGFjZXMudjEuUGxhY2VzLlNlYXJjaFRleHQQAhgEIAA,yoga_studio,OPERATIONAL,"Importado desde Google Maps
Tipo: Centro de yoga
Dirección: C. Montserrat Roig, 6, Palma-Palmilla, 29011 Málaga
Google: 5⭐ (2 reseñas)
Maps: https://maps.google.com/?cid=3151630369822620436&g_mp=Cidnb29nbGUubWFwcy5wbGFjZXMudjEuUGxhY2VzLlNlYXJjaFRleHQQAhgEIAA"
cmpd0b2us01w5q1seafgv4qdd,ELLIGNED YOGA,,06 53962877,ELLIGNED YOGA,,España,google-maps,atleevoyoga,NUEVO,MEDIA,,,2026-05-19T19:09:05.717Z,2026-05-19T19:09:05.717Z,https://elligned.com/,"Pl. Arriola, 3, Distrito Centro, 29005 Málaga",Málaga,5,1,https://maps.google.com/?cid=16565749606331801768&g_mp=Cidnb29nbGUubWFwcy5wbGFjZXMudjEuUGxhY2VzLlNlYXJjaFRleHQQAhgEIAA,yoga_studio,OPERATIONAL,"Importado desde Google Maps
Tipo: Centro de yoga
Dirección: Pl. Arriola, 3, Distrito Centro, 29005 Málaga
Google: 5⭐ (1 reseñas)
Web: https://elligned.com/
Maps: https://maps.google.com/?cid=16565749606331801768&g_mp=Cidnb29nbGUubWFwcy5wbGFjZXMudjEuUGxhY2VzLlNlYXJjaFRleHQQAhgEIAA"
cmpd0b3oh01w6q1sewrewpxyd,Sala Shantimala,,655 43 93 29,Sala Shantimala,,España,google-maps,atleevoyoga,NUEVO,MEDIA,,,2026-05-19T19:09:06.786Z,2026-05-19T19:09:06.786Z,http://www.instagram.com/sala_shantimala,"Pasaje Narciso Yepes 3, Maestro Serrano Churriana, Churriana, 29140 Málaga",Málaga,5,32,https://maps.google.com/?cid=2333865000270405630&g_mp=Cidnb29nbGUubWFwcy5wbGFjZXMudjEuUGxhY2VzLlNlYXJjaFRleHQQAhgEIAA,yoga_studio,OPERATIONAL,"Importado desde Google Maps
Tipo: Centro de yoga
Dirección: Pasaje Narciso Yepes 3, Maestro Serrano Churriana, Churriana, 29140 Málaga
Google: 5⭐ (32 reseñas)
Web: http://www.instagram.com/sala_shantimala
Maps: https://maps.google.com/?cid=2333865000270405630&g_mp=Cidnb29nbGUubWFwcy5wbGFjZXMudjEuUGxhY2VzLlNlYXJjaFRleHQQAhgEIAA"
cmpd0b3xu01w7q1se2jumrseh,IAYoga,,951 71 26 18,IAYoga,,España,google-maps,atleevoyoga,NUEVO,MEDIA,,,2026-05-19T19:09:07.123Z,2026-05-19T19:09:07.123Z,https://www.iayoga.org/,"C. Moreno Monroy, 5, 3ª, Distrito Centro, 29015 Málaga",Málaga,,,https://maps.google.com/?cid=13219529827631701924&g_mp=Cidnb29nbGUubWFwcy5wbGFjZXMudjEuUGxhY2VzLlNlYXJjaFRleHQQAhgEIAA,,OPERATIONAL,"Importado desde Google Maps
Dirección: C. Moreno Monroy, 5, 3ª, Distrito Centro, 29015 Málaga
Web: https://www.iayoga.org/
Maps: https://maps.google.com/?cid=13219529827631701924&g_mp=Cidnb29nbGUubWFwcy5wbGFjZXMudjEuUGxhY2VzLlNlYXJjaFRleHQQAhgEIAA"
cmpd0b46t01w8q1sen3dv29iq,EK ONG KAR YOGA KUNDALINI Y VINIYOGA,,670 42 92 51,EK ONG KAR YOGA KUNDALINI Y VINIYOGA,,España,google-maps,atleevoyoga,NUEVO,MEDIA,,,2026-05-19T19:09:07.445Z,2026-05-19T19:09:07.445Z,,"C. San Juan de Letrán, 5, Distrito Centro, 29012 Málaga",Málaga,,,https://maps.google.com/?cid=14530761008129922509&g_mp=Cidnb29nbGUubWFwcy5wbGFjZXMudjEuUGxhY2VzLlNlYXJjaFRleHQQAhgEIAA,yoga_studio,OPERATIONAL,"Importado desde Google Maps
Tipo: Centro de yoga
Dirección: C. San Juan de Letrán, 5, Distrito Centro, 29012 Málaga
Maps: https://maps.google.com/?cid=14530761008129922509&g_mp=Cidnb29nbGUubWFwcy5wbGFjZXMudjEuUGxhY2VzLlNlYXJjaFRleHQQAhgEIAA"
cmpd0b4fx01w9q1se1ttf4i6w,Tatami Spirit,,609 59 32 51,Tatami Spirit,,España,google-maps,atleevoyoga,NUEVO,MEDIA,,,2026-05-19T19:09:07.774Z,2026-05-19T19:09:07.774Z,https://yogacurso.es/,"C. Lugar Camino de Huetor, 5, 29713 Los Romanes, Málaga",Málaga,4.9,140,https://maps.google.com/?cid=15698189432413909851&g_mp=Cidnb29nbGUubWFwcy5wbGFjZXMudjEuUGxhY2VzLlNlYXJjaFRleHQQAhgEIAA,yoga_studio,OPERATIONAL,"Importado desde Google Maps
Tipo: Centro de yoga
Dirección: C. Lugar Camino de Huetor, 5, 29713 Los Romanes, Málaga
Google: 4.9⭐ (140 reseñas)
Web: https://yogacurso.es/
Maps: https://maps.google.com/?cid=15698189432413909851&g_mp=Cidnb29nbGUubWFwcy5wbGFjZXMudjEuUGxhY2VzLlNlYXJjaFRleHQQAhgEIAA"
cmpd0b4p301waq1sej60kwp7e,Maternity - Wellness,,659 54 53 28,Maternity - Wellness,,España,google-maps,atleevoyoga,NUEVO,MEDIA,,,2026-05-19T19:09:08.103Z,2026-05-19T19:09:08.103Z,http://www.maternity-wellness.es/,"C. Esperanto, 8, Entreplanta Entrada nivel calle, Distrito Centro, 29007 Málaga",Málaga,5,164,https://maps.google.com/?cid=14303346604901954188&g_mp=Cidnb29nbGUubWFwcy5wbGFjZXMudjEuUGxhY2VzLlNlYXJjaFRleHQQAhgEIAA,gym,OPERATIONAL,"Importado desde Google Maps
Tipo: Gimnasio
Dirección: C. Esperanto, 8, Entreplanta Entrada nivel calle, Distrito Centro, 29007 Málaga
Google: 5⭐ (164 reseñas)
Web: http://www.maternity-wellness.es/
Maps: https://maps.google.com/?cid=14303346604901954188&g_mp=Cidnb29nbGUubWFwcy5wbGFjZXMudjEuUGxhY2VzLlNlYXJjaFRleHQQAhgEIAA"
cmpd0b4y601wbq1se8yz8vbk5,Kinesis Wellness Studio,,696 20 65 39,Kinesis Wellness Studio,,España,google-maps,atleevoyoga,NUEVO,MEDIA,,,2026-05-19T19:09:08.431Z,2026-05-19T19:09:08.431Z,https://www.instagram.com/kinesiswellnessstudio/,"C. Molinillo del Aceite, 6, Distrito Centro, 29008 Málaga",Málaga,5,11,https://maps.google.com/?cid=14928466791269451183&g_mp=Cidnb29nbGUubWFwcy5wbGFjZXMudjEuUGxhY2VzLlNlYXJjaFRleHQQAhgEIAA,gym,OPERATIONAL,"Importado desde Google Maps
Tipo: Gimnasio
Dirección: C. Molinillo del Aceite, 6, Distrito Centro, 29008 Málaga
Google: 5⭐ (11 reseñas)
Web: https://www.instagram.com/kinesiswellnessstudio/
Maps: https://maps.google.com/?cid=14928466791269451183&g_mp=Cidnb29nbGUubWFwcy5wbGFjZXMudjEuUGxhY2VzLlNlYXJjaFRleHQQAhgEIAA"
cmpd0b57701wcq1sennsw7v54,Estudio Ganesha,,,Estudio Ganesha,,España,google-maps,atleevoyoga,NUEVO,MEDIA,,,2026-05-19T19:09:08.755Z,2026-05-19T19:09:08.755Z,https://instagram.com/estudioganesha,"C. Juan de Herrera, 47, Distrito Centro, 29009 Málaga",Málaga,5,4,https://maps.google.com/?cid=834276335510092086&g_mp=Cidnb29nbGUubWFwcy5wbGFjZXMudjEuUGxhY2VzLlNlYXJjaFRleHQQAhgEIAA,,OPERATIONAL,"Importado desde Google Maps
Dirección: C. Juan de Herrera, 47, Distrito Centro, 29009 Málaga
Google: 5⭐ (4 reseñas)
Web: https://instagram.com/estudioganesha
Maps: https://maps.google.com/?cid=834276335510092086&g_mp=Cidnb29nbGUubWFwcy5wbGFjZXMudjEuUGxhY2VzLlNlYXJjaFRleHQQAhgEIAA"
cmpd0b5gj01wdq1see9onxzds,Marijó Marigliano,,,Marijó Marigliano,,España,google-maps,atleevoyoga,NUEVO,MEDIA,,,2026-05-19T19:09:09.091Z,2026-05-19T19:09:09.091Z,,"C. Argüelles, Distrito Centro, 29014 Málaga",Málaga,4.9,22,https://maps.google.com/?cid=17462343991947261602&g_mp=Cidnb29nbGUubWFwcy5wbGFjZXMudjEuUGxhY2VzLlNlYXJjaFRleHQQAhgEIAA,,OPERATIONAL,"Importado desde Google Maps
Dirección: C. Argüelles, Distrito Centro, 29014 Málaga
Google: 4.9⭐ (22 reseñas)
Maps: https://maps.google.com/?cid=17462343991947261602&g_mp=Cidnb29nbGUubWFwcy5wbGFjZXMudjEuUGxhY2VzLlNlYXJjaFRleHQQAhgEIAA"
cmpd0b5ww01weq1sezskhr3lz,Pilates Malaga Center,,680 90 24 20,Pilates Malaga Center,,España,google-maps,atleevoyoga,NUEVO,MEDIA,,,2026-05-19T19:09:09.680Z,2026-05-19T19:09:09.680Z,http://www.pilatesmalagacenter.com/,"P.º Marítimo Cdad. de Melilla, 17, Málaga-Este, 29016 Málaga",Málaga,4.9,134,https://maps.google.com/?cid=10811802954521433303&g_mp=Cidnb29nbGUubWFwcy5wbGFjZXMudjEuUGxhY2VzLlNlYXJjaFRleHQQAhgEIAA,gym,OPERATIONAL,"Importado desde Google Maps
Tipo: Gimnasio
Dirección: P.º Marítimo Cdad. de Melilla, 17, Málaga-Este, 29016 Málaga
Google: 4.9⭐ (134 reseñas)
Web: http://www.pilatesmalagacenter.com/
Maps: https://maps.google.com/?cid=10811802954521433303&g_mp=Cidnb29nbGUubWFwcy5wbGFjZXMudjEuUGxhY2VzLlNlYXJjaFRleHQQAhgEIAA"
cmpd0b69w01wfq1sedsd2ho30,MI PILATES MÁLAGA,,661 81 52 76,MI PILATES MÁLAGA,,España,google-maps,atleevoyoga,NUEVO,MEDIA,,,2026-05-19T19:09:10.149Z,2026-05-19T19:09:10.149Z,https://www.instagram.com/mi_pilates_malaga/,"C. Maestro Alonso, 6, Carretera de Cádiz, 29002 Málaga",Málaga,5,629,https://maps.google.com/?cid=15511242513224463496&g_mp=Cidnb29nbGUubWFwcy5wbGFjZXMudjEuUGxhY2VzLlNlYXJjaFRleHQQAhgEIAA,gym,OPERATIONAL,"Importado desde Google Maps
Tipo: Gimnasio
Dirección: C. Maestro Alonso, 6, Carretera de Cádiz, 29002 Málaga
Google: 5⭐ (629 reseñas)
Web: https://www.instagram.com/mi_pilates_malaga/
Maps: https://maps.google.com/?cid=15511242513224463496&g_mp=Cidnb29nbGUubWFwcy5wbGFjZXMudjEuUGxhY2VzLlNlYXJjaFRleHQQAhgEIAA"
cmpd0bei401wgq1semk4l3lx7,YOGA BILBAO - IMANOL,,,YOGA BILBAO - IMANOL,,España,google-maps,atleevoyoga,NUEVO,MEDIA,,,2026-05-19T19:09:20.812Z,2026-05-19T19:09:20.812Z,,"Diego Lopez Haroko Kale Nagusia, 21, Abando, 48001 Bilbao, Bizkaia",Bilbao,,,https://maps.google.com/?cid=18216872504097032439&g_mp=Cidnb29nbGUubWFwcy5wbGFjZXMudjEuUGxhY2VzLlNlYXJjaFRleHQQAhgEIAA,yoga_studio,OPERATIONAL,"Importado desde Google Maps
Tipo: Centro de yoga
Dirección: Diego Lopez Haroko Kale Nagusia, 21, Abando, 48001 Bilbao, Bizkaia
Maps: https://maps.google.com/?cid=18216872504097032439&g_mp=Cidnb29nbGUubWFwcy5wbGFjZXMudjEuUGxhY2VzLlNlYXJjaFRleHQQAhgEIAA"
cmpd0bf0i01whq1se3hnjr6di,Yoga Integral BILBO,,611 67 78 97,Yoga Integral BILBO,,España,google-maps,atleevoyoga,NUEVO,MEDIA,,,2026-05-19T19:09:21.475Z,2026-05-19T19:09:21.475Z,,"San Frantzisko Kalea, 34, Ibaiondo, 48003 Bilbao, Bizkaia",Bilbao,,,https://maps.google.com/?cid=8346540144266691087&g_mp=Cidnb29nbGUubWFwcy5wbGFjZXMudjEuUGxhY2VzLlNlYXJjaFRleHQQAhgEIAA,yoga_studio,OPERATIONAL,"Importado desde Google Maps
Tipo: Centro de yoga
Dirección: San Frantzisko Kalea, 34, Ibaiondo, 48003 Bilbao, Bizkaia
Maps: https://maps.google.com/?cid=8346540144266691087&g_mp=Cidnb29nbGUubWFwcy5wbGFjZXMudjEuUGxhY2VzLlNlYXJjaFRleHQQAhgEIAA"
cmpd0bfrx01wiq1se1rhgb1lz,Across Bilbao,,672 37 69 62,Across Bilbao,,España,google-maps,atleevoyoga,NUEVO,MEDIA,,,2026-05-19T19:09:22.461Z,2026-05-19T19:09:22.461Z,,"Urkixo Zumarkalea, 28, Abando, 48010 Bilbao, Bizkaia",Bilbao,4.9,30,https://maps.google.com/?cid=2744127644814048582&g_mp=Cidnb29nbGUubWFwcy5wbGFjZXMudjEuUGxhY2VzLlNlYXJjaFRleHQQAhgEIAA,wellness_center,OPERATIONAL,"Importado desde Google Maps
Tipo: Centro de salud y bienestar
Dirección: Urkixo Zumarkalea, 28, Abando, 48010 Bilbao, Bizkaia
Google: 4.9⭐ (30 reseñas)
Maps: https://maps.google.com/?cid=2744127644814048582&g_mp=Cidnb29nbGUubWFwcy5wbGFjZXMudjEuUGxhY2VzLlNlYXJjaFRleHQQAhgEIAA"
cmpd0bgev01wjq1seg6o8yq0a,Meditacion Bilbao Centro Turiya,,697 53 27 30,Meditacion Bilbao Centro Turiya,,España,google-maps,atleevoyoga,NUEVO,MEDIA,,,2026-05-19T19:09:23.287Z,2026-05-19T19:09:23.287Z,,"Artekale, 27, Ibaiondo, 48005 Bilbao, Bizkaia",Bilbao,3.7,3,https://maps.google.com/?cid=6129831155484587027&g_mp=Cidnb29nbGUubWFwcy5wbGFjZXMudjEuUGxhY2VzLlNlYXJjaFRleHQQAhgEIAA,health,OPERATIONAL,"Importado desde Google Maps
Tipo: Salud y bienestar
Dirección: Artekale, 27, Ibaiondo, 48005 Bilbao, Bizkaia
Google: 3.7⭐ (3 reseñas)
Maps: https://maps.google.com/?cid=6129831155484587027&g_mp=Cidnb29nbGUubWFwcy5wbGFjZXMudjEuUGxhY2VzLlNlYXJjaFRleHQQAhgEIAA"
cmpd0bgsl01wkq1seaxqbwaga,ODA al alma - Autocuidado consciente para mujeres líderes · Danza Oriental Transformadora y Yoga,,657 40 22 86,ODA al alma - Autocuidado consciente para mujeres líderes · Danza Oriental Transformadora y Yoga,,España,google-maps,atleevoyoga,NUEVO,MEDIA,,,2026-05-19T19:09:23.782Z,2026-05-19T19:09:23.782Z,https://odaalalma.com/,"Diego Lopez Haroko Kale Nagusia, 63 bis, 1 D, Abando, 48011 Bilbao, Vizcaya",Bilbao,5,13,https://maps.google.com/?cid=17508269987554811891&g_mp=Cidnb29nbGUubWFwcy5wbGFjZXMudjEuUGxhY2VzLlNlYXJjaFRleHQQAhgEIAA,health,OPERATIONAL,"Importado desde Google Maps
Tipo: Salud y bienestar
Dirección: Diego Lopez Haroko Kale Nagusia, 63 bis, 1 D, Abando, 48011 Bilbao, Vizcaya
Google: 5⭐ (13 reseñas)
Web: https://odaalalma.com/
Maps: https://maps.google.com/?cid=17508269987554811891&g_mp=Cidnb29nbGUubWFwcy5wbGFjZXMudjEuUGxhY2VzLlNlYXJjaFRleHQQAhgEIAA"
cmpd0bh2i01wlq1se00r7ip0m,GIMNASIO UP&YOU,,944 00 56 00,GIMNASIO UP&YOU,,España,google-maps,atleevoyoga,NUEVO,MEDIA,,,2026-05-19T19:09:24.138Z,2026-05-19T19:09:24.138Z,https://www.upandyou.es/,"Kalea Manuel Allende, 18, Abando, 48010 Bilbao, Bizkaia",Bilbao,4.1,479,https://maps.google.com/?cid=3746086110511042837&g_mp=Cidnb29nbGUubWFwcy5wbGFjZXMudjEuUGxhY2VzLlNlYXJjaFRleHQQAhgEIAA,gym,OPERATIONAL,"Importado desde Google Maps
Tipo: Gimnasio
Dirección: Kalea Manuel Allende, 18, Abando, 48010 Bilbao, Bizkaia
Google: 4.1⭐ (479 reseñas)
Web: https://www.upandyou.es/
Maps: https://maps.google.com/?cid=3746086110511042837&g_mp=Cidnb29nbGUubWFwcy5wbGFjZXMudjEuUGxhY2VzLlNlYXJjaFRleHQQAhgEIAA"
cmpd0boit01wmq1seikfretxs,ESTELA YOGA MALLORCA,,,ESTELA YOGA MALLORCA,,España,google-maps,atleevoyoga,NUEVO,MEDIA,,,2026-05-19T19:09:33.798Z,2026-05-19T19:09:33.798Z,http://www.estelayoga.com/,"C. del Carme, 11, Centre, 07003 Palma, Illes Balears",Palma de Mallorca,5,54,https://maps.google.com/?cid=12174564226641989647&g_mp=Cidnb29nbGUubWFwcy5wbGFjZXMudjEuUGxhY2VzLlNlYXJjaFRleHQQAhgEIAA,,OPERATIONAL,"Importado desde Google Maps
Dirección: C. del Carme, 11, Centre, 07003 Palma, Illes Balears
Google: 5⭐ (54 reseñas)
Web: http://www.estelayoga.com/
Maps: https://maps.google.com/?cid=12174564226641989647&g_mp=Cidnb29nbGUubWFwcy5wbGFjZXMudjEuUGxhY2VzLlNlYXJjaFRleHQQAhgEIAA"
cmpd0bp5q01wnq1se80dq0z5w,Mananda Yoga & Holistic Coaching,,674 72 57 66,Mananda Yoga & Holistic Coaching,,España,google-maps,atleevoyoga,NUEVO,MEDIA,,,2026-05-19T19:09:34.623Z,2026-05-19T19:09:34.623Z,http://www.manandayoga.com/,"Centre, 07004 Palma, Illes Balears",Palma de Mallorca,5,43,https://maps.google.com/?cid=863276005927949473&g_mp=Cidnb29nbGUubWFwcy5wbGFjZXMudjEuUGxhY2VzLlNlYXJjaFRleHQQAhgEIAA,health,OPERATIONAL,"Importado desde Google Maps
Tipo: Salud y bienestar
Dirección: Centre, 07004 Palma, Illes Balears
Google: 5⭐ (43 reseñas)
Web: http://www.manandayoga.com/
Maps: https://maps.google.com/?cid=863276005927949473&g_mp=Cidnb29nbGUubWFwcy5wbGFjZXMudjEuUGxhY2VzLlNlYXJjaFRleHQQAhgEIAA"
cmpd0bpny01woq1se30t2njhq,Sanuk Mallorca,,871 51 26 27,Sanuk Mallorca,,España,google-maps,atleevoyoga,NUEVO,MEDIA,,,2026-05-19T19:09:35.279Z,2026-05-19T19:09:35.279Z,https://sanukmallorca.com/es/massage,"Carrer de Can Campaner, 5, Centre, 07003 Palma, Illes Balears",Palma de Mallorca,4.9,465,https://maps.google.com/?cid=14972477779960111237&g_mp=Cidnb29nbGUubWFwcy5wbGFjZXMudjEuUGxhY2VzLlNlYXJjaFRleHQQAhgEIAA,massage_spa,OPERATIONAL,"Importado desde Google Maps
Tipo: Spa de masajes
Dirección: Carrer de Can Campaner, 5, Centre, 07003 Palma, Illes Balears
Google: 4.9⭐ (465 reseñas)
Web: https://sanukmallorca.com/es/massage
Maps: https://maps.google.com/?cid=14972477779960111237&g_mp=Cidnb29nbGUubWFwcy5wbGFjZXMudjEuUGxhY2VzLlNlYXJjaFRleHQQAhgEIAA"
cmpd0bq6601wpq1sez1hmm4ng,AIM SATYANANDA YOGA,,677 45 03 04,AIM SATYANANDA YOGA,,España,google-maps,atleevoyoga,NUEVO,MEDIA,,,2026-05-19T19:09:35.934Z,2026-05-19T19:09:35.934Z,http://www.satyananda-yoga.es/,"Plaça de Weyler, 2, 1º - 1ª, Centre, 07003 Palma, Illes Balears",Palma de Mallorca,5,8,https://maps.google.com/?cid=4622114292469674462&g_mp=Cidnb29nbGUubWFwcy5wbGFjZXMudjEuUGxhY2VzLlNlYXJjaFRleHQQAhgEIAA,yoga_studio,OPERATIONAL,"Importado desde Google Maps
Tipo: Centro de yoga
Dirección: Plaça de Weyler, 2, 1º - 1ª, Centre, 07003 Palma, Illes Balears
Google: 5⭐ (8 reseñas)
Web: http://www.satyananda-yoga.es/
Maps: https://maps.google.com/?cid=4622114292469674462&g_mp=Cidnb29nbGUubWFwcy5wbGFjZXMudjEuUGxhY2VzLlNlYXJjaFRleHQQAhgEIAA"
cmpd0bqfk01wqq1sevrpr7fd0,Living Room - the art of being alive,,674 08 50 65,Living Room - the art of being alive,,España,google-maps,atleevoyoga,NUEVO,MEDIA,,,2026-05-19T19:09:36.273Z,2026-05-19T19:09:36.273Z,http://www.livingroom.art/,"Carrer de Despuig, 30, Ponent, 07013 Palma, Illes Balears",Palma de Mallorca,4.7,23,https://maps.google.com/?cid=9864308177995416731&g_mp=Cidnb29nbGUubWFwcy5wbGFjZXMudjEuUGxhY2VzLlNlYXJjaFRleHQQAhgEIAA,yoga_studio,OPERATIONAL,"Importado desde Google Maps
Tipo: Centro de yoga
Dirección: Carrer de Despuig, 30, Ponent, 07013 Palma, Illes Balears
Google: 4.7⭐ (23 reseñas)
Web: http://www.livingroom.art/
Maps: https://maps.google.com/?cid=9864308177995416731&g_mp=Cidnb29nbGUubWFwcy5wbGFjZXMudjEuUGxhY2VzLlNlYXJjaFRleHQQAhgEIAA"
cmpd0bqoz01wrq1sezjpgwnyn,BARRE 12 PALMA,,606 83 98 58,BARRE 12 PALMA,,España,google-maps,atleevoyoga,NUEVO,MEDIA,,,2026-05-19T19:09:36.611Z,2026-05-19T19:09:36.611Z,https://barre12.com/,"Carrer de Sant Felip Neri, 12, Centre, 07002 Palma, Illes Balears",Palma de Mallorca,4.8,19,https://maps.google.com/?cid=768547025402999940&g_mp=Cidnb29nbGUubWFwcy5wbGFjZXMudjEuUGxhY2VzLlNlYXJjaFRleHQQAhgEIAA,gym,OPERATIONAL,"Importado desde Google Maps
Tipo: Gimnasio
Dirección: Carrer de Sant Felip Neri, 12, Centre, 07002 Palma, Illes Balears
Google: 4.8⭐ (19 reseñas)
Web: https://barre12.com/
Maps: https://maps.google.com/?cid=768547025402999940&g_mp=Cidnb29nbGUubWFwcy5wbGFjZXMudjEuUGxhY2VzLlNlYXJjaFRleHQQAhgEIAA"
cmpd0br1o01wsq1sems5depki,Quartera yoga,,623 75 72 24,Quartera yoga,,España,google-maps,atleevoyoga,NUEVO,MEDIA,,,2026-05-19T19:09:37.068Z,2026-05-19T19:09:37.068Z,http://www.laquartera.es/,"Carrer del Pes de la Farina, 3, Centre, 07001 Palma, Illes Balears",Palma de Mallorca,5,5,https://maps.google.com/?cid=18139157029520324201&g_mp=Cidnb29nbGUubWFwcy5wbGFjZXMudjEuUGxhY2VzLlNlYXJjaFRleHQQAhgEIAA,yoga_studio,OPERATIONAL,"Importado desde Google Maps
Tipo: Centro de yoga
Dirección: Carrer del Pes de la Farina, 3, Centre, 07001 Palma, Illes Balears
Google: 5⭐ (5 reseñas)
Web: http://www.laquartera.es/
Maps: https://maps.google.com/?cid=18139157029520324201&g_mp=Cidnb29nbGUubWFwcy5wbGFjZXMudjEuUGxhY2VzLlNlYXJjaFRleHQQAhgEIAA"
cmpd0braz01wtq1seo02jmq8l,El Jardin del Dharma,,636 96 48 28,El Jardin del Dharma,,España,google-maps,atleevoyoga,NUEVO,MEDIA,,,2026-05-19T19:09:37.404Z,2026-05-19T19:09:37.404Z,http://palma.dskbudismo.org/,"Carrer Manuel Sanchis Guarner, 9, Nord, 07004 Palma, Illes Balears",Palma de Mallorca,4.9,14,https://maps.google.com/?cid=4383209582078491723&g_mp=Cidnb29nbGUubWFwcy5wbGFjZXMudjEuUGxhY2VzLlNlYXJjaFRleHQQAhgEIAA,buddhist_temple,OPERATIONAL,"Importado desde Google Maps
Tipo: Templo budista
Dirección: Carrer Manuel Sanchis Guarner, 9, Nord, 07004 Palma, Illes Balears
Google: 4.9⭐ (14 reseñas)
Web: http://palma.dskbudismo.org/
Maps: https://maps.google.com/?cid=4383209582078491723&g_mp=Cidnb29nbGUubWFwcy5wbGFjZXMudjEuUGxhY2VzLlNlYXJjaFRleHQQAhgEIAA"
cmpd0brk401wuq1sebgq4b545,Pensa Calma - The Health Space - Osteopatía - Pilates Reformer,,971 75 56 87,Pensa Calma - The Health Space - Osteopatía - Pilates Reformer,,España,google-maps,atleevoyoga,NUEVO,MEDIA,,,2026-05-19T19:09:37.733Z,2026-05-19T19:09:37.733Z,http://www.pensa-calma.com/,"C. del Carme, 21, Centre, 07003 Palma, Illes Balears",Palma de Mallorca,5,61,https://maps.google.com/?cid=2671816557804425572&g_mp=Cidnb29nbGUubWFwcy5wbGFjZXMudjEuUGxhY2VzLlNlYXJjaFRleHQQAhgEIAA,massage,OPERATIONAL,"Importado desde Google Maps
Tipo: Servicio de masajes
Dirección: C. del Carme, 21, Centre, 07003 Palma, Illes Balears
Google: 5⭐ (61 reseñas)
Web: http://www.pensa-calma.com/
Maps: https://maps.google.com/?cid=2671816557804425572&g_mp=Cidnb29nbGUubWFwcy5wbGFjZXMudjEuUGxhY2VzLlNlYXJjaFRleHQQAhgEIAA"
cmpd0bs7001wvq1secv8xaz0l,"Fly High Mallorca-pole dance, artes aereas, aerial pilates & more! Palma & Inca",,693 69 37 10,"Fly High Mallorca-pole dance, artes aereas, aerial pilates & more! Palma & Inca",,España,google-maps,atleevoyoga,NUEVO,MEDIA,,,2026-05-19T19:09:38.556Z,2026-05-19T19:09:38.556Z,https://www.flyhigh-mallorca.es/,"C. dels Foners, 1, Llevant, 07006 Palma, Illes Balears",Palma de Mallorca,4.9,71,https://maps.google.com/?cid=1737660183692881924&g_mp=Cidnb29nbGUubWFwcy5wbGFjZXMudjEuUGxhY2VzLlNlYXJjaFRleHQQAhgEIAA,association_or_organization,OPERATIONAL,"Importado desde Google Maps
Tipo: Asociación u organización
Dirección: C. dels Foners, 1, Llevant, 07006 Palma, Illes Balears
Google: 4.9⭐ (71 reseñas)
Web: https://www.flyhigh-mallorca.es/
Maps: https://maps.google.com/?cid=1737660183692881924&g_mp=Cidnb29nbGUubWFwcy5wbGFjZXMudjEuUGxhY2VzLlNlYXJjaFRleHQQAhgEIAA"
cmpd0bsg101wwq1sekzveletu,"Yogi Yogini Shop - Accesorios y Complementos de Yoga, Meditaciones Vipassana",,971 28 21 44,"Yogi Yogini Shop - Accesorios y Complementos de Yoga, Meditaciones Vipassana",,España,google-maps,atleevoyoga,NUEVO,MEDIA,,,2026-05-19T19:09:38.881Z,2026-05-19T19:09:38.881Z,http://www.yogi-yogini.com/,"Carrer del Vicari Antoni Marimon, 7-A, 7, Ponent, 07013 Palma, Illes Balears",Palma de Mallorca,4.4,23,https://maps.google.com/?cid=10259768710078006312&g_mp=Cidnb29nbGUubWFwcy5wbGFjZXMudjEuUGxhY2VzLlNlYXJjaFRleHQQAhgEIAA,health,OPERATIONAL,"Importado desde Google Maps
Tipo: Salud y bienestar
Dirección: Carrer del Vicari Antoni Marimon, 7-A, 7, Ponent, 07013 Palma, Illes Balears
Google: 4.4⭐ (23 reseñas)
Web: http://www.yogi-yogini.com/
Maps: https://maps.google.com/?cid=10259768710078006312&g_mp=Cidnb29nbGUubWFwcy5wbGFjZXMudjEuUGxhY2VzLlNlYXJjaFRleHQQAhgEIAA"
cmpd0bsp001wxq1sew36ztk0n,ROCKET YOGA MALLORCA,,699 12 68 96,ROCKET YOGA MALLORCA,,España,google-maps,atleevoyoga,NUEVO,MEDIA,,,2026-05-19T19:09:39.205Z,2026-05-19T19:09:39.205Z,https://www.estelayoga.com/,"C. del Carme, 11, Centre, 07003 Palma, Illes Balears",Palma de Mallorca,,,https://maps.google.com/?cid=17157959112052239709&g_mp=Cidnb29nbGUubWFwcy5wbGFjZXMudjEuUGxhY2VzLlNlYXJjaFRleHQQAhgEIAA,yoga_studio,OPERATIONAL,"Importado desde Google Maps
Tipo: Centro de yoga
Dirección: C. del Carme, 11, Centre, 07003 Palma, Illes Balears
Web: https://www.estelayoga.com/
Maps: https://maps.google.com/?cid=17157959112052239709&g_mp=Cidnb29nbGUubWFwcy5wbGFjZXMudjEuUGxhY2VzLlNlYXJjaFRleHQQAhgEIAA"
cmpd0bsz901wyq1seojg5csop,La Ingrávida,,677 79 38 30,La Ingrávida,,España,google-maps,atleevoyoga,NUEVO,MEDIA,,,2026-05-19T19:09:39.574Z,2026-05-19T19:09:39.574Z,https://sites.google.com/view/la-ingravida/inicio,"Carrer de Sant Miquel, 30, Centre, 07002 Palma, Illes Balears",Palma de Mallorca,5,12,https://maps.google.com/?cid=10492754490534479436&g_mp=Cidnb29nbGUubWFwcy5wbGFjZXMudjEuUGxhY2VzLlNlYXJjaFRleHQQAhgEIAA,wellness_center,OPERATIONAL,"Importado desde Google Maps
Tipo: Centro de salud y bienestar
Dirección: Carrer de Sant Miquel, 30, Centre, 07002 Palma, Illes Balears
Google: 5⭐ (12 reseñas)
Web: https://sites.google.com/view/la-ingravida/inicio
Maps: https://maps.google.com/?cid=10492754490534479436&g_mp=Cidnb29nbGUubWFwcy5wbGFjZXMudjEuUGxhY2VzLlNlYXJjaFRleHQQAhgEIAA"
cmpd0bt8h01wzq1sek8q2f5tq,Intuė Pilates - Palma de Mallorca,,971 62 60 52,Intuė Pilates - Palma de Mallorca,,España,google-maps,atleevoyoga,NUEVO,MEDIA,,,2026-05-19T19:09:39.906Z,2026-05-19T19:09:39.906Z,https://www.intuepilates.com/,"Carrer de Font i Monteros, 21, Bajos, Centre, 07003 Palma, Illes Balears",Palma de Mallorca,5,50,https://maps.google.com/?cid=6509399885991748804&g_mp=Cidnb29nbGUubWFwcy5wbGFjZXMudjEuUGxhY2VzLlNlYXJjaFRleHQQAhgEIAA,gym,OPERATIONAL,"Importado desde Google Maps
Tipo: Gimnasio
Dirección: Carrer de Font i Monteros, 21, Bajos, Centre, 07003 Palma, Illes Balears
Google: 5⭐ (50 reseñas)
Web: https://www.intuepilates.com/
Maps: https://maps.google.com/?cid=6509399885991748804&g_mp=Cidnb29nbGUubWFwcy5wbGFjZXMudjEuUGxhY2VzLlNlYXJjaFRleHQQAhgEIAA"
cmpd0bvpe01x0q1sedl3vjrzm,Samsara Yoga,,603 04 48 47,Samsara Yoga,,España,google-maps,atleevoyoga,NUEVO,MEDIA,,,2026-05-19T19:09:43.106Z,2026-05-19T19:09:43.106Z,http://www.samsaramurcia.com/,"C. González Adalid, 12, 30001 Murcia",Murcia,4.9,42,https://maps.google.com/?cid=12191066108068496075&g_mp=Cidnb29nbGUubWFwcy5wbGFjZXMudjEuUGxhY2VzLlNlYXJjaFRleHQQAhgEIAA,yoga_studio,OPERATIONAL,"Importado desde Google Maps
Tipo: Centro de yoga
Dirección: C. González Adalid, 12, 30001 Murcia
Google: 4.9⭐ (42 reseñas)
Web: http://www.samsaramurcia.com/
Maps: https://maps.google.com/?cid=12191066108068496075&g_mp=Cidnb29nbGUubWFwcy5wbGFjZXMudjEuUGxhY2VzLlNlYXJjaFRleHQQAhgEIAA"
cmpd0bvye01x1q1set9f7zj1p,Simplementese,,698 96 53 31,Simplementese,,España,google-maps,atleevoyoga,NUEVO,MEDIA,,,2026-05-19T19:09:43.431Z,2026-05-19T19:09:43.431Z,http://www.simplementese.com/,"Av. Príncipe de Asturias, 42, 30007 Santiago y Zaraíche, Murcia",Murcia,5,81,https://maps.google.com/?cid=16258706524977559788&g_mp=Cidnb29nbGUubWFwcy5wbGFjZXMudjEuUGxhY2VzLlNlYXJjaFRleHQQAhgEIAA,yoga_studio,OPERATIONAL,"Importado desde Google Maps
Tipo: Centro de yoga
Dirección: Av. Príncipe de Asturias, 42, 30007 Santiago y Zaraíche, Murcia
Google: 5⭐ (81 reseñas)
Web: http://www.simplementese.com/
Maps: https://maps.google.com/?cid=16258706524977559788&g_mp=Cidnb29nbGUubWFwcy5wbGFjZXMudjEuUGxhY2VzLlNlYXJjaFRleHQQAhgEIAA"
cmpd0bw7o01x2q1see60tfivn,Ya! Yoga & Lifestyle,,669 48 09 46,Ya! Yoga & Lifestyle,,España,google-maps,atleevoyoga,NUEVO,MEDIA,,,2026-05-19T19:09:43.765Z,2026-05-19T19:09:43.765Z,http://www.yalifestyle.com/,"C. Calderón de la Barca, 2, entresuelo 4, 30001 Murcia",Murcia,5,148,https://maps.google.com/?cid=2830893269384002218&g_mp=Cidnb29nbGUubWFwcy5wbGFjZXMudjEuUGxhY2VzLlNlYXJjaFRleHQQAhgEIAA,yoga_studio,OPERATIONAL,"Importado desde Google Maps
Tipo: Centro de yoga
Dirección: C. Calderón de la Barca, 2, entresuelo 4, 30001 Murcia
Google: 5⭐ (148 reseñas)
Web: http://www.yalifestyle.com/
Maps: https://maps.google.com/?cid=2830893269384002218&g_mp=Cidnb29nbGUubWFwcy5wbGFjZXMudjEuUGxhY2VzLlNlYXJjaFRleHQQAhgEIAA"
cmpd0bwgs01x3q1sebxtnp4la,Ashima Espacio de Bienestar,,659 04 33 03,Ashima Espacio de Bienestar,,España,google-maps,atleevoyoga,NUEVO,MEDIA,,,2026-05-19T19:09:44.092Z,2026-05-19T19:09:44.092Z,https://espacioashima.es/,"Av. Europa, 22, 30007 Murcia",Murcia,5,91,https://maps.google.com/?cid=3239723571740585058&g_mp=Cidnb29nbGUubWFwcy5wbGFjZXMudjEuUGxhY2VzLlNlYXJjaFRleHQQAhgEIAA,yoga_studio,OPERATIONAL,"Importado desde Google Maps
Tipo: Centro de yoga
Dirección: Av. Europa, 22, 30007 Murcia
Google: 5⭐ (91 reseñas)
Web: https://espacioashima.es/
Maps: https://maps.google.com/?cid=3239723571740585058&g_mp=Cidnb29nbGUubWFwcy5wbGFjZXMudjEuUGxhY2VzLlNlYXJjaFRleHQQAhgEIAA"
cmpd0bwps01x4q1semzvh37e2,Espacio La Candela,,652 35 77 00,Espacio La Candela,,España,google-maps,atleevoyoga,NUEVO,MEDIA,,,2026-05-19T19:09:44.417Z,2026-05-19T19:09:44.417Z,http://www.espaciolacandela.com/,"C. Comuneros, 4, 30003 Murcia",Murcia,4.9,56,https://maps.google.com/?cid=1154923012121365199&g_mp=Cidnb29nbGUubWFwcy5wbGFjZXMudjEuUGxhY2VzLlNlYXJjaFRleHQQAhgEIAA,yoga_studio,OPERATIONAL,"Importado desde Google Maps
Tipo: Centro de yoga
Dirección: C. Comuneros, 4, 30003 Murcia
Google: 4.9⭐ (56 reseñas)
Web: http://www.espaciolacandela.com/
Maps: https://maps.google.com/?cid=1154923012121365199&g_mp=Cidnb29nbGUubWFwcy5wbGFjZXMudjEuUGxhY2VzLlNlYXJjaFRleHQQAhgEIAA"
cmpd0bwyu01x5q1sel0h3b32h,Escuela de Yoga Santosha,,639 36 90 01,Escuela de Yoga Santosha,,España,google-maps,atleevoyoga,NUEVO,MEDIA,,,2026-05-19T19:09:44.743Z,2026-05-19T19:09:44.743Z,https://escueladeyogasantosha.com/,"C. Agrimensores, 8, 30002 Murcia",Murcia,5,52,https://maps.google.com/?cid=8069707160313738090&g_mp=Cidnb29nbGUubWFwcy5wbGFjZXMudjEuUGxhY2VzLlNlYXJjaFRleHQQAhgEIAA,yoga_studio,OPERATIONAL,"Importado desde Google Maps
Tipo: Centro de yoga
Dirección: C. Agrimensores, 8, 30002 Murcia
Google: 5⭐ (52 reseñas)
Web: https://escueladeyogasantosha.com/
Maps: https://maps.google.com/?cid=8069707160313738090&g_mp=Cidnb29nbGUubWFwcy5wbGFjZXMudjEuUGxhY2VzLlNlYXJjaFRleHQQAhgEIAA"
cmpd0bx7z01x6q1set4a21hyq,Yoga Atman,,669 65 45 23,Yoga Atman,,España,google-maps,atleevoyoga,NUEVO,MEDIA,,,2026-05-19T19:09:45.071Z,2026-05-19T19:09:45.071Z,https://carmendb99.wixsite.com/yoga-atman,"C Salvador de Madariaga, 3, 30009 Murcia",Murcia,5,30,https://maps.google.com/?cid=15213567414301683192&g_mp=Cidnb29nbGUubWFwcy5wbGFjZXMudjEuUGxhY2VzLlNlYXJjaFRleHQQAhgEIAA,yoga_studio,OPERATIONAL,"Importado desde Google Maps
Tipo: Centro de yoga
Dirección: C Salvador de Madariaga, 3, 30009 Murcia
Google: 5⭐ (30 reseñas)
Web: https://carmendb99.wixsite.com/yoga-atman
Maps: https://maps.google.com/?cid=15213567414301683192&g_mp=Cidnb29nbGUubWFwcy5wbGFjZXMudjEuUGxhY2VzLlNlYXJjaFRleHQQAhgEIAA"
cmpd0bxh001x7q1se9wpw24v0,MAHA Wellness Studio,,644 67 39 13,MAHA Wellness Studio,,España,google-maps,atleevoyoga,NUEVO,MEDIA,,,2026-05-19T19:09:45.397Z,2026-05-19T19:09:45.397Z,https://www.maha.com.es/,"Av. Príncipe de Asturias, 10, 30007 Santiago y Zaraíche, Murcia",Murcia,4.8,17,https://maps.google.com/?cid=9276692264417743109&g_mp=Cidnb29nbGUubWFwcy5wbGFjZXMudjEuUGxhY2VzLlNlYXJjaFRleHQQAhgEIAA,yoga_studio,OPERATIONAL,"Importado desde Google Maps
Tipo: Centro de yoga
Dirección: Av. Príncipe de Asturias, 10, 30007 Santiago y Zaraíche, Murcia
Google: 4.8⭐ (17 reseñas)
Web: https://www.maha.com.es/
Maps: https://maps.google.com/?cid=9276692264417743109&g_mp=Cidnb29nbGUubWFwcy5wbGFjZXMudjEuUGxhY2VzLlNlYXJjaFRleHQQAhgEIAA"
cmpd0bxq301x8q1sedyox91t6,VIVE YOGA MURCIA,,636 99 86 37,VIVE YOGA MURCIA,,España,google-maps,atleevoyoga,NUEVO,MEDIA,,,2026-05-19T19:09:45.724Z,2026-05-19T19:09:45.724Z,,"C. Teniente Gral. Gutierrez Mellado, 9, Ed. CENTROFAMA 2º. Puerta 13, 30008 Murcia",Murcia,5,37,https://maps.google.com/?cid=12011151595447221296&g_mp=Cidnb29nbGUubWFwcy5wbGFjZXMudjEuUGxhY2VzLlNlYXJjaFRleHQQAhgEIAA,yoga_studio,OPERATIONAL,"Importado desde Google Maps
Tipo: Centro de yoga
Dirección: C. Teniente Gral. Gutierrez Mellado, 9, Ed. CENTROFAMA 2º. Puerta 13, 30008 Murcia
Google: 5⭐ (37 reseñas)
Maps: https://maps.google.com/?cid=12011151595447221296&g_mp=Cidnb29nbGUubWFwcy5wbGFjZXMudjEuUGxhY2VzLlNlYXJjaFRleHQQAhgEIAA"
cmpd0bxz501x9q1se4q3a4i4n,Yoga Solar,,698 93 12 98,Yoga Solar,,España,google-maps,atleevoyoga,NUEVO,MEDIA,,,2026-05-19T19:09:46.050Z,2026-05-19T19:09:46.050Z,,"Pl. Sandoval, 30004 Murcia",Murcia,5,10,https://maps.google.com/?cid=17285129038229720067&g_mp=Cidnb29nbGUubWFwcy5wbGFjZXMudjEuUGxhY2VzLlNlYXJjaFRleHQQAhgEIAA,yoga_studio,OPERATIONAL,"Importado desde Google Maps
Tipo: Centro de yoga
Dirección: Pl. Sandoval, 30004 Murcia
Google: 5⭐ (10 reseñas)
Maps: https://maps.google.com/?cid=17285129038229720067&g_mp=Cidnb29nbGUubWFwcy5wbGFjZXMudjEuUGxhY2VzLlNlYXJjaFRleHQQAhgEIAA"
cmpd0by8401xaq1seoxh4c8c6,Irene Algar Yoga,,637 33 76 16,Irene Algar Yoga,,España,google-maps,atleevoyoga,NUEVO,MEDIA,,,2026-05-19T19:09:46.373Z,2026-05-19T19:09:46.373Z,http://www.irenealgar.com/,"C. González Adalid, 12, 1 planta, 30001 Murcia",Murcia,5,69,https://maps.google.com/?cid=12695874356172876532&g_mp=Cidnb29nbGUubWFwcy5wbGFjZXMudjEuUGxhY2VzLlNlYXJjaFRleHQQAhgEIAA,,OPERATIONAL,"Importado desde Google Maps
Dirección: C. González Adalid, 12, 1 planta, 30001 Murcia
Google: 5⭐ (69 reseñas)
Web: http://www.irenealgar.com/
Maps: https://maps.google.com/?cid=12695874356172876532&g_mp=Cidnb29nbGUubWFwcy5wbGFjZXMudjEuUGxhY2VzLlNlYXJjaFRleHQQAhgEIAA"
cmpd0byhb01xbq1sehk0rkd8b,Estudio de yoga y musicoterapia,,,Estudio de yoga y musicoterapia,,España,google-maps,atleevoyoga,NUEVO,MEDIA,,,2026-05-19T19:09:46.703Z,2026-05-19T19:09:46.703Z,http://www.estudiodeyogamurcia.com/,"C. Reina Sofía, 4b, Entresuelo 8, 30007 Murcia",Murcia,5,4,https://maps.google.com/?cid=8292862732951459248&g_mp=Cidnb29nbGUubWFwcy5wbGFjZXMudjEuUGxhY2VzLlNlYXJjaFRleHQQAhgEIAA,yoga_studio,OPERATIONAL,"Importado desde Google Maps
Tipo: Centro de yoga
Dirección: C. Reina Sofía, 4b, Entresuelo 8, 30007 Murcia
Google: 5⭐ (4 reseñas)
Web: http://www.estudiodeyogamurcia.com/
Maps: https://maps.google.com/?cid=8292862732951459248&g_mp=Cidnb29nbGUubWFwcy5wbGFjZXMudjEuUGxhY2VzLlNlYXJjaFRleHQQAhgEIAA"
cmpd0byqu01xcq1se6eftpm53,Origen Yoga,,616 72 58 42,Origen Yoga,,España,google-maps,atleevoyoga,NUEVO,MEDIA,,,2026-05-19T19:09:47.047Z,2026-05-19T19:09:47.047Z,https://origenyoga.es/,"Calle Navegante Juan Fernández, 16 Ed. Ciudad, 15, Bajo 7, 30007 Murcia",Murcia,5,6,https://maps.google.com/?cid=6506477104341438245&g_mp=Cidnb29nbGUubWFwcy5wbGFjZXMudjEuUGxhY2VzLlNlYXJjaFRleHQQAhgEIAA,yoga_studio,OPERATIONAL,"Importado desde Google Maps
Tipo: Centro de yoga
Dirección: Calle Navegante Juan Fernández, 16 Ed. Ciudad, 15, Bajo 7, 30007 Murcia
Google: 5⭐ (6 reseñas)
Web: https://origenyoga.es/
Maps: https://maps.google.com/?cid=6506477104341438245&g_mp=Cidnb29nbGUubWFwcy5wbGFjZXMudjEuUGxhY2VzLlNlYXJjaFRleHQQAhgEIAA"
cmpd0bz0101xdq1se0hiz585v,Yoga Aéreo Murcia Bodyfly Method,,601 05 47 58,Yoga Aéreo Murcia Bodyfly Method,,España,google-maps,atleevoyoga,NUEVO,MEDIA,,,2026-05-19T19:09:47.377Z,2026-05-19T19:09:47.377Z,http://bodyflymethod.com/,"C. Torre de la Marquesa, 30008 Murcia",Murcia,5,19,https://maps.google.com/?cid=11773950157571020845&g_mp=Cidnb29nbGUubWFwcy5wbGFjZXMudjEuUGxhY2VzLlNlYXJjaFRleHQQAhgEIAA,wellness_center,OPERATIONAL,"Importado desde Google Maps
Tipo: Centro de salud y bienestar
Dirección: C. Torre de la Marquesa, 30008 Murcia
Google: 5⭐ (19 reseñas)
Web: http://bodyflymethod.com/
Maps: https://maps.google.com/?cid=11773950157571020845&g_mp=Cidnb29nbGUubWFwcy5wbGFjZXMudjEuUGxhY2VzLlNlYXJjaFRleHQQAhgEIAA"
cmpd0bz9a01xeq1sexu6h2yyw,Estudio de yoga,,076-289 19 23,Estudio de yoga,,España,google-maps,atleevoyoga,NUEVO,MEDIA,,,2026-05-19T19:09:47.711Z,2026-05-19T19:09:47.711Z,,"C. Vara de Rey, 10, 30001 Murcia",Murcia,,,https://maps.google.com/?cid=14658078174527374129&g_mp=Cidnb29nbGUubWFwcy5wbGFjZXMudjEuUGxhY2VzLlNlYXJjaFRleHQQAhgEIAA,yoga_studio,OPERATIONAL,"Importado desde Google Maps
Tipo: Centro de yoga
Dirección: C. Vara de Rey, 10, 30001 Murcia
Maps: https://maps.google.com/?cid=14658078174527374129&g_mp=Cidnb29nbGUubWFwcy5wbGFjZXMudjEuUGxhY2VzLlNlYXJjaFRleHQQAhgEIAA"
cmpd0bzjx01xfq1sefteoer89,BENIEL YOGA ESTUDIO,,,BENIEL YOGA ESTUDIO,,España,google-maps,atleevoyoga,NUEVO,MEDIA,,,2026-05-19T19:09:48.062Z,2026-05-19T19:09:48.062Z,https://www.instagram.com/benielyogaestudio?igsh=d3F3bzJ1ZXg5cWNl.,"C. San Bartolomé, 1, 30130 Beniel, Murcia",Murcia,5,87,https://maps.google.com/?cid=10130431488323974810&g_mp=Cidnb29nbGUubWFwcy5wbGFjZXMudjEuUGxhY2VzLlNlYXJjaFRleHQQAhgEIAA,yoga_studio,OPERATIONAL,"Importado desde Google Maps
Tipo: Centro de yoga
Dirección: C. San Bartolomé, 1, 30130 Beniel, Murcia
Google: 5⭐ (87 reseñas)
Web: https://www.instagram.com/benielyogaestudio?igsh=d3F3bzJ1ZXg5cWNl.
Maps: https://maps.google.com/?cid=10130431488323974810&g_mp=Cidnb29nbGUubWFwcy5wbGFjZXMudjEuUGxhY2VzLlNlYXJjaFRleHQQAhgEIAA"
cmpd0bzth01xgq1seklgf4m2f,RITUAL. La_boutique_del_yoga. YOGA-CAFÉ-TIENDA,,690 99 23 46,RITUAL. La_boutique_del_yoga. YOGA-CAFÉ-TIENDA,,España,google-maps,atleevoyoga,NUEVO,MEDIA,,,2026-05-19T19:09:48.438Z,2026-05-19T19:09:48.438Z,,"P.º Joaquín Garrigues Walker, 12, 30007 Santiago y Zaraíche, Murcia",Murcia,4.9,61,https://maps.google.com/?cid=10817411334589706609&g_mp=Cidnb29nbGUubWFwcy5wbGFjZXMudjEuUGxhY2VzLlNlYXJjaFRleHQQAhgEIAA,yoga_studio,OPERATIONAL,"Importado desde Google Maps
Tipo: Centro de yoga
Dirección: P.º Joaquín Garrigues Walker, 12, 30007 Santiago y Zaraíche, Murcia
Google: 4.9⭐ (61 reseñas)
Maps: https://maps.google.com/?cid=10817411334589706609&g_mp=Cidnb29nbGUubWFwcy5wbGFjZXMudjEuUGxhY2VzLlNlYXJjaFRleHQQAhgEIAA"
cmpd0c02i01xhq1se2a6i5cjd,Nirvedam Sala de Yoga,,601 16 23 38,Nirvedam Sala de Yoga,,España,google-maps,atleevoyoga,NUEVO,MEDIA,,,2026-05-19T19:09:48.762Z,2026-05-19T19:09:48.762Z,,"Calle Dr. Fleming, 9, Zarandona, 30007 Murcia",Murcia,5,30,https://maps.google.com/?cid=7720380899993939311&g_mp=Cidnb29nbGUubWFwcy5wbGFjZXMudjEuUGxhY2VzLlNlYXJjaFRleHQQAhgEIAA,yoga_studio,OPERATIONAL,"Importado desde Google Maps
Tipo: Centro de yoga
Dirección: Calle Dr. Fleming, 9, Zarandona, 30007 Murcia
Google: 5⭐ (30 reseñas)
Maps: https://maps.google.com/?cid=7720380899993939311&g_mp=Cidnb29nbGUubWFwcy5wbGFjZXMudjEuUGxhY2VzLlNlYXJjaFRleHQQAhgEIAA"
cmpd0c0bq01xiq1sesllqh9qp,Clases de Yoga Murcia,,626 16 61 39,Clases de Yoga Murcia,,España,google-maps,atleevoyoga,NUEVO,MEDIA,,,2026-05-19T19:09:49.095Z,2026-05-19T19:09:49.095Z,http://nutricionlifestyle.com/,"C. Sta. Teresa, 19, 30005 Murcia",Murcia,5,5,https://maps.google.com/?cid=911738495637757590&g_mp=Cidnb29nbGUubWFwcy5wbGFjZXMudjEuUGxhY2VzLlNlYXJjaFRleHQQAhgEIAA,yoga_studio,OPERATIONAL,"Importado desde Google Maps
Tipo: Centro de yoga
Dirección: C. Sta. Teresa, 19, 30005 Murcia
Google: 5⭐ (5 reseñas)
Web: http://nutricionlifestyle.com/
Maps: https://maps.google.com/?cid=911738495637757590&g_mp=Cidnb29nbGUubWFwcy5wbGFjZXMudjEuUGxhY2VzLlNlYXJjaFRleHQQAhgEIAA"
cmpd0c0l101xjq1seroz10f4u,Espacio La Huerta,,608 92 98 45,Espacio La Huerta,,España,google-maps,atleevoyoga,NUEVO,MEDIA,,,2026-05-19T19:09:49.430Z,2026-05-19T19:09:49.430Z,https://espaciolahuerta.com/,"Av. de Beniel, 17, 30580 Alquerías, Murcia",Murcia,5,52,https://maps.google.com/?cid=2353502421653305938&g_mp=Cidnb29nbGUubWFwcy5wbGFjZXMudjEuUGxhY2VzLlNlYXJjaFRleHQQAhgEIAA,yoga_studio,OPERATIONAL,"Importado desde Google Maps
Tipo: Centro de yoga
Dirección: Av. de Beniel, 17, 30580 Alquerías, Murcia
Google: 5⭐ (52 reseñas)
Web: https://espaciolahuerta.com/
Maps: https://maps.google.com/?cid=2353502421653305938&g_mp=Cidnb29nbGUubWFwcy5wbGFjZXMudjEuUGxhY2VzLlNlYXJjaFRleHQQAhgEIAA"
cmpd0c0uk01xkq1seyj02ko39,Vihappy Yoga,,659 41 05 90,Vihappy Yoga,,España,google-maps,atleevoyoga,NUEVO,MEDIA,,,2026-05-19T19:09:49.772Z,2026-05-19T19:09:49.772Z,http://vihappyoga.es/,"C. Escritor Francisco Alemán Sainz, 6, Local 1-2, 30100 Murcia",Murcia,5,31,https://maps.google.com/?cid=2308027402200373898&g_mp=Cidnb29nbGUubWFwcy5wbGFjZXMudjEuUGxhY2VzLlNlYXJjaFRleHQQAhgEIAA,yoga_studio,OPERATIONAL,"Importado desde Google Maps
Tipo: Centro de yoga
Dirección: C. Escritor Francisco Alemán Sainz, 6, Local 1-2, 30100 Murcia
Google: 5⭐ (31 reseñas)
Web: http://vihappyoga.es/
Maps: https://maps.google.com/?cid=2308027402200373898&g_mp=Cidnb29nbGUubWFwcy5wbGFjZXMudjEuUGxhY2VzLlNlYXJjaFRleHQQAhgEIAA"
cmpd0c13x01xlq1sehnu1c6cu,Yoga Murcia,,656 26 60 00,Yoga Murcia,,España,google-maps,atleevoyoga,NUEVO,MEDIA,,,2026-05-19T19:09:50.110Z,2026-05-19T19:09:50.110Z,,"C. Felipe II, Nº6, 30151 Murcia",Murcia,4.8,6,https://maps.google.com/?cid=2962732814560697978&g_mp=Cidnb29nbGUubWFwcy5wbGFjZXMudjEuUGxhY2VzLlNlYXJjaFRleHQQAhgEIAA,yoga_studio,OPERATIONAL,"Importado desde Google Maps
Tipo: Centro de yoga
Dirección: C. Felipe II, Nº6, 30151 Murcia
Google: 4.8⭐ (6 reseñas)
Maps: https://maps.google.com/?cid=2962732814560697978&g_mp=Cidnb29nbGUubWFwcy5wbGFjZXMudjEuUGxhY2VzLlNlYXJjaFRleHQQAhgEIAA"
cmpd0c1d001xmq1se4xkvhntl,Yoga y pilates - Respira Fitness,,607 20 02 93,Yoga y pilates - Respira Fitness,,España,google-maps,atleevoyoga,NUEVO,MEDIA,,,2026-05-19T19:09:50.437Z,2026-05-19T19:09:50.437Z,http://respirafitnessmurcia.es/,"C. José Luis Morga, 9, 30010 San Benito - Patiño, Murcia",Murcia,4.6,27,https://maps.google.com/?cid=12005788536457364095&g_mp=Cidnb29nbGUubWFwcy5wbGFjZXMudjEuUGxhY2VzLlNlYXJjaFRleHQQAhgEIAA,yoga_studio,OPERATIONAL,"Importado desde Google Maps
Tipo: Centro de yoga
Dirección: C. José Luis Morga, 9, 30010 San Benito - Patiño, Murcia
Google: 4.6⭐ (27 reseñas)
Web: http://respirafitnessmurcia.es/
Maps: https://maps.google.com/?cid=12005788536457364095&g_mp=Cidnb29nbGUubWFwcy5wbGFjZXMudjEuUGxhY2VzLlNlYXJjaFRleHQQAhgEIAA"
cmpd0c1qp01xnq1se9e4s1bp8,Yogamayga,,649 61 33 36,Yogamayga,,España,google-maps,atleevoyoga,NUEVO,MEDIA,,,2026-05-19T19:09:50.929Z,2026-05-19T19:09:50.929Z,http://www.yogamayga.com/,"C. Gondola, 10, 30877 Bolnuevo, Murcia",Murcia,5,15,https://maps.google.com/?cid=9633814763333870619&g_mp=Cidnb29nbGUubWFwcy5wbGFjZXMudjEuUGxhY2VzLlNlYXJjaFRleHQQAhgEIAA,yoga_studio,OPERATIONAL,"Importado desde Google Maps
Tipo: Centro de yoga
Dirección: C. Gondola, 10, 30877 Bolnuevo, Murcia
Google: 5⭐ (15 reseñas)
Web: http://www.yogamayga.com/
Maps: https://maps.google.com/?cid=9633814763333870619&g_mp=Cidnb29nbGUubWFwcy5wbGFjZXMudjEuUGxhY2VzLlNlYXJjaFRleHQQAhgEIAA"
cmpd0c1zl01xoq1sesnxy7clq,Escuela de Yoga Mar Menor,,659 93 52 90,Escuela de Yoga Mar Menor,,España,google-maps,atleevoyoga,NUEVO,MEDIA,,,2026-05-19T19:09:51.250Z,2026-05-19T19:09:51.250Z,,"Calle Mar Menor, 2, 30009 Murcia",Murcia,4.9,7,https://maps.google.com/?cid=6527562163245103614&g_mp=Cidnb29nbGUubWFwcy5wbGFjZXMudjEuUGxhY2VzLlNlYXJjaFRleHQQAhgEIAA,yoga_studio,OPERATIONAL,"Importado desde Google Maps
Tipo: Centro de yoga
Dirección: Calle Mar Menor, 2, 30009 Murcia
Google: 4.9⭐ (7 reseñas)
Maps: https://maps.google.com/?cid=6527562163245103614&g_mp=Cidnb29nbGUubWFwcy5wbGFjZXMudjEuUGxhY2VzLlNlYXJjaFRleHQQAhgEIAA"
cmpd0c28n01xpq1sef03vazin,Susyzen,,,Susyzen,,España,google-maps,atleevoyoga,NUEVO,MEDIA,,,2026-05-19T19:09:51.575Z,2026-05-19T19:09:51.575Z,https://www.facebook.com/Susyzen111/,"C. Juan Ramón Jiménez, n17, 30006 Puente Tocinos, Murcia",Murcia,5,16,https://maps.google.com/?cid=13315798021314657633&g_mp=Cidnb29nbGUubWFwcy5wbGFjZXMudjEuUGxhY2VzLlNlYXJjaFRleHQQAhgEIAA,yoga_studio,OPERATIONAL,"Importado desde Google Maps
Tipo: Centro de yoga
Dirección: C. Juan Ramón Jiménez, n17, 30006 Puente Tocinos, Murcia
Google: 5⭐ (16 reseñas)
Web: https://www.facebook.com/Susyzen111/
Maps: https://maps.google.com/?cid=13315798021314657633&g_mp=Cidnb29nbGUubWFwcy5wbGFjZXMudjEuUGxhY2VzLlNlYXJjaFRleHQQAhgEIAA"
cmpd0c2hu01xqq1seimxdq8so,Indra Yoga,,609 14 19 76,Indra Yoga,,España,google-maps,atleevoyoga,NUEVO,MEDIA,,,2026-05-19T19:09:51.906Z,2026-05-19T19:09:51.906Z,,"C. Mayor, 132, Bajo Derecha, 30100 Murcia",Murcia,5,26,https://maps.google.com/?cid=13198861663775918759&g_mp=Cidnb29nbGUubWFwcy5wbGFjZXMudjEuUGxhY2VzLlNlYXJjaFRleHQQAhgEIAA,yoga_studio,OPERATIONAL,"Importado desde Google Maps
Tipo: Centro de yoga
Dirección: C. Mayor, 132, Bajo Derecha, 30100 Murcia
Google: 5⭐ (26 reseñas)
Maps: https://maps.google.com/?cid=13198861663775918759&g_mp=Cidnb29nbGUubWFwcy5wbGFjZXMudjEuUGxhY2VzLlNlYXJjaFRleHQQAhgEIAA"
cmpd0c2qs01xrq1se672s0r85,El AlmaZen,,677 72 54 26,El AlmaZen,,España,google-maps,atleevoyoga,NUEVO,MEDIA,,,2026-05-19T19:09:52.228Z,2026-05-19T19:09:52.228Z,https://www.facebook.com/elalmaZen7,"C. José Javier, 7, 30009 Murcia",Murcia,5,6,https://maps.google.com/?cid=5023226228354020671&g_mp=Cidnb29nbGUubWFwcy5wbGFjZXMudjEuUGxhY2VzLlNlYXJjaFRleHQQAhgEIAA,yoga_studio,OPERATIONAL,"Importado desde Google Maps
Tipo: Centro de yoga
Dirección: C. José Javier, 7, 30009 Murcia
Google: 5⭐ (6 reseñas)
Web: https://www.facebook.com/elalmaZen7
Maps: https://maps.google.com/?cid=5023226228354020671&g_mp=Cidnb29nbGUubWFwcy5wbGFjZXMudjEuUGxhY2VzLlNlYXJjaFRleHQQAhgEIAA"
cmpd0c30q01xsq1se7ko53req,MOOD Fitness Boutique,,681 97 23 31,MOOD Fitness Boutique,,España,google-maps,atleevoyoga,NUEVO,MEDIA,,,2026-05-19T19:09:52.586Z,2026-05-19T19:09:52.586Z,https://easy.trainingym.com/MOODFitnessBoutique,"C. González Adalid, 12, 30001 Murcia",Murcia,4.9,53,https://maps.google.com/?cid=16312641681571618427&g_mp=Cidnb29nbGUubWFwcy5wbGFjZXMudjEuUGxhY2VzLlNlYXJjaFRleHQQAhgEIAA,gym,OPERATIONAL,"Importado desde Google Maps
Tipo: Gimnasio
Dirección: C. González Adalid, 12, 30001 Murcia
Google: 4.9⭐ (53 reseñas)
Web: https://easy.trainingym.com/MOODFitnessBoutique
Maps: https://maps.google.com/?cid=16312641681571618427&g_mp=Cidnb29nbGUubWFwcy5wbGFjZXMudjEuUGxhY2VzLlNlYXJjaFRleHQQAhgEIAA"
cmpd0c39o01xtq1seubbtsvkl,Yoga Corporativo,,619 73 43 94,Yoga Corporativo,,España,google-maps,atleevoyoga,NUEVO,MEDIA,,,2026-05-19T19:09:52.909Z,2026-05-19T19:09:52.909Z,,30007 Murcia,Murcia,,,https://maps.google.com/?cid=14907172829172824910&g_mp=Cidnb29nbGUubWFwcy5wbGFjZXMudjEuUGxhY2VzLlNlYXJjaFRleHQQAhgEIAA,yoga_studio,OPERATIONAL,"Importado desde Google Maps
Tipo: Centro de yoga
Dirección: 30007 Murcia
Maps: https://maps.google.com/?cid=14907172829172824910&g_mp=Cidnb29nbGUubWFwcy5wbGFjZXMudjEuUGxhY2VzLlNlYXJjaFRleHQQAhgEIAA"
cmpd0c3iq01xuq1sepbz059hm,Centro Yoga Aguaviva,,968 22 26 59,Centro Yoga Aguaviva,,España,google-maps,atleevoyoga,NUEVO,MEDIA,,,2026-05-19T19:09:53.234Z,2026-05-19T19:09:53.234Z,https://www.laventananaturalmurcia.com/servicios/yoga/,"Calle Sta. Joaquina de Vedruna, 2, 30002 Murcia",Murcia,5,1,https://maps.google.com/?cid=10287682393251568085&g_mp=Cidnb29nbGUubWFwcy5wbGFjZXMudjEuUGxhY2VzLlNlYXJjaFRleHQQAhgEIAA,yoga_studio,OPERATIONAL,"Importado desde Google Maps
Tipo: Centro de yoga
Dirección: Calle Sta. Joaquina de Vedruna, 2, 30002 Murcia
Google: 5⭐ (1 reseñas)
Web: https://www.laventananaturalmurcia.com/servicios/yoga/
Maps: https://maps.google.com/?cid=10287682393251568085&g_mp=Cidnb29nbGUubWFwcy5wbGFjZXMudjEuUGxhY2VzLlNlYXJjaFRleHQQAhgEIAA"
cmpd0c3rq01xvq1sev9g87cmc,SHARMA - Escuela Yoga y Pilates,,679 86 31 00,SHARMA - Escuela Yoga y Pilates,,España,google-maps,atleevoyoga,NUEVO,MEDIA,,,2026-05-19T19:09:53.559Z,2026-05-19T19:09:53.559Z,https://www.sharmaescuela.es/,"C. Luchador, 88, 30500 Molina de Segura, Murcia",Murcia,5,150,https://maps.google.com/?cid=18020034488337509271&g_mp=Cidnb29nbGUubWFwcy5wbGFjZXMudjEuUGxhY2VzLlNlYXJjaFRleHQQAhgEIAA,yoga_studio,OPERATIONAL,"Importado desde Google Maps
Tipo: Centro de yoga
Dirección: C. Luchador, 88, 30500 Molina de Segura, Murcia
Google: 5⭐ (150 reseñas)
Web: https://www.sharmaescuela.es/
Maps: https://maps.google.com/?cid=18020034488337509271&g_mp=Cidnb29nbGUubWFwcy5wbGFjZXMudjEuUGxhY2VzLlNlYXJjaFRleHQQAhgEIAA"
cmpd0c40y01xwq1sebcxci3bs,Estudio de Yoga Prana,,617 74 14 02,Estudio de Yoga Prana,,España,google-maps,atleevoyoga,NUEVO,MEDIA,,,2026-05-19T19:09:53.890Z,2026-05-19T19:09:53.890Z,,"C. Gran Vía, 52, 30500 Molina de Segura, Murcia",Murcia,5,103,https://maps.google.com/?cid=17404283737714519135&g_mp=Cidnb29nbGUubWFwcy5wbGFjZXMudjEuUGxhY2VzLlNlYXJjaFRleHQQAhgEIAA,yoga_studio,OPERATIONAL,"Importado desde Google Maps
Tipo: Centro de yoga
Dirección: C. Gran Vía, 52, 30500 Molina de Segura, Murcia
Google: 5⭐ (103 reseñas)
Maps: https://maps.google.com/?cid=17404283737714519135&g_mp=Cidnb29nbGUubWFwcy5wbGFjZXMudjEuUGxhY2VzLlNlYXJjaFRleHQQAhgEIAA"
cmpd0c49z01xxq1se9kfgen5z,Escuela de Yoga Dhyana,,968 27 74 77,Escuela de Yoga Dhyana,,España,google-maps,atleevoyoga,NUEVO,MEDIA,,,2026-05-19T19:09:54.215Z,2026-05-19T19:09:54.215Z,http://www.yogadhyana.com/,"C. Acropolis, 14, Bajo, 30007 Santiago y Zaraíche, Murcia",Murcia,4.6,8,https://maps.google.com/?cid=254207602455179029&g_mp=Cidnb29nbGUubWFwcy5wbGFjZXMudjEuUGxhY2VzLlNlYXJjaFRleHQQAhgEIAA,,OPERATIONAL,"Importado desde Google Maps
Dirección: C. Acropolis, 14, Bajo, 30007 Santiago y Zaraíche, Murcia
Google: 4.6⭐ (8 reseñas)
Web: http://www.yogadhyana.com/
Maps: https://maps.google.com/?cid=254207602455179029&g_mp=Cidnb29nbGUubWFwcy5wbGFjZXMudjEuUGxhY2VzLlNlYXJjaFRleHQQAhgEIAA"
cmpd0c4j101xyq1se958847p7,Pilates Peñarrubia Murcia ✅,,615 46 20 35,Pilates Peñarrubia Murcia ✅,,España,google-maps,atleevoyoga,NUEVO,MEDIA,,,2026-05-19T19:09:54.542Z,2026-05-19T19:09:54.542Z,https://pilatesmurcia.com/,"C. las Norias, 3, 30009 Murcia",Murcia,4.9,172,https://maps.google.com/?cid=13385415614758480610&g_mp=Cidnb29nbGUubWFwcy5wbGFjZXMudjEuUGxhY2VzLlNlYXJjaFRleHQQAhgEIAA,gym,OPERATIONAL,"Importado desde Google Maps
Tipo: Gimnasio
Dirección: C. las Norias, 3, 30009 Murcia
Google: 4.9⭐ (172 reseñas)
Web: https://pilatesmurcia.com/
Maps: https://maps.google.com/?cid=13385415614758480610&g_mp=Cidnb29nbGUubWFwcy5wbGFjZXMudjEuUGxhY2VzLlNlYXJjaFRleHQQAhgEIAA"
cmpd0c4s501xzq1set3tb3m9n,Educación Somática-Yoga Somático,,653 55 21 97,Educación Somática-Yoga Somático,,España,google-maps,atleevoyoga,NUEVO,MEDIA,,,2026-05-19T19:09:54.870Z,2026-05-19T19:09:54.870Z,http://www.educacionsomatica.com/,"Cuartel Art, C. Cartagena, 30002 Murcia",Murcia,4.6,18,https://maps.google.com/?cid=18423428149908606386&g_mp=Cidnb29nbGUubWFwcy5wbGFjZXMudjEuUGxhY2VzLlNlYXJjaFRleHQQAhgEIAA,yoga_studio,OPERATIONAL,"Importado desde Google Maps
Tipo: Centro de yoga
Dirección: Cuartel Art, C. Cartagena, 30002 Murcia
Google: 4.6⭐ (18 reseñas)
Web: http://www.educacionsomatica.com/
Maps: https://maps.google.com/?cid=18423428149908606386&g_mp=Cidnb29nbGUubWFwcy5wbGFjZXMudjEuUGxhY2VzLlNlYXJjaFRleHQQAhgEIAA"
cmpd0c52501y0q1se983ab6es,Nexo Pilates Estudio,,604 42 66 96,Nexo Pilates Estudio,,España,google-maps,atleevoyoga,NUEVO,MEDIA,,,2026-05-19T19:09:55.230Z,2026-05-19T19:09:55.230Z,https://nexo-estudiopilates.es/,"Pl. Sta. Eulalia, 1, bajo, 30003 Murcia",Murcia,5,62,https://maps.google.com/?cid=11828216119536466687&g_mp=Cidnb29nbGUubWFwcy5wbGFjZXMudjEuUGxhY2VzLlNlYXJjaFRleHQQAhgEIAA,gym,OPERATIONAL,"Importado desde Google Maps
Tipo: Gimnasio
Dirección: Pl. Sta. Eulalia, 1, bajo, 30003 Murcia
Google: 5⭐ (62 reseñas)
Web: https://nexo-estudiopilates.es/
Maps: https://maps.google.com/?cid=11828216119536466687&g_mp=Cidnb29nbGUubWFwcy5wbGFjZXMudjEuUGxhY2VzLlNlYXJjaFRleHQQAhgEIAA"
cmpd0c5b201y1q1semb4151hf,Loft Pilates Studio - Murcia,,652 89 35 93,Loft Pilates Studio - Murcia,,España,google-maps,atleevoyoga,NUEVO,MEDIA,,,2026-05-19T19:09:55.550Z,2026-05-19T19:09:55.550Z,https://fitness.center.ivof.com/loft-pilates-studio/,"Club de Pádel, C. los Gavilanes, 9, 30107 Guadalupe, Murcia",Murcia,5,66,https://maps.google.com/?cid=15292951911822971402&g_mp=Cidnb29nbGUubWFwcy5wbGFjZXMudjEuUGxhY2VzLlNlYXJjaFRleHQQAhgEIAA,gym,OPERATIONAL,"Importado desde Google Maps
Tipo: Gimnasio
Dirección: Club de Pádel, C. los Gavilanes, 9, 30107 Guadalupe, Murcia
Google: 5⭐ (66 reseñas)
Web: https://fitness.center.ivof.com/loft-pilates-studio/
Maps: https://maps.google.com/?cid=15292951911822971402&g_mp=Cidnb29nbGUubWFwcy5wbGFjZXMudjEuUGxhY2VzLlNlYXJjaFRleHQQAhgEIAA"
cmpd0c5k701y2q1sejzm0oegp,Inercia - Centro Terapias,,601 00 55 77,Inercia - Centro Terapias,,España,google-maps,atleevoyoga,NUEVO,MEDIA,,,2026-05-19T19:09:55.879Z,2026-05-19T19:09:55.879Z,https://www.facebook.com/inerciacentroterapias/,"C. Mayor, 186, 30006 Puente Tocinos, Murcia",Murcia,5,3,https://maps.google.com/?cid=7594460426765321857&g_mp=Cidnb29nbGUubWFwcy5wbGFjZXMudjEuUGxhY2VzLlNlYXJjaFRleHQQAhgEIAA,yoga_studio,OPERATIONAL,"Importado desde Google Maps
Tipo: Centro de yoga
Dirección: C. Mayor, 186, 30006 Puente Tocinos, Murcia
Google: 5⭐ (3 reseñas)
Web: https://www.facebook.com/inerciacentroterapias/
Maps: https://maps.google.com/?cid=7594460426765321857&g_mp=Cidnb29nbGUubWFwcy5wbGFjZXMudjEuUGxhY2VzLlNlYXJjaFRleHQQAhgEIAA"
cmpd0c5t701y3q1seyrwbiw4i,VIDA VAM,,620 92 36 43,VIDA VAM,,España,google-maps,atleevoyoga,NUEVO,MEDIA,,,2026-05-19T19:09:56.203Z,2026-05-19T19:09:56.203Z,http://vidavam.com/,"Av. Pérez Urruti, 35, 30100 El Puntal, Murcia",Murcia,5,1,https://maps.google.com/?cid=8277646413229009343&g_mp=Cidnb29nbGUubWFwcy5wbGFjZXMudjEuUGxhY2VzLlNlYXJjaFRleHQQAhgEIAA,yoga_studio,OPERATIONAL,"Importado desde Google Maps
Tipo: Centro de yoga
Dirección: Av. Pérez Urruti, 35, 30100 El Puntal, Murcia
Google: 5⭐ (1 reseñas)
Web: http://vidavam.com/
Maps: https://maps.google.com/?cid=8277646413229009343&g_mp=Cidnb29nbGUubWFwcy5wbGFjZXMudjEuUGxhY2VzLlNlYXJjaFRleHQQAhgEIAA"
cmpd0c62301y4q1sel2rljjvc,Vivir Esencia,,742 06 45 70,Vivir Esencia,,España,google-maps,atleevoyoga,NUEVO,MEDIA,,,2026-05-19T19:09:56.523Z,2026-05-19T19:09:56.523Z,https://www.vivirenesencia.com/,"C. Río Taibilla, 13, 30110 Churra, Murcia",Murcia,5,7,https://maps.google.com/?cid=8688290275577684347&g_mp=Cidnb29nbGUubWFwcy5wbGFjZXMudjEuUGxhY2VzLlNlYXJjaFRleHQQAhgEIAA,wellness_center,OPERATIONAL,"Importado desde Google Maps
Tipo: Centro de salud y bienestar
Dirección: C. Río Taibilla, 13, 30110 Churra, Murcia
Google: 5⭐ (7 reseñas)
Web: https://www.vivirenesencia.com/
Maps: https://maps.google.com/?cid=8688290275577684347&g_mp=Cidnb29nbGUubWFwcy5wbGFjZXMudjEuUGxhY2VzLlNlYXJjaFRleHQQAhgEIAA"
cmpd0c6az01y5q1sedilsb7dh,El Rincón de los Sentidos,,661 39 61 94,El Rincón de los Sentidos,,España,google-maps,atleevoyoga,NUEVO,MEDIA,,,2026-05-19T19:09:56.844Z,2026-05-19T19:09:56.844Z,https://www.facebook.com/profile.php?id=100083774670907,"Carril Penchos, 103, 30009 Murcia",Murcia,5,4,https://maps.google.com/?cid=11022720156934538261&g_mp=Cidnb29nbGUubWFwcy5wbGFjZXMudjEuUGxhY2VzLlNlYXJjaFRleHQQAhgEIAA,yoga_studio,OPERATIONAL,"Importado desde Google Maps
Tipo: Centro de yoga
Dirección: Carril Penchos, 103, 30009 Murcia
Google: 5⭐ (4 reseñas)
Web: https://www.facebook.com/profile.php?id=100083774670907
Maps: https://maps.google.com/?cid=11022720156934538261&g_mp=Cidnb29nbGUubWFwcy5wbGFjZXMudjEuUGxhY2VzLlNlYXJjaFRleHQQAhgEIAA"
cmpd0c6k101y6q1semd82kb5h,"Feeling pilates, S.L.",,968 20 97 22,"Feeling pilates, S.L.",,España,google-maps,atleevoyoga,NUEVO,MEDIA,,,2026-05-19T19:09:57.169Z,2026-05-19T19:09:57.169Z,https://www.feelingpilates.es/,"Pl. Condestable, 5, 30009 Murcia",Murcia,4.9,77,https://maps.google.com/?cid=216215841455394879&g_mp=Cidnb29nbGUubWFwcy5wbGFjZXMudjEuUGxhY2VzLlNlYXJjaFRleHQQAhgEIAA,gym,OPERATIONAL,"Importado desde Google Maps
Tipo: Gimnasio
Dirección: Pl. Condestable, 5, 30009 Murcia
Google: 4.9⭐ (77 reseñas)
Web: https://www.feelingpilates.es/
Maps: https://maps.google.com/?cid=216215841455394879&g_mp=Cidnb29nbGUubWFwcy5wbGFjZXMudjEuUGxhY2VzLlNlYXJjaFRleHQQAhgEIAA"
cmpd0c6t801y7q1se9kvqakwo,Espacio RedGFU Murcia,,698 93 12 98,Espacio RedGFU Murcia,,España,google-maps,atleevoyoga,NUEVO,MEDIA,,,2026-05-19T19:09:57.501Z,2026-05-19T19:09:57.501Z,https://espacioredgfumurcia.es/,"C. Turroneros, 6, 30004 Murcia",Murcia,5,11,https://maps.google.com/?cid=752274158580665586&g_mp=Cidnb29nbGUubWFwcy5wbGFjZXMudjEuUGxhY2VzLlNlYXJjaFRleHQQAhgEIAA,association_or_organization,OPERATIONAL,"Importado desde Google Maps
Tipo: Asociación u organización
Dirección: C. Turroneros, 6, 30004 Murcia
Google: 5⭐ (11 reseñas)
Web: https://espacioredgfumurcia.es/
Maps: https://maps.google.com/?cid=752274158580665586&g_mp=Cidnb29nbGUubWFwcy5wbGFjZXMudjEuUGxhY2VzLlNlYXJjaFRleHQQAhgEIAA"
cmpd0c72g01y8q1se8856zw2d,AR wellness studio,,691 67 97 12,AR wellness studio,,España,google-maps,atleevoyoga,NUEVO,MEDIA,,,2026-05-19T19:09:57.832Z,2026-05-19T19:09:57.832Z,,"C. Merced, 5, 30001 Murcia",Murcia,4.8,39,https://maps.google.com/?cid=6691024587336722264&g_mp=Cidnb29nbGUubWFwcy5wbGFjZXMudjEuUGxhY2VzLlNlYXJjaFRleHQQAhgEIAA,gym,OPERATIONAL,"Importado desde Google Maps
Tipo: Gimnasio
Dirección: C. Merced, 5, 30001 Murcia
Google: 4.8⭐ (39 reseñas)
Maps: https://maps.google.com/?cid=6691024587336722264&g_mp=Cidnb29nbGUubWFwcy5wbGFjZXMudjEuUGxhY2VzLlNlYXJjaFRleHQQAhgEIAA"
cmpd0c7bl01y9q1secz3b7b75,METTA YOGA CENTER,,627 24 72 74,METTA YOGA CENTER,,España,google-maps,atleevoyoga,NUEVO,MEDIA,,,2026-05-19T19:09:58.161Z,2026-05-19T19:09:58.161Z,https://m.facebook.com/mettayogacenter,"C. Torre de la Marquesa, 1, 30008 Murcia",Murcia,5,1,https://maps.google.com/?cid=2197405925865533599&g_mp=Cidnb29nbGUubWFwcy5wbGFjZXMudjEuUGxhY2VzLlNlYXJjaFRleHQQAhgEIAA,yoga_studio,OPERATIONAL,"Importado desde Google Maps
Tipo: Centro de yoga
Dirección: C. Torre de la Marquesa, 1, 30008 Murcia
Google: 5⭐ (1 reseñas)
Web: https://m.facebook.com/mettayogacenter
Maps: https://maps.google.com/?cid=2197405925865533599&g_mp=Cidnb29nbGUubWFwcy5wbGFjZXMudjEuUGxhY2VzLlNlYXJjaFRleHQQAhgEIAA"
cmpd0c7ko01yaq1sed22h7om0,LIBERA YOGA y SHIATSU,,634 45 53 13,LIBERA YOGA y SHIATSU,,España,google-maps,atleevoyoga,NUEVO,MEDIA,,,2026-05-19T19:09:58.488Z,2026-05-19T19:09:58.488Z,,"C. Begonias, 1, 30565 Las Torres de Cotillas, Murcia",Murcia,5,28,https://maps.google.com/?cid=4476389642970944953&g_mp=Cidnb29nbGUubWFwcy5wbGFjZXMudjEuUGxhY2VzLlNlYXJjaFRleHQQAhgEIAA,yoga_studio,OPERATIONAL,"Importado desde Google Maps
Tipo: Centro de yoga
Dirección: C. Begonias, 1, 30565 Las Torres de Cotillas, Murcia
Google: 5⭐ (28 reseñas)
Maps: https://maps.google.com/?cid=4476389642970944953&g_mp=Cidnb29nbGUubWFwcy5wbGFjZXMudjEuUGxhY2VzLlNlYXJjaFRleHQQAhgEIAA"
cmpd0cccp01ybq1seymq4jp45,Centro de Yoga El Valle,,661 64 80 10,Centro de Yoga El Valle,,España,google-maps,atleevoyoga,NUEVO,MEDIA,,,2026-05-19T19:10:04.682Z,2026-05-19T19:10:04.682Z,https://escuelayogavalle.es/,"C. Valle, 1, 30150 Murcia",Murcia,4.9,15,https://maps.google.com/?cid=13982432195937090788&g_mp=Cidnb29nbGUubWFwcy5wbGFjZXMudjEuUGxhY2VzLlNlYXJjaFRleHQQAhgEIAA,yoga_studio,OPERATIONAL,"Importado desde Google Maps
Tipo: Centro de yoga
Dirección: C. Valle, 1, 30150 Murcia
Google: 4.9⭐ (15 reseñas)
Web: https://escuelayogavalle.es/
Maps: https://maps.google.com/?cid=13982432195937090788&g_mp=Cidnb29nbGUubWFwcy5wbGFjZXMudjEuUGxhY2VzLlNlYXJjaFRleHQQAhgEIAA"
cmpd0cd9a01ycq1ser8tvgs40,Meditación Murcia - CIAG,,649 75 68 10,Meditación Murcia - CIAG,,España,google-maps,atleevoyoga,NUEVO,MEDIA,,,2026-05-19T19:10:05.854Z,2026-05-19T19:10:05.854Z,,"C. Pintor Pedro Flores, 3, 30002 Murcia",Murcia,4.8,4,https://maps.google.com/?cid=15547191029855202814&g_mp=Cidnb29nbGUubWFwcy5wbGFjZXMudjEuUGxhY2VzLlNlYXJjaFRleHQQAhgEIAA,health,OPERATIONAL,"Importado desde Google Maps
Tipo: Salud y bienestar
Dirección: C. Pintor Pedro Flores, 3, 30002 Murcia
Google: 4.8⭐ (4 reseñas)
Maps: https://maps.google.com/?cid=15547191029855202814&g_mp=Cidnb29nbGUubWFwcy5wbGFjZXMudjEuUGxhY2VzLlNlYXJjaFRleHQQAhgEIAA"
cmpd0ch0701ydq1ses08n5h7i,Om Yoga Las Palmas,,603 25 92 13,Om Yoga Las Palmas,,España,google-maps,atleevoyoga,NUEVO,MEDIA,,,2026-05-19T19:10:10.712Z,2026-05-19T19:10:10.712Z,https://www.omyogalaspalmas.com/?utm_source=google&utm_medium=gbp&utm_campaign=profile,"C. Simancas, 67, 35010 Las Palmas de Gran Canaria, Las Palmas",Las Palmas de Gran Canaria,5,452,https://maps.google.com/?cid=10661047807446454565&g_mp=Cidnb29nbGUubWFwcy5wbGFjZXMudjEuUGxhY2VzLlNlYXJjaFRleHQQAhgEIAA,yoga_studio,OPERATIONAL,"Importado desde Google Maps
Tipo: Centro de yoga
Dirección: C. Simancas, 67, 35010 Las Palmas de Gran Canaria, Las Palmas
Google: 5⭐ (452 reseñas)
Web: https://www.omyogalaspalmas.com/?utm_source=google&utm_medium=gbp&utm_campaign=profile
Maps: https://maps.google.com/?cid=10661047807446454565&g_mp=Cidnb29nbGUubWFwcy5wbGFjZXMudjEuUGxhY2VzLlNlYXJjaFRleHQQAhgEIAA"
cmpd0cha201yeq1se01q3isnf,Power Yoga Canarias,,616 14 89 50,Power Yoga Canarias,,España,google-maps,atleevoyoga,NUEVO,MEDIA,,,2026-05-19T19:10:11.066Z,2026-05-19T19:10:11.066Z,https://poweryogacanarias.com/es/,"C. de Alonso de Ojeda, 12, 35009 Las Palmas de Gran Canaria, Las Palmas",Las Palmas de Gran Canaria,4.9,130,https://maps.google.com/?cid=16028788643645229952&g_mp=Cidnb29nbGUubWFwcy5wbGFjZXMudjEuUGxhY2VzLlNlYXJjaFRleHQQAhgEIAA,yoga_studio,OPERATIONAL,"Importado desde Google Maps
Tipo: Centro de yoga
Dirección: C. de Alonso de Ojeda, 12, 35009 Las Palmas de Gran Canaria, Las Palmas
Google: 4.9⭐ (130 reseñas)
Web: https://poweryogacanarias.com/es/
Maps: https://maps.google.com/?cid=16028788643645229952&g_mp=Cidnb29nbGUubWFwcy5wbGFjZXMudjEuUGxhY2VzLlNlYXJjaFRleHQQAhgEIAA"
cmpd0chj701yfq1seasrc3p0h,Pure Yoga Canarias,,620 38 72 07,Pure Yoga Canarias,,España,google-maps,atleevoyoga,NUEVO,MEDIA,,,2026-05-19T19:10:11.395Z,2026-05-19T19:10:11.395Z,https://pureyogacanarias.com/,"C. Concejal Manuel Rodríguez Costas, 3, 35009 Las Palmas de Gran Canaria, Las Palmas",Las Palmas de Gran Canaria,5,261,https://maps.google.com/?cid=10949135302290962644&g_mp=Cidnb29nbGUubWFwcy5wbGFjZXMudjEuUGxhY2VzLlNlYXJjaFRleHQQAhgEIAA,yoga_studio,OPERATIONAL,"Importado desde Google Maps
Tipo: Centro de yoga
Dirección: C. Concejal Manuel Rodríguez Costas, 3, 35009 Las Palmas de Gran Canaria, Las Palmas
Google: 5⭐ (261 reseñas)
Web: https://pureyogacanarias.com/
Maps: https://maps.google.com/?cid=10949135302290962644&g_mp=Cidnb29nbGUubWFwcy5wbGFjZXMudjEuUGxhY2VzLlNlYXJjaFRleHQQAhgEIAA"
cmpd0chsm01ygq1se8eea3568,"Ashtanga Yoga Canarias Las Palmas, Oficial",,,"Ashtanga Yoga Canarias Las Palmas, Oficial",,España,google-maps,atleevoyoga,NUEVO,MEDIA,,,2026-05-19T19:10:11.734Z,2026-05-19T19:10:11.734Z,http://www.ashtangacanarias.com/,"C. Gral. Bravo, 29, 35002 Las Palmas de Gran Canaria, Las Palmas",Las Palmas de Gran Canaria,4.9,46,https://maps.google.com/?cid=4301347403977671552&g_mp=Cidnb29nbGUubWFwcy5wbGFjZXMudjEuUGxhY2VzLlNlYXJjaFRleHQQAhgEIAA,yoga_studio,OPERATIONAL,"Importado desde Google Maps
Tipo: Centro de yoga
Dirección: C. Gral. Bravo, 29, 35002 Las Palmas de Gran Canaria, Las Palmas
Google: 4.9⭐ (46 reseñas)
Web: http://www.ashtangacanarias.com/
Maps: https://maps.google.com/?cid=4301347403977671552&g_mp=Cidnb29nbGUubWFwcy5wbGFjZXMudjEuUGxhY2VzLlNlYXJjaFRleHQQAhgEIAA"
cmpd0ci1v01yhq1se0azs2c8l,El Árbol Centro de Yoga Las Palmas,,646 42 50 97,El Árbol Centro de Yoga Las Palmas,,España,google-maps,atleevoyoga,NUEVO,MEDIA,,,2026-05-19T19:10:12.068Z,2026-05-19T19:10:12.068Z,https://www.instagram.com/elarbolcentroyoga/,"C. Carvajal, 8, 35004 Las Palmas de Gran Canaria, Las Palmas",Las Palmas de Gran Canaria,5,22,https://maps.google.com/?cid=789310197167290217&g_mp=Cidnb29nbGUubWFwcy5wbGFjZXMudjEuUGxhY2VzLlNlYXJjaFRleHQQAhgEIAA,yoga_studio,OPERATIONAL,"Importado desde Google Maps
Tipo: Centro de yoga
Dirección: C. Carvajal, 8, 35004 Las Palmas de Gran Canaria, Las Palmas
Google: 5⭐ (22 reseñas)
Web: https://www.instagram.com/elarbolcentroyoga/
Maps: https://maps.google.com/?cid=789310197167290217&g_mp=Cidnb29nbGUubWFwcy5wbGFjZXMudjEuUGxhY2VzLlNlYXJjaFRleHQQAhgEIAA"
cmpd0cib401yiq1sehwscao16,See Yoga Retreats Canary Islands Gran Canaria,,652 94 06 83,See Yoga Retreats Canary Islands Gran Canaria,,España,google-maps,atleevoyoga,NUEVO,MEDIA,,,2026-05-19T19:10:12.401Z,2026-05-19T19:10:12.401Z,https://www.seeyogaretreats.com/?utm_source=Google&utm_medium=GoogleBusinessProfile&utm_campaign=GBPWebsite&utm_id=SeeYogaRetreats2025,"C. Gravina, 11, 35010 Las Palmas de Gran Canaria, Las Palmas",Las Palmas de Gran Canaria,4.9,88,https://maps.google.com/?cid=14422118033037932375&g_mp=Cidnb29nbGUubWFwcy5wbGFjZXMudjEuUGxhY2VzLlNlYXJjaFRleHQQAhgEIAA,,OPERATIONAL,"Importado desde Google Maps
Dirección: C. Gravina, 11, 35010 Las Palmas de Gran Canaria, Las Palmas
Google: 4.9⭐ (88 reseñas)
Web: https://www.seeyogaretreats.com/?utm_source=Google&utm_medium=GoogleBusinessProfile&utm_campaign=GBPWebsite&utm_id=SeeYogaRetreats2025
Maps: https://maps.google.com/?cid=14422118033037932375&g_mp=Cidnb29nbGUubWFwcy5wbGFjZXMudjEuUGxhY2VzLlNlYXJjaFRleHQQAhgEIAA"
cmpd0cik901yjq1sewejtyapu,Yamm Yoga Studio GC,,635 29 00 17,Yamm Yoga Studio GC,,España,google-maps,atleevoyoga,NUEVO,MEDIA,,,2026-05-19T19:10:12.729Z,2026-05-19T19:10:12.729Z,https://www.yammyogastudio.com/,"C. Lomo San Lázaro, 28, Local 10, 35019 Las Palmas de Gran Canaria, Las Palmas",Las Palmas de Gran Canaria,5,23,https://maps.google.com/?cid=8421111581179747475&g_mp=Cidnb29nbGUubWFwcy5wbGFjZXMudjEuUGxhY2VzLlNlYXJjaFRleHQQAhgEIAA,yoga_studio,OPERATIONAL,"Importado desde Google Maps
Tipo: Centro de yoga
Dirección: C. Lomo San Lázaro, 28, Local 10, 35019 Las Palmas de Gran Canaria, Las Palmas
Google: 5⭐ (23 reseñas)
Web: https://www.yammyogastudio.com/
Maps: https://maps.google.com/?cid=8421111581179747475&g_mp=Cidnb29nbGUubWFwcy5wbGFjZXMudjEuUGxhY2VzLlNlYXJjaFRleHQQAhgEIAA"
cmpd0citq01ykq1sep8cij90h,Escuela de Iyengar Yoga Las Palmas,,616 32 68 53,Escuela de Iyengar Yoga Las Palmas,,España,google-maps,atleevoyoga,NUEVO,MEDIA,,,2026-05-19T19:10:13.071Z,2026-05-19T19:10:13.071Z,http://iyengaryogalaspalmas.com/,"C. Ing. Salinas, 7, 35006 Las Palmas de Gran Canaria, Las Palmas",Las Palmas de Gran Canaria,4.9,100,https://maps.google.com/?cid=1891139320599841187&g_mp=Cidnb29nbGUubWFwcy5wbGFjZXMudjEuUGxhY2VzLlNlYXJjaFRleHQQAhgEIAA,yoga_studio,OPERATIONAL,"Importado desde Google Maps
Tipo: Centro de yoga
Dirección: C. Ing. Salinas, 7, 35006 Las Palmas de Gran Canaria, Las Palmas
Google: 4.9⭐ (100 reseñas)
Web: http://iyengaryogalaspalmas.com/
Maps: https://maps.google.com/?cid=1891139320599841187&g_mp=Cidnb29nbGUubWFwcy5wbGFjZXMudjEuUGxhY2VzLlNlYXJjaFRleHQQAhgEIAA"
cmpd0cj2v01ylq1se21wbjufn,Amaryyo Yoga,,650 96 30 67,Amaryyo Yoga,,España,google-maps,atleevoyoga,NUEVO,MEDIA,,,2026-05-19T19:10:13.400Z,2026-05-19T19:10:13.400Z,http://www.amaryyo.com/,"Calle Dr. Grau Bassas, 18, local 2, 35007 Las Palmas de Gran Canaria, Las Palmas",Las Palmas de Gran Canaria,4.9,74,https://maps.google.com/?cid=2278964238016054096&g_mp=Cidnb29nbGUubWFwcy5wbGFjZXMudjEuUGxhY2VzLlNlYXJjaFRleHQQAhgEIAA,yoga_studio,OPERATIONAL,"Importado desde Google Maps
Tipo: Centro de yoga
Dirección: Calle Dr. Grau Bassas, 18, local 2, 35007 Las Palmas de Gran Canaria, Las Palmas
Google: 4.9⭐ (74 reseñas)
Web: http://www.amaryyo.com/
Maps: https://maps.google.com/?cid=2278964238016054096&g_mp=Cidnb29nbGUubWFwcy5wbGFjZXMudjEuUGxhY2VzLlNlYXJjaFRleHQQAhgEIAA"
cmpd0cjbw01ymq1sepo4s1v2y,Yoga Integral Canarias. Centro de Yoga y Ayurveda,,622 02 87 71,Yoga Integral Canarias. Centro de Yoga y Ayurveda,,España,google-maps,atleevoyoga,NUEVO,MEDIA,,,2026-05-19T19:10:13.725Z,2026-05-19T19:10:13.725Z,http://www.yogic.es/,"Avda. Escaleritas 94. Esquina, Calle Dr. Llorente Matos, 2, 35011 Las Palmas de Gran Canaria, Las Palmas",Las Palmas de Gran Canaria,5,23,https://maps.google.com/?cid=3177443362413462323&g_mp=Cidnb29nbGUubWFwcy5wbGFjZXMudjEuUGxhY2VzLlNlYXJjaFRleHQQAhgEIAA,yoga_studio,OPERATIONAL,"Importado desde Google Maps
Tipo: Centro de yoga
Dirección: Avda. Escaleritas 94. Esquina, Calle Dr. Llorente Matos, 2, 35011 Las Palmas de Gran Canaria, Las Palmas
Google: 5⭐ (23 reseñas)
Web: http://www.yogic.es/
Maps: https://maps.google.com/?cid=3177443362413462323&g_mp=Cidnb29nbGUubWFwcy5wbGFjZXMudjEuUGxhY2VzLlNlYXJjaFRleHQQAhgEIAA"
cmpd0cjky01ynq1seybd5ilp5,Bikram Yoga Canarias,,928 90 56 98,Bikram Yoga Canarias,,España,google-maps,atleevoyoga,NUEVO,MEDIA,,,2026-05-19T19:10:14.050Z,2026-05-19T19:10:14.050Z,http://www.bikramyogacanarias.com/,"C. Manuel González Martín, 34, 35006 Las Palmas de Gran Canaria, Las Palmas",Las Palmas de Gran Canaria,5,55,https://maps.google.com/?cid=2211008909338831420&g_mp=Cidnb29nbGUubWFwcy5wbGFjZXMudjEuUGxhY2VzLlNlYXJjaFRleHQQAhgEIAA,yoga_studio,OPERATIONAL,"Importado desde Google Maps
Tipo: Centro de yoga
Dirección: C. Manuel González Martín, 34, 35006 Las Palmas de Gran Canaria, Las Palmas
Google: 5⭐ (55 reseñas)
Web: http://www.bikramyogacanarias.com/
Maps: https://maps.google.com/?cid=2211008909338831420&g_mp=Cidnb29nbGUubWFwcy5wbGFjZXMudjEuUGxhY2VzLlNlYXJjaFRleHQQAhgEIAA"
cmpd0cjyq01yoq1sehywcf9qg,Element Yoga School,,619 84 77 06,Element Yoga School,,España,google-maps,atleevoyoga,NUEVO,MEDIA,,,2026-05-19T19:10:14.547Z,2026-05-19T19:10:14.547Z,https://www.elementyogaschool.com/,"C. Jesús Ferrer Jimeno, 4, 35010 Las Palmas de Gran Canaria, Las Palmas",Las Palmas de Gran Canaria,5,53,https://maps.google.com/?cid=6198346903352755261&g_mp=Cidnb29nbGUubWFwcy5wbGFjZXMudjEuUGxhY2VzLlNlYXJjaFRleHQQAhgEIAA,yoga_studio,OPERATIONAL,"Importado desde Google Maps
Tipo: Centro de yoga
Dirección: C. Jesús Ferrer Jimeno, 4, 35010 Las Palmas de Gran Canaria, Las Palmas
Google: 5⭐ (53 reseñas)
Web: https://www.elementyogaschool.com/
Maps: https://maps.google.com/?cid=6198346903352755261&g_mp=Cidnb29nbGUubWFwcy5wbGFjZXMudjEuUGxhY2VzLlNlYXJjaFRleHQQAhgEIAA"
cmpd0ck7x01ypq1seqby83us2,Yoga Studio Arjuna - Las Palmas,,610 49 50 38,Yoga Studio Arjuna - Las Palmas,,España,google-maps,atleevoyoga,NUEVO,MEDIA,,,2026-05-19T19:10:14.877Z,2026-05-19T19:10:14.877Z,https://www.instagram.com/yogastudioarjuna?igsh=MXJsZTBxa2p2ZHFzdw==,"C. Perú, 70, 35010 Las Palmas de Gran Canaria, Las Palmas",Las Palmas de Gran Canaria,5,57,https://maps.google.com/?cid=9095126597857752031&g_mp=Cidnb29nbGUubWFwcy5wbGFjZXMudjEuUGxhY2VzLlNlYXJjaFRleHQQAhgEIAA,yoga_studio,OPERATIONAL,"Importado desde Google Maps
Tipo: Centro de yoga
Dirección: C. Perú, 70, 35010 Las Palmas de Gran Canaria, Las Palmas
Google: 5⭐ (57 reseñas)
Web: https://www.instagram.com/yogastudioarjuna?igsh=MXJsZTBxa2p2ZHFzdw==
Maps: https://maps.google.com/?cid=9095126597857752031&g_mp=Cidnb29nbGUubWFwcy5wbGFjZXMudjEuUGxhY2VzLlNlYXJjaFRleHQQAhgEIAA"
cmpd0ckh101yqq1senkszg1yb,SPACE | Yoga Studio,,613 30 50 85,SPACE | Yoga Studio,,España,google-maps,atleevoyoga,NUEVO,MEDIA,,,2026-05-19T19:10:15.205Z,2026-05-19T19:10:15.205Z,https://www.instagram.com/space.laspalmas/,"C. el Salvador, 27, 35010 Las Palmas de Gran Canaria, Las Palmas",Las Palmas de Gran Canaria,4.8,18,https://maps.google.com/?cid=17849766930526334693&g_mp=Cidnb29nbGUubWFwcy5wbGFjZXMudjEuUGxhY2VzLlNlYXJjaFRleHQQAhgEIAA,yoga_studio,OPERATIONAL,"Importado desde Google Maps
Tipo: Centro de yoga
Dirección: C. el Salvador, 27, 35010 Las Palmas de Gran Canaria, Las Palmas
Google: 4.8⭐ (18 reseñas)
Web: https://www.instagram.com/space.laspalmas/
Maps: https://maps.google.com/?cid=17849766930526334693&g_mp=Cidnb29nbGUubWFwcy5wbGFjZXMudjEuUGxhY2VzLlNlYXJjaFRleHQQAhgEIAA"
cmpd0ckpz01yrq1se7x5k8yqv,Yogahome Las Palmas,,613 18 29 89,Yogahome Las Palmas,,España,google-maps,atleevoyoga,NUEVO,MEDIA,,,2026-05-19T19:10:15.527Z,2026-05-19T19:10:15.527Z,https://m.facebook.com/yogahomelpgc/,"C. del Gral. Vives, 35009 Las Palmas de Gran Canaria, Las Palmas",Las Palmas de Gran Canaria,4.8,20,https://maps.google.com/?cid=8822113708045577213&g_mp=Cidnb29nbGUubWFwcy5wbGFjZXMudjEuUGxhY2VzLlNlYXJjaFRleHQQAhgEIAA,yoga_studio,OPERATIONAL,"Importado desde Google Maps
Tipo: Centro de yoga
Dirección: C. del Gral. Vives, 35009 Las Palmas de Gran Canaria, Las Palmas
Google: 4.8⭐ (20 reseñas)
Web: https://m.facebook.com/yogahomelpgc/
Maps: https://maps.google.com/?cid=8822113708045577213&g_mp=Cidnb29nbGUubWFwcy5wbGFjZXMudjEuUGxhY2VzLlNlYXJjaFRleHQQAhgEIAA"
cmpd0ckyz01ysq1sehsu2ouzq,la salita de yoga en Las Palmas de Gran Canaria,,616 75 88 20,la salita de yoga en Las Palmas de Gran Canaria,,España,google-maps,atleevoyoga,NUEVO,MEDIA,,,2026-05-19T19:10:15.851Z,2026-05-19T19:10:15.851Z,https://polideportivosm.blogspot.com/,"Pl. de la Feria, 27, 35003 Las Palmas de Gran Canaria, Las Palmas",Las Palmas de Gran Canaria,4.6,8,https://maps.google.com/?cid=11665572781360511316&g_mp=Cidnb29nbGUubWFwcy5wbGFjZXMudjEuUGxhY2VzLlNlYXJjaFRleHQQAhgEIAA,yoga_studio,OPERATIONAL,"Importado desde Google Maps
Tipo: Centro de yoga
Dirección: Pl. de la Feria, 27, 35003 Las Palmas de Gran Canaria, Las Palmas
Google: 4.6⭐ (8 reseñas)
Web: https://polideportivosm.blogspot.com/
Maps: https://maps.google.com/?cid=11665572781360511316&g_mp=Cidnb29nbGUubWFwcy5wbGFjZXMudjEuUGxhY2VzLlNlYXJjaFRleHQQAhgEIAA"
cmpd0cl8401ytq1serfvkwjhx,"Escuela de Salud, Felicidad y Consciencia : Yoga en Las Palmas",,,"Escuela de Salud, Felicidad y Consciencia : Yoga en Las Palmas",,España,google-maps,atleevoyoga,NUEVO,MEDIA,,,2026-05-19T19:10:16.180Z,2026-05-19T19:10:16.180Z,https://felizinstante.com/,"C. Lomo San Lázaro, 28, Local 11, 35019 Las Palmas de Gran Canaria, Las Palmas",Las Palmas de Gran Canaria,5,21,https://maps.google.com/?cid=5817915984204509330&g_mp=Cidnb29nbGUubWFwcy5wbGFjZXMudjEuUGxhY2VzLlNlYXJjaFRleHQQAhgEIAA,,OPERATIONAL,"Importado desde Google Maps
Dirección: C. Lomo San Lázaro, 28, Local 11, 35019 Las Palmas de Gran Canaria, Las Palmas
Google: 5⭐ (21 reseñas)
Web: https://felizinstante.com/
Maps: https://maps.google.com/?cid=5817915984204509330&g_mp=Cidnb29nbGUubWFwcy5wbGFjZXMudjEuUGxhY2VzLlNlYXJjaFRleHQQAhgEIAA"
cmpd0clh901yuq1senhy41nvv,Yoga Gran Canaria,,657 16 08 71,Yoga Gran Canaria,,España,google-maps,atleevoyoga,NUEVO,MEDIA,,,2026-05-19T19:10:16.509Z,2026-05-19T19:10:16.509Z,http://padmayogalaspalmas.es/,"C. Juan Carlo, 39, 35002 Las Palmas de Gran Canaria, Las Palmas",Las Palmas de Gran Canaria,4.9,54,https://maps.google.com/?cid=1722579058900448585&g_mp=Cidnb29nbGUubWFwcy5wbGFjZXMudjEuUGxhY2VzLlNlYXJjaFRleHQQAhgEIAA,yoga_studio,OPERATIONAL,"Importado desde Google Maps
Tipo: Centro de yoga
Dirección: C. Juan Carlo, 39, 35002 Las Palmas de Gran Canaria, Las Palmas
Google: 4.9⭐ (54 reseñas)
Web: http://padmayogalaspalmas.es/
Maps: https://maps.google.com/?cid=1722579058900448585&g_mp=Cidnb29nbGUubWFwcy5wbGFjZXMudjEuUGxhY2VzLlNlYXJjaFRleHQQAhgEIAA"
cmpd0clq301yvq1seju8vme9b,Hatha Yoga Integral,,633 23 92 45,Hatha Yoga Integral,,España,google-maps,atleevoyoga,NUEVO,MEDIA,,,2026-05-19T19:10:16.827Z,2026-05-19T19:10:16.827Z,http://www.yogadoris.org/,"C. Palafox, 2, local 2, 35010 Las Palmas de Gran Canaria, Las Palmas",Las Palmas de Gran Canaria,4.8,20,https://maps.google.com/?cid=11206003895876680618&g_mp=Cidnb29nbGUubWFwcy5wbGFjZXMudjEuUGxhY2VzLlNlYXJjaFRleHQQAhgEIAA,yoga_studio,OPERATIONAL,"Importado desde Google Maps
Tipo: Centro de yoga
Dirección: C. Palafox, 2, local 2, 35010 Las Palmas de Gran Canaria, Las Palmas
Google: 4.8⭐ (20 reseñas)
Web: http://www.yogadoris.org/
Maps: https://maps.google.com/?cid=11206003895876680618&g_mp=Cidnb29nbGUubWFwcy5wbGFjZXMudjEuUGxhY2VzLlNlYXJjaFRleHQQAhgEIAA"
cmpd0clz701ywq1seccplrfpt,Yoga Iyengar En Canarias,,645 02 76 42,Yoga Iyengar En Canarias,,España,google-maps,atleevoyoga,NUEVO,MEDIA,,,2026-05-19T19:10:17.155Z,2026-05-19T19:10:17.155Z,http://iyengaryogacanarias.com/,"Carr. del Cardón, 100, 35010 Las Palmas de Gran Canaria, Las Palmas",Las Palmas de Gran Canaria,5,26,https://maps.google.com/?cid=8831242582617768100&g_mp=Cidnb29nbGUubWFwcy5wbGFjZXMudjEuUGxhY2VzLlNlYXJjaFRleHQQAhgEIAA,yoga_studio,OPERATIONAL,"Importado desde Google Maps
Tipo: Centro de yoga
Dirección: Carr. del Cardón, 100, 35010 Las Palmas de Gran Canaria, Las Palmas
Google: 5⭐ (26 reseñas)
Web: http://iyengaryogacanarias.com/
Maps: https://maps.google.com/?cid=8831242582617768100&g_mp=Cidnb29nbGUubWFwcy5wbGFjZXMudjEuUGxhY2VzLlNlYXJjaFRleHQQAhgEIAA"
cmpd0cm9901yxq1se4ln2wg3l,Satchidananda Yoga,,687 89 49 23,Satchidananda Yoga,,España,google-maps,atleevoyoga,NUEVO,MEDIA,,,2026-05-19T19:10:17.518Z,2026-05-19T19:10:17.518Z,http://satchidanandayoga.com/,"C. Padre Claret, 4, 35004 Las Palmas de Gran Canaria, Las Palmas",Las Palmas de Gran Canaria,5,2,https://maps.google.com/?cid=1297926031669408989&g_mp=Cidnb29nbGUubWFwcy5wbGFjZXMudjEuUGxhY2VzLlNlYXJjaFRleHQQAhgEIAA,yoga_studio,OPERATIONAL,"Importado desde Google Maps
Tipo: Centro de yoga
Dirección: C. Padre Claret, 4, 35004 Las Palmas de Gran Canaria, Las Palmas
Google: 5⭐ (2 reseñas)
Web: http://satchidanandayoga.com/
Maps: https://maps.google.com/?cid=1297926031669408989&g_mp=Cidnb29nbGUubWFwcy5wbGFjZXMudjEuUGxhY2VzLlNlYXJjaFRleHQQAhgEIAA"
cmpd0cmil01yyq1se32s57kl3,"Ínsula Yoga Salud: Yin Yoga, Hatha Yoga, Respiración y Meditación en Las Palmas",,617 80 52 65,"Ínsula Yoga Salud: Yin Yoga, Hatha Yoga, Respiración y Meditación en Las Palmas",,España,google-maps,atleevoyoga,NUEVO,MEDIA,,,2026-05-19T19:10:17.854Z,2026-05-19T19:10:17.854Z,http://insula.yoga/,"Av. Rafael Cabrera, 24, SALA 7, 35002 Las Palmas de Gran Canaria, Las Palmas",Las Palmas de Gran Canaria,5,23,https://maps.google.com/?cid=10400179600456938160&g_mp=Cidnb29nbGUubWFwcy5wbGFjZXMudjEuUGxhY2VzLlNlYXJjaFRleHQQAhgEIAA,yoga_studio,OPERATIONAL,"Importado desde Google Maps
Tipo: Centro de yoga
Dirección: Av. Rafael Cabrera, 24, SALA 7, 35002 Las Palmas de Gran Canaria, Las Palmas
Google: 5⭐ (23 reseñas)
Web: http://insula.yoga/
Maps: https://maps.google.com/?cid=10400179600456938160&g_mp=Cidnb29nbGUubWFwcy5wbGFjZXMudjEuUGxhY2VzLlNlYXJjaFRleHQQAhgEIAA"
cmpd0cmsf01yzq1seug4m5m74,Ganeshpuri Yoga,,928 35 19 51,Ganeshpuri Yoga,,España,google-maps,atleevoyoga,NUEVO,MEDIA,,,2026-05-19T19:10:18.176Z,2026-05-19T19:10:18.176Z,http://www.ganeshpuriyoga.com/,"C. Luis Doreste Silva, 62, 35004 Las Palmas de Gran Canaria, Las Palmas",Las Palmas de Gran Canaria,5,27,https://maps.google.com/?cid=5921998974578278233&g_mp=Cidnb29nbGUubWFwcy5wbGFjZXMudjEuUGxhY2VzLlNlYXJjaFRleHQQAhgEIAA,yoga_studio,OPERATIONAL,"Importado desde Google Maps
Tipo: Centro de yoga
Dirección: C. Luis Doreste Silva, 62, 35004 Las Palmas de Gran Canaria, Las Palmas
Google: 5⭐ (27 reseñas)
Web: http://www.ganeshpuriyoga.com/
Maps: https://maps.google.com/?cid=5921998974578278233&g_mp=Cidnb29nbGUubWFwcy5wbGFjZXMudjEuUGxhY2VzLlNlYXJjaFRleHQQAhgEIAA"
cmpd0cn1t01z0q1se89ffl8ph,Yutori,,,Yutori,,España,google-maps,atleevoyoga,NUEVO,MEDIA,,,2026-05-19T19:10:18.545Z,2026-05-19T19:10:18.545Z,,"Av. Escaleritas, 52c, Portal 6, Local 37B, 35011 Las Palmas de Gran Canaria, Las Palmas",Las Palmas de Gran Canaria,5,4,https://maps.google.com/?cid=8759253935133803724&g_mp=Cidnb29nbGUubWFwcy5wbGFjZXMudjEuUGxhY2VzLlNlYXJjaFRleHQQAhgEIAA,yoga_studio,OPERATIONAL,"Importado desde Google Maps
Tipo: Centro de yoga
Dirección: Av. Escaleritas, 52c, Portal 6, Local 37B, 35011 Las Palmas de Gran Canaria, Las Palmas
Google: 5⭐ (4 reseñas)
Maps: https://maps.google.com/?cid=8759253935133803724&g_mp=Cidnb29nbGUubWFwcy5wbGFjZXMudjEuUGxhY2VzLlNlYXJjaFRleHQQAhgEIAA"
cmpd0cnar01z1q1se8ajkat8i,Kamalabari Centro de Yoga,,629 43 01 30,Kamalabari Centro de Yoga,,España,google-maps,atleevoyoga,NUEVO,MEDIA,,,2026-05-19T19:10:18.868Z,2026-05-19T19:10:18.868Z,https://ompsyche.es/,"C. Senador Castillo Olivares, 55, 35003 Las Palmas de Gran Canaria, Las Palmas",Las Palmas de Gran Canaria,5,9,https://maps.google.com/?cid=8460459304391185057&g_mp=Cidnb29nbGUubWFwcy5wbGFjZXMudjEuUGxhY2VzLlNlYXJjaFRleHQQAhgEIAA,yoga_studio,OPERATIONAL,"Importado desde Google Maps
Tipo: Centro de yoga
Dirección: C. Senador Castillo Olivares, 55, 35003 Las Palmas de Gran Canaria, Las Palmas
Google: 5⭐ (9 reseñas)
Web: https://ompsyche.es/
Maps: https://maps.google.com/?cid=8460459304391185057&g_mp=Cidnb29nbGUubWFwcy5wbGFjZXMudjEuUGxhY2VzLlNlYXJjaFRleHQQAhgEIAA"
cmpd0cnju01z2q1seaofzua87,Tu Yoga Studio - El yoga que se adapta a ti,,626 76 12 66,Tu Yoga Studio - El yoga que se adapta a ti,,España,google-maps,atleevoyoga,NUEVO,MEDIA,,,2026-05-19T19:10:19.195Z,2026-05-19T19:10:19.195Z,https://tuyogastudio.com/,"C. Antonio de Viana, 4, piso 1, 35001 Las Palmas de Gran Canaria, Las Palmas",Las Palmas de Gran Canaria,5,20,https://maps.google.com/?cid=9428375810179513635&g_mp=Cidnb29nbGUubWFwcy5wbGFjZXMudjEuUGxhY2VzLlNlYXJjaFRleHQQAhgEIAA,yoga_studio,OPERATIONAL,"Importado desde Google Maps
Tipo: Centro de yoga
Dirección: C. Antonio de Viana, 4, piso 1, 35001 Las Palmas de Gran Canaria, Las Palmas
Google: 5⭐ (20 reseñas)
Web: https://tuyogastudio.com/
Maps: https://maps.google.com/?cid=9428375810179513635&g_mp=Cidnb29nbGUubWFwcy5wbGFjZXMudjEuUGxhY2VzLlNlYXJjaFRleHQQAhgEIAA"
cmpd0cnsz01z3q1seygerb4ah,El Faro Estudio de Mindfulness,,680 13 89 69,El Faro Estudio de Mindfulness,,España,google-maps,atleevoyoga,NUEVO,MEDIA,,,2026-05-19T19:10:19.523Z,2026-05-19T19:10:19.523Z,http://mbsrcanarias.org/,"C. Salvia, 53, 35010 Las Palmas de Gran Canaria, Las Palmas",Las Palmas de Gran Canaria,5,95,https://maps.google.com/?cid=658422553763928952&g_mp=Cidnb29nbGUubWFwcy5wbGFjZXMudjEuUGxhY2VzLlNlYXJjaFRleHQQAhgEIAA,health,OPERATIONAL,"Importado desde Google Maps
Tipo: Salud y bienestar
Dirección: C. Salvia, 53, 35010 Las Palmas de Gran Canaria, Las Palmas
Google: 5⭐ (95 reseñas)
Web: http://mbsrcanarias.org/
Maps: https://maps.google.com/?cid=658422553763928952&g_mp=Cidnb29nbGUubWFwcy5wbGFjZXMudjEuUGxhY2VzLlNlYXJjaFRleHQQAhgEIAA"
cmpd0co2a01z4q1seaq963klo,Nataraja Hatha Yoga,,651 08 67 48,Nataraja Hatha Yoga,,España,google-maps,atleevoyoga,NUEVO,MEDIA,,,2026-05-19T19:10:19.858Z,2026-05-19T19:10:19.858Z,https://www.instagram.com/nataraja.hathayoga?igsh=ZjU0Nmlvd2hteXhn&utm_source=qr,"C/ Virgen del Pilar, 4, 35019 Las Palmas de Gran Canaria, Las Palmas",Las Palmas de Gran Canaria,5,1,https://maps.google.com/?cid=11608588552302289504&g_mp=Cidnb29nbGUubWFwcy5wbGFjZXMudjEuUGxhY2VzLlNlYXJjaFRleHQQAhgEIAA,yoga_studio,OPERATIONAL,"Importado desde Google Maps
Tipo: Centro de yoga
Dirección: C/ Virgen del Pilar, 4, 35019 Las Palmas de Gran Canaria, Las Palmas
Google: 5⭐ (1 reseñas)
Web: https://www.instagram.com/nataraja.hathayoga?igsh=ZjU0Nmlvd2hteXhn&utm_source=qr
Maps: https://maps.google.com/?cid=11608588552302289504&g_mp=Cidnb29nbGUubWFwcy5wbGFjZXMudjEuUGxhY2VzLlNlYXJjaFRleHQQAhgEIAA"
cmpd0cobk01z5q1seuxg6v7ip,Centro de Yoga Madhuvidya,,928 14 28 54,Centro de Yoga Madhuvidya,,España,google-maps,atleevoyoga,NUEVO,MEDIA,,,2026-05-19T19:10:20.193Z,2026-05-19T19:10:20.193Z,http://yogamadhuvidya.org/,"C / Perdomo 44 esquina con Av.Primero de Mayo, Calle de Perdomo, 44, 35002 Las Palmas de Gran Canaria, Las Palmas",Las Palmas de Gran Canaria,5,3,https://maps.google.com/?cid=9716296438329098543&g_mp=Cidnb29nbGUubWFwcy5wbGFjZXMudjEuUGxhY2VzLlNlYXJjaFRleHQQAhgEIAA,yoga_studio,OPERATIONAL,"Importado desde Google Maps
Tipo: Centro de yoga
Dirección: C / Perdomo 44 esquina con Av.Primero de Mayo, Calle de Perdomo, 44, 35002 Las Palmas de Gran Canaria, Las Palmas
Google: 5⭐ (3 reseñas)
Web: http://yogamadhuvidya.org/
Maps: https://maps.google.com/?cid=9716296438329098543&g_mp=Cidnb29nbGUubWFwcy5wbGFjZXMudjEuUGxhY2VzLlNlYXJjaFRleHQQAhgEIAA"
cmpd0cokk01z6q1sefukudnej,HARA - BODYWORK&YOGA,,683 24 00 26,HARA - BODYWORK&YOGA,,España,google-maps,atleevoyoga,NUEVO,MEDIA,,,2026-05-19T19:10:20.517Z,2026-05-19T19:10:20.517Z,https://flaviamarangon.com/,"C. Pérez Muñoz, 86, bajo, 35009 Las Palmas de Gran Canaria, Las Palmas",Las Palmas de Gran Canaria,5,9,https://maps.google.com/?cid=14377718040371187876&g_mp=Cidnb29nbGUubWFwcy5wbGFjZXMudjEuUGxhY2VzLlNlYXJjaFRleHQQAhgEIAA,yoga_studio,OPERATIONAL,"Importado desde Google Maps
Tipo: Centro de yoga
Dirección: C. Pérez Muñoz, 86, bajo, 35009 Las Palmas de Gran Canaria, Las Palmas
Google: 5⭐ (9 reseñas)
Web: https://flaviamarangon.com/
Maps: https://maps.google.com/?cid=14377718040371187876&g_mp=Cidnb29nbGUubWFwcy5wbGFjZXMudjEuUGxhY2VzLlNlYXJjaFRleHQQAhgEIAA"
cmpd0couo01z7q1seulzsoruz,Escuela Yogaia,,609 30 36 03,Escuela Yogaia,,España,google-maps,atleevoyoga,NUEVO,MEDIA,,,2026-05-19T19:10:20.881Z,2026-05-19T19:10:20.881Z,http://yogaia.es/,"Carr. del Cardón, 100, segunda planta, 35010 Las Palmas de Gran Canaria, Las Palmas",Las Palmas de Gran Canaria,5,2,https://maps.google.com/?cid=14626430930465192083&g_mp=Cidnb29nbGUubWFwcy5wbGFjZXMudjEuUGxhY2VzLlNlYXJjaFRleHQQAhgEIAA,yoga_studio,OPERATIONAL,"Importado desde Google Maps
Tipo: Centro de yoga
Dirección: Carr. del Cardón, 100, segunda planta, 35010 Las Palmas de Gran Canaria, Las Palmas
Google: 5⭐ (2 reseñas)
Web: http://yogaia.es/
Maps: https://maps.google.com/?cid=14626430930465192083&g_mp=Cidnb29nbGUubWFwcy5wbGFjZXMudjEuUGxhY2VzLlNlYXJjaFRleHQQAhgEIAA"
cmpd0cp3p01z8q1sexybb2tf6,Centro Milarepa Yoga,,658 83 62 48,Centro Milarepa Yoga,,España,google-maps,atleevoyoga,NUEVO,MEDIA,,,2026-05-19T19:10:21.205Z,2026-05-19T19:10:21.205Z,,"C. la Naval, 167, 35008 Las Palmas de Gran Canaria, Las Palmas",Las Palmas de Gran Canaria,4.7,17,https://maps.google.com/?cid=9822067714307311622&g_mp=Cidnb29nbGUubWFwcy5wbGFjZXMudjEuUGxhY2VzLlNlYXJjaFRleHQQAhgEIAA,yoga_studio,OPERATIONAL,"Importado desde Google Maps
Tipo: Centro de yoga
Dirección: C. la Naval, 167, 35008 Las Palmas de Gran Canaria, Las Palmas
Google: 4.7⭐ (17 reseñas)
Maps: https://maps.google.com/?cid=9822067714307311622&g_mp=Cidnb29nbGUubWFwcy5wbGFjZXMudjEuUGxhY2VzLlNlYXJjaFRleHQQAhgEIAA"
cmpd0cpdc01z9q1seeyea2q8e,"Ananda, Conecta con tu ser.",,686 77 36 23,"Ananda, Conecta con tu ser.",,España,google-maps,atleevoyoga,NUEVO,MEDIA,,,2026-05-19T19:10:21.552Z,2026-05-19T19:10:21.552Z,https://www.anandaconecta.com/,"C. Veintinueve de Abril, 29, 35007 Las Palmas de Gran Canaria, Las Palmas",Las Palmas de Gran Canaria,5,14,https://maps.google.com/?cid=862962781895809257&g_mp=Cidnb29nbGUubWFwcy5wbGFjZXMudjEuUGxhY2VzLlNlYXJjaFRleHQQAhgEIAA,yoga_studio,OPERATIONAL,"Importado desde Google Maps
Tipo: Centro de yoga
Dirección: C. Veintinueve de Abril, 29, 35007 Las Palmas de Gran Canaria, Las Palmas
Google: 5⭐ (14 reseñas)
Web: https://www.anandaconecta.com/
Maps: https://maps.google.com/?cid=862962781895809257&g_mp=Cidnb29nbGUubWFwcy5wbGFjZXMudjEuUGxhY2VzLlNlYXJjaFRleHQQAhgEIAA"
cmpd0cpmg01zaq1se2okjg4m6,Boutique Gym El Cielo es el Límite - Pilates en Máquinas,,682 18 37 85,Boutique Gym El Cielo es el Límite - Pilates en Máquinas,,España,google-maps,atleevoyoga,NUEVO,MEDIA,,,2026-05-19T19:10:21.880Z,2026-05-19T19:10:21.880Z,https://elcieloesellimite.com/,"C. Joaquín Blume, 17, 35011 Las Palmas de Gran Canaria, Las Palmas",Las Palmas de Gran Canaria,5,59,https://maps.google.com/?cid=2760038906653961005&g_mp=Cidnb29nbGUubWFwcy5wbGFjZXMudjEuUGxhY2VzLlNlYXJjaFRleHQQAhgEIAA,gym,OPERATIONAL,"Importado desde Google Maps
Tipo: Gimnasio
Dirección: C. Joaquín Blume, 17, 35011 Las Palmas de Gran Canaria, Las Palmas
Google: 5⭐ (59 reseñas)
Web: https://elcieloesellimite.com/
Maps: https://maps.google.com/?cid=2760038906653961005&g_mp=Cidnb29nbGUubWFwcy5wbGFjZXMudjEuUGxhY2VzLlNlYXJjaFRleHQQAhgEIAA"
cmpd0cpvc01zbq1se55vh1hic,Fedra Cuerpo Y Mente,,672 27 94 77,Fedra Cuerpo Y Mente,,España,google-maps,atleevoyoga,NUEVO,MEDIA,,,2026-05-19T19:10:22.200Z,2026-05-19T19:10:22.200Z,http://www.fedraflow.com/,"C. Juan Manuel Durán González, 57, 35010 Las Palmas de Gran Canaria, Las Palmas",Las Palmas de Gran Canaria,5,14,https://maps.google.com/?cid=8645680205299792073&g_mp=Cidnb29nbGUubWFwcy5wbGFjZXMudjEuUGxhY2VzLlNlYXJjaFRleHQQAhgEIAA,,OPERATIONAL,"Importado desde Google Maps
Dirección: C. Juan Manuel Durán González, 57, 35010 Las Palmas de Gran Canaria, Las Palmas
Google: 5⭐ (14 reseñas)
Web: http://www.fedraflow.com/
Maps: https://maps.google.com/?cid=8645680205299792073&g_mp=Cidnb29nbGUubWFwcy5wbGFjZXMudjEuUGxhY2VzLlNlYXJjaFRleHQQAhgEIAA"
cmpd0cq4c01zcq1sedqevo4am,Maio Yoga - Movimento,,659 05 51 21,Maio Yoga - Movimento,,España,google-maps,atleevoyoga,NUEVO,MEDIA,,,2026-05-19T19:10:22.524Z,2026-05-19T19:10:22.524Z,https://maiomovement.com/,"C. Obispo Rabadán, 35, 35003 Las Palmas de Gran Canaria, Las Palmas",Las Palmas de Gran Canaria,4.9,32,https://maps.google.com/?cid=4504486207305069046&g_mp=Cidnb29nbGUubWFwcy5wbGFjZXMudjEuUGxhY2VzLlNlYXJjaFRleHQQAhgEIAA,gym,OPERATIONAL,"Importado desde Google Maps
Tipo: Gimnasio
Dirección: C. Obispo Rabadán, 35, 35003 Las Palmas de Gran Canaria, Las Palmas
Google: 4.9⭐ (32 reseñas)
Web: https://maiomovement.com/
Maps: https://maps.google.com/?cid=4504486207305069046&g_mp=Cidnb29nbGUubWFwcy5wbGFjZXMudjEuUGxhY2VzLlNlYXJjaFRleHQQAhgEIAA"
cmpd0cqdb01zdq1sesu72rfv7,Be Bright Movement Therapy,,684 06 73 92,Be Bright Movement Therapy,,España,google-maps,atleevoyoga,NUEVO,MEDIA,,,2026-05-19T19:10:22.848Z,2026-05-19T19:10:22.848Z,http://bebrightmovement.com/,"C. Aguadulce, 56, 35004 Las Palmas de Gran Canaria, Las Palmas",Las Palmas de Gran Canaria,5,50,https://maps.google.com/?cid=13125373551744918081&g_mp=Cidnb29nbGUubWFwcy5wbGFjZXMudjEuUGxhY2VzLlNlYXJjaFRleHQQAhgEIAA,medical_clinic,OPERATIONAL,"Importado desde Google Maps
Tipo: Clínica ambulatoria
Dirección: C. Aguadulce, 56, 35004 Las Palmas de Gran Canaria, Las Palmas
Google: 5⭐ (50 reseñas)
Web: http://bebrightmovement.com/
Maps: https://maps.google.com/?cid=13125373551744918081&g_mp=Cidnb29nbGUubWFwcy5wbGFjZXMudjEuUGxhY2VzLlNlYXJjaFRleHQQAhgEIAA"
cmpd0cqme01zeq1se2gud8gep,Escuela Valores Divinos - Shiva Kriya Yoga España,,633 76 37 07,Escuela Valores Divinos - Shiva Kriya Yoga España,,España,google-maps,atleevoyoga,NUEVO,MEDIA,,,2026-05-19T19:10:23.174Z,2026-05-19T19:10:23.174Z,http://escuelavaloresdivinos.org/espana,"C. Sucre, 22, 2 dcha, 35008 Las Palmas de Gran Canaria, Las Palmas",Las Palmas de Gran Canaria,5,1,https://maps.google.com/?cid=16199755509986031066&g_mp=Cidnb29nbGUubWFwcy5wbGFjZXMudjEuUGxhY2VzLlNlYXJjaFRleHQQAhgEIAA,yoga_studio,OPERATIONAL,"Importado desde Google Maps
Tipo: Centro de yoga
Dirección: C. Sucre, 22, 2 dcha, 35008 Las Palmas de Gran Canaria, Las Palmas
Google: 5⭐ (1 reseñas)
Web: http://escuelavaloresdivinos.org/espana
Maps: https://maps.google.com/?cid=16199755509986031066&g_mp=Cidnb29nbGUubWFwcy5wbGFjZXMudjEuUGxhY2VzLlNlYXJjaFRleHQQAhgEIAA"
cmpd0cqvh01zfq1seb6lp4geq,miZentro,,606 12 95 99,miZentro,,España,google-maps,atleevoyoga,NUEVO,MEDIA,,,2026-05-19T19:10:23.501Z,2026-05-19T19:10:23.501Z,https://mizentrogc.wordpress.com/,"Edificio Islas Canarias, C. Joaquín Blume, 11, 35011 Las Palmas de Gran Canaria, Las Palmas",Las Palmas de Gran Canaria,5,14,https://maps.google.com/?cid=9600335088637410421&g_mp=Cidnb29nbGUubWFwcy5wbGFjZXMudjEuUGxhY2VzLlNlYXJjaFRleHQQAhgEIAA,yoga_studio,OPERATIONAL,"Importado desde Google Maps
Tipo: Centro de yoga
Dirección: Edificio Islas Canarias, C. Joaquín Blume, 11, 35011 Las Palmas de Gran Canaria, Las Palmas
Google: 5⭐ (14 reseñas)
Web: https://mizentrogc.wordpress.com/
Maps: https://maps.google.com/?cid=9600335088637410421&g_mp=Cidnb29nbGUubWFwcy5wbGFjZXMudjEuUGxhY2VzLlNlYXJjaFRleHQQAhgEIAA"
cmpd0cr4v01zgq1se5nsq01fe,Equium | Estudio de Pilates en Las Palmas de Gran Canaria,,928 29 16 83,Equium | Estudio de Pilates en Las Palmas de Gran Canaria,,España,google-maps,atleevoyoga,NUEVO,MEDIA,,,2026-05-19T19:10:23.839Z,2026-05-19T19:10:23.839Z,http://www.equiumpilates.es/,"C. Ing. Salinas, 53, 35006 Las Palmas de Gran Canaria, Las Palmas",Las Palmas de Gran Canaria,5,43,https://maps.google.com/?cid=10699417808554304884&g_mp=Cidnb29nbGUubWFwcy5wbGFjZXMudjEuUGxhY2VzLlNlYXJjaFRleHQQAhgEIAA,gym,OPERATIONAL,"Importado desde Google Maps
Tipo: Gimnasio
Dirección: C. Ing. Salinas, 53, 35006 Las Palmas de Gran Canaria, Las Palmas
Google: 5⭐ (43 reseñas)
Web: http://www.equiumpilates.es/
Maps: https://maps.google.com/?cid=10699417808554304884&g_mp=Cidnb29nbGUubWFwcy5wbGFjZXMudjEuUGxhY2VzLlNlYXJjaFRleHQQAhgEIAA"
cmpd0cre001zhq1se6a9lujxk,Yogaidi,,606 90 17 66,Yogaidi,,España,google-maps,atleevoyoga,NUEVO,MEDIA,,,2026-05-19T19:10:24.169Z,2026-05-19T19:10:24.169Z,http://yogaidi.com/,"C. Lomo la Plana, 34, Local 18, 35019 Las Palmas de Gran Canaria, Las Palmas",Las Palmas de Gran Canaria,5,3,https://maps.google.com/?cid=76156193132648570&g_mp=Cidnb29nbGUubWFwcy5wbGFjZXMudjEuUGxhY2VzLlNlYXJjaFRleHQQAhgEIAA,yoga_studio,OPERATIONAL,"Importado desde Google Maps
Tipo: Centro de yoga
Dirección: C. Lomo la Plana, 34, Local 18, 35019 Las Palmas de Gran Canaria, Las Palmas
Google: 5⭐ (3 reseñas)
Web: http://yogaidi.com/
Maps: https://maps.google.com/?cid=76156193132648570&g_mp=Cidnb29nbGUubWFwcy5wbGFjZXMudjEuUGxhY2VzLlNlYXJjaFRleHQQAhgEIAA"
cmpd0crs601ziq1sea42867sx,Isyoga Canarias,,649 56 03 77,Isyoga Canarias,,España,google-maps,atleevoyoga,NUEVO,MEDIA,,,2026-05-19T19:10:24.678Z,2026-05-19T19:10:24.678Z,http://www.isyogacanarias.com/,"C. Lepanto, 49, 35010 Las Palmas de Gran Canaria, Las Palmas",Las Palmas de Gran Canaria,4.6,10,https://maps.google.com/?cid=7202491082375688090&g_mp=Cidnb29nbGUubWFwcy5wbGFjZXMudjEuUGxhY2VzLlNlYXJjaFRleHQQAhgEIAA,yoga_studio,OPERATIONAL,"Importado desde Google Maps
Tipo: Centro de yoga
Dirección: C. Lepanto, 49, 35010 Las Palmas de Gran Canaria, Las Palmas
Google: 4.6⭐ (10 reseñas)
Web: http://www.isyogacanarias.com/
Maps: https://maps.google.com/?cid=7202491082375688090&g_mp=Cidnb29nbGUubWFwcy5wbGFjZXMudjEuUGxhY2VzLlNlYXJjaFRleHQQAhgEIAA"
cmpd0cs1a01zjq1ser28papik,Centro de Bienestar Corporal - Silvia Valverde,,611 56 68 16,Centro de Bienestar Corporal - Silvia Valverde,,España,google-maps,atleevoyoga,NUEVO,MEDIA,,,2026-05-19T19:10:25.006Z,2026-05-19T19:10:25.006Z,http://www.silviavalverde.es/,"C. de Pérez del Toro, 73, 35004 Las Palmas de Gran Canaria, Las Palmas",Las Palmas de Gran Canaria,5,43,https://maps.google.com/?cid=10931772405135198166&g_mp=Cidnb29nbGUubWFwcy5wbGFjZXMudjEuUGxhY2VzLlNlYXJjaFRleHQQAhgEIAA,gym,OPERATIONAL,"Importado desde Google Maps
Tipo: Gimnasio
Dirección: C. de Pérez del Toro, 73, 35004 Las Palmas de Gran Canaria, Las Palmas
Google: 5⭐ (43 reseñas)
Web: http://www.silviavalverde.es/
Maps: https://maps.google.com/?cid=10931772405135198166&g_mp=Cidnb29nbGUubWFwcy5wbGFjZXMudjEuUGxhY2VzLlNlYXJjaFRleHQQAhgEIAA"
cmpd0csbf01zkq1se9181v6kg,ENSŌ UNIVERSE | RETIROS·IN,,,ENSŌ UNIVERSE | RETIROS·IN,,España,google-maps,atleevoyoga,NUEVO,MEDIA,,,2026-05-19T19:10:25.371Z,2026-05-19T19:10:25.371Z,https://ensouniverse.com/,"C. Viera y Clavijo, 11, Planta 1, Oficina 10, 35002 Las Palmas de Gran Canaria, Las Palmas",Las Palmas de Gran Canaria,5,14,https://maps.google.com/?cid=2244388642590844173&g_mp=Cidnb29nbGUubWFwcy5wbGFjZXMudjEuUGxhY2VzLlNlYXJjaFRleHQQAhgEIAA,health,OPERATIONAL,"Importado desde Google Maps
Tipo: Salud y bienestar
Dirección: C. Viera y Clavijo, 11, Planta 1, Oficina 10, 35002 Las Palmas de Gran Canaria, Las Palmas
Google: 5⭐ (14 reseñas)
Web: https://ensouniverse.com/
Maps: https://maps.google.com/?cid=2244388642590844173&g_mp=Cidnb29nbGUubWFwcy5wbGFjZXMudjEuUGxhY2VzLlNlYXJjaFRleHQQAhgEIAA"
cmpd0cskk01zlq1semwrwhl79,Temple Studio,,697 31 33 85,Temple Studio,,España,google-maps,atleevoyoga,NUEVO,MEDIA,,,2026-05-19T19:10:25.700Z,2026-05-19T19:10:25.700Z,https://www.instagram.com/templebarrestudio?igsh=MTBpbDh2Y2JnZmNxeA==&utm_source=qr,"C. Padre Raymond, 3, 35007 Las Palmas de Gran Canaria, Las Palmas",Las Palmas de Gran Canaria,5,18,https://maps.google.com/?cid=12261318641405981291&g_mp=Cidnb29nbGUubWFwcy5wbGFjZXMudjEuUGxhY2VzLlNlYXJjaFRleHQQAhgEIAA,fitness_center,OPERATIONAL,"Importado desde Google Maps
Tipo: Centro deportivo
Dirección: C. Padre Raymond, 3, 35007 Las Palmas de Gran Canaria, Las Palmas
Google: 5⭐ (18 reseñas)
Web: https://www.instagram.com/templebarrestudio?igsh=MTBpbDh2Y2JnZmNxeA==&utm_source=qr
Maps: https://maps.google.com/?cid=12261318641405981291&g_mp=Cidnb29nbGUubWFwcy5wbGFjZXMudjEuUGxhY2VzLlNlYXJjaFRleHQQAhgEIAA"
cmpd0cstl01zmq1setpsmuz7r,"Yoga Terapéutico - Meditoterapia ""Susana Raventós""",,609 26 25 43,"Yoga Terapéutico - Meditoterapia ""Susana Raventós""",,España,google-maps,atleevoyoga,NUEVO,MEDIA,,,2026-05-19T19:10:26.026Z,2026-05-19T19:10:26.026Z,https://meditoterapia.com/,"C. León y Castillo, 23, 4A, 35003 Las Palmas de Gran Canaria, Las Palmas",Las Palmas de Gran Canaria,4.8,21,https://maps.google.com/?cid=8835555489431653047&g_mp=Cidnb29nbGUubWFwcy5wbGFjZXMudjEuUGxhY2VzLlNlYXJjaFRleHQQAhgEIAA,yoga_studio,OPERATIONAL,"Importado desde Google Maps
Tipo: Centro de yoga
Dirección: C. León y Castillo, 23, 4A, 35003 Las Palmas de Gran Canaria, Las Palmas
Google: 4.8⭐ (21 reseñas)
Web: https://meditoterapia.com/
Maps: https://maps.google.com/?cid=8835555489431653047&g_mp=Cidnb29nbGUubWFwcy5wbGFjZXMudjEuUGxhY2VzLlNlYXJjaFRleHQQAhgEIAA"
cmpd0ct2n01znq1seukxpehdv,Kundalini Yoga La Minilla,,,Kundalini Yoga La Minilla,,España,google-maps,atleevoyoga,NUEVO,MEDIA,,,2026-05-19T19:10:26.351Z,2026-05-19T19:10:26.351Z,,"Av. Federico García Lorca, 9, Local 12, 35011 Las Palmas de Gran Canaria, Las Palmas",Las Palmas de Gran Canaria,4.6,14,https://maps.google.com/?cid=17103332387274015670&g_mp=Cidnb29nbGUubWFwcy5wbGFjZXMudjEuUGxhY2VzLlNlYXJjaFRleHQQAhgEIAA,yoga_studio,OPERATIONAL,"Importado desde Google Maps
Tipo: Centro de yoga
Dirección: Av. Federico García Lorca, 9, Local 12, 35011 Las Palmas de Gran Canaria, Las Palmas
Google: 4.6⭐ (14 reseñas)
Maps: https://maps.google.com/?cid=17103332387274015670&g_mp=Cidnb29nbGUubWFwcy5wbGFjZXMudjEuUGxhY2VzLlNlYXJjaFRleHQQAhgEIAA"
cmpd0ctbu01zoq1se8ih1mgww,Woman Wellness,,648 73 67 85,Woman Wellness,,España,google-maps,atleevoyoga,NUEVO,MEDIA,,,2026-05-19T19:10:26.683Z,2026-05-19T19:10:26.683Z,https://womanwellness.es/,"C. Jesús Ferrer Jimeno, 12, 35010 Las Palmas de Gran Canaria, Las Palmas",Las Palmas de Gran Canaria,4.9,128,https://maps.google.com/?cid=10077128233801414096&g_mp=Cidnb29nbGUubWFwcy5wbGFjZXMudjEuUGxhY2VzLlNlYXJjaFRleHQQAhgEIAA,gym,OPERATIONAL,"Importado desde Google Maps
Tipo: Gimnasio
Dirección: C. Jesús Ferrer Jimeno, 12, 35010 Las Palmas de Gran Canaria, Las Palmas
Google: 4.9⭐ (128 reseñas)
Web: https://womanwellness.es/
Maps: https://maps.google.com/?cid=10077128233801414096&g_mp=Cidnb29nbGUubWFwcy5wbGFjZXMudjEuUGxhY2VzLlNlYXJjaFRleHQQAhgEIAA"
cmpd0ctl301zpq1seu9qzktsr,Epsilon Pilates Studio,,611 10 27 97,Epsilon Pilates Studio,,España,google-maps,atleevoyoga,NUEVO,MEDIA,,,2026-05-19T19:10:27.016Z,2026-05-19T19:10:27.016Z,https://www.epsilonpilates.es/,"C. Concejal García Feo, 8, 35011 Las Palmas de Gran Canaria, Las Palmas",Las Palmas de Gran Canaria,5,10,https://maps.google.com/?cid=10747980345378796589&g_mp=Cidnb29nbGUubWFwcy5wbGFjZXMudjEuUGxhY2VzLlNlYXJjaFRleHQQAhgEIAA,gym,OPERATIONAL,"Importado desde Google Maps
Tipo: Gimnasio
Dirección: C. Concejal García Feo, 8, 35011 Las Palmas de Gran Canaria, Las Palmas
Google: 5⭐ (10 reseñas)
Web: https://www.epsilonpilates.es/
Maps: https://maps.google.com/?cid=10747980345378796589&g_mp=Cidnb29nbGUubWFwcy5wbGFjZXMudjEuUGxhY2VzLlNlYXJjaFRleHQQAhgEIAA"
cmpd0ctu601zqq1se2do4ffin,Pilates Armonía Studio - Mariana Gonzalez,,690 67 81 85,Pilates Armonía Studio - Mariana Gonzalez,,España,google-maps,atleevoyoga,NUEVO,MEDIA,,,2026-05-19T19:10:27.342Z,2026-05-19T19:10:27.342Z,http://www.pilatesarmonia.com/,"PILATES ARMONÍA STUDIO, C. Castrillo, 51, 35004 Las Palmas de Gran Canaria, Las Palmas",Las Palmas de Gran Canaria,4.9,14,https://maps.google.com/?cid=12520715497211508360&g_mp=Cidnb29nbGUubWFwcy5wbGFjZXMudjEuUGxhY2VzLlNlYXJjaFRleHQQAhgEIAA,gym,OPERATIONAL,"Importado desde Google Maps
Tipo: Gimnasio
Dirección: PILATES ARMONÍA STUDIO, C. Castrillo, 51, 35004 Las Palmas de Gran Canaria, Las Palmas
Google: 4.9⭐ (14 reseñas)
Web: http://www.pilatesarmonia.com/
Maps: https://maps.google.com/?cid=12520715497211508360&g_mp=Cidnb29nbGUubWFwcy5wbGFjZXMudjEuUGxhY2VzLlNlYXJjaFRleHQQAhgEIAA"
cmpd0cu3801zrq1seoh7feznr,"No es Pilates, No es Yoga, Es K-Stretch/Estiramientos Las Palmas",,675 88 49 37,"No es Pilates, No es Yoga, Es K-Stretch/Estiramientos Las Palmas",,España,google-maps,atleevoyoga,NUEVO,MEDIA,,,2026-05-19T19:10:27.668Z,2026-05-19T19:10:27.668Z,http://www.adolfoelmasajista.com/,"C. Hubara, 35018 Las Palmas de Gran Canaria, Las Palmas",Las Palmas de Gran Canaria,5,2,https://maps.google.com/?cid=2439877925152144413&g_mp=Cidnb29nbGUubWFwcy5wbGFjZXMudjEuUGxhY2VzLlNlYXJjaFRleHQQAhgEIAA,wellness_center,OPERATIONAL,"Importado desde Google Maps
Tipo: Centro de salud y bienestar
Dirección: C. Hubara, 35018 Las Palmas de Gran Canaria, Las Palmas
Google: 5⭐ (2 reseñas)
Web: http://www.adolfoelmasajista.com/
Maps: https://maps.google.com/?cid=2439877925152144413&g_mp=Cidnb29nbGUubWFwcy5wbGFjZXMudjEuUGxhY2VzLlNlYXJjaFRleHQQAhgEIAA"
cmpd0cuc601zsq1serwictphi,22Nexus Pilates,,663 38 56 96,22Nexus Pilates,,España,google-maps,atleevoyoga,NUEVO,MEDIA,,,2026-05-19T19:10:27.990Z,2026-05-19T19:10:27.990Z,http://www.22nexuspilates.com/,"C. Galicia, 29, 1ª, Planta Oficina A, 35007 Las Palmas de Gran Canaria, Las Palmas",Las Palmas de Gran Canaria,5,176,https://maps.google.com/?cid=1360242501750994551&g_mp=Cidnb29nbGUubWFwcy5wbGFjZXMudjEuUGxhY2VzLlNlYXJjaFRleHQQAhgEIAA,gym,OPERATIONAL,"Importado desde Google Maps
Tipo: Gimnasio
Dirección: C. Galicia, 29, 1ª, Planta Oficina A, 35007 Las Palmas de Gran Canaria, Las Palmas
Google: 5⭐ (176 reseñas)
Web: http://www.22nexuspilates.com/
Maps: https://maps.google.com/?cid=1360242501750994551&g_mp=Cidnb29nbGUubWFwcy5wbGFjZXMudjEuUGxhY2VzLlNlYXJjaFRleHQQAhgEIAA"
cmpd0cul201ztq1seypgub45q,Asociacion Espacio Vida,,658 93 12 77,Asociacion Espacio Vida,,España,google-maps,atleevoyoga,NUEVO,MEDIA,,,2026-05-19T19:10:28.310Z,2026-05-19T19:10:28.310Z,http://www.asociacionespaciovida.com/,"C. Juan Ramón Jiménez, 43, local 9, 35011 Las Palmas de Gran Canaria, Las Palmas",Las Palmas de Gran Canaria,4.9,52,https://maps.google.com/?cid=3087468671039253089&g_mp=Cidnb29nbGUubWFwcy5wbGFjZXMudjEuUGxhY2VzLlNlYXJjaFRleHQQAhgEIAA,child_care_agency,OPERATIONAL,"Importado desde Google Maps
Tipo: Guardería
Dirección: C. Juan Ramón Jiménez, 43, local 9, 35011 Las Palmas de Gran Canaria, Las Palmas
Google: 4.9⭐ (52 reseñas)
Web: http://www.asociacionespaciovida.com/
Maps: https://maps.google.com/?cid=3087468671039253089&g_mp=Cidnb29nbGUubWFwcy5wbGFjZXMudjEuUGxhY2VzLlNlYXJjaFRleHQQAhgEIAA"
cmpd0cuu501zuq1seue9pvfex,Estudio Triana,,600 55 30 13,Estudio Triana,,España,google-maps,atleevoyoga,NUEVO,MEDIA,,,2026-05-19T19:10:28.637Z,2026-05-19T19:10:28.637Z,http://estudiotriana.es/,"C. Francisco Gourié, 34, local interior 3, 35002 Las Palmas de Gran Canaria, Las Palmas",Las Palmas de Gran Canaria,5,6,https://maps.google.com/?cid=9500043918291080009&g_mp=Cidnb29nbGUubWFwcy5wbGFjZXMudjEuUGxhY2VzLlNlYXJjaFRleHQQAhgEIAA,gym,OPERATIONAL,"Importado desde Google Maps
Tipo: Gimnasio
Dirección: C. Francisco Gourié, 34, local interior 3, 35002 Las Palmas de Gran Canaria, Las Palmas
Google: 5⭐ (6 reseñas)
Web: http://estudiotriana.es/
Maps: https://maps.google.com/?cid=9500043918291080009&g_mp=Cidnb29nbGUubWFwcy5wbGFjZXMudjEuUGxhY2VzLlNlYXJjaFRleHQQAhgEIAA"
cmpd0cv3601zvq1ses0sisk7u,Yoga en Tamaraceite,,603 34 66 21,Yoga en Tamaraceite,,España,google-maps,atleevoyoga,NUEVO,MEDIA,,,2026-05-19T19:10:28.963Z,2026-05-19T19:10:28.963Z,,"Carr. Gral. A Tamaraceite, 182, 35018 Tamaraceite, Las Palmas",Las Palmas de Gran Canaria,5,9,https://maps.google.com/?cid=1043279109424674020&g_mp=Cidnb29nbGUubWFwcy5wbGFjZXMudjEuUGxhY2VzLlNlYXJjaFRleHQQAhgEIAA,,OPERATIONAL,"Importado desde Google Maps
Dirección: Carr. Gral. A Tamaraceite, 182, 35018 Tamaraceite, Las Palmas
Google: 5⭐ (9 reseñas)
Maps: https://maps.google.com/?cid=1043279109424674020&g_mp=Cidnb29nbGUubWFwcy5wbGFjZXMudjEuUGxhY2VzLlNlYXJjaFRleHQQAhgEIAA"
cmpd0cvc901zwq1sesiebe8wy,Pau pilates & you,,655 04 75 86,Pau pilates & you,,España,google-maps,atleevoyoga,NUEVO,MEDIA,,,2026-05-19T19:10:29.289Z,2026-05-19T19:10:29.289Z,https://paupilatesandyou.com/,"C. Fernando Guanarteme, 111, Local F, 35010 Las Palmas de Gran Canaria, Las Palmas",Las Palmas de Gran Canaria,5,120,https://maps.google.com/?cid=10121611399600666204&g_mp=Cidnb29nbGUubWFwcy5wbGFjZXMudjEuUGxhY2VzLlNlYXJjaFRleHQQAhgEIAA,gym,OPERATIONAL,"Importado desde Google Maps
Tipo: Gimnasio
Dirección: C. Fernando Guanarteme, 111, Local F, 35010 Las Palmas de Gran Canaria, Las Palmas
Google: 5⭐ (120 reseñas)
Web: https://paupilatesandyou.com/
Maps: https://maps.google.com/?cid=10121611399600666204&g_mp=Cidnb29nbGUubWFwcy5wbGFjZXMudjEuUGxhY2VzLlNlYXJjaFRleHQQAhgEIAA"
cmpd0cvle01zxq1sezq8ebj7p,"Alena Mauth | Yoga, Coaching & Feminine Embodiment",,,"Alena Mauth | Yoga, Coaching & Feminine Embodiment",,España,google-maps,atleevoyoga,NUEVO,MEDIA,,,2026-05-19T19:10:29.618Z,2026-05-19T19:10:29.618Z,http://alenamauth.com/,"C. el Salvador, 27, 35010 Las Palmas de Gran Canaria, Las Palmas",Las Palmas de Gran Canaria,5,8,https://maps.google.com/?cid=3838532184854756192&g_mp=Cidnb29nbGUubWFwcy5wbGFjZXMudjEuUGxhY2VzLlNlYXJjaFRleHQQAhgEIAA,,OPERATIONAL,"Importado desde Google Maps
Dirección: C. el Salvador, 27, 35010 Las Palmas de Gran Canaria, Las Palmas
Google: 5⭐ (8 reseñas)
Web: http://alenamauth.com/
Maps: https://maps.google.com/?cid=3838532184854756192&g_mp=Cidnb29nbGUubWFwcy5wbGFjZXMudjEuUGxhY2VzLlNlYXJjaFRleHQQAhgEIAA"
cmpd0cvuj01zyq1seaousnqra,Gym kelly,,613 50 81 82,Gym kelly,,España,google-maps,atleevoyoga,NUEVO,MEDIA,,,2026-05-19T19:10:29.947Z,2026-05-19T19:10:29.947Z,,"C. Galo Ponte, 4, 35003 Las Palmas de Gran Canaria, Las Palmas",Las Palmas de Gran Canaria,5,12,https://maps.google.com/?cid=8306382127845504784&g_mp=Cidnb29nbGUubWFwcy5wbGFjZXMudjEuUGxhY2VzLlNlYXJjaFRleHQQAhgEIAA,sports_school,OPERATIONAL,"Importado desde Google Maps
Tipo: Escuela deportiva
Dirección: C. Galo Ponte, 4, 35003 Las Palmas de Gran Canaria, Las Palmas
Google: 5⭐ (12 reseñas)
Maps: https://maps.google.com/?cid=8306382127845504784&g_mp=Cidnb29nbGUubWFwcy5wbGFjZXMudjEuUGxhY2VzLlNlYXJjaFRleHQQAhgEIAA"
cmpd0cw4601zzq1semu95o1jy,Verbena y yoga,,646 24 46 28,Verbena y yoga,,España,google-maps,atleevoyoga,NUEVO,MEDIA,,,2026-05-19T19:10:30.294Z,2026-05-19T19:10:30.294Z,http://verbenayyoga.com/,"P.º de Tomás Morales, 98, sardina del norte, calle los llanos, 2, 35004 Las Palmas de Gran Canaria, Las Palmas",Las Palmas de Gran Canaria,5,4,https://maps.google.com/?cid=636957109557069969&g_mp=Cidnb29nbGUubWFwcy5wbGFjZXMudjEuUGxhY2VzLlNlYXJjaFRleHQQAhgEIAA,,OPERATIONAL,"Importado desde Google Maps
Dirección: P.º de Tomás Morales, 98, sardina del norte, calle los llanos, 2, 35004 Las Palmas de Gran Canaria, Las Palmas
Google: 5⭐ (4 reseñas)
Web: http://verbenayyoga.com/
Maps: https://maps.google.com/?cid=636957109557069969&g_mp=Cidnb29nbGUubWFwcy5wbGFjZXMudjEuUGxhY2VzLlNlYXJjaFRleHQQAhgEIAA"
cmpd0cz7o0200q1sec0c5i89v,ASOC ASHTANGA VINYASA YOGA CANARIAS,,616 08 45 64,ASOC ASHTANGA VINYASA YOGA CANARIAS,,España,google-maps,atleevoyoga,NUEVO,MEDIA,,,2026-05-19T19:10:34.308Z,2026-05-19T19:10:34.308Z,http://www.ashtangacanarias.com/,"Calle Travieso, Calle Triana, 10, 1ª Planta, 35002 Las Palmas de Gran Canaria, Las Palmas",Las Palmas de Gran Canaria,,,https://maps.google.com/?cid=3809346493316909734&g_mp=Cidnb29nbGUubWFwcy5wbGFjZXMudjEuUGxhY2VzLlNlYXJjaFRleHQQAhgEIAA,yoga_studio,OPERATIONAL,"Importado desde Google Maps
Tipo: Centro de yoga
Dirección: Calle Travieso, Calle Triana, 10, 1ª Planta, 35002 Las Palmas de Gran Canaria, Las Palmas
Web: http://www.ashtangacanarias.com/
Maps: https://maps.google.com/?cid=3809346493316909734&g_mp=Cidnb29nbGUubWFwcy5wbGFjZXMudjEuUGxhY2VzLlNlYXJjaFRleHQQAhgEIAA"
cmpd0d1ss0201q1seck73yw0a,Prana Escuela De Yoga,,639 52 09 52,Prana Escuela De Yoga,,España,google-maps,atleevoyoga,NUEVO,MEDIA,,,2026-05-19T19:10:37.660Z,2026-05-19T19:10:37.660Z,http://www.pranaescueladeyoga.com/,"C. Segura, 21, 03004 Alicante",Alicante,4.9,72,https://maps.google.com/?cid=14173752958463854876&g_mp=Cidnb29nbGUubWFwcy5wbGFjZXMudjEuUGxhY2VzLlNlYXJjaFRleHQQAhgEIAA,yoga_studio,OPERATIONAL,"Importado desde Google Maps
Tipo: Centro de yoga
Dirección: C. Segura, 21, 03004 Alicante
Google: 4.9⭐ (72 reseñas)
Web: http://www.pranaescueladeyoga.com/
Maps: https://maps.google.com/?cid=14173752958463854876&g_mp=Cidnb29nbGUubWFwcy5wbGFjZXMudjEuUGxhY2VzLlNlYXJjaFRleHQQAhgEIAA"
cmpd0d2220202q1sebcnvkeyf,Beyoga Alicante,,,Beyoga Alicante,,España,google-maps,atleevoyoga,NUEVO,MEDIA,,,2026-05-19T19:10:37.995Z,2026-05-19T19:10:37.995Z,https://www.wearebeyoga.com/,"Carrer Poeta Campos Vasallo, 38, 03004 Alacant, Alicante",Alicante,5,69,https://maps.google.com/?cid=9878683535712373720&g_mp=Cidnb29nbGUubWFwcy5wbGFjZXMudjEuUGxhY2VzLlNlYXJjaFRleHQQAhgEIAA,yoga_studio,OPERATIONAL,"Importado desde Google Maps
Tipo: Centro de yoga
Dirección: Carrer Poeta Campos Vasallo, 38, 03004 Alacant, Alicante
Google: 5⭐ (69 reseñas)
Web: https://www.wearebeyoga.com/
Maps: https://maps.google.com/?cid=9878683535712373720&g_mp=Cidnb29nbGUubWFwcy5wbGFjZXMudjEuUGxhY2VzLlNlYXJjaFRleHQQAhgEIAA"
cmpd0d2b50203q1se8eot2cb5,Yoga Sade Studio,,614 84 41 58,Yoga Sade Studio,,España,google-maps,atleevoyoga,NUEVO,MEDIA,,,2026-05-19T19:10:38.322Z,2026-05-19T19:10:38.322Z,https://www.yogasade.es/,"Carrer del Regidor Lorenzo Llaneras, 9, 03005 Alacant, Alicante",Alicante,5,33,https://maps.google.com/?cid=2010126831950263881&g_mp=Cidnb29nbGUubWFwcy5wbGFjZXMudjEuUGxhY2VzLlNlYXJjaFRleHQQAhgEIAA,yoga_studio,OPERATIONAL,"Importado desde Google Maps
Tipo: Centro de yoga
Dirección: Carrer del Regidor Lorenzo Llaneras, 9, 03005 Alacant, Alicante
Google: 5⭐ (33 reseñas)
Web: https://www.yogasade.es/
Maps: https://maps.google.com/?cid=2010126831950263881&g_mp=Cidnb29nbGUubWFwcy5wbGFjZXMudjEuUGxhY2VzLlNlYXJjaFRleHQQAhgEIAA"
cmpd0d2ku0204q1sevzwokttj,Yoga Espacio Vital Alicante,,647 83 34 70,Yoga Espacio Vital Alicante,,España,google-maps,atleevoyoga,NUEVO,MEDIA,,,2026-05-19T19:10:38.671Z,2026-05-19T19:10:38.671Z,http://www.yogaespaciovital.com/,"Pl. de la Misericordia, 9, 03004 Alicante",Alicante,5,94,https://maps.google.com/?cid=4329148710249447895&g_mp=Cidnb29nbGUubWFwcy5wbGFjZXMudjEuUGxhY2VzLlNlYXJjaFRleHQQAhgEIAA,yoga_studio,OPERATIONAL,"Importado desde Google Maps
Tipo: Centro de yoga
Dirección: Pl. de la Misericordia, 9, 03004 Alicante
Google: 5⭐ (94 reseñas)
Web: http://www.yogaespaciovital.com/
Maps: https://maps.google.com/?cid=4329148710249447895&g_mp=Cidnb29nbGUubWFwcy5wbGFjZXMudjEuUGxhY2VzLlNlYXJjaFRleHQQAhgEIAA"
cmpd0d2tr0205q1se928vxbdq,Azucena Molina Yoga & Terapia,,655 12 39 93,Azucena Molina Yoga & Terapia,,España,google-maps,atleevoyoga,NUEVO,MEDIA,,,2026-05-19T19:10:38.992Z,2026-05-19T19:10:38.992Z,https://azucenamolinayoga.es/tu-escuela-azucena-molina/,"Carrer Polop, 24, 03015 Alacant, Alicante",Alicante,5,72,https://maps.google.com/?cid=7010970512603271708&g_mp=Cidnb29nbGUubWFwcy5wbGFjZXMudjEuUGxhY2VzLlNlYXJjaFRleHQQAhgEIAA,yoga_studio,OPERATIONAL,"Importado desde Google Maps
Tipo: Centro de yoga
Dirección: Carrer Polop, 24, 03015 Alacant, Alicante
Google: 5⭐ (72 reseñas)
Web: https://azucenamolinayoga.es/tu-escuela-azucena-molina/
Maps: https://maps.google.com/?cid=7010970512603271708&g_mp=Cidnb29nbGUubWFwcy5wbGFjZXMudjEuUGxhY2VzLlNlYXJjaFRleHQQAhgEIAA"
cmpd0d3330206q1sez66gwvni,on relajación,,605 05 23 01,on relajación,,España,google-maps,atleevoyoga,NUEVO,MEDIA,,,2026-05-19T19:10:39.328Z,2026-05-19T19:10:39.328Z,http://onrelajacion.com/,"Avinguda Goleta, 11, 03540 Alacant, Alicante",Alicante,5,86,https://maps.google.com/?cid=18206046882320553391&g_mp=Cidnb29nbGUubWFwcy5wbGFjZXMudjEuUGxhY2VzLlNlYXJjaFRleHQQAhgEIAA,yoga_studio,OPERATIONAL,"Importado desde Google Maps
Tipo: Centro de yoga
Dirección: Avinguda Goleta, 11, 03540 Alacant, Alicante
Google: 5⭐ (86 reseñas)
Web: http://onrelajacion.com/
Maps: https://maps.google.com/?cid=18206046882320553391&g_mp=Cidnb29nbGUubWFwcy5wbGFjZXMudjEuUGxhY2VzLlNlYXJjaFRleHQQAhgEIAA"
cmpd0d3de0207q1seiqbiia0m,Vibra Yoga Studio,,611 89 68 00,Vibra Yoga Studio,,España,google-maps,atleevoyoga,NUEVO,MEDIA,,,2026-05-19T19:10:39.698Z,2026-05-19T19:10:39.698Z,https://www.vibrayogastudio.com/,"Av. Juan Sanchis Candela, 22, 03015 Alicante",Alicante,5,144,https://maps.google.com/?cid=9171161274885215214&g_mp=Cidnb29nbGUubWFwcy5wbGFjZXMudjEuUGxhY2VzLlNlYXJjaFRleHQQAhgEIAA,yoga_studio,OPERATIONAL,"Importado desde Google Maps
Tipo: Centro de yoga
Dirección: Av. Juan Sanchis Candela, 22, 03015 Alicante
Google: 5⭐ (144 reseñas)
Web: https://www.vibrayogastudio.com/
Maps: https://maps.google.com/?cid=9171161274885215214&g_mp=Cidnb29nbGUubWFwcy5wbGFjZXMudjEuUGxhY2VzLlNlYXJjaFRleHQQAhgEIAA"
cmpd0d3mo0208q1sebpz7dehn,Esencial · YOGA Rambla Alicante,,722 75 50 55,Esencial · YOGA Rambla Alicante,,España,google-maps,atleevoyoga,NUEVO,MEDIA,,,2026-05-19T19:10:40.032Z,2026-05-19T19:10:40.032Z,http://www.esencialyoga.es/,"Rbla. de Méndez Núñez, 40, 03002 Alicante",Alicante,4.9,38,https://maps.google.com/?cid=1299824042827952650&g_mp=Cidnb29nbGUubWFwcy5wbGFjZXMudjEuUGxhY2VzLlNlYXJjaFRleHQQAhgEIAA,yoga_studio,OPERATIONAL,"Importado desde Google Maps
Tipo: Centro de yoga
Dirección: Rbla. de Méndez Núñez, 40, 03002 Alicante
Google: 4.9⭐ (38 reseñas)
Web: http://www.esencialyoga.es/
Maps: https://maps.google.com/?cid=1299824042827952650&g_mp=Cidnb29nbGUubWFwcy5wbGFjZXMudjEuUGxhY2VzLlNlYXJjaFRleHQQAhgEIAA"
cmpd0d3vy0209q1sexlcbhqr6,Nurma Studio Yoga y Pilates,,659 24 98 72,Nurma Studio Yoga y Pilates,,España,google-maps,atleevoyoga,NUEVO,MEDIA,,,2026-05-19T19:10:40.366Z,2026-05-19T19:10:40.366Z,https://www.nurmastudio.com/,"Carrer de la Era, 1, 03008 Alacant, Alicante",Alicante,4.9,33,https://maps.google.com/?cid=6885039968266143824&g_mp=Cidnb29nbGUubWFwcy5wbGFjZXMudjEuUGxhY2VzLlNlYXJjaFRleHQQAhgEIAA,yoga_studio,OPERATIONAL,"Importado desde Google Maps
Tipo: Centro de yoga
Dirección: Carrer de la Era, 1, 03008 Alacant, Alicante
Google: 4.9⭐ (33 reseñas)
Web: https://www.nurmastudio.com/
Maps: https://maps.google.com/?cid=6885039968266143824&g_mp=Cidnb29nbGUubWFwcy5wbGFjZXMudjEuUGxhY2VzLlNlYXJjaFRleHQQAhgEIAA"
cmpd0d453020aq1se6q86ts55,Dayananda Yoga,,682 75 66 33,Dayananda Yoga,,España,google-maps,atleevoyoga,NUEVO,MEDIA,,,2026-05-19T19:10:40.696Z,2026-05-19T19:10:40.696Z,https://dayananda.es/,"C. Castaños, 37, 5 g, 03001 Alicante",Alicante,4.9,35,https://maps.google.com/?cid=13459830623446696049&g_mp=Cidnb29nbGUubWFwcy5wbGFjZXMudjEuUGxhY2VzLlNlYXJjaFRleHQQAhgEIAA,yoga_studio,OPERATIONAL,"Importado desde Google Maps
Tipo: Centro de yoga
Dirección: C. Castaños, 37, 5 g, 03001 Alicante
Google: 4.9⭐ (35 reseñas)
Web: https://dayananda.es/
Maps: https://maps.google.com/?cid=13459830623446696049&g_mp=Cidnb29nbGUubWFwcy5wbGFjZXMudjEuUGxhY2VzLlNlYXJjaFRleHQQAhgEIAA"
cmpd0d4ea020bq1seqhksf4jr,LIFE Hot Yoga Alicante,,966 27 54 80,LIFE Hot Yoga Alicante,,España,google-maps,atleevoyoga,NUEVO,MEDIA,,,2026-05-19T19:10:41.026Z,2026-05-19T19:10:41.026Z,http://www.lifealicante.com/,"Lo Gozo, Av. del Locutor Vicente Hipólito, 39, 03540 Alicante",Alicante,4.9,78,https://maps.google.com/?cid=12404715944906129529&g_mp=Cidnb29nbGUubWFwcy5wbGFjZXMudjEuUGxhY2VzLlNlYXJjaFRleHQQAhgEIAA,yoga_studio,OPERATIONAL,"Importado desde Google Maps
Tipo: Centro de yoga
Dirección: Lo Gozo, Av. del Locutor Vicente Hipólito, 39, 03540 Alicante
Google: 4.9⭐ (78 reseñas)
Web: http://www.lifealicante.com/
Maps: https://maps.google.com/?cid=12404715944906129529&g_mp=Cidnb29nbGUubWFwcy5wbGFjZXMudjEuUGxhY2VzLlNlYXJjaFRleHQQAhgEIAA"
cmpd0d4nc020cq1se2key282p,Konasana Alicante,,605 23 82 68,Konasana Alicante,,España,google-maps,atleevoyoga,NUEVO,MEDIA,,,2026-05-19T19:10:41.352Z,2026-05-19T19:10:41.352Z,,"C. la Asunción, 7, 03005 Alicante",Alicante,5,34,https://maps.google.com/?cid=15689512931653686594&g_mp=Cidnb29nbGUubWFwcy5wbGFjZXMudjEuUGxhY2VzLlNlYXJjaFRleHQQAhgEIAA,yoga_studio,OPERATIONAL,"Importado desde Google Maps
Tipo: Centro de yoga
Dirección: C. la Asunción, 7, 03005 Alicante
Google: 5⭐ (34 reseñas)
Maps: https://maps.google.com/?cid=15689512931653686594&g_mp=Cidnb29nbGUubWFwcy5wbGFjZXMudjEuUGxhY2VzLlNlYXJjaFRleHQQAhgEIAA"
cmpd0d4wl020dq1se1n4v5b1m,Centro de Yoga Oasis,,634 37 09 39,Centro de Yoga Oasis,,España,google-maps,atleevoyoga,NUEVO,MEDIA,,,2026-05-19T19:10:41.685Z,2026-05-19T19:10:41.685Z,http://www.yogaoasis.es/,"Calle Pintor Cabrera, 22 Escalera B, 4º D, 03003 Alicante",Alicante,4.7,29,https://maps.google.com/?cid=8535067396042854889&g_mp=Cidnb29nbGUubWFwcy5wbGFjZXMudjEuUGxhY2VzLlNlYXJjaFRleHQQAhgEIAA,yoga_studio,OPERATIONAL,"Importado desde Google Maps
Tipo: Centro de yoga
Dirección: Calle Pintor Cabrera, 22 Escalera B, 4º D, 03003 Alicante
Google: 4.7⭐ (29 reseñas)
Web: http://www.yogaoasis.es/
Maps: https://maps.google.com/?cid=8535067396042854889&g_mp=Cidnb29nbGUubWFwcy5wbGFjZXMudjEuUGxhY2VzLlNlYXJjaFRleHQQAhgEIAA"
cmpd0d56a020eq1se4424zcmq,Centro Yoga - Om Tare Maria,,670 37 49 61,Centro Yoga - Om Tare Maria,,España,google-maps,atleevoyoga,NUEVO,MEDIA,,,2026-05-19T19:10:42.034Z,2026-05-19T19:10:42.034Z,http://www.omtare.es/,"Carrer del Doctor Recasens, 56, 03009 Alacant, Alicante",Alicante,5,46,https://maps.google.com/?cid=11035403841742622923&g_mp=Cidnb29nbGUubWFwcy5wbGFjZXMudjEuUGxhY2VzLlNlYXJjaFRleHQQAhgEIAA,yoga_studio,OPERATIONAL,"Importado desde Google Maps
Tipo: Centro de yoga
Dirección: Carrer del Doctor Recasens, 56, 03009 Alacant, Alicante
Google: 5⭐ (46 reseñas)
Web: http://www.omtare.es/
Maps: https://maps.google.com/?cid=11035403841742622923&g_mp=Cidnb29nbGUubWFwcy5wbGFjZXMudjEuUGxhY2VzLlNlYXJjaFRleHQQAhgEIAA"
cmpd0d5fb020fq1sexyp7uuxx,iTRAINING - ALICANTE PAU 1 - YOGA & BARRE,,613 82 57 77,iTRAINING - ALICANTE PAU 1 - YOGA & BARRE,,España,google-maps,atleevoyoga,NUEVO,MEDIA,,,2026-05-19T19:10:42.359Z,2026-05-19T19:10:42.359Z,http://itraining.es/,"C. Médico José Maroto, 03005 Alicante",Alicante,5,39,https://maps.google.com/?cid=8037397544455007861&g_mp=Cidnb29nbGUubWFwcy5wbGFjZXMudjEuUGxhY2VzLlNlYXJjaFRleHQQAhgEIAA,yoga_studio,OPERATIONAL,"Importado desde Google Maps
Tipo: Centro de yoga
Dirección: C. Médico José Maroto, 03005 Alicante
Google: 5⭐ (39 reseñas)
Web: http://itraining.es/
Maps: https://maps.google.com/?cid=8037397544455007861&g_mp=Cidnb29nbGUubWFwcy5wbGFjZXMudjEuUGxhY2VzLlNlYXJjaFRleHQQAhgEIAA"
cmpd0d5oi020gq1seg7baji5u,Ashtanga Yoga Alicante,,685 25 50 73,Ashtanga Yoga Alicante,,España,google-maps,atleevoyoga,NUEVO,MEDIA,,,2026-05-19T19:10:42.690Z,2026-05-19T19:10:42.690Z,https://ashtangayogalicante.com/,"C/ Britania, 38, 03540 Alacant, Alicante",Alicante,5,26,https://maps.google.com/?cid=14281987168803397553&g_mp=Cidnb29nbGUubWFwcy5wbGFjZXMudjEuUGxhY2VzLlNlYXJjaFRleHQQAhgEIAA,yoga_studio,OPERATIONAL,"Importado desde Google Maps
Tipo: Centro de yoga
Dirección: C/ Britania, 38, 03540 Alacant, Alicante
Google: 5⭐ (26 reseñas)
Web: https://ashtangayogalicante.com/
Maps: https://maps.google.com/?cid=14281987168803397553&g_mp=Cidnb29nbGUubWFwcy5wbGFjZXMudjEuUGxhY2VzLlNlYXJjaFRleHQQAhgEIAA"
cmpd0d5xj020hq1seioisxufl,Intuyo estudio de Yoga y Arte,,614 09 52 05,Intuyo estudio de Yoga y Arte,,España,google-maps,atleevoyoga,NUEVO,MEDIA,,,2026-05-19T19:10:43.016Z,2026-05-19T19:10:43.016Z,,"C. Francisco Carratalá Cernuda, 30, Bajo izq, 03010 Alicante",Alicante,5,3,https://maps.google.com/?cid=18111008007434273757&g_mp=Cidnb29nbGUubWFwcy5wbGFjZXMudjEuUGxhY2VzLlNlYXJjaFRleHQQAhgEIAA,yoga_studio,OPERATIONAL,"Importado desde Google Maps
Tipo: Centro de yoga
Dirección: C. Francisco Carratalá Cernuda, 30, Bajo izq, 03010 Alicante
Google: 5⭐ (3 reseñas)
Maps: https://maps.google.com/?cid=18111008007434273757&g_mp=Cidnb29nbGUubWFwcy5wbGFjZXMudjEuUGxhY2VzLlNlYXJjaFRleHQQAhgEIAA"
cmpd0d66w020iq1sevsk4rxpx,MaYteYoga - Playa de San Juan,,678 08 01 84,MaYteYoga - Playa de San Juan,,España,google-maps,atleevoyoga,NUEVO,MEDIA,,,2026-05-19T19:10:43.353Z,2026-05-19T19:10:43.353Z,https://www.mayteyogaplayasanjuan.com/,"Av. Goleta, 19, Local 5, 03540 Alicante",Alicante,5,28,https://maps.google.com/?cid=13143879412360801460&g_mp=Cidnb29nbGUubWFwcy5wbGFjZXMudjEuUGxhY2VzLlNlYXJjaFRleHQQAhgEIAA,yoga_studio,OPERATIONAL,"Importado desde Google Maps
Tipo: Centro de yoga
Dirección: Av. Goleta, 19, Local 5, 03540 Alicante
Google: 5⭐ (28 reseñas)
Web: https://www.mayteyogaplayasanjuan.com/
Maps: https://maps.google.com/?cid=13143879412360801460&g_mp=Cidnb29nbGUubWFwcy5wbGFjZXMudjEuUGxhY2VzLlNlYXJjaFRleHQQAhgEIAA"
cmpd0d6g5020jq1sejqoq9pmd,MasQi Yoga & Wellness - Alicante,,722 58 20 89,MasQi Yoga & Wellness - Alicante,,España,google-maps,atleevoyoga,NUEVO,MEDIA,,,2026-05-19T19:10:43.685Z,2026-05-19T19:10:43.685Z,https://www.masqialicante.com/clases,"C. Susana Llaneras, 58, 03001 Alicante",Alicante,5,5,https://maps.google.com/?cid=17038950416400851159&g_mp=Cidnb29nbGUubWFwcy5wbGFjZXMudjEuUGxhY2VzLlNlYXJjaFRleHQQAhgEIAA,wellness_center,OPERATIONAL,"Importado desde Google Maps
Tipo: Centro de salud y bienestar
Dirección: C. Susana Llaneras, 58, 03001 Alicante
Google: 5⭐ (5 reseñas)
Web: https://www.masqialicante.com/clases
Maps: https://maps.google.com/?cid=17038950416400851159&g_mp=Cidnb29nbGUubWFwcy5wbGFjZXMudjEuUGxhY2VzLlNlYXJjaFRleHQQAhgEIAA"
cmpd0d6p6020kq1sepueogjfu,Retiros Holísticos Púrpura Project,,627 44 53 89,Retiros Holísticos Púrpura Project,,España,google-maps,atleevoyoga,NUEVO,MEDIA,,,2026-05-19T19:10:44.011Z,2026-05-19T19:10:44.011Z,,"Av. Maisonnave, 33, 03003 Alicante",Alicante,5,16,https://maps.google.com/?cid=13510141911120514936&g_mp=Cidnb29nbGUubWFwcy5wbGFjZXMudjEuUGxhY2VzLlNlYXJjaFRleHQQAhgEIAA,yoga_studio,OPERATIONAL,"Importado desde Google Maps
Tipo: Centro de yoga
Dirección: Av. Maisonnave, 33, 03003 Alicante
Google: 5⭐ (16 reseñas)
Maps: https://maps.google.com/?cid=13510141911120514936&g_mp=Cidnb29nbGUubWFwcy5wbGFjZXMudjEuUGxhY2VzLlNlYXJjaFRleHQQAhgEIAA"
cmpd0d6yb020lq1selcu4ksvo,Centro de Hipnosis en Alicante Samandi®,,966 10 58 77,Centro de Hipnosis en Alicante Samandi®,,España,google-maps,atleevoyoga,NUEVO,MEDIA,,,2026-05-19T19:10:44.339Z,2026-05-19T19:10:44.339Z,https://www.samandi.es/hipnosis-alicante,"C. del Alcalde José Luis Lassaletta, 17, local 8, 03008 Alicante",Alicante,4.9,58,https://maps.google.com/?cid=10826942868288060649&g_mp=Cidnb29nbGUubWFwcy5wbGFjZXMudjEuUGxhY2VzLlNlYXJjaFRleHQQAhgEIAA,service,OPERATIONAL,"Importado desde Google Maps
Tipo: Servicios
Dirección: C. del Alcalde José Luis Lassaletta, 17, local 8, 03008 Alicante
Google: 4.9⭐ (58 reseñas)
Web: https://www.samandi.es/hipnosis-alicante
Maps: https://maps.google.com/?cid=10826942868288060649&g_mp=Cidnb29nbGUubWFwcy5wbGFjZXMudjEuUGxhY2VzLlNlYXJjaFRleHQQAhgEIAA"
cmpd0d7ho020mq1se0gokvpca,AKASHA OM YOGA,,633 47 07 43,AKASHA OM YOGA,,España,google-maps,atleevoyoga,NUEVO,MEDIA,,,2026-05-19T19:10:45.037Z,2026-05-19T19:10:45.037Z,http://www.akashaomyoga.com/,03540 Alicante,Alicante,5,51,https://maps.google.com/?cid=9379461873497421126&g_mp=Cidnb29nbGUubWFwcy5wbGFjZXMudjEuUGxhY2VzLlNlYXJjaFRleHQQAhgEIAA,yoga_studio,OPERATIONAL,"Importado desde Google Maps
Tipo: Centro de yoga
Dirección: 03540 Alicante
Google: 5⭐ (51 reseñas)
Web: http://www.akashaomyoga.com/
Maps: https://maps.google.com/?cid=9379461873497421126&g_mp=Cidnb29nbGUubWFwcy5wbGFjZXMudjEuUGxhY2VzLlNlYXJjaFRleHQQAhgEIAA"
cmpd0d7qv020nq1se00w7kprr,Marta Martín Estudio,,607 20 33 23,Marta Martín Estudio,,España,google-maps,atleevoyoga,NUEVO,MEDIA,,,2026-05-19T19:10:45.367Z,2026-05-19T19:10:45.367Z,https://martamartinestudio.com/,"Carrer de la Badia, 19, 03008 Alacant, Alicante",Alicante,5,51,https://maps.google.com/?cid=17541450827917280477&g_mp=Cidnb29nbGUubWFwcy5wbGFjZXMudjEuUGxhY2VzLlNlYXJjaFRleHQQAhgEIAA,gym,OPERATIONAL,"Importado desde Google Maps
Tipo: Gimnasio
Dirección: Carrer de la Badia, 19, 03008 Alacant, Alicante
Google: 5⭐ (51 reseñas)
Web: https://martamartinestudio.com/
Maps: https://maps.google.com/?cid=17541450827917280477&g_mp=Cidnb29nbGUubWFwcy5wbGFjZXMudjEuUGxhY2VzLlNlYXJjaFRleHQQAhgEIAA"
cmpd0d80a020oq1seqzwmbcn7,LOS COLORES DEL ALMA,,604 88 42 38,LOS COLORES DEL ALMA,,España,google-maps,atleevoyoga,NUEVO,MEDIA,,,2026-05-19T19:10:45.707Z,2026-05-19T19:10:45.707Z,http://www.loscoloresdelalma.com/,"C. Médico Vicente Reyes, 61C, 03015 Alicante",Alicante,5,170,https://maps.google.com/?cid=72272884436304068&g_mp=Cidnb29nbGUubWFwcy5wbGFjZXMudjEuUGxhY2VzLlNlYXJjaFRleHQQAhgEIAA,wellness_center,OPERATIONAL,"Importado desde Google Maps
Tipo: Centro de salud y bienestar
Dirección: C. Médico Vicente Reyes, 61C, 03015 Alicante
Google: 5⭐ (170 reseñas)
Web: http://www.loscoloresdelalma.com/
Maps: https://maps.google.com/?cid=72272884436304068&g_mp=Cidnb29nbGUubWFwcy5wbGFjZXMudjEuUGxhY2VzLlNlYXJjaFRleHQQAhgEIAA"
cmpd0d892020pq1se36p39wf3,NC Pilates & Yoga,,664 53 66 05,NC Pilates & Yoga,,España,google-maps,atleevoyoga,NUEVO,MEDIA,,,2026-05-19T19:10:46.023Z,2026-05-19T19:10:46.023Z,https://www.ncpilatesbalance.es/,"Carrer Berenguer de Marquina, 16, 03004 Alacant, Alicante",Alicante,5,12,https://maps.google.com/?cid=18362361055192738358&g_mp=Cidnb29nbGUubWFwcy5wbGFjZXMudjEuUGxhY2VzLlNlYXJjaFRleHQQAhgEIAA,gym,OPERATIONAL,"Importado desde Google Maps
Tipo: Gimnasio
Dirección: Carrer Berenguer de Marquina, 16, 03004 Alacant, Alicante
Google: 5⭐ (12 reseñas)
Web: https://www.ncpilatesbalance.es/
Maps: https://maps.google.com/?cid=18362361055192738358&g_mp=Cidnb29nbGUubWFwcy5wbGFjZXMudjEuUGxhY2VzLlNlYXJjaFRleHQQAhgEIAA"
cmpd0d8ii020qq1sehbimzlqz,"Friday Beach Yoga at Postiguet Beach, Alicante | Inspire Altea",,06 07 42 58 97,"Friday Beach Yoga at Postiguet Beach, Alicante | Inspire Altea",,España,google-maps,atleevoyoga,NUEVO,MEDIA,,,2026-05-19T19:10:46.363Z,2026-05-19T19:10:46.363Z,https://www.inspirealtea.com/es/yoga-en-altea/,"Ensanche Diputación, 03002 Alicante",Alicante,5,4,https://maps.google.com/?cid=2938078127002784468&g_mp=Cidnb29nbGUubWFwcy5wbGFjZXMudjEuUGxhY2VzLlNlYXJjaFRleHQQAhgEIAA,,OPERATIONAL,"Importado desde Google Maps
Dirección: Ensanche Diputación, 03002 Alicante
Google: 5⭐ (4 reseñas)
Web: https://www.inspirealtea.com/es/yoga-en-altea/
Maps: https://maps.google.com/?cid=2938078127002784468&g_mp=Cidnb29nbGUubWFwcy5wbGFjZXMudjEuUGxhY2VzLlNlYXJjaFRleHQQAhgEIAA"
cmpd0d8rk020rq1se0rd132bd,AYBAYOGA - Escuela de Yoga,,608 91 08 53,AYBAYOGA - Escuela de Yoga,,España,google-maps,atleevoyoga,NUEVO,MEDIA,,,2026-05-19T19:10:46.689Z,2026-05-19T19:10:46.689Z,https://aybayoga.com/es/inicio/,"Av. Jaime I el Conquistador, 102, 03560 Alicante",Alicante,5,26,https://maps.google.com/?cid=18114194120798247363&g_mp=Cidnb29nbGUubWFwcy5wbGFjZXMudjEuUGxhY2VzLlNlYXJjaFRleHQQAhgEIAA,wellness_center,OPERATIONAL,"Importado desde Google Maps
Tipo: Centro de salud y bienestar
Dirección: Av. Jaime I el Conquistador, 102, 03560 Alicante
Google: 5⭐ (26 reseñas)
Web: https://aybayoga.com/es/inicio/
Maps: https://maps.google.com/?cid=18114194120798247363&g_mp=Cidnb29nbGUubWFwcy5wbGFjZXMudjEuUGxhY2VzLlNlYXJjaFRleHQQAhgEIAA"
cmpd0d90o020sq1seunoliedt,BYBO STUDIOS,,666 03 09 36,BYBO STUDIOS,,España,google-maps,atleevoyoga,NUEVO,MEDIA,,,2026-05-19T19:10:47.016Z,2026-05-19T19:10:47.016Z,https://www.bybostudios.com/,"C/ Britania, 38, 03540 Alacant, Alicante",Alicante,4.9,74,https://maps.google.com/?cid=13858378147809947010&g_mp=Cidnb29nbGUubWFwcy5wbGFjZXMudjEuUGxhY2VzLlNlYXJjaFRleHQQAhgEIAA,gym,OPERATIONAL,"Importado desde Google Maps
Tipo: Gimnasio
Dirección: C/ Britania, 38, 03540 Alacant, Alicante
Google: 4.9⭐ (74 reseñas)
Web: https://www.bybostudios.com/
Maps: https://maps.google.com/?cid=13858378147809947010&g_mp=Cidnb29nbGUubWFwcy5wbGFjZXMudjEuUGxhY2VzLlNlYXJjaFRleHQQAhgEIAA"
cmpd0d99v020tq1se08hwva5b,Mar en calma Yoga,,659 59 51 60,Mar en calma Yoga,,España,google-maps,atleevoyoga,NUEVO,MEDIA,,,2026-05-19T19:10:47.347Z,2026-05-19T19:10:47.347Z,http://www.marencalmayoga.es/,"Av. Jaime I el Conquistador, 101, 03560 El Campello, Alicante",Alicante,4.9,14,https://maps.google.com/?cid=1235885948813387963&g_mp=Cidnb29nbGUubWFwcy5wbGFjZXMudjEuUGxhY2VzLlNlYXJjaFRleHQQAhgEIAA,yoga_studio,OPERATIONAL,"Importado desde Google Maps
Tipo: Centro de yoga
Dirección: Av. Jaime I el Conquistador, 101, 03560 El Campello, Alicante
Google: 4.9⭐ (14 reseñas)
Web: http://www.marencalmayoga.es/
Maps: https://maps.google.com/?cid=1235885948813387963&g_mp=Cidnb29nbGUubWFwcy5wbGFjZXMudjEuUGxhY2VzLlNlYXJjaFRleHQQAhgEIAA"
cmpd0d9iv020uq1se051i10lf,Carmen Yoga y Maternidad,,644 36 52 14,Carmen Yoga y Maternidad,,España,google-maps,atleevoyoga,NUEVO,MEDIA,,,2026-05-19T19:10:47.672Z,2026-05-19T19:10:47.672Z,http://www.carmenyogaymaternidad.es/,"C. Argentina, 3, 03690 San Vicente del Raspeig, Alicante",Alicante,4.9,74,https://maps.google.com/?cid=13201076408449456046&g_mp=Cidnb29nbGUubWFwcy5wbGFjZXMudjEuUGxhY2VzLlNlYXJjaFRleHQQAhgEIAA,yoga_studio,OPERATIONAL,"Importado desde Google Maps
Tipo: Centro de yoga
Dirección: C. Argentina, 3, 03690 San Vicente del Raspeig, Alicante
Google: 4.9⭐ (74 reseñas)
Web: http://www.carmenyogaymaternidad.es/
Maps: https://maps.google.com/?cid=13201076408449456046&g_mp=Cidnb29nbGUubWFwcy5wbGFjZXMudjEuUGxhY2VzLlNlYXJjaFRleHQQAhgEIAA"
cmpd0d9rz020vq1sez4u532ai,EL MUNDO DE MUNANA,,664 49 32 61,EL MUNDO DE MUNANA,,España,google-maps,atleevoyoga,NUEVO,MEDIA,,,2026-05-19T19:10:47.999Z,2026-05-19T19:10:47.999Z,http://mundomunana.es/,"Carrer Pintor el Greco, 2, Local 2, 03110 Mutxamel, Alicante",Alicante,4.9,54,https://maps.google.com/?cid=16685655484454395314&g_mp=Cidnb29nbGUubWFwcy5wbGFjZXMudjEuUGxhY2VzLlNlYXJjaFRleHQQAhgEIAA,yoga_studio,OPERATIONAL,"Importado desde Google Maps
Tipo: Centro de yoga
Dirección: Carrer Pintor el Greco, 2, Local 2, 03110 Mutxamel, Alicante
Google: 4.9⭐ (54 reseñas)
Web: http://mundomunana.es/
Maps: https://maps.google.com/?cid=16685655484454395314&g_mp=Cidnb29nbGUubWFwcy5wbGFjZXMudjEuUGxhY2VzLlNlYXJjaFRleHQQAhgEIAA"
cmpd0da13020wq1se1kd471g1,Yoga para embarazadas - Yoga con bebés - Vanessa Asanas,,965 22 69 97,Yoga para embarazadas - Yoga con bebés - Vanessa Asanas,,España,google-maps,atleevoyoga,NUEVO,MEDIA,,,2026-05-19T19:10:48.328Z,2026-05-19T19:10:48.328Z,,"Av. Maisonnave, 33, Portal 3. Piso 3A, 03003 Alicante",Alicante,5,33,https://maps.google.com/?cid=8589635633109383176&g_mp=Cidnb29nbGUubWFwcy5wbGFjZXMudjEuUGxhY2VzLlNlYXJjaFRleHQQAhgEIAA,,OPERATIONAL,"Importado desde Google Maps
Dirección: Av. Maisonnave, 33, Portal 3. Piso 3A, 03003 Alicante
Google: 5⭐ (33 reseñas)
Maps: https://maps.google.com/?cid=8589635633109383176&g_mp=Cidnb29nbGUubWFwcy5wbGFjZXMudjEuUGxhY2VzLlNlYXJjaFRleHQQAhgEIAA"
cmpd0dabd020xq1se5d2pqdre,Yoga Iyengar Altozano - Alicante,,627 45 95 33,Yoga Iyengar Altozano - Alicante,,España,google-maps,atleevoyoga,NUEVO,MEDIA,,,2026-05-19T19:10:48.697Z,2026-05-19T19:10:48.697Z,https://maitedurayogaiyengar.com/,"C. Pintor Otilio Serrano, 17, 03010 Alicante",Alicante,5,7,https://maps.google.com/?cid=4376424034768897969&g_mp=Cidnb29nbGUubWFwcy5wbGFjZXMudjEuUGxhY2VzLlNlYXJjaFRleHQQAhgEIAA,yoga_studio,OPERATIONAL,"Importado desde Google Maps
Tipo: Centro de yoga
Dirección: C. Pintor Otilio Serrano, 17, 03010 Alicante
Google: 5⭐ (7 reseñas)
Web: https://maitedurayogaiyengar.com/
Maps: https://maps.google.com/?cid=4376424034768897969&g_mp=Cidnb29nbGUubWFwcy5wbGFjZXMudjEuUGxhY2VzLlNlYXJjaFRleHQQAhgEIAA"
cmpd0dakk020yq1se39ik2d4w,Yoga Estudio Sirsásana,,646 24 38 54,Yoga Estudio Sirsásana,,España,google-maps,atleevoyoga,NUEVO,MEDIA,,,2026-05-19T19:10:49.029Z,2026-05-19T19:10:49.029Z,http://www.yogasirsasana.com/,"Carrer Riu Segura 30, Calle La Paz, 48, 03320 La Torre del Pla, Alicante",Alicante,5,49,https://maps.google.com/?cid=2493487160079098234&g_mp=Cidnb29nbGUubWFwcy5wbGFjZXMudjEuUGxhY2VzLlNlYXJjaFRleHQQAhgEIAA,yoga_studio,OPERATIONAL,"Importado desde Google Maps
Tipo: Centro de yoga
Dirección: Carrer Riu Segura 30, Calle La Paz, 48, 03320 La Torre del Pla, Alicante
Google: 5⭐ (49 reseñas)
Web: http://www.yogasirsasana.com/
Maps: https://maps.google.com/?cid=2493487160079098234&g_mp=Cidnb29nbGUubWFwcy5wbGFjZXMudjEuUGxhY2VzLlNlYXJjaFRleHQQAhgEIAA"
cmpd0datl020zq1se7cies1uw,Casandra Mindfulness | Yoga Playa de San Juan,,673 84 28 73,Casandra Mindfulness | Yoga Playa de San Juan,,España,google-maps,atleevoyoga,NUEVO,MEDIA,,,2026-05-19T19:10:49.354Z,2026-05-19T19:10:49.354Z,http://www.casandramindfulness.com/,"Parque La Marjal, 03540 Alacant, Alicante",Alicante,5,31,https://maps.google.com/?cid=1066271560130788675&g_mp=Cidnb29nbGUubWFwcy5wbGFjZXMudjEuUGxhY2VzLlNlYXJjaFRleHQQAhgEIAA,,OPERATIONAL,"Importado desde Google Maps
Dirección: Parque La Marjal, 03540 Alacant, Alicante
Google: 5⭐ (31 reseñas)
Web: http://www.casandramindfulness.com/
Maps: https://maps.google.com/?cid=1066271560130788675&g_mp=Cidnb29nbGUubWFwcy5wbGFjZXMudjEuUGxhY2VzLlNlYXJjaFRleHQQAhgEIAA"
cmpd0db3a0210q1sebt2ijgo3,Movimiento Sentido,,672 99 33 51,Movimiento Sentido,,España,google-maps,atleevoyoga,NUEVO,MEDIA,,,2026-05-19T19:10:49.703Z,2026-05-19T19:10:49.703Z,https://www.movimientosentido.es/,"Herbolario, Carrer Mosén Pedro Mena, 15, 03550 Sant Joan d'Alacant, Alicante",Alicante,5,19,https://maps.google.com/?cid=3989359260615081587&g_mp=Cidnb29nbGUubWFwcy5wbGFjZXMudjEuUGxhY2VzLlNlYXJjaFRleHQQAhgEIAA,health,OPERATIONAL,"Importado desde Google Maps
Tipo: Salud y bienestar
Dirección: Herbolario, Carrer Mosén Pedro Mena, 15, 03550 Sant Joan d'Alacant, Alicante
Google: 5⭐ (19 reseñas)
Web: https://www.movimientosentido.es/
Maps: https://maps.google.com/?cid=3989359260615081587&g_mp=Cidnb29nbGUubWFwcy5wbGFjZXMudjEuUGxhY2VzLlNlYXJjaFRleHQQAhgEIAA"
cmpd0dbco0211q1se9rjyq5ru,Kokoro Centro de Bienestar y Salud,,658 51 70 97,Kokoro Centro de Bienestar y Salud,,España,google-maps,atleevoyoga,NUEVO,MEDIA,,,2026-05-19T19:10:50.040Z,2026-05-19T19:10:50.040Z,http://www.kokorosalud.com/,"Av. Albufereta, 44, 1º PLANTA IZQUIERDA, 03016 Alacant, Alicante",Alicante,5,15,https://maps.google.com/?cid=10857912020864594020&g_mp=Cidnb29nbGUubWFwcy5wbGFjZXMudjEuUGxhY2VzLlNlYXJjaFRleHQQAhgEIAA,wellness_center,OPERATIONAL,"Importado desde Google Maps
Tipo: Centro de salud y bienestar
Dirección: Av. Albufereta, 44, 1º PLANTA IZQUIERDA, 03016 Alacant, Alicante
Google: 5⭐ (15 reseñas)
Web: http://www.kokorosalud.com/
Maps: https://maps.google.com/?cid=10857912020864594020&g_mp=Cidnb29nbGUubWFwcy5wbGFjZXMudjEuUGxhY2VzLlNlYXJjaFRleHQQAhgEIAA"
cmpd0dblw0212q1seww4mgin6,Yoga- profesora de hatha yoga y yoga suave,,634 73 37 25,Yoga- profesora de hatha yoga y yoga suave,,España,google-maps,atleevoyoga,NUEVO,MEDIA,,,2026-05-19T19:10:50.373Z,2026-05-19T19:10:50.373Z,https://sanjorgefisioterapiaalicante.com/,"Av. d'Oriola, 8, 03006 Alacant, Alicante",Alicante,5,5,https://maps.google.com/?cid=15719113682867468788&g_mp=Cidnb29nbGUubWFwcy5wbGFjZXMudjEuUGxhY2VzLlNlYXJjaFRleHQQAhgEIAA,yoga_studio,OPERATIONAL,"Importado desde Google Maps
Tipo: Centro de yoga
Dirección: Av. d'Oriola, 8, 03006 Alacant, Alicante
Google: 5⭐ (5 reseñas)
Web: https://sanjorgefisioterapiaalicante.com/
Maps: https://maps.google.com/?cid=15719113682867468788&g_mp=Cidnb29nbGUubWFwcy5wbGFjZXMudjEuUGxhY2VzLlNlYXJjaFRleHQQAhgEIAA"
cmpd0dbvd0213q1sed3h3exkd,Centro Cultural Atala,,655 65 48 09,Centro Cultural Atala,,España,google-maps,atleevoyoga,NUEVO,MEDIA,,,2026-05-19T19:10:50.714Z,2026-05-19T19:10:50.714Z,http://centroculturalatala.es/,"C. Antonio Martín Trenco, 10, 03005 Alicante",Alicante,4.9,39,https://maps.google.com/?cid=800935012460987652&g_mp=Cidnb29nbGUubWFwcy5wbGFjZXMudjEuUGxhY2VzLlNlYXJjaFRleHQQAhgEIAA,yoga_studio,OPERATIONAL,"Importado desde Google Maps
Tipo: Centro de yoga
Dirección: C. Antonio Martín Trenco, 10, 03005 Alicante
Google: 4.9⭐ (39 reseñas)
Web: http://centroculturalatala.es/
Maps: https://maps.google.com/?cid=800935012460987652&g_mp=Cidnb29nbGUubWFwcy5wbGFjZXMudjEuUGxhY2VzLlNlYXJjaFRleHQQAhgEIAA"
cmpd0dc470214q1sefu2c6by1,YogaElx. Yoga Elche Alicante. Centro de Yoga Iyengar,,668 82 16 01,YogaElx. Yoga Elche Alicante. Centro de Yoga Iyengar,,España,google-maps,atleevoyoga,NUEVO,MEDIA,,,2026-05-19T19:10:51.031Z,2026-05-19T19:10:51.031Z,https://www.yogaelx.com/,"Carrer Cristóbal Sanz, 27, Bajo, 03201 Elx, Alicante",Alicante,5,112,https://maps.google.com/?cid=11967233820713612568&g_mp=Cidnb29nbGUubWFwcy5wbGFjZXMudjEuUGxhY2VzLlNlYXJjaFRleHQQAhgEIAA,yoga_studio,OPERATIONAL,"Importado desde Google Maps
Tipo: Centro de yoga
Dirección: Carrer Cristóbal Sanz, 27, Bajo, 03201 Elx, Alicante
Google: 5⭐ (112 reseñas)
Web: https://www.yogaelx.com/
Maps: https://maps.google.com/?cid=11967233820713612568&g_mp=Cidnb29nbGUubWFwcy5wbGFjZXMudjEuUGxhY2VzLlNlYXJjaFRleHQQAhgEIAA"
cmpd0dcdb0215q1sevvt4fvz2,Centro de Yoga Pepa Aragón,,639 15 06 30,Centro de Yoga Pepa Aragón,,España,google-maps,atleevoyoga,NUEVO,MEDIA,,,2026-05-19T19:10:51.359Z,2026-05-19T19:10:51.359Z,,"C/ Jaume I, 29, entreplanta B1, 03550 Sant Joan d'Alacant, Alicante",Alicante,5,19,https://maps.google.com/?cid=14415697806664275903&g_mp=Cidnb29nbGUubWFwcy5wbGFjZXMudjEuUGxhY2VzLlNlYXJjaFRleHQQAhgEIAA,yoga_studio,OPERATIONAL,"Importado desde Google Maps
Tipo: Centro de yoga
Dirección: C/ Jaume I, 29, entreplanta B1, 03550 Sant Joan d'Alacant, Alicante
Google: 5⭐ (19 reseñas)
Maps: https://maps.google.com/?cid=14415697806664275903&g_mp=Cidnb29nbGUubWFwcy5wbGFjZXMudjEuUGxhY2VzLlNlYXJjaFRleHQQAhgEIAA"
cmpd0dcmh0216q1serqoh6ckh,Minimal Studio Pilates - Alicante,,646 12 19 30,Minimal Studio Pilates - Alicante,,España,google-maps,atleevoyoga,NUEVO,MEDIA,,,2026-05-19T19:10:51.689Z,2026-05-19T19:10:51.689Z,https://fitness.center.ivof.com/minimal-studio-pilates/,"C. Castaños, 9, Entlo. 5, 03001 Alicante",Alicante,5,87,https://maps.google.com/?cid=11312806303636170915&g_mp=Cidnb29nbGUubWFwcy5wbGFjZXMudjEuUGxhY2VzLlNlYXJjaFRleHQQAhgEIAA,gym,OPERATIONAL,"Importado desde Google Maps
Tipo: Gimnasio
Dirección: C. Castaños, 9, Entlo. 5, 03001 Alicante
Google: 5⭐ (87 reseñas)
Web: https://fitness.center.ivof.com/minimal-studio-pilates/
Maps: https://maps.google.com/?cid=11312806303636170915&g_mp=Cidnb29nbGUubWFwcy5wbGFjZXMudjEuUGxhY2VzLlNlYXJjaFRleHQQAhgEIAA"
cmpd0dcvs0217q1sedh92ts26,"Yoga - Profesora de hatha yoga holistico, embrazadas y terapeutico!",,672 99 21 34,"Yoga - Profesora de hatha yoga holistico, embrazadas y terapeutico!",,España,google-maps,atleevoyoga,NUEVO,MEDIA,,,2026-05-19T19:10:52.024Z,2026-05-19T19:10:52.024Z,,"Carrer de la Princesa Merce, 18, 03006 Alacant, Alicante",Alicante,5,7,https://maps.google.com/?cid=5904102896663146065&g_mp=Cidnb29nbGUubWFwcy5wbGFjZXMudjEuUGxhY2VzLlNlYXJjaFRleHQQAhgEIAA,,OPERATIONAL,"Importado desde Google Maps
Dirección: Carrer de la Princesa Merce, 18, 03006 Alacant, Alicante
Google: 5⭐ (7 reseñas)
Maps: https://maps.google.com/?cid=5904102896663146065&g_mp=Cidnb29nbGUubWFwcy5wbGFjZXMudjEuUGxhY2VzLlNlYXJjaFRleHQQAhgEIAA"
cmpd0dd4x0218q1ser6bt55jt,Pilates Zenter,,966 37 77 84,Pilates Zenter,,España,google-maps,atleevoyoga,NUEVO,MEDIA,,,2026-05-19T19:10:52.354Z,2026-05-19T19:10:52.354Z,http://www.pilateszenter.com/,"C. Padre Recaredo de Los Rios, 57, 03005 Alicante",Alicante,4.9,60,https://maps.google.com/?cid=14522295383715802215&g_mp=Cidnb29nbGUubWFwcy5wbGFjZXMudjEuUGxhY2VzLlNlYXJjaFRleHQQAhgEIAA,gym,OPERATIONAL,"Importado desde Google Maps
Tipo: Gimnasio
Dirección: C. Padre Recaredo de Los Rios, 57, 03005 Alicante
Google: 4.9⭐ (60 reseñas)
Web: http://www.pilateszenter.com/
Maps: https://maps.google.com/?cid=14522295383715802215&g_mp=Cidnb29nbGUubWFwcy5wbGFjZXMudjEuUGxhY2VzLlNlYXJjaFRleHQQAhgEIAA"
cmpd0dddw0219q1sey792s6m2,Kriya Yoga Alicante,,,Kriya Yoga Alicante,,España,google-maps,atleevoyoga,NUEVO,MEDIA,,,2026-05-19T19:10:52.677Z,2026-05-19T19:10:52.677Z,,"Av. de Niza, s/n, 03540 Alicante",Alicante,5,2,https://maps.google.com/?cid=10652539842613656893&g_mp=Cidnb29nbGUubWFwcy5wbGFjZXMudjEuUGxhY2VzLlNlYXJjaFRleHQQAhgEIAA,yoga_studio,OPERATIONAL,"Importado desde Google Maps
Tipo: Centro de yoga
Dirección: Av. de Niza, s/n, 03540 Alicante
Google: 5⭐ (2 reseñas)
Maps: https://maps.google.com/?cid=10652539842613656893&g_mp=Cidnb29nbGUubWFwcy5wbGFjZXMudjEuUGxhY2VzLlNlYXJjaFRleHQQAhgEIAA"
cmpd0ddn5021aq1se4zo8foj1,Sadhana Yoga Bienestar,,614 19 50 33,Sadhana Yoga Bienestar,,España,google-maps,atleevoyoga,NUEVO,MEDIA,,,2026-05-19T19:10:53.009Z,2026-05-19T19:10:53.009Z,https://sadhana-bienestar.com/,"C/ de Juan Ramón Jiménez, 17, local, 03560 El Campello, Alicante",Alicante,5,26,https://maps.google.com/?cid=793426769069326341&g_mp=Cidnb29nbGUubWFwcy5wbGFjZXMudjEuUGxhY2VzLlNlYXJjaFRleHQQAhgEIAA,yoga_studio,OPERATIONAL,"Importado desde Google Maps
Tipo: Centro de yoga
Dirección: C/ de Juan Ramón Jiménez, 17, local, 03560 El Campello, Alicante
Google: 5⭐ (26 reseñas)
Web: https://sadhana-bienestar.com/
Maps: https://maps.google.com/?cid=793426769069326341&g_mp=Cidnb29nbGUubWFwcy5wbGFjZXMudjEuUGxhY2VzLlNlYXJjaFRleHQQAhgEIAA"
cmpd0ddwi021bq1sezmuu9vun,Ara Yoga y Bienestar - Alicante,,691 83 71 76,Ara Yoga y Bienestar - Alicante,,España,google-maps,atleevoyoga,NUEVO,MEDIA,,,2026-05-19T19:10:53.347Z,2026-05-19T19:10:53.347Z,https://www.arayogaybienestar.com/,"Calle Dr. Fleming, 48, 03690 San Vicente del Raspeig, Alicante",Alicante,5,93,https://maps.google.com/?cid=5755301553514133538&g_mp=Cidnb29nbGUubWFwcy5wbGFjZXMudjEuUGxhY2VzLlNlYXJjaFRleHQQAhgEIAA,yoga_studio,OPERATIONAL,"Importado desde Google Maps
Tipo: Centro de yoga
Dirección: Calle Dr. Fleming, 48, 03690 San Vicente del Raspeig, Alicante
Google: 5⭐ (93 reseñas)
Web: https://www.arayogaybienestar.com/
Maps: https://maps.google.com/?cid=5755301553514133538&g_mp=Cidnb29nbGUubWFwcy5wbGFjZXMudjEuUGxhY2VzLlNlYXJjaFRleHQQAhgEIAA"
cmpd0de5k021cq1sewbqb5zel,Estudio Nanda Semino,,658 95 02 03,Estudio Nanda Semino,,España,google-maps,atleevoyoga,NUEVO,MEDIA,,,2026-05-19T19:10:53.672Z,2026-05-19T19:10:53.672Z,,"Av. Maisonnave, 41, piso 7, 03001 Alicante",Alicante,,,https://maps.google.com/?cid=9589714059508543260&g_mp=Cidnb29nbGUubWFwcy5wbGFjZXMudjEuUGxhY2VzLlNlYXJjaFRleHQQAhgEIAA,yoga_studio,OPERATIONAL,"Importado desde Google Maps
Tipo: Centro de yoga
Dirección: Av. Maisonnave, 41, piso 7, 03001 Alicante
Maps: https://maps.google.com/?cid=9589714059508543260&g_mp=Cidnb29nbGUubWFwcy5wbGFjZXMudjEuUGxhY2VzLlNlYXJjaFRleHQQAhgEIAA"
cmpd0deeu021dq1se6j8m1qio,Centro de Yoga Nabi,,614 12 35 32,Centro de Yoga Nabi,,España,google-maps,atleevoyoga,NUEVO,MEDIA,,,2026-05-19T19:10:54.006Z,2026-05-19T19:10:54.006Z,https://instagram.com/yoga_nabillera?igshid=MzRlODBiNWFlZA==,"C. la Huerta, 156, 03690 San Vicente del Raspeig, Alicante",Alicante,5,29,https://maps.google.com/?cid=16304018561963057192&g_mp=Cidnb29nbGUubWFwcy5wbGFjZXMudjEuUGxhY2VzLlNlYXJjaFRleHQQAhgEIAA,yoga_studio,OPERATIONAL,"Importado desde Google Maps
Tipo: Centro de yoga
Dirección: C. la Huerta, 156, 03690 San Vicente del Raspeig, Alicante
Google: 5⭐ (29 reseñas)
Web: https://instagram.com/yoga_nabillera?igshid=MzRlODBiNWFlZA==
Maps: https://maps.google.com/?cid=16304018561963057192&g_mp=Cidnb29nbGUubWFwcy5wbGFjZXMudjEuUGxhY2VzLlNlYXJjaFRleHQQAhgEIAA"
cmpd0dens021eq1ser0valuhf,santosha tu centro de yoga,,665 34 26 29,santosha tu centro de yoga,,España,google-maps,atleevoyoga,NUEVO,MEDIA,,,2026-05-19T19:10:54.328Z,2026-05-19T19:10:54.328Z,https://santoshatucentrodeyoga.com/,"C. Cervantes, 13-17, 1 izk, 03690 San Vicente del Raspeig, Alicante",Alicante,5,21,https://maps.google.com/?cid=13686994923596306431&g_mp=Cidnb29nbGUubWFwcy5wbGFjZXMudjEuUGxhY2VzLlNlYXJjaFRleHQQAhgEIAA,yoga_studio,OPERATIONAL,"Importado desde Google Maps
Tipo: Centro de yoga
Dirección: C. Cervantes, 13-17, 1 izk, 03690 San Vicente del Raspeig, Alicante
Google: 5⭐ (21 reseñas)
Web: https://santoshatucentrodeyoga.com/
Maps: https://maps.google.com/?cid=13686994923596306431&g_mp=Cidnb29nbGUubWFwcy5wbGFjZXMudjEuUGxhY2VzLlNlYXJjaFRleHQQAhgEIAA"
cmpd0dewy021fq1sewnxsvmov,Kundalini Yoga. Restaurativo. Meditación y Gong.Movimiento Sentido ( Estiramientos y Movilidad ),,672 99 33 51,Kundalini Yoga. Restaurativo. Meditación y Gong.Movimiento Sentido ( Estiramientos y Movilidad ),,España,google-maps,atleevoyoga,NUEVO,MEDIA,,,2026-05-19T19:10:54.659Z,2026-05-19T19:10:54.659Z,http://www.movimientosentido.es/,"C. del Notario Salvador Montesinos Bonet, 21, 03550 Sant Joan d'Alacant, Alicante",Alicante,5,49,https://maps.google.com/?cid=3755395019981938112&g_mp=Cidnb29nbGUubWFwcy5wbGFjZXMudjEuUGxhY2VzLlNlYXJjaFRleHQQAhgEIAA,,OPERATIONAL,"Importado desde Google Maps
Dirección: C. del Notario Salvador Montesinos Bonet, 21, 03550 Sant Joan d'Alacant, Alicante
Google: 5⭐ (49 reseñas)
Web: http://www.movimientosentido.es/
Maps: https://maps.google.com/?cid=3755395019981938112&g_mp=Cidnb29nbGUubWFwcy5wbGFjZXMudjEuUGxhY2VzLlNlYXJjaFRleHQQAhgEIAA"
cmpd0df68021gq1sej0ba4xwn,FRAME STUDIO,,630 28 18 39,FRAME STUDIO,,España,google-maps,atleevoyoga,NUEVO,MEDIA,,,2026-05-19T19:10:54.993Z,2026-05-19T19:10:54.993Z,https://www.framepilates.info/,"Av. Salamanca, 19, 03005 Alicante",Alicante,5,4,https://maps.google.com/?cid=8195477188025238995&g_mp=Cidnb29nbGUubWFwcy5wbGFjZXMudjEuUGxhY2VzLlNlYXJjaFRleHQQAhgEIAA,gym,OPERATIONAL,"Importado desde Google Maps
Tipo: Gimnasio
Dirección: Av. Salamanca, 19, 03005 Alicante
Google: 5⭐ (4 reseñas)
Web: https://www.framepilates.info/
Maps: https://maps.google.com/?cid=8195477188025238995&g_mp=Cidnb29nbGUubWFwcy5wbGFjZXMudjEuUGxhY2VzLlNlYXJjaFRleHQQAhgEIAA"
cmpd0dffb021hq1sem4dpp9u2,-Dharma-,,,-Dharma-,,España,google-maps,atleevoyoga,NUEVO,MEDIA,,,2026-05-19T19:10:55.319Z,2026-05-19T19:10:55.319Z,,"C/ del Pozo, 0, 03004 Alicante",Alicante,4.9,10,https://maps.google.com/?cid=5340173688312817764&g_mp=Cidnb29nbGUubWFwcy5wbGFjZXMudjEuUGxhY2VzLlNlYXJjaFRleHQQAhgEIAA,service,OPERATIONAL,"Importado desde Google Maps
Tipo: Servicios
Dirección: C/ del Pozo, 0, 03004 Alicante
Google: 4.9⭐ (10 reseñas)
Maps: https://maps.google.com/?cid=5340173688312817764&g_mp=Cidnb29nbGUubWFwcy5wbGFjZXMudjEuUGxhY2VzLlNlYXJjaFRleHQQAhgEIAA"
cmpd0dfor021iq1se6k8eifft,Bikram Yoga Spain Alicante,,966 27 54 80,Bikram Yoga Spain Alicante,,España,google-maps,atleevoyoga,NUEVO,MEDIA,,,2026-05-19T19:10:55.659Z,2026-05-19T19:10:55.659Z,https://www.bikramyogaspain.es/centros/alicante/,"Av. del Locutor Vicente Hipólito, 39, 03540 Alicante",Alicante,5,1,https://maps.google.com/?cid=13342652443180744324&g_mp=Cidnb29nbGUubWFwcy5wbGFjZXMudjEuUGxhY2VzLlNlYXJjaFRleHQQAhgEIAA,yoga_studio,OPERATIONAL,"Importado desde Google Maps
Tipo: Centro de yoga
Dirección: Av. del Locutor Vicente Hipólito, 39, 03540 Alicante
Google: 5⭐ (1 reseñas)
Web: https://www.bikramyogaspain.es/centros/alicante/
Maps: https://maps.google.com/?cid=13342652443180744324&g_mp=Cidnb29nbGUubWFwcy5wbGFjZXMudjEuUGxhY2VzLlNlYXJjaFRleHQQAhgEIAA"
cmpd0dfxx021jq1semszgg9av,Origen Fitness y Yoga,,647 61 74 60,Origen Fitness y Yoga,,España,google-maps,atleevoyoga,NUEVO,MEDIA,,,2026-05-19T19:10:55.990Z,2026-05-19T19:10:55.990Z,https://yogayentrenamiento.com/,"C. 6 de Desembre, 3, local bajo, 03550 Sant Joan d'Alacant, Alicante",Alicante,5,18,https://maps.google.com/?cid=12641406996204314570&g_mp=Cidnb29nbGUubWFwcy5wbGFjZXMudjEuUGxhY2VzLlNlYXJjaFRleHQQAhgEIAA,yoga_studio,OPERATIONAL,"Importado desde Google Maps
Tipo: Centro de yoga
Dirección: C. 6 de Desembre, 3, local bajo, 03550 Sant Joan d'Alacant, Alicante
Google: 5⭐ (18 reseñas)
Web: https://yogayentrenamiento.com/
Maps: https://maps.google.com/?cid=12641406996204314570&g_mp=Cidnb29nbGUubWFwcy5wbGFjZXMudjEuUGxhY2VzLlNlYXJjaFRleHQQAhgEIAA"
cmpd0dg6y021kq1seguz5i9cv,Chispitas de yoga,,650 66 65 48,Chispitas de yoga,,España,google-maps,atleevoyoga,NUEVO,MEDIA,,,2026-05-19T19:10:56.315Z,2026-05-19T19:10:56.315Z,https://chispitasdeyoga.com/,"C. Juan XXIII, 78, Local, 03110 Mutxamel, Alicante",Alicante,5,103,https://maps.google.com/?cid=16576066849028723999&g_mp=Cidnb29nbGUubWFwcy5wbGFjZXMudjEuUGxhY2VzLlNlYXJjaFRleHQQAhgEIAA,yoga_studio,OPERATIONAL,"Importado desde Google Maps
Tipo: Centro de yoga
Dirección: C. Juan XXIII, 78, Local, 03110 Mutxamel, Alicante
Google: 5⭐ (103 reseñas)
Web: https://chispitasdeyoga.com/
Maps: https://maps.google.com/?cid=16576066849028723999&g_mp=Cidnb29nbGUubWFwcy5wbGFjZXMudjEuUGxhY2VzLlNlYXJjaFRleHQQAhgEIAA"
cmpd0dggp021lq1sedouk86cf,Yoga con Sade,,646 70 35 61,Yoga con Sade,,España,google-maps,atleevoyoga,NUEVO,MEDIA,,,2026-05-19T19:10:56.666Z,2026-05-19T19:10:56.666Z,,"Av. de Niza, 03540 Alicante",Alicante,5,17,https://maps.google.com/?cid=9642548292315568250&g_mp=Cidnb29nbGUubWFwcy5wbGFjZXMudjEuUGxhY2VzLlNlYXJjaFRleHQQAhgEIAA,,OPERATIONAL,"Importado desde Google Maps
Dirección: Av. de Niza, 03540 Alicante
Google: 5⭐ (17 reseñas)
Maps: https://maps.google.com/?cid=9642548292315568250&g_mp=Cidnb29nbGUubWFwcy5wbGFjZXMudjEuUGxhY2VzLlNlYXJjaFRleHQQAhgEIAA"
cmpd0dgpz021mq1sep56g5g1e,Essentia Estudio Pilates & Fisioterapia,,604 97 80 77,Essentia Estudio Pilates & Fisioterapia,,España,google-maps,atleevoyoga,NUEVO,MEDIA,,,2026-05-19T19:10:56.999Z,2026-05-19T19:10:56.999Z,https://www.instagram.com/essentia.pilates.fisioterapia?igsh=MWRsZ3JvNDRqZnl4Zg%3D%3D&utm_source=qr,"Av. Historiador Vicente Ramos, 10, 03540 Alicante",Alicante,5,153,https://maps.google.com/?cid=7725799629735198530&g_mp=Cidnb29nbGUubWFwcy5wbGFjZXMudjEuUGxhY2VzLlNlYXJjaFRleHQQAhgEIAA,gym,OPERATIONAL,"Importado desde Google Maps
Tipo: Gimnasio
Dirección: Av. Historiador Vicente Ramos, 10, 03540 Alicante
Google: 5⭐ (153 reseñas)
Web: https://www.instagram.com/essentia.pilates.fisioterapia?igsh=MWRsZ3JvNDRqZnl4Zg%3D%3D&utm_source=qr
Maps: https://maps.google.com/?cid=7725799629735198530&g_mp=Cidnb29nbGUubWFwcy5wbGFjZXMudjEuUGxhY2VzLlNlYXJjaFRleHQQAhgEIAA"
cmpd0dgyy021nq1sepxm1ciwo,Esther Sánchez Yoga,,609 03 80 67,Esther Sánchez Yoga,,España,google-maps,atleevoyoga,NUEVO,MEDIA,,,2026-05-19T19:10:57.323Z,2026-05-19T19:10:57.323Z,,"C. Polín Laporta, 3, 03540 Alicante",Alicante,5,2,https://maps.google.com/?cid=14583672121168216396&g_mp=Cidnb29nbGUubWFwcy5wbGFjZXMudjEuUGxhY2VzLlNlYXJjaFRleHQQAhgEIAA,wellness_center,OPERATIONAL,"Importado desde Google Maps
Tipo: Centro de salud y bienestar
Dirección: C. Polín Laporta, 3, 03540 Alicante
Google: 5⭐ (2 reseñas)
Maps: https://maps.google.com/?cid=14583672121168216396&g_mp=Cidnb29nbGUubWFwcy5wbGFjZXMudjEuUGxhY2VzLlNlYXJjaFRleHQQAhgEIAA"
cmpd0dja7021oq1se02q2wkaj,Centro de Yoga,,,Centro de Yoga,,España,google-maps,atleevoyoga,NUEVO,MEDIA,,,2026-05-19T19:11:00.319Z,2026-05-19T19:11:00.319Z,,"03008 Alicante, España",Alicante,1,1,https://maps.google.com/?cid=4123632366300742542&g_mp=Cidnb29nbGUubWFwcy5wbGFjZXMudjEuUGxhY2VzLlNlYXJjaFRleHQQAhgEIAA,gym,OPERATIONAL,"Importado desde Google Maps
Tipo: Gimnasio
Dirección: 03008 Alicante, España
Google: 1⭐ (1 reseñas)
Maps: https://maps.google.com/?cid=4123632366300742542&g_mp=Cidnb29nbGUubWFwcy5wbGFjZXMudjEuUGxhY2VzLlNlYXJjaFRleHQQAhgEIAA"
cmpd0dkoo021pq1sen60xzn04,Quantum Yoga Spain,,608 64 30 95,Quantum Yoga Spain,,España,google-maps,atleevoyoga,NUEVO,MEDIA,,,2026-05-19T19:11:02.136Z,2026-05-19T19:11:02.136Z,http://www.quantumyogaspain.com/,"Carrera Albacete, 8, 03005 Alacant, Alicante",Alicante,5,10,https://maps.google.com/?cid=11470768265945092598&g_mp=Cidnb29nbGUubWFwcy5wbGFjZXMudjEuUGxhY2VzLlNlYXJjaFRleHQQAhgEIAA,yoga_studio,OPERATIONAL,"Importado desde Google Maps
Tipo: Centro de yoga
Dirección: Carrera Albacete, 8, 03005 Alacant, Alicante
Google: 5⭐ (10 reseñas)
Web: http://www.quantumyogaspain.com/
Maps: https://maps.google.com/?cid=11470768265945092598&g_mp=Cidnb29nbGUubWFwcy5wbGFjZXMudjEuUGxhY2VzLlNlYXJjaFRleHQQAhgEIAA"
cmpd0dlkb021qq1sesx31zshy,Retiros de Yoga en Alicante Samandi®,,669 05 00 88,Retiros de Yoga en Alicante Samandi®,,España,google-maps,atleevoyoga,NUEVO,MEDIA,,,2026-05-19T19:11:03.276Z,2026-05-19T19:11:03.276Z,https://www.samandiyoga.es/,"C. del Alcalde José Luis Lassaletta, 17 bajo Edificio, Las Gavinas, Portal 8, 03008 Alicante",Alicante,5,8,https://maps.google.com/?cid=13437578939252116526&g_mp=Cidnb29nbGUubWFwcy5wbGFjZXMudjEuUGxhY2VzLlNlYXJjaFRleHQQAhgEIAA,,OPERATIONAL,"Importado desde Google Maps
Dirección: C. del Alcalde José Luis Lassaletta, 17 bajo Edificio, Las Gavinas, Portal 8, 03008 Alicante
Google: 5⭐ (8 reseñas)
Web: https://www.samandiyoga.es/
Maps: https://maps.google.com/?cid=13437578939252116526&g_mp=Cidnb29nbGUubWFwcy5wbGFjZXMudjEuUGxhY2VzLlNlYXJjaFRleHQQAhgEIAA"
cmpd0dlyw021rq1seln00egx4,El Rincón de la Calma,,687 20 07 15,El Rincón de la Calma,,España,google-maps,atleevoyoga,NUEVO,MEDIA,,,2026-05-19T19:11:03.800Z,2026-05-19T19:11:03.800Z,,"C. Gaspar Tato, 29, 03005 Alicante",Alicante,5,10,https://maps.google.com/?cid=2689426553975279793&g_mp=Cidnb29nbGUubWFwcy5wbGFjZXMudjEuUGxhY2VzLlNlYXJjaFRleHQQAhgEIAA,wellness_center,OPERATIONAL,"Importado desde Google Maps
Tipo: Centro de salud y bienestar
Dirección: C. Gaspar Tato, 29, 03005 Alicante
Google: 5⭐ (10 reseñas)
Maps: https://maps.google.com/?cid=2689426553975279793&g_mp=Cidnb29nbGUubWFwcy5wbGFjZXMudjEuUGxhY2VzLlNlYXJjaFRleHQQAhgEIAA"
cmpd0dnih021sq1selhr8zz9g,Ana Portolés,,666 08 47 11,Ana Portolés,,España,google-maps,atleevoyoga,NUEVO,MEDIA,,,2026-05-19T19:11:05.802Z,2026-05-19T19:11:05.802Z,http://www.anaportoles.com/,"Rbla. de Méndez Núñez, 34, 03002 Alicante",Alicante,4.6,11,https://maps.google.com/?cid=16998815224838759260&g_mp=Cidnb29nbGUubWFwcy5wbGFjZXMudjEuUGxhY2VzLlNlYXJjaFRleHQQAhgEIAA,medical_clinic,OPERATIONAL,"Importado desde Google Maps
Tipo: Clínica ambulatoria
Dirección: Rbla. de Méndez Núñez, 34, 03002 Alicante
Google: 4.6⭐ (11 reseñas)
Web: http://www.anaportoles.com/
Maps: https://maps.google.com/?cid=16998815224838759260&g_mp=Cidnb29nbGUubWFwcy5wbGFjZXMudjEuUGxhY2VzLlNlYXJjaFRleHQQAhgEIAA"
cmpd0dnwf021tq1seacwgqf7c,Centro ESPAU,,965 11 13 29,Centro ESPAU,,España,google-maps,atleevoyoga,NUEVO,MEDIA,,,2026-05-19T19:11:06.304Z,2026-05-19T19:11:06.304Z,http://centroespau.blogspot.com.es/,"C. Presbitero Baltasar Carrasco, 9, 03005 Alicante",Alicante,5,10,https://maps.google.com/?cid=1333482747517297966&g_mp=Cidnb29nbGUubWFwcy5wbGFjZXMudjEuUGxhY2VzLlNlYXJjaFRleHQQAhgEIAA,community_center,OPERATIONAL,"Importado desde Google Maps
Tipo: Centro comunitario
Dirección: C. Presbitero Baltasar Carrasco, 9, 03005 Alicante
Google: 5⭐ (10 reseñas)
Web: http://centroespau.blogspot.com.es/
Maps: https://maps.google.com/?cid=1333482747517297966&g_mp=Cidnb29nbGUubWFwcy5wbGFjZXMudjEuUGxhY2VzLlNlYXJjaFRleHQQAhgEIAA"
cmpd0do9z021uq1sefdo12ojv,Carolina Hucke Yoga Center,,631 25 42 91,Carolina Hucke Yoga Center,,España,google-maps,atleevoyoga,NUEVO,MEDIA,,,2026-05-19T19:11:06.791Z,2026-05-19T19:11:06.791Z,,"C. del Curricán, 43, 03540 Alicante",Alicante,5,5,https://maps.google.com/?cid=2868037526752270845&g_mp=Cidnb29nbGUubWFwcy5wbGFjZXMudjEuUGxhY2VzLlNlYXJjaFRleHQQAhgEIAA,wellness_center,OPERATIONAL,"Importado desde Google Maps
Tipo: Centro de salud y bienestar
Dirección: C. del Curricán, 43, 03540 Alicante
Google: 5⭐ (5 reseñas)
Maps: https://maps.google.com/?cid=2868037526752270845&g_mp=Cidnb29nbGUubWFwcy5wbGFjZXMudjEuUGxhY2VzLlNlYXJjaFRleHQQAhgEIAA"
cmpd0dpo9021vq1sej3d5jb5o,CENTRO TESANA,,665 08 60 16,CENTRO TESANA,,España,google-maps,atleevoyoga,NUEVO,MEDIA,,,2026-05-19T19:11:08.602Z,2026-05-19T19:11:08.602Z,https://www.facebook.com/TesanaAlicante/?ref=br_rs,"C. del Marqués de Molins, 13, 03004 Alicante",Alicante,,,https://maps.google.com/?cid=7492084191216140477&g_mp=Cidnb29nbGUubWFwcy5wbGFjZXMudjEuUGxhY2VzLlNlYXJjaFRleHQQAhgEIAA,yoga_studio,OPERATIONAL,"Importado desde Google Maps
Tipo: Centro de yoga
Dirección: C. del Marqués de Molins, 13, 03004 Alicante
Web: https://www.facebook.com/TesanaAlicante/?ref=br_rs
Maps: https://maps.google.com/?cid=7492084191216140477&g_mp=Cidnb29nbGUubWFwcy5wbGFjZXMudjEuUGxhY2VzLlNlYXJjaFRleHQQAhgEIAA"
cmpd0dq1y021wq1seby704x3i,Spiritual Experience Nadira,,647 59 01 26,Spiritual Experience Nadira,,España,google-maps,atleevoyoga,NUEVO,MEDIA,,,2026-05-19T19:11:09.095Z,2026-05-19T19:11:09.095Z,https://spiritualexperiencenadira.com/actividades/,"Carrer de la Badia, 19, 03008 Alacant, Alicante",Alicante,5,36,https://maps.google.com/?cid=14227274168968711618&g_mp=Cidnb29nbGUubWFwcy5wbGFjZXMudjEuUGxhY2VzLlNlYXJjaFRleHQQAhgEIAA,wellness_center,OPERATIONAL,"Importado desde Google Maps
Tipo: Centro de salud y bienestar
Dirección: Carrer de la Badia, 19, 03008 Alacant, Alicante
Google: 5⭐ (36 reseñas)
Web: https://spiritualexperiencenadira.com/actividades/
Maps: https://maps.google.com/?cid=14227274168968711618&g_mp=Cidnb29nbGUubWFwcy5wbGFjZXMudjEuUGxhY2VzLlNlYXJjaFRleHQQAhgEIAA"
cmpd0dqbf021xq1sewvhfzvdl,Yoganda yoga,,634 73 37 25,Yoganda yoga,,España,google-maps,atleevoyoga,NUEVO,MEDIA,,,2026-05-19T19:11:09.435Z,2026-05-19T19:11:09.435Z,,"Av. d'Oriola, 8, 03006 Alacant, Alicante",Alicante,,,https://maps.google.com/?cid=2030175542412133756&g_mp=Cidnb29nbGUubWFwcy5wbGFjZXMudjEuUGxhY2VzLlNlYXJjaFRleHQQAhgEIAA,yoga_studio,OPERATIONAL,"Importado desde Google Maps
Tipo: Centro de yoga
Dirección: Av. d'Oriola, 8, 03006 Alacant, Alicante
Maps: https://maps.google.com/?cid=2030175542412133756&g_mp=Cidnb29nbGUubWFwcy5wbGFjZXMudjEuUGxhY2VzLlNlYXJjaFRleHQQAhgEIAA"
cmpd0dqym021yq1seqxb38hvz,Alma,,,Alma,,España,google-maps,atleevoyoga,NUEVO,MEDIA,,,2026-05-19T19:11:10.270Z,2026-05-19T19:11:10.270Z,,"Partida Maitino, 1039C, 03295 Alicante",Alicante,4.6,19,https://maps.google.com/?cid=11768879897939811452&g_mp=Cidnb29nbGUubWFwcy5wbGFjZXMudjEuUGxhY2VzLlNlYXJjaFRleHQQAhgEIAA,yoga_studio,OPERATIONAL,"Importado desde Google Maps
Tipo: Centro de yoga
Dirección: Partida Maitino, 1039C, 03295 Alicante
Google: 4.6⭐ (19 reseñas)
Maps: https://maps.google.com/?cid=11768879897939811452&g_mp=Cidnb29nbGUubWFwcy5wbGFjZXMudjEuUGxhY2VzLlNlYXJjaFRleHQQAhgEIAA"
cmpd0drca021zq1se9lte4asn,Centro DanzAran - Alicante,,653 66 91 46,Centro DanzAran - Alicante,,España,google-maps,atleevoyoga,NUEVO,MEDIA,,,2026-05-19T19:11:10.763Z,2026-05-19T19:11:10.763Z,https://fitness.center.ivof.com/danzaran/,"C. Maestro Luis Torregrosa, 21, 03013 Alicante",Alicante,4.8,38,https://maps.google.com/?cid=11565529858902254272&g_mp=Cidnb29nbGUubWFwcy5wbGFjZXMudjEuUGxhY2VzLlNlYXJjaFRleHQQAhgEIAA,sports_school,OPERATIONAL,"Importado desde Google Maps
Tipo: Escuela deportiva
Dirección: C. Maestro Luis Torregrosa, 21, 03013 Alicante
Google: 4.8⭐ (38 reseñas)
Web: https://fitness.center.ivof.com/danzaran/
Maps: https://maps.google.com/?cid=11565529858902254272&g_mp=Cidnb29nbGUubWFwcy5wbGFjZXMudjEuUGxhY2VzLlNlYXJjaFRleHQQAhgEIAA"
cmpd0dtuw0220q1se9641eaov,Padma Shala Escuela Tradicional de Yoga,,677 34 56 79,Padma Shala Escuela Tradicional de Yoga,,España,google-maps,atleevoyoga,NUEVO,MEDIA,,,2026-05-19T19:11:14.025Z,2026-05-19T19:11:14.025Z,http://padmashalaescueladeyoga.com/?utm_source=gmb&utm_medium=referral,"Pl. Chirinos, 5, Centro, 14001 Córdoba",Córdoba,4.9,88,https://maps.google.com/?cid=11856661492996819777&g_mp=Cidnb29nbGUubWFwcy5wbGFjZXMudjEuUGxhY2VzLlNlYXJjaFRleHQQAhgEIAA,yoga_studio,OPERATIONAL,"Importado desde Google Maps
Tipo: Centro de yoga
Dirección: Pl. Chirinos, 5, Centro, 14001 Córdoba
Google: 4.9⭐ (88 reseñas)
Web: http://padmashalaescueladeyoga.com/?utm_source=gmb&utm_medium=referral
Maps: https://maps.google.com/?cid=11856661492996819777&g_mp=Cidnb29nbGUubWFwcy5wbGFjZXMudjEuUGxhY2VzLlNlYXJjaFRleHQQAhgEIAA"
cmpd0du4g0221q1seqje3tozs,Yoga Center Córdoba,,636 91 67 58,Yoga Center Córdoba,,España,google-maps,atleevoyoga,NUEVO,MEDIA,,,2026-05-19T19:11:14.369Z,2026-05-19T19:11:14.369Z,http://www.yogacentercordoba.com/,"C. Veterinaria María Cerrato, 2, Poniente Sur, 14005 Córdoba",Córdoba,4.8,29,https://maps.google.com/?cid=9551230692253689797&g_mp=Cidnb29nbGUubWFwcy5wbGFjZXMudjEuUGxhY2VzLlNlYXJjaFRleHQQAhgEIAA,yoga_studio,OPERATIONAL,"Importado desde Google Maps
Tipo: Centro de yoga
Dirección: C. Veterinaria María Cerrato, 2, Poniente Sur, 14005 Córdoba
Google: 4.8⭐ (29 reseñas)
Web: http://www.yogacentercordoba.com/
Maps: https://maps.google.com/?cid=9551230692253689797&g_mp=Cidnb29nbGUubWFwcy5wbGFjZXMudjEuUGxhY2VzLlNlYXJjaFRleHQQAhgEIAA"
cmpd0dudi0222q1sekn2ljvk1,YOUbrave yoga. Centro de Yoga en Córdoba,,624 01 59 04,YOUbrave yoga. Centro de Yoga en Córdoba,,España,google-maps,atleevoyoga,NUEVO,MEDIA,,,2026-05-19T19:11:14.695Z,2026-05-19T19:11:14.695Z,https://youbrave.es/,"Calle Analista Ada Byron, Av. Cañito Bazán, esquina, local 2, 14011 Córdoba",Córdoba,4.9,42,https://maps.google.com/?cid=10643133074065946620&g_mp=Cidnb29nbGUubWFwcy5wbGFjZXMudjEuUGxhY2VzLlNlYXJjaFRleHQQAhgEIAA,yoga_studio,OPERATIONAL,"Importado desde Google Maps
Tipo: Centro de yoga
Dirección: Calle Analista Ada Byron, Av. Cañito Bazán, esquina, local 2, 14011 Córdoba
Google: 4.9⭐ (42 reseñas)
Web: https://youbrave.es/
Maps: https://maps.google.com/?cid=10643133074065946620&g_mp=Cidnb29nbGUubWFwcy5wbGFjZXMudjEuUGxhY2VzLlNlYXJjaFRleHQQAhgEIAA"
cmpd0dumu0223q1se931bmk5z,Centro de Yoga Lumiere Zen Garden,,696 40 93 75,Centro de Yoga Lumiere Zen Garden,,España,google-maps,atleevoyoga,NUEVO,MEDIA,,,2026-05-19T19:11:15.031Z,2026-05-19T19:11:15.031Z,https://www.lumierezengarden.com/,"Isla Graciosa, Noroeste, 14011 Córdoba",Córdoba,4.8,64,https://maps.google.com/?cid=5087371779548934221&g_mp=Cidnb29nbGUubWFwcy5wbGFjZXMudjEuUGxhY2VzLlNlYXJjaFRleHQQAhgEIAA,yoga_studio,OPERATIONAL,"Importado desde Google Maps
Tipo: Centro de yoga
Dirección: Isla Graciosa, Noroeste, 14011 Córdoba
Google: 4.8⭐ (64 reseñas)
Web: https://www.lumierezengarden.com/
Maps: https://maps.google.com/?cid=5087371779548934221&g_mp=Cidnb29nbGUubWFwcy5wbGFjZXMudjEuUGxhY2VzLlNlYXJjaFRleHQQAhgEIAA"
cmpd0duvy0224q1seyaxm02yy,Pranám Center,,957 94 15 35,Pranám Center,,España,google-maps,atleevoyoga,NUEVO,MEDIA,,,2026-05-19T19:11:15.358Z,2026-05-19T19:11:15.358Z,http://pranamcenter.com/,"C. Realejo, 6, Centro, 14002 Córdoba",Córdoba,4.9,54,https://maps.google.com/?cid=11848151689023318698&g_mp=Cidnb29nbGUubWFwcy5wbGFjZXMudjEuUGxhY2VzLlNlYXJjaFRleHQQAhgEIAA,yoga_studio,OPERATIONAL,"Importado desde Google Maps
Tipo: Centro de yoga
Dirección: C. Realejo, 6, Centro, 14002 Córdoba
Google: 4.9⭐ (54 reseñas)
Web: http://pranamcenter.com/
Maps: https://maps.google.com/?cid=11848151689023318698&g_mp=Cidnb29nbGUubWFwcy5wbGFjZXMudjEuUGxhY2VzLlNlYXJjaFRleHQQAhgEIAA"
cmpd0dvah0225q1se4duuoi78,Yoga Studio Santosha,,624 08 05 62,Yoga Studio Santosha,,España,google-maps,atleevoyoga,NUEVO,MEDIA,,,2026-05-19T19:11:15.882Z,2026-05-19T19:11:15.882Z,http://santoshayogastudio.es/,"Av. de Manolete, 4, local, Poniente Sur, 14005 Córdoba",Córdoba,5,7,https://maps.google.com/?cid=13232782418929588079&g_mp=Cidnb29nbGUubWFwcy5wbGFjZXMudjEuUGxhY2VzLlNlYXJjaFRleHQQAhgEIAA,yoga_studio,OPERATIONAL,"Importado desde Google Maps
Tipo: Centro de yoga
Dirección: Av. de Manolete, 4, local, Poniente Sur, 14005 Córdoba
Google: 5⭐ (7 reseñas)
Web: http://santoshayogastudio.es/
Maps: https://maps.google.com/?cid=13232782418929588079&g_mp=Cidnb29nbGUubWFwcy5wbGFjZXMudjEuUGxhY2VzLlNlYXJjaFRleHQQAhgEIAA"
cmpd0dvjq0226q1se9g4kvh9w,Factoría de calma,,649 61 13 27,Factoría de calma,,España,google-maps,atleevoyoga,NUEVO,MEDIA,,,2026-05-19T19:11:16.215Z,2026-05-19T19:11:16.215Z,https://www.factoriadecalma.com/,"C. Tomás de Aquino, 4, 1° izquierda, entrada trasera, Poniente Sur, 14004 Córdoba",Córdoba,5,15,https://maps.google.com/?cid=15254131868318803343&g_mp=Cidnb29nbGUubWFwcy5wbGFjZXMudjEuUGxhY2VzLlNlYXJjaFRleHQQAhgEIAA,yoga_studio,OPERATIONAL,"Importado desde Google Maps
Tipo: Centro de yoga
Dirección: C. Tomás de Aquino, 4, 1° izquierda, entrada trasera, Poniente Sur, 14004 Córdoba
Google: 5⭐ (15 reseñas)
Web: https://www.factoriadecalma.com/
Maps: https://maps.google.com/?cid=15254131868318803343&g_mp=Cidnb29nbGUubWFwcy5wbGFjZXMudjEuUGxhY2VzLlNlYXJjaFRleHQQAhgEIAA"
cmpd0dvsv0227q1seaop3v76m,Studio Arábiga. Pilates.yoga.barre,,611 72 55 11,Studio Arábiga. Pilates.yoga.barre,,España,google-maps,atleevoyoga,NUEVO,MEDIA,,,2026-05-19T19:11:16.543Z,2026-05-19T19:11:16.543Z,http://www.studioarabiga.es/,"Tras la Prta, Local 3, Levante, 14010 Córdoba",Córdoba,5,46,https://maps.google.com/?cid=7134424149059767094&g_mp=Cidnb29nbGUubWFwcy5wbGFjZXMudjEuUGxhY2VzLlNlYXJjaFRleHQQAhgEIAA,gym,OPERATIONAL,"Importado desde Google Maps
Tipo: Gimnasio
Dirección: Tras la Prta, Local 3, Levante, 14010 Córdoba
Google: 5⭐ (46 reseñas)
Web: http://www.studioarabiga.es/
Maps: https://maps.google.com/?cid=7134424149059767094&g_mp=Cidnb29nbGUubWFwcy5wbGFjZXMudjEuUGxhY2VzLlNlYXJjaFRleHQQAhgEIAA"
cmpd0dw1z0228q1senbokoovf,Sankalpa Bienestar,,675 56 43 91,Sankalpa Bienestar,,España,google-maps,atleevoyoga,NUEVO,MEDIA,,,2026-05-19T19:11:16.872Z,2026-05-19T19:11:16.872Z,,"Cam. de los Sastres, 26, Poniente Sur, 14004 Córdoba",Córdoba,5,24,https://maps.google.com/?cid=16005390863786887927&g_mp=Cidnb29nbGUubWFwcy5wbGFjZXMudjEuUGxhY2VzLlNlYXJjaFRleHQQAhgEIAA,yoga_studio,OPERATIONAL,"Importado desde Google Maps
Tipo: Centro de yoga
Dirección: Cam. de los Sastres, 26, Poniente Sur, 14004 Córdoba
Google: 5⭐ (24 reseñas)
Maps: https://maps.google.com/?cid=16005390863786887927&g_mp=Cidnb29nbGUubWFwcy5wbGFjZXMudjEuUGxhY2VzLlNlYXJjaFRleHQQAhgEIAA"
cmpd0dwbe0229q1sebso3awmj,Anahata Yoga Consciente,,620 26 75 27,Anahata Yoga Consciente,,España,google-maps,atleevoyoga,NUEVO,MEDIA,,,2026-05-19T19:11:17.210Z,2026-05-19T19:11:17.210Z,http://www.anahatayogaconsciente.com/,"Av. del Gran Capitán, 11, 2°, Centro, 14008 Córdoba",Córdoba,5,29,https://maps.google.com/?cid=12225179709495222535&g_mp=Cidnb29nbGUubWFwcy5wbGFjZXMudjEuUGxhY2VzLlNlYXJjaFRleHQQAhgEIAA,yoga_studio,OPERATIONAL,"Importado desde Google Maps
Tipo: Centro de yoga
Dirección: Av. del Gran Capitán, 11, 2°, Centro, 14008 Córdoba
Google: 5⭐ (29 reseñas)
Web: http://www.anahatayogaconsciente.com/
Maps: https://maps.google.com/?cid=12225179709495222535&g_mp=Cidnb29nbGUubWFwcy5wbGFjZXMudjEuUGxhY2VzLlNlYXJjaFRleHQQAhgEIAA"
cmpd0dwky022aq1setft6iv69,Kaizen Club Córdoba,,607 47 22 69,Kaizen Club Córdoba,,España,google-maps,atleevoyoga,NUEVO,MEDIA,,,2026-05-19T19:11:17.555Z,2026-05-19T19:11:17.555Z,https://kaizenclubcordoba.com/,"Calle escritora Yolanda de Oreamuno número 33, local, 14005 Córdoba",Córdoba,5,2,https://maps.google.com/?cid=15614057355992965321&g_mp=Cidnb29nbGUubWFwcy5wbGFjZXMudjEuUGxhY2VzLlNlYXJjaFRleHQQAhgEIAA,yoga_studio,OPERATIONAL,"Importado desde Google Maps
Tipo: Centro de yoga
Dirección: Calle escritora Yolanda de Oreamuno número 33, local, 14005 Córdoba
Google: 5⭐ (2 reseñas)
Web: https://kaizenclubcordoba.com/
Maps: https://maps.google.com/?cid=15614057355992965321&g_mp=Cidnb29nbGUubWFwcy5wbGFjZXMudjEuUGxhY2VzLlNlYXJjaFRleHQQAhgEIAA"
cmpd0dwu7022bq1se8nwjf991,SanaYoga,,624 29 90 29,SanaYoga,,España,google-maps,atleevoyoga,NUEVO,MEDIA,,,2026-05-19T19:11:17.888Z,2026-05-19T19:11:17.888Z,,"Pl. Cristo de Gracia, 4, Centro, 14002 Córdoba",Córdoba,5,35,https://maps.google.com/?cid=15745172256175006402&g_mp=Cidnb29nbGUubWFwcy5wbGFjZXMudjEuUGxhY2VzLlNlYXJjaFRleHQQAhgEIAA,yoga_studio,OPERATIONAL,"Importado desde Google Maps
Tipo: Centro de yoga
Dirección: Pl. Cristo de Gracia, 4, Centro, 14002 Córdoba
Google: 5⭐ (35 reseñas)
Maps: https://maps.google.com/?cid=15745172256175006402&g_mp=Cidnb29nbGUubWFwcy5wbGFjZXMudjEuUGxhY2VzLlNlYXJjaFRleHQQAhgEIAA"
cmpd0dx3r022cq1se774angya,Samadhi Yoga en Córdoba,,691 22 22 04,Samadhi Yoga en Córdoba,,España,google-maps,atleevoyoga,NUEVO,MEDIA,,,2026-05-19T19:11:18.232Z,2026-05-19T19:11:18.232Z,https://www.instagram.com/samadhi_yogaencordoba?igsh=NmJqeTk5ZzdhMDNk,"Av. del Gran Capitán, 19, esc 7 bajo 3, Centro, Centro, 14008 Córdoba",Córdoba,5,26,https://maps.google.com/?cid=14261891517654140993&g_mp=Cidnb29nbGUubWFwcy5wbGFjZXMudjEuUGxhY2VzLlNlYXJjaFRleHQQAhgEIAA,yoga_studio,OPERATIONAL,"Importado desde Google Maps
Tipo: Centro de yoga
Dirección: Av. del Gran Capitán, 19, esc 7 bajo 3, Centro, Centro, 14008 Córdoba
Google: 5⭐ (26 reseñas)
Web: https://www.instagram.com/samadhi_yogaencordoba?igsh=NmJqeTk5ZzdhMDNk
Maps: https://maps.google.com/?cid=14261891517654140993&g_mp=Cidnb29nbGUubWFwcy5wbGFjZXMudjEuUGxhY2VzLlNlYXJjaFRleHQQAhgEIAA"
cmpd0dxd2022dq1seihqfo2wq,Spiritual Harmony,,679 71 06 12,Spiritual Harmony,,España,google-maps,atleevoyoga,NUEVO,MEDIA,,,2026-05-19T19:11:18.567Z,2026-05-19T19:11:18.567Z,https://spiritualharmony.webnode.es/,"C. Platero Pedro de Bares, 25, Levante, 14007 Córdoba",Córdoba,4.9,38,https://maps.google.com/?cid=1795630359717624380&g_mp=Cidnb29nbGUubWFwcy5wbGFjZXMudjEuUGxhY2VzLlNlYXJjaFRleHQQAhgEIAA,wellness_center,OPERATIONAL,"Importado desde Google Maps
Tipo: Centro de salud y bienestar
Dirección: C. Platero Pedro de Bares, 25, Levante, 14007 Córdoba
Google: 4.9⭐ (38 reseñas)
Web: https://spiritualharmony.webnode.es/
Maps: https://maps.google.com/?cid=1795630359717624380&g_mp=Cidnb29nbGUubWFwcy5wbGFjZXMudjEuUGxhY2VzLlNlYXJjaFRleHQQAhgEIAA"
cmpd0dxn1022eq1seu0wx7rz3,Escuela de Yoga Rudha,,623 19 09 64,Escuela de Yoga Rudha,,España,google-maps,atleevoyoga,NUEVO,MEDIA,,,2026-05-19T19:11:18.926Z,2026-05-19T19:11:18.926Z,http://rudhayoga.com/,"C. Escritora Carmen de Burgos, 5, Local 3, 14004 Córdoba",Córdoba,5,6,https://maps.google.com/?cid=13654380809850652588&g_mp=Cidnb29nbGUubWFwcy5wbGFjZXMudjEuUGxhY2VzLlNlYXJjaFRleHQQAhgEIAA,yoga_studio,OPERATIONAL,"Importado desde Google Maps
Tipo: Centro de yoga
Dirección: C. Escritora Carmen de Burgos, 5, Local 3, 14004 Córdoba
Google: 5⭐ (6 reseñas)
Web: http://rudhayoga.com/
Maps: https://maps.google.com/?cid=13654380809850652588&g_mp=Cidnb29nbGUubWFwcy5wbGFjZXMudjEuUGxhY2VzLlNlYXJjaFRleHQQAhgEIAA"
cmpd0dxw6022fq1sea1qnog6d,Centro Wutan Córdoba,,626 64 67 50,Centro Wutan Córdoba,,España,google-maps,atleevoyoga,NUEVO,MEDIA,,,2026-05-19T19:11:19.255Z,2026-05-19T19:11:19.255Z,https://www.wutancordoba.com/,"C. Caño, 12, Centro, 14001 Córdoba",Córdoba,5,55,https://maps.google.com/?cid=3727595747087187277&g_mp=Cidnb29nbGUubWFwcy5wbGFjZXMudjEuUGxhY2VzLlNlYXJjaFRleHQQAhgEIAA,fitness_center,OPERATIONAL,"Importado desde Google Maps
Tipo: Centro deportivo
Dirección: C. Caño, 12, Centro, 14001 Córdoba
Google: 5⭐ (55 reseñas)
Web: https://www.wutancordoba.com/
Maps: https://maps.google.com/?cid=3727595747087187277&g_mp=Cidnb29nbGUubWFwcy5wbGFjZXMudjEuUGxhY2VzLlNlYXJjaFRleHQQAhgEIAA"
cmpd0dy5d022gq1sezp4zrpac,STUDIO DE PILATES MIREYA IRURZUN,,620 88 50 20,STUDIO DE PILATES MIREYA IRURZUN,,España,google-maps,atleevoyoga,NUEVO,MEDIA,,,2026-05-19T19:11:19.586Z,2026-05-19T19:11:19.586Z,https://pilatesmireyairurzun.com/,"C. Francisco Rabal, Noroeste, 14006 Córdoba",Córdoba,5,123,https://maps.google.com/?cid=830025697227428738&g_mp=Cidnb29nbGUubWFwcy5wbGFjZXMudjEuUGxhY2VzLlNlYXJjaFRleHQQAhgEIAA,gym,OPERATIONAL,"Importado desde Google Maps
Tipo: Gimnasio
Dirección: C. Francisco Rabal, Noroeste, 14006 Córdoba
Google: 5⭐ (123 reseñas)
Web: https://pilatesmireyairurzun.com/
Maps: https://maps.google.com/?cid=830025697227428738&g_mp=Cidnb29nbGUubWFwcy5wbGFjZXMudjEuUGxhY2VzLlNlYXJjaFRleHQQAhgEIAA"
cmpd0dyff022hq1secdhrweph,Espacio Presencia,,646 94 74 46,Espacio Presencia,,España,google-maps,atleevoyoga,NUEVO,MEDIA,,,2026-05-19T19:11:19.948Z,2026-05-19T19:11:19.948Z,http://www.espaciopresencia.com/,"Ronda de los Tejares, Acceso II, 32, planta 3 local 233, Centro, 14001 Córdoba",Córdoba,5,7,https://maps.google.com/?cid=5487100619452525889&g_mp=Cidnb29nbGUubWFwcy5wbGFjZXMudjEuUGxhY2VzLlNlYXJjaFRleHQQAhgEIAA,wellness_center,OPERATIONAL,"Importado desde Google Maps
Tipo: Centro de salud y bienestar
Dirección: Ronda de los Tejares, Acceso II, 32, planta 3 local 233, Centro, 14001 Córdoba
Google: 5⭐ (7 reseñas)
Web: http://www.espaciopresencia.com/
Maps: https://maps.google.com/?cid=5487100619452525889&g_mp=Cidnb29nbGUubWFwcy5wbGFjZXMudjEuUGxhY2VzLlNlYXJjaFRleHQQAhgEIAA"
cmpd0dyol022iq1sexpz6s4ba,YouBrave: Barre | Pilates | Entrenamiento personal | Aéreo|,,624 01 59 04,YouBrave: Barre | Pilates | Entrenamiento personal | Aéreo|,,España,google-maps,atleevoyoga,NUEVO,MEDIA,,,2026-05-19T19:11:20.278Z,2026-05-19T19:11:20.278Z,https://www.youbrave.es/,"Bailarina Anna Pavlova, esquina con, Av. Cañito Bazán, 2, Local 1, 14011 Córdoba",Córdoba,5,3,https://maps.google.com/?cid=8420938376647465152&g_mp=Cidnb29nbGUubWFwcy5wbGFjZXMudjEuUGxhY2VzLlNlYXJjaFRleHQQAhgEIAA,gym,OPERATIONAL,"Importado desde Google Maps
Tipo: Gimnasio
Dirección: Bailarina Anna Pavlova, esquina con, Av. Cañito Bazán, 2, Local 1, 14011 Córdoba
Google: 5⭐ (3 reseñas)
Web: https://www.youbrave.es/
Maps: https://maps.google.com/?cid=8420938376647465152&g_mp=Cidnb29nbGUubWFwcy5wbGFjZXMudjEuUGxhY2VzLlNlYXJjaFRleHQQAhgEIAA"
cmpd0dyxq022jq1se36jphtca,Gestar En Conciencia,,630 11 02 51,Gestar En Conciencia,,España,google-maps,atleevoyoga,NUEVO,MEDIA,,,2026-05-19T19:11:20.607Z,2026-05-19T19:11:20.607Z,,"Pl. Chirinos, 5, Centro, 14001 Córdoba",Córdoba,5,35,https://maps.google.com/?cid=12160610820868535908&g_mp=Cidnb29nbGUubWFwcy5wbGFjZXMudjEuUGxhY2VzLlNlYXJjaFRleHQQAhgEIAA,medical_clinic,OPERATIONAL,"Importado desde Google Maps
Tipo: Clínica ambulatoria
Dirección: Pl. Chirinos, 5, Centro, 14001 Córdoba
Google: 5⭐ (35 reseñas)
Maps: https://maps.google.com/?cid=12160610820868535908&g_mp=Cidnb29nbGUubWFwcy5wbGFjZXMudjEuUGxhY2VzLlNlYXJjaFRleHQQAhgEIAA"
cmpd0dz6u022kq1sehbvjkx6t,Namasté Centro Holístico Profesorado de Yoga y Decodificación en Córdoba,,0351 15-240-5490,Namasté Centro Holístico Profesorado de Yoga y Decodificación en Córdoba,,España,google-maps,atleevoyoga,NUEVO,MEDIA,,,2026-05-19T19:11:20.935Z,2026-05-19T19:11:20.935Z,,"Luis de Azpeitía Obrero 2229, X5002BIM Córdoba, Argentina",Córdoba,4.8,68,https://maps.google.com/?cid=17664336155005084996&g_mp=Cidnb29nbGUubWFwcy5wbGFjZXMudjEuUGxhY2VzLlNlYXJjaFRleHQQAhgEIAA,yoga_studio,OPERATIONAL,"Importado desde Google Maps
Tipo: Centro de yoga
Dirección: Luis de Azpeitía Obrero 2229, X5002BIM Córdoba, Argentina
Google: 4.8⭐ (68 reseñas)
Maps: https://maps.google.com/?cid=17664336155005084996&g_mp=Cidnb29nbGUubWFwcy5wbGFjZXMudjEuUGxhY2VzLlNlYXJjaFRleHQQAhgEIAA"
cmpd0dzfx022lq1sey8wx4zky,STUDIO PILATES Anabel Manjón,,611 61 82 95,STUDIO PILATES Anabel Manjón,,España,google-maps,atleevoyoga,NUEVO,MEDIA,,,2026-05-19T19:11:21.261Z,2026-05-19T19:11:21.261Z,http://www.pilatesanabelmanjon.es/,"Pje. José Flores ""Cámara"", 2, Poniente Sur, 14005 Córdoba",Córdoba,4.9,126,https://maps.google.com/?cid=7596924585253288683&g_mp=Cidnb29nbGUubWFwcy5wbGFjZXMudjEuUGxhY2VzLlNlYXJjaFRleHQQAhgEIAA,gym,OPERATIONAL,"Importado desde Google Maps
Tipo: Gimnasio
Dirección: Pje. José Flores ""Cámara"", 2, Poniente Sur, 14005 Córdoba
Google: 4.9⭐ (126 reseñas)
Web: http://www.pilatesanabelmanjon.es/
Maps: https://maps.google.com/?cid=7596924585253288683&g_mp=Cidnb29nbGUubWFwcy5wbGFjZXMudjEuUGxhY2VzLlNlYXJjaFRleHQQAhgEIAA"
cmpd0dzp2022mq1se0skmjbdh,Centro de Meditación Córdoba,,647 27 75 59,Centro de Meditación Córdoba,,España,google-maps,atleevoyoga,NUEVO,MEDIA,,,2026-05-19T19:11:21.590Z,2026-05-19T19:11:21.590Z,https://www.facebook.com/meditacion.cordoba.ciag,"C. Don Lope de Sosa, 40, Poniente Sur, 14004 Córdoba",Córdoba,5,65,https://maps.google.com/?cid=15639823003486828819&g_mp=Cidnb29nbGUubWFwcy5wbGFjZXMudjEuUGxhY2VzLlNlYXJjaFRleHQQAhgEIAA,school,OPERATIONAL,"Importado desde Google Maps
Tipo: Escuela
Dirección: C. Don Lope de Sosa, 40, Poniente Sur, 14004 Córdoba
Google: 5⭐ (65 reseñas)
Web: https://www.facebook.com/meditacion.cordoba.ciag
Maps: https://maps.google.com/?cid=15639823003486828819&g_mp=Cidnb29nbGUubWFwcy5wbGFjZXMudjEuUGxhY2VzLlNlYXJjaFRleHQQAhgEIAA"
cmpd0dzy4022nq1segq1f1xni,Up Pilates Personal Studio,,661 53 36 12,Up Pilates Personal Studio,,España,google-maps,atleevoyoga,NUEVO,MEDIA,,,2026-05-19T19:11:21.916Z,2026-05-19T19:11:21.916Z,http://uppilatescordoba.com/,"C. Alcalá Zamora, 7, local, Nte. Sierra, 14006 Córdoba",Córdoba,4.9,84,https://maps.google.com/?cid=12187694360886183480&g_mp=Cidnb29nbGUubWFwcy5wbGFjZXMudjEuUGxhY2VzLlNlYXJjaFRleHQQAhgEIAA,gym,OPERATIONAL,"Importado desde Google Maps
Tipo: Gimnasio
Dirección: C. Alcalá Zamora, 7, local, Nte. Sierra, 14006 Córdoba
Google: 4.9⭐ (84 reseñas)
Web: http://uppilatescordoba.com/
Maps: https://maps.google.com/?cid=12187694360886183480&g_mp=Cidnb29nbGUubWFwcy5wbGFjZXMudjEuUGxhY2VzLlNlYXJjaFRleHQQAhgEIAA"
cmpd0e07b022oq1seih5sz8wm,Ocho - Centro Integral de Salud,,630 84 45 77,Ocho - Centro Integral de Salud,,España,google-maps,atleevoyoga,NUEVO,MEDIA,,,2026-05-19T19:11:22.247Z,2026-05-19T19:11:22.247Z,http://ochocentrosalud.com/,"C. Blvr. Hernán Ruiz, 7, Bajo 1, Poniente Sur, 14005 Córdoba",Córdoba,5,187,https://maps.google.com/?cid=17815217719341551155&g_mp=Cidnb29nbGUubWFwcy5wbGFjZXMudjEuUGxhY2VzLlNlYXJjaFRleHQQAhgEIAA,medical_clinic,OPERATIONAL,"Importado desde Google Maps
Tipo: Clínica ambulatoria
Dirección: C. Blvr. Hernán Ruiz, 7, Bajo 1, Poniente Sur, 14005 Córdoba
Google: 5⭐ (187 reseñas)
Web: http://ochocentrosalud.com/
Maps: https://maps.google.com/?cid=17815217719341551155&g_mp=Cidnb29nbGUubWFwcy5wbGFjZXMudjEuUGxhY2VzLlNlYXJjaFRleHQQAhgEIAA"
cmpd0e0gk022pq1sedh1qsvdc,Natural Sport Córdoba,,,Natural Sport Córdoba,,España,google-maps,atleevoyoga,NUEVO,MEDIA,,,2026-05-19T19:11:22.581Z,2026-05-19T19:11:22.581Z,,"Castello d'Empuries, Poniente Sur, 14004 Córdoba",Córdoba,5,87,https://maps.google.com/?cid=10647996918166623342&g_mp=Cidnb29nbGUubWFwcy5wbGFjZXMudjEuUGxhY2VzLlNlYXJjaFRleHQQAhgEIAA,fitness_center,OPERATIONAL,"Importado desde Google Maps
Tipo: Centro deportivo
Dirección: Castello d'Empuries, Poniente Sur, 14004 Córdoba
Google: 5⭐ (87 reseñas)
Maps: https://maps.google.com/?cid=10647996918166623342&g_mp=Cidnb29nbGUubWFwcy5wbGFjZXMudjEuUGxhY2VzLlNlYXJjaFRleHQQAhgEIAA"
cmpd0e0pm022qq1ses4mvhox5,Luzen studio,,633 87 70 01,Luzen studio,,España,google-maps,atleevoyoga,NUEVO,MEDIA,,,2026-05-19T19:11:22.906Z,2026-05-19T19:11:22.906Z,,"C/ Fernando de Córdoba, 3, Centro, 14008 Córdoba",Córdoba,5,11,https://maps.google.com/?cid=5343113226676878123&g_mp=Cidnb29nbGUubWFwcy5wbGFjZXMudjEuUGxhY2VzLlNlYXJjaFRleHQQAhgEIAA,store,OPERATIONAL,"Importado desde Google Maps
Tipo: Comercio
Dirección: C/ Fernando de Córdoba, 3, Centro, 14008 Córdoba
Google: 5⭐ (11 reseñas)
Maps: https://maps.google.com/?cid=5343113226676878123&g_mp=Cidnb29nbGUubWFwcy5wbGFjZXMudjEuUGxhY2VzLlNlYXJjaFRleHQQAhgEIAA"
cmpd0e0yn022rq1sebtypwi0x,Asociacion de Yoga Ahimsa,,645 87 22 73,Asociacion de Yoga Ahimsa,,España,google-maps,atleevoyoga,NUEVO,MEDIA,,,2026-05-19T19:11:23.231Z,2026-05-19T19:11:23.231Z,https://yoga-ahimsa-cordoba7.webnode.es/,"C. Salama, 7, Poniente Nte., 14005 Córdoba",Córdoba,5,6,https://maps.google.com/?cid=15669540323496312575&g_mp=Cidnb29nbGUubWFwcy5wbGFjZXMudjEuUGxhY2VzLlNlYXJjaFRleHQQAhgEIAA,yoga_studio,OPERATIONAL,"Importado desde Google Maps
Tipo: Centro de yoga
Dirección: C. Salama, 7, Poniente Nte., 14005 Córdoba
Google: 5⭐ (6 reseñas)
Web: https://yoga-ahimsa-cordoba7.webnode.es/
Maps: https://maps.google.com/?cid=15669540323496312575&g_mp=Cidnb29nbGUubWFwcy5wbGFjZXMudjEuUGxhY2VzLlNlYXJjaFRleHQQAhgEIAA"
cmpd0e181022sq1sesh00z0lj,Ashto Yoga Nueva Córdoba Ashtanga Vinyasa Hatha,,0351 855-8597,Ashto Yoga Nueva Córdoba Ashtanga Vinyasa Hatha,,España,google-maps,atleevoyoga,NUEVO,MEDIA,,,2026-05-19T19:11:23.570Z,2026-05-19T19:11:23.570Z,https://www.instagram.com/ashto_espacio/,"Buenos Aires 933, X5000IMS Córdoba, Argentina",Córdoba,4.8,18,https://maps.google.com/?cid=11641437057496303837&g_mp=Cidnb29nbGUubWFwcy5wbGFjZXMudjEuUGxhY2VzLlNlYXJjaFRleHQQAhgEIAA,yoga_studio,OPERATIONAL,"Importado desde Google Maps
Tipo: Centro de yoga
Dirección: Buenos Aires 933, X5000IMS Córdoba, Argentina
Google: 4.8⭐ (18 reseñas)
Web: https://www.instagram.com/ashto_espacio/
Maps: https://maps.google.com/?cid=11641437057496303837&g_mp=Cidnb29nbGUubWFwcy5wbGFjZXMudjEuUGxhY2VzLlNlYXJjaFRleHQQAhgEIAA"
cmpd0e1gx022tq1sexfhe4ef6,Maspilates - Club Deportivo Pilates Córdoba,,600 46 86 18,Maspilates - Club Deportivo Pilates Córdoba,,España,google-maps,atleevoyoga,NUEVO,MEDIA,,,2026-05-19T19:11:23.890Z,2026-05-19T19:11:23.890Z,http://www.maspilates.es/,"Isla Hierro, 4, Noroeste, 14011 Córdoba",Córdoba,5,25,https://maps.google.com/?cid=11748227562025713594&g_mp=Cidnb29nbGUubWFwcy5wbGFjZXMudjEuUGxhY2VzLlNlYXJjaFRleHQQAhgEIAA,gym,OPERATIONAL,"Importado desde Google Maps
Tipo: Gimnasio
Dirección: Isla Hierro, 4, Noroeste, 14011 Córdoba
Google: 5⭐ (25 reseñas)
Web: http://www.maspilates.es/
Maps: https://maps.google.com/?cid=11748227562025713594&g_mp=Cidnb29nbGUubWFwcy5wbGFjZXMudjEuUGxhY2VzLlNlYXJjaFRleHQQAhgEIAA"
cmpd0e1q5022uq1se2kvy17x8,Pilates Elena Uroz Estudio,,670 83 77 49,Pilates Elena Uroz Estudio,,España,google-maps,atleevoyoga,NUEVO,MEDIA,,,2026-05-19T19:11:24.221Z,2026-05-19T19:11:24.221Z,https://linktr.ee/urozpilates,"Av. de la Arruzafilla, 12, 14011 Córdoba",Córdoba,5,26,https://maps.google.com/?cid=986441086979461191&g_mp=Cidnb29nbGUubWFwcy5wbGFjZXMudjEuUGxhY2VzLlNlYXJjaFRleHQQAhgEIAA,gym,OPERATIONAL,"Importado desde Google Maps
Tipo: Gimnasio
Dirección: Av. de la Arruzafilla, 12, 14011 Córdoba
Google: 5⭐ (26 reseñas)
Web: https://linktr.ee/urozpilates
Maps: https://maps.google.com/?cid=986441086979461191&g_mp=Cidnb29nbGUubWFwcy5wbGFjZXMudjEuUGxhY2VzLlNlYXJjaFRleHQQAhgEIAA"
cmpd0e1zu022vq1secmrk9nld,Escuela de Ashtanga Yoga,,0351 15-519-4789,Escuela de Ashtanga Yoga,,España,google-maps,atleevoyoga,NUEVO,MEDIA,,,2026-05-19T19:11:24.571Z,2026-05-19T19:11:24.571Z,,"Raymond Poincare 8658 Primer piso, X5021 X5021HZV, Córdoba, Argentina",Córdoba,4.9,25,https://maps.google.com/?cid=5234931307239416720&g_mp=Cidnb29nbGUubWFwcy5wbGFjZXMudjEuUGxhY2VzLlNlYXJjaFRleHQQAhgEIAA,yoga_studio,OPERATIONAL,"Importado desde Google Maps
Tipo: Centro de yoga
Dirección: Raymond Poincare 8658 Primer piso, X5021 X5021HZV, Córdoba, Argentina
Google: 4.9⭐ (25 reseñas)
Maps: https://maps.google.com/?cid=5234931307239416720&g_mp=Cidnb29nbGUubWFwcy5wbGFjZXMudjEuUGxhY2VzLlNlYXJjaFRleHQQAhgEIAA"
cmpd0e298022wq1se2km80r6h,Fusion Training Center,,644 04 44 34,Fusion Training Center,,España,google-maps,atleevoyoga,NUEVO,MEDIA,,,2026-05-19T19:11:24.908Z,2026-05-19T19:11:24.908Z,https://www.fusiontrainingcenter.es/,"Centro Comercial Zoco, Poniente Sur, 14005 Córdoba",Córdoba,5,145,https://maps.google.com/?cid=59209062676611437&g_mp=Cidnb29nbGUubWFwcy5wbGFjZXMudjEuUGxhY2VzLlNlYXJjaFRleHQQAhgEIAA,gym,OPERATIONAL,"Importado desde Google Maps
Tipo: Gimnasio
Dirección: Centro Comercial Zoco, Poniente Sur, 14005 Córdoba
Google: 5⭐ (145 reseñas)
Web: https://www.fusiontrainingcenter.es/
Maps: https://maps.google.com/?cid=59209062676611437&g_mp=Cidnb29nbGUubWFwcy5wbGFjZXMudjEuUGxhY2VzLlNlYXJjaFRleHQQAhgEIAA"
cmpd0e2ia022xq1se65i45huv,Escuela De Yoga Y Sabiduria Ancestral,,0351 15-351-4161,Escuela De Yoga Y Sabiduria Ancestral,,España,google-maps,atleevoyoga,NUEVO,MEDIA,,,2026-05-19T19:11:25.235Z,2026-05-19T19:11:25.235Z,https://www.yogaysabiduriaancestral.com/,"La Tablada 353, X5000FEI Córdoba, Argentina",Córdoba,5,3,https://maps.google.com/?cid=3504537373725788752&g_mp=Cidnb29nbGUubWFwcy5wbGFjZXMudjEuUGxhY2VzLlNlYXJjaFRleHQQAhgEIAA,yoga_studio,OPERATIONAL,"Importado desde Google Maps
Tipo: Centro de yoga
Dirección: La Tablada 353, X5000FEI Córdoba, Argentina
Google: 5⭐ (3 reseñas)
Web: https://www.yogaysabiduriaancestral.com/
Maps: https://maps.google.com/?cid=3504537373725788752&g_mp=Cidnb29nbGUubWFwcy5wbGFjZXMudjEuUGxhY2VzLlNlYXJjaFRleHQQAhgEIAA"
cmpd0e2re022yq1sekjfgolbj,Kundalini Yoga en Córdoba,,,Kundalini Yoga en Córdoba,,España,google-maps,atleevoyoga,NUEVO,MEDIA,,,2026-05-19T19:11:25.563Z,2026-05-19T19:11:25.563Z,,"Pl. Cristo de Gracia, 8, Levante, 14002 Córdoba",Córdoba,,,https://maps.google.com/?cid=13395557672537139120&g_mp=Cidnb29nbGUubWFwcy5wbGFjZXMudjEuUGxhY2VzLlNlYXJjaFRleHQQAhgEIAA,yoga_studio,OPERATIONAL,"Importado desde Google Maps
Tipo: Centro de yoga
Dirección: Pl. Cristo de Gracia, 8, Levante, 14002 Córdoba
Maps: https://maps.google.com/?cid=13395557672537139120&g_mp=Cidnb29nbGUubWFwcy5wbGFjZXMudjEuUGxhY2VzLlNlYXJjaFRleHQQAhgEIAA"
cmpd0e30i022zq1se9u39j86q,Aira Fitness Club,,957 24 80 20,Aira Fitness Club,,España,google-maps,atleevoyoga,NUEVO,MEDIA,,,2026-05-19T19:11:25.891Z,2026-05-19T19:11:25.891Z,http://airafitnessclub.es/,"Av. de Rabanales, s/n, Levante, 14007 Córdoba",Córdoba,4.3,1175,https://maps.google.com/?cid=17741502686080456699&g_mp=Cidnb29nbGUubWFwcy5wbGFjZXMudjEuUGxhY2VzLlNlYXJjaFRleHQQAhgEIAA,gym,OPERATIONAL,"Importado desde Google Maps
Tipo: Gimnasio
Dirección: Av. de Rabanales, s/n, Levante, 14007 Córdoba
Google: 4.3⭐ (1175 reseñas)
Web: http://airafitnessclub.es/
Maps: https://maps.google.com/?cid=17741502686080456699&g_mp=Cidnb29nbGUubWFwcy5wbGFjZXMudjEuUGxhY2VzLlNlYXJjaFRleHQQAhgEIAA"
cmpd0e39k0230q1se288n89gj,La Caja Viva,,626 68 27 99,La Caja Viva,,España,google-maps,atleevoyoga,NUEVO,MEDIA,,,2026-05-19T19:11:26.216Z,2026-05-19T19:11:26.216Z,https://lacajaviva.com/,"C. María Auxiliadora, 23, local, Centro, 14002 Córdoba",Córdoba,5,3,https://maps.google.com/?cid=5914162470741513723&g_mp=Cidnb29nbGUubWFwcy5wbGFjZXMudjEuUGxhY2VzLlNlYXJjaFRleHQQAhgEIAA,,OPERATIONAL,"Importado desde Google Maps
Dirección: C. María Auxiliadora, 23, local, Centro, 14002 Córdoba
Google: 5⭐ (3 reseñas)
Web: https://lacajaviva.com/
Maps: https://maps.google.com/?cid=5914162470741513723&g_mp=Cidnb29nbGUubWFwcy5wbGFjZXMudjEuUGxhY2VzLlNlYXJjaFRleHQQAhgEIAA"
cmpd0e3ip0231q1se3jz7463s,Top Health La Victoria | Gimnasio en el centro Córdoba,,957 29 13 27,Top Health La Victoria | Gimnasio en el centro Córdoba,,España,google-maps,atleevoyoga,NUEVO,MEDIA,,,2026-05-19T19:11:26.545Z,2026-05-19T19:11:26.545Z,http://www.tophealth.es/,"P.º de la Victoria, 63, Centro, 14004 Córdoba",Córdoba,4.5,164,https://maps.google.com/?cid=10280712528027614533&g_mp=Cidnb29nbGUubWFwcy5wbGFjZXMudjEuUGxhY2VzLlNlYXJjaFRleHQQAhgEIAA,gym,OPERATIONAL,"Importado desde Google Maps
Tipo: Gimnasio
Dirección: P.º de la Victoria, 63, Centro, 14004 Córdoba
Google: 4.5⭐ (164 reseñas)
Web: http://www.tophealth.es/
Maps: https://maps.google.com/?cid=10280712528027614533&g_mp=Cidnb29nbGUubWFwcy5wbGFjZXMudjEuUGxhY2VzLlNlYXJjaFRleHQQAhgEIAA"
cmpd0e3s10232q1se7fq0t9r1,Studio de Pilates Rocio Leal,,680 43 65 93,Studio de Pilates Rocio Leal,,España,google-maps,atleevoyoga,NUEVO,MEDIA,,,2026-05-19T19:11:26.881Z,2026-05-19T19:11:26.881Z,,"C. San Acisclo, Levante, 14007 Córdoba",Córdoba,3.8,5,https://maps.google.com/?cid=17948321174922030430&g_mp=Cidnb29nbGUubWFwcy5wbGFjZXMudjEuUGxhY2VzLlNlYXJjaFRleHQQAhgEIAA,gym,OPERATIONAL,"Importado desde Google Maps
Tipo: Gimnasio
Dirección: C. San Acisclo, Levante, 14007 Córdoba
Google: 3.8⭐ (5 reseñas)
Maps: https://maps.google.com/?cid=17948321174922030430&g_mp=Cidnb29nbGUubWFwcy5wbGFjZXMudjEuUGxhY2VzLlNlYXJjaFRleHQQAhgEIAA"
cmpd0e4160233q1se0ofz8162,Vial Pilates,,634 12 24 43,Vial Pilates,,España,google-maps,atleevoyoga,NUEVO,MEDIA,,,2026-05-19T19:11:27.211Z,2026-05-19T19:11:27.211Z,https://www.vialpilates.com/,"Avenida al Nasir, C. Pintor Aguilera Amate, esquina, Nte. Sierra, 14006 Córdoba",Córdoba,5,2,https://maps.google.com/?cid=11767665612099321154&g_mp=Cidnb29nbGUubWFwcy5wbGFjZXMudjEuUGxhY2VzLlNlYXJjaFRleHQQAhgEIAA,gym,OPERATIONAL,"Importado desde Google Maps
Tipo: Gimnasio
Dirección: Avenida al Nasir, C. Pintor Aguilera Amate, esquina, Nte. Sierra, 14006 Córdoba
Google: 5⭐ (2 reseñas)
Web: https://www.vialpilates.com/
Maps: https://maps.google.com/?cid=11767665612099321154&g_mp=Cidnb29nbGUubWFwcy5wbGFjZXMudjEuUGxhY2VzLlNlYXJjaFRleHQQAhgEIAA"
cmpd0e4aq0234q1seyfxeohgf,Holística Chik,,667 93 76 77,Holística Chik,,España,google-maps,atleevoyoga,NUEVO,MEDIA,,,2026-05-19T19:11:27.554Z,2026-05-19T19:11:27.554Z,,"Av. Ronda de los Tejares, 32, oficina 266, Centro, 14005 Córdoba",Córdoba,,,https://maps.google.com/?cid=5154289346320078042&g_mp=Cidnb29nbGUubWFwcy5wbGFjZXMudjEuUGxhY2VzLlNlYXJjaFRleHQQAhgEIAA,yoga_studio,OPERATIONAL,"Importado desde Google Maps
Tipo: Centro de yoga
Dirección: Av. Ronda de los Tejares, 32, oficina 266, Centro, 14005 Córdoba
Maps: https://maps.google.com/?cid=5154289346320078042&g_mp=Cidnb29nbGUubWFwcy5wbGFjZXMudjEuUGxhY2VzLlNlYXJjaFRleHQQAhgEIAA"
cmpd0e4jr0235q1seh4znbbxs,"Pause. Fisioterapia, yoga y barre",,601 33 40 49,"Pause. Fisioterapia, yoga y barre",,España,google-maps,atleevoyoga,NUEVO,MEDIA,,,2026-05-19T19:11:27.879Z,2026-05-19T19:11:27.879Z,https://pauseestudio.es/,"Av. Isla Fuerteventura, 55, Noroeste, 14011 Córdoba",Córdoba,5,5,https://maps.google.com/?cid=15531298702529266593&g_mp=Cidnb29nbGUubWFwcy5wbGFjZXMudjEuUGxhY2VzLlNlYXJjaFRleHQQAhgEIAA,physiotherapist,OPERATIONAL,"Importado desde Google Maps
Tipo: Fisioterapeuta
Dirección: Av. Isla Fuerteventura, 55, Noroeste, 14011 Córdoba
Google: 5⭐ (5 reseñas)
Web: https://pauseestudio.es/
Maps: https://maps.google.com/?cid=15531298702529266593&g_mp=Cidnb29nbGUubWFwcy5wbGFjZXMudjEuUGxhY2VzLlNlYXJjaFRleHQQAhgEIAA"
cmpd0e4sw0236q1sepc66i5ey,"Centro de Masajes ""Karmia""",,957 39 02 15,"Centro de Masajes ""Karmia""",,España,google-maps,atleevoyoga,NUEVO,MEDIA,,,2026-05-19T19:11:28.208Z,2026-05-19T19:11:28.208Z,http://www.karmia.es/,"C. San Pablo, 32, Centro, 14002 Córdoba",Córdoba,4.7,128,https://maps.google.com/?cid=1860415792415670915&g_mp=Cidnb29nbGUubWFwcy5wbGFjZXMudjEuUGxhY2VzLlNlYXJjaFRleHQQAhgEIAA,massage,OPERATIONAL,"Importado desde Google Maps
Tipo: Servicio de masajes
Dirección: C. San Pablo, 32, Centro, 14002 Córdoba
Google: 4.7⭐ (128 reseñas)
Web: http://www.karmia.es/
Maps: https://maps.google.com/?cid=1860415792415670915&g_mp=Cidnb29nbGUubWFwcy5wbGFjZXMudjEuUGxhY2VzLlNlYXJjaFRleHQQAhgEIAA"
cmpd0e5230237q1sex0t05vgb,Centro Tao,,677 87 79 16,Centro Tao,,España,google-maps,atleevoyoga,NUEVO,MEDIA,,,2026-05-19T19:11:28.540Z,2026-05-19T19:11:28.540Z,,"C. Manuel de Falla, 4, Nte. Sierra, 14012 Córdoba",Córdoba,,,https://maps.google.com/?cid=14720739695463183537&g_mp=Cidnb29nbGUubWFwcy5wbGFjZXMudjEuUGxhY2VzLlNlYXJjaFRleHQQAhgEIAA,yoga_studio,OPERATIONAL,"Importado desde Google Maps
Tipo: Centro de yoga
Dirección: C. Manuel de Falla, 4, Nte. Sierra, 14012 Córdoba
Maps: https://maps.google.com/?cid=14720739695463183537&g_mp=Cidnb29nbGUubWFwcy5wbGFjZXMudjEuUGxhY2VzLlNlYXJjaFRleHQQAhgEIAA"
cmpd0ea140238q1se0crpunox,Mindsugi Asociación,,619 92 50 06,Mindsugi Asociación,,España,google-maps,atleevoyoga,NUEVO,MEDIA,,,2026-05-19T19:11:34.985Z,2026-05-19T19:11:34.985Z,,"Calleja Azonaicas, 16, Centro, 14002 Córdoba",Córdoba,5,1,https://maps.google.com/?cid=1998123162659398765&g_mp=Cidnb29nbGUubWFwcy5wbGFjZXMudjEuUGxhY2VzLlNlYXJjaFRleHQQAhgEIAA,association_or_organization,OPERATIONAL,"Importado desde Google Maps
Tipo: Asociación u organización
Dirección: Calleja Azonaicas, 16, Centro, 14002 Córdoba
Google: 5⭐ (1 reseñas)
Maps: https://maps.google.com/?cid=1998123162659398765&g_mp=Cidnb29nbGUubWFwcy5wbGFjZXMudjEuUGxhY2VzLlNlYXJjaFRleHQQAhgEIAA"
cmpd0eajo0239q1semnyiv2yt,Asociación Espiritual Mundial Brahma Kumaris Córdoba,,666 31 29 40,Asociación Espiritual Mundial Brahma Kumaris Córdoba,,España,google-maps,atleevoyoga,NUEVO,MEDIA,,,2026-05-19T19:11:35.653Z,2026-05-19T19:11:35.653Z,http://brahmakumaris.es/,"SALA EL PATIO, C. Rodríguez Sánchez, 7, Centro, 14003 Córdoba",Córdoba,5,3,https://maps.google.com/?cid=9967227721998885955&g_mp=Cidnb29nbGUubWFwcy5wbGFjZXMudjEuUGxhY2VzLlNlYXJjaFRleHQQAhgEIAA,health,OPERATIONAL,"Importado desde Google Maps
Tipo: Salud y bienestar
Dirección: SALA EL PATIO, C. Rodríguez Sánchez, 7, Centro, 14003 Córdoba
Google: 5⭐ (3 reseñas)
Web: http://brahmakumaris.es/
Maps: https://maps.google.com/?cid=9967227721998885955&g_mp=Cidnb29nbGUubWFwcy5wbGFjZXMudjEuUGxhY2VzLlNlYXJjaFRleHQQAhgEIAA"
cmpd0ebfx023aq1sex8ncjssn,Centro de Educación Maternal y Recuperación Puerperal,,670 99 21 15,Centro de Educación Maternal y Recuperación Puerperal,,España,google-maps,atleevoyoga,NUEVO,MEDIA,,,2026-05-19T19:11:36.813Z,2026-05-19T19:11:36.813Z,http://cemlosarcos.es/,"Av. Ronda de los Tejares, 16, Portal 5, Centro, 14001 Córdoba",Córdoba,5,98,https://maps.google.com/?cid=17263634234959493324&g_mp=Cidnb29nbGUubWFwcy5wbGFjZXMudjEuUGxhY2VzLlNlYXJjaFRleHQQAhgEIAA,medical_center,OPERATIONAL,"Importado desde Google Maps
Tipo: Centro médico
Dirección: Av. Ronda de los Tejares, 16, Portal 5, Centro, 14001 Córdoba
Google: 5⭐ (98 reseñas)
Web: http://cemlosarcos.es/
Maps: https://maps.google.com/?cid=17263634234959493324&g_mp=Cidnb29nbGUubWFwcy5wbGFjZXMudjEuUGxhY2VzLlNlYXJjaFRleHQQAhgEIAA"
cmpd0eccq023bq1seqr98n10c,Ashtanga Yoga Traslasierra,,03544 15-31-1579,Ashtanga Yoga Traslasierra,,España,google-maps,atleevoyoga,NUEVO,MEDIA,,,2026-05-19T19:11:37.994Z,2026-05-19T19:11:37.994Z,http://www.ashtangayogacordoba.com/,"Guasmara 19 Local 5, X5885 Villa de Las Rosas, Córdoba, Argentina",Córdoba,5,27,https://maps.google.com/?cid=13568921092161162452&g_mp=Cidnb29nbGUubWFwcy5wbGFjZXMudjEuUGxhY2VzLlNlYXJjaFRleHQQAhgEIAA,yoga_studio,OPERATIONAL,"Importado desde Google Maps
Tipo: Centro de yoga
Dirección: Guasmara 19 Local 5, X5885 Villa de Las Rosas, Córdoba, Argentina
Google: 5⭐ (27 reseñas)
Web: http://www.ashtangayogacordoba.com/
Maps: https://maps.google.com/?cid=13568921092161162452&g_mp=Cidnb29nbGUubWFwcy5wbGFjZXMudjEuUGxhY2VzLlNlYXJjaFRleHQQAhgEIAA"
cmpd0ecmh023cq1sersgnrfz7,RINCÓN DEL UNIVERSO - Ashtanga Yoga Shala,,0351 630-1787,RINCÓN DEL UNIVERSO - Ashtanga Yoga Shala,,España,google-maps,atleevoyoga,NUEVO,MEDIA,,,2026-05-19T19:11:38.346Z,2026-05-19T19:11:38.346Z,,"Ayacucho 333, X5000 Córdoba, Argentina",Córdoba,5,32,https://maps.google.com/?cid=5743755204603647138&g_mp=Cidnb29nbGUubWFwcy5wbGFjZXMudjEuUGxhY2VzLlNlYXJjaFRleHQQAhgEIAA,yoga_studio,OPERATIONAL,"Importado desde Google Maps
Tipo: Centro de yoga
Dirección: Ayacucho 333, X5000 Córdoba, Argentina
Google: 5⭐ (32 reseñas)
Maps: https://maps.google.com/?cid=5743755204603647138&g_mp=Cidnb29nbGUubWFwcy5wbGFjZXMudjEuUGxhY2VzLlNlYXJjaFRleHQQAhgEIAA"
cmpd0ed9h023dq1seonly7tg9,Ashtanga Yoga CasaB Alta Cordoba,,0351 767-1959,Ashtanga Yoga CasaB Alta Cordoba,,España,google-maps,atleevoyoga,NUEVO,MEDIA,,,2026-05-19T19:11:39.173Z,2026-05-19T19:11:39.173Z,https://www.instagram.com/casabashtangayoga?igsh=MXRleGRrbzJicWhyaQ==,"Lope de Vega 843, X5000 Córdoba, Argentina",Córdoba,4.8,4,https://maps.google.com/?cid=9588580777588546618&g_mp=Cidnb29nbGUubWFwcy5wbGFjZXMudjEuUGxhY2VzLlNlYXJjaFRleHQQAhgEIAA,yoga_studio,OPERATIONAL,"Importado desde Google Maps
Tipo: Centro de yoga
Dirección: Lope de Vega 843, X5000 Córdoba, Argentina
Google: 4.8⭐ (4 reseñas)
Web: https://www.instagram.com/casabashtangayoga?igsh=MXRleGRrbzJicWhyaQ==
Maps: https://maps.google.com/?cid=9588580777588546618&g_mp=Cidnb29nbGUubWFwcy5wbGFjZXMudjEuUGxhY2VzLlNlYXJjaFRleHQQAhgEIAA"
cmpd0edj4023eq1see99stv2s,Clases de Yoga (Ailen Goldschlager),,0351 621-3838,Clases de Yoga (Ailen Goldschlager),,España,google-maps,atleevoyoga,NUEVO,MEDIA,,,2026-05-19T19:11:39.521Z,2026-05-19T19:11:39.521Z,,"Pascual Contursi, Barrio Pueyrredon 1550, X5012 Córdoba, Argentina",Córdoba,5,36,https://maps.google.com/?cid=1339792197107767715&g_mp=Cidnb29nbGUubWFwcy5wbGFjZXMudjEuUGxhY2VzLlNlYXJjaFRleHQQAhgEIAA,yoga_studio,OPERATIONAL,"Importado desde Google Maps
Tipo: Centro de yoga
Dirección: Pascual Contursi, Barrio Pueyrredon 1550, X5012 Córdoba, Argentina
Google: 5⭐ (36 reseñas)
Maps: https://maps.google.com/?cid=1339792197107767715&g_mp=Cidnb29nbGUubWFwcy5wbGFjZXMudjEuUGxhY2VzLlNlYXJjaFRleHQQAhgEIAA"
cmpd0edsk023fq1sex0is8ru4,Ashtanga Yoga Pueyrredon,,,Ashtanga Yoga Pueyrredon,,España,google-maps,atleevoyoga,NUEVO,MEDIA,,,2026-05-19T19:11:39.861Z,2026-05-19T19:11:39.861Z,https://business.google.com/site/l/12472177219629654792?hl=es-419,"Buchardo 832, X5004ETB Córdoba, Argentina",Córdoba,5,1,https://maps.google.com/?cid=6624058121565222565&g_mp=Cidnb29nbGUubWFwcy5wbGFjZXMudjEuUGxhY2VzLlNlYXJjaFRleHQQAhgEIAA,yoga_studio,OPERATIONAL,"Importado desde Google Maps
Tipo: Centro de yoga
Dirección: Buchardo 832, X5004ETB Córdoba, Argentina
Google: 5⭐ (1 reseñas)
Web: https://business.google.com/site/l/12472177219629654792?hl=es-419
Maps: https://maps.google.com/?cid=6624058121565222565&g_mp=Cidnb29nbGUubWFwcy5wbGFjZXMudjEuUGxhY2VzLlNlYXJjaFRleHQQAhgEIAA"
cmpd0ee1o023gq1sex0o7exoz,Drishti Movimiento y Postura - Yoga,,0351 396-6704,Drishti Movimiento y Postura - Yoga,,España,google-maps,atleevoyoga,NUEVO,MEDIA,,,2026-05-19T19:11:40.189Z,2026-05-19T19:11:40.189Z,https://www.instagram.com/drishti.movimiento?igsh=eHdidHV6c3Zia3Z5,"Obispo Trejo 648, X5000 Córdoba, Argentina",Córdoba,5,89,https://maps.google.com/?cid=11820429618480570783&g_mp=Cidnb29nbGUubWFwcy5wbGFjZXMudjEuUGxhY2VzLlNlYXJjaFRleHQQAhgEIAA,yoga_studio,OPERATIONAL,"Importado desde Google Maps
Tipo: Centro de yoga
Dirección: Obispo Trejo 648, X5000 Córdoba, Argentina
Google: 5⭐ (89 reseñas)
Web: https://www.instagram.com/drishti.movimiento?igsh=eHdidHV6c3Zia3Z5
Maps: https://maps.google.com/?cid=11820429618480570783&g_mp=Cidnb29nbGUubWFwcy5wbGFjZXMudjEuUGxhY2VzLlNlYXJjaFRleHQQAhgEIAA"
cmpd0eeaz023hq1sep5bzxql8,Espacio Yoga Córdoba,,,Espacio Yoga Córdoba,,España,google-maps,atleevoyoga,NUEVO,MEDIA,,,2026-05-19T19:11:40.523Z,2026-05-19T19:11:40.523Z,https://espayoga.wixsite.com/espacioyoga,"Alejandro Magariños Cervantes 840, X5000AHR Córdoba, Argentina",Córdoba,5,46,https://maps.google.com/?cid=508038469661988480&g_mp=Cidnb29nbGUubWFwcy5wbGFjZXMudjEuUGxhY2VzLlNlYXJjaFRleHQQAhgEIAA,yoga_studio,OPERATIONAL,"Importado desde Google Maps
Tipo: Centro de yoga
Dirección: Alejandro Magariños Cervantes 840, X5000AHR Córdoba, Argentina
Google: 5⭐ (46 reseñas)
Web: https://espayoga.wixsite.com/espacioyoga
Maps: https://maps.google.com/?cid=508038469661988480&g_mp=Cidnb29nbGUubWFwcy5wbGFjZXMudjEuUGxhY2VzLlNlYXJjaFRleHQQAhgEIAA"
cmpd0eem7023iq1sevpw715g6,Invierte en Tí,,0351 681-6643,Invierte en Tí,,España,google-maps,atleevoyoga,NUEVO,MEDIA,,,2026-05-19T19:11:40.927Z,2026-05-19T19:11:40.927Z,https://linktr.ee/invierte.en.ti,"Nicolás Avellaneda 1519 Cofico, X5000LKI Córdoba, Argentina",Córdoba,4.7,397,https://maps.google.com/?cid=17816526594883988492&g_mp=Cidnb29nbGUubWFwcy5wbGFjZXMudjEuUGxhY2VzLlNlYXJjaFRleHQQAhgEIAA,yoga_studio,OPERATIONAL,"Importado desde Google Maps
Tipo: Centro de yoga
Dirección: Nicolás Avellaneda 1519 Cofico, X5000LKI Córdoba, Argentina
Google: 4.7⭐ (397 reseñas)
Web: https://linktr.ee/invierte.en.ti
Maps: https://maps.google.com/?cid=17816526594883988492&g_mp=Cidnb29nbGUubWFwcy5wbGFjZXMudjEuUGxhY2VzLlNlYXJjaFRleHQQAhgEIAA"
cmpd0eevi023jq1se254q8yqa,Khalma Yoga,,0351 15-235-7184,Khalma Yoga,,España,google-maps,atleevoyoga,NUEVO,MEDIA,,,2026-05-19T19:11:41.262Z,2026-05-19T19:11:41.262Z,https://www.instagram.com/khalma_yoga/,"Caseros 344 Planta Baja, X5000AHH Córdoba, Argentina",Córdoba,5,85,https://maps.google.com/?cid=9758534306470202833&g_mp=Cidnb29nbGUubWFwcy5wbGFjZXMudjEuUGxhY2VzLlNlYXJjaFRleHQQAhgEIAA,yoga_studio,OPERATIONAL,"Importado desde Google Maps
Tipo: Centro de yoga
Dirección: Caseros 344 Planta Baja, X5000AHH Córdoba, Argentina
Google: 5⭐ (85 reseñas)
Web: https://www.instagram.com/khalma_yoga/
Maps: https://maps.google.com/?cid=9758534306470202833&g_mp=Cidnb29nbGUubWFwcy5wbGFjZXMudjEuUGxhY2VzLlNlYXJjaFRleHQQAhgEIAA"
cmpd0ef4d023kq1sey1za1a6u,Casa de Yoga,,0351 15-531-0752,Casa de Yoga,,España,google-maps,atleevoyoga,NUEVO,MEDIA,,,2026-05-19T19:11:41.581Z,2026-05-19T19:11:41.581Z,https://www.instagram.com/casadeyoga.generalpaz,"Rosario de Sta. Fe 743, X5008 Córdoba, Argentina",Córdoba,5,43,https://maps.google.com/?cid=13651941982676025604&g_mp=Cidnb29nbGUubWFwcy5wbGFjZXMudjEuUGxhY2VzLlNlYXJjaFRleHQQAhgEIAA,yoga_studio,OPERATIONAL,"Importado desde Google Maps
Tipo: Centro de yoga
Dirección: Rosario de Sta. Fe 743, X5008 Córdoba, Argentina
Google: 5⭐ (43 reseñas)
Web: https://www.instagram.com/casadeyoga.generalpaz
Maps: https://maps.google.com/?cid=13651941982676025604&g_mp=Cidnb29nbGUubWFwcy5wbGFjZXMudjEuUGxhY2VzLlNlYXJjaFRleHQQAhgEIAA"
cmpd0efet023lq1set8acb5ih,ESPACIO SATYA,,0351 662-8365,ESPACIO SATYA,,España,google-maps,atleevoyoga,NUEVO,MEDIA,,,2026-05-19T19:11:41.958Z,2026-05-19T19:11:41.958Z,https://instagram.com/satya_espacio?igshid=YmMyMTA2M2Y=,"Felipe de Arana 3542, X5016 Córdoba, Argentina",Córdoba,5,27,https://maps.google.com/?cid=15848529135369943046&g_mp=Cidnb29nbGUubWFwcy5wbGFjZXMudjEuUGxhY2VzLlNlYXJjaFRleHQQAhgEIAA,yoga_studio,OPERATIONAL,"Importado desde Google Maps
Tipo: Centro de yoga
Dirección: Felipe de Arana 3542, X5016 Córdoba, Argentina
Google: 5⭐ (27 reseñas)
Web: https://instagram.com/satya_espacio?igshid=YmMyMTA2M2Y=
Maps: https://maps.google.com/?cid=15848529135369943046&g_mp=Cidnb29nbGUubWFwcy5wbGFjZXMudjEuUGxhY2VzLlNlYXJjaFRleHQQAhgEIAA"
cmpd0efo4023mq1sem16tcsmm,Escuela de Yoga Sushumna,,0351 384-8864,Escuela de Yoga Sushumna,,España,google-maps,atleevoyoga,NUEVO,MEDIA,,,2026-05-19T19:11:42.293Z,2026-05-19T19:11:42.293Z,https://www.facebook.com/pg/escueladeyogaSushumna,"Enrique Granados 1121, X5000 Córdoba, Argentina",Córdoba,4.9,27,https://maps.google.com/?cid=18274814967283134472&g_mp=Cidnb29nbGUubWFwcy5wbGFjZXMudjEuUGxhY2VzLlNlYXJjaFRleHQQAhgEIAA,yoga_studio,OPERATIONAL,"Importado desde Google Maps
Tipo: Centro de yoga
Dirección: Enrique Granados 1121, X5000 Córdoba, Argentina
Google: 4.9⭐ (27 reseñas)
Web: https://www.facebook.com/pg/escueladeyogaSushumna
Maps: https://maps.google.com/?cid=18274814967283134472&g_mp=Cidnb29nbGUubWFwcy5wbGFjZXMudjEuUGxhY2VzLlNlYXJjaFRleHQQAhgEIAA"
cmpd0ehiu023nq1sej0ihtio3,Arjuna Escuela de yoga,,622 79 34 02,Arjuna Escuela de yoga,,España,google-maps,atleevoyoga,NUEVO,MEDIA,,,2026-05-19T19:11:44.695Z,2026-05-19T19:11:44.695Z,https://arjunaescueladeyoga.es/,"Calle del Monasterio Sta. Isabel, 8, 47015 Valladolid",Valladolid,5,102,https://maps.google.com/?cid=2501359056383708082&g_mp=Cidnb29nbGUubWFwcy5wbGFjZXMudjEuUGxhY2VzLlNlYXJjaFRleHQQAhgEIAA,yoga_studio,OPERATIONAL,"Importado desde Google Maps
Tipo: Centro de yoga
Dirección: Calle del Monasterio Sta. Isabel, 8, 47015 Valladolid
Google: 5⭐ (102 reseñas)
Web: https://arjunaescueladeyoga.es/
Maps: https://maps.google.com/?cid=2501359056383708082&g_mp=Cidnb29nbGUubWFwcy5wbGFjZXMudjEuUGxhY2VzLlNlYXJjaFRleHQQAhgEIAA"
cmpd0ehs0023oq1sev48q4xwz,Centro Karma Yoga,,628 43 17 91,Centro Karma Yoga,,España,google-maps,atleevoyoga,NUEVO,MEDIA,,,2026-05-19T19:11:45.025Z,2026-05-19T19:11:45.025Z,http://centrokarma.es/,"Carr. de Rueda, 103, Local, 47008 Valladolid",Valladolid,4.9,61,https://maps.google.com/?cid=2554274962361217641&g_mp=Cidnb29nbGUubWFwcy5wbGFjZXMudjEuUGxhY2VzLlNlYXJjaFRleHQQAhgEIAA,yoga_studio,OPERATIONAL,"Importado desde Google Maps
Tipo: Centro de yoga
Dirección: Carr. de Rueda, 103, Local, 47008 Valladolid
Google: 4.9⭐ (61 reseñas)
Web: http://centrokarma.es/
Maps: https://maps.google.com/?cid=2554274962361217641&g_mp=Cidnb29nbGUubWFwcy5wbGFjZXMudjEuUGxhY2VzLlNlYXJjaFRleHQQAhgEIAA"
cmpd0ei14023pq1se9nserkiz,Yoga Respira Profundo,,635 34 43 72,Yoga Respira Profundo,,España,google-maps,atleevoyoga,NUEVO,MEDIA,,,2026-05-19T19:11:45.353Z,2026-05-19T19:11:45.353Z,https://yogarespiraprofundo.es/,"Calle de Mateo Seoane Sobral, s/n, 47014 Valladolid",Valladolid,4.9,74,https://maps.google.com/?cid=6682051840572346640&g_mp=Cidnb29nbGUubWFwcy5wbGFjZXMudjEuUGxhY2VzLlNlYXJjaFRleHQQAhgEIAA,yoga_studio,OPERATIONAL,"Importado desde Google Maps
Tipo: Centro de yoga
Dirección: Calle de Mateo Seoane Sobral, s/n, 47014 Valladolid
Google: 4.9⭐ (74 reseñas)
Web: https://yogarespiraprofundo.es/
Maps: https://maps.google.com/?cid=6682051840572346640&g_mp=Cidnb29nbGUubWFwcy5wbGFjZXMudjEuUGxhY2VzLlNlYXJjaFRleHQQAhgEIAA"
cmpd0eiax023qq1se67225nxn,Alaya Espacio Yoga,,660 62 93 24,Alaya Espacio Yoga,,España,google-maps,atleevoyoga,NUEVO,MEDIA,,,2026-05-19T19:11:45.706Z,2026-05-19T19:11:45.706Z,http://alayayoga.es/,"Zona peatonal, C. del Rastrojo, 7, Bajo, 47014 Valladolid",Valladolid,4.9,26,https://maps.google.com/?cid=7054236124499882197&g_mp=Cidnb29nbGUubWFwcy5wbGFjZXMudjEuUGxhY2VzLlNlYXJjaFRleHQQAhgEIAA,yoga_studio,OPERATIONAL,"Importado desde Google Maps
Tipo: Centro de yoga
Dirección: Zona peatonal, C. del Rastrojo, 7, Bajo, 47014 Valladolid
Google: 4.9⭐ (26 reseñas)
Web: http://alayayoga.es/
Maps: https://maps.google.com/?cid=7054236124499882197&g_mp=Cidnb29nbGUubWFwcy5wbGFjZXMudjEuUGxhY2VzLlNlYXJjaFRleHQQAhgEIAA"
cmpd0eikb023rq1sebhzz4hft,Yoga NAUÉ,,644 38 79 61,Yoga NAUÉ,,España,google-maps,atleevoyoga,NUEVO,MEDIA,,,2026-05-19T19:11:46.043Z,2026-05-19T19:11:46.043Z,https://centroyoganaue.com/,"C. del Monasterio de Santa María de Montserrat, 6, 47015 Valladolid",Valladolid,5,50,https://maps.google.com/?cid=17577355300129063647&g_mp=Cidnb29nbGUubWFwcy5wbGFjZXMudjEuUGxhY2VzLlNlYXJjaFRleHQQAhgEIAA,yoga_studio,OPERATIONAL,"Importado desde Google Maps
Tipo: Centro de yoga
Dirección: C. del Monasterio de Santa María de Montserrat, 6, 47015 Valladolid
Google: 5⭐ (50 reseñas)
Web: https://centroyoganaue.com/
Maps: https://maps.google.com/?cid=17577355300129063647&g_mp=Cidnb29nbGUubWFwcy5wbGFjZXMudjEuUGxhY2VzLlNlYXJjaFRleHQQAhgEIAA"
cmpd0eitd023sq1se3joo2621,Flow - Barre & Yoga Studio,,,Flow - Barre & Yoga Studio,,España,google-maps,atleevoyoga,NUEVO,MEDIA,,,2026-05-19T19:11:46.369Z,2026-05-19T19:11:46.369Z,https://flowbarre.es/,"C. del Santuario, 25, 47002 Valladolid",Valladolid,5,43,https://maps.google.com/?cid=440570727368165232&g_mp=Cidnb29nbGUubWFwcy5wbGFjZXMudjEuUGxhY2VzLlNlYXJjaFRleHQQAhgEIAA,yoga_studio,OPERATIONAL,"Importado desde Google Maps
Tipo: Centro de yoga
Dirección: C. del Santuario, 25, 47002 Valladolid
Google: 5⭐ (43 reseñas)
Web: https://flowbarre.es/
Maps: https://maps.google.com/?cid=440570727368165232&g_mp=Cidnb29nbGUubWFwcy5wbGFjZXMudjEuUGxhY2VzLlNlYXJjaFRleHQQAhgEIAA"
cmpd0ej2f023tq1se4m7cj9tq,Escuela de Yoga Online y Presencial en Valladolid | Formación de Profesores,,605 09 67 35,Escuela de Yoga Online y Presencial en Valladolid | Formación de Profesores,,España,google-maps,atleevoyoga,NUEVO,MEDIA,,,2026-05-19T19:11:46.695Z,2026-05-19T19:11:46.695Z,http://yogacongloria.com/,"C. Albahaca, 1, 47009 Valladolid",Valladolid,5,50,https://maps.google.com/?cid=16413152933368958920&g_mp=Cidnb29nbGUubWFwcy5wbGFjZXMudjEuUGxhY2VzLlNlYXJjaFRleHQQAhgEIAA,yoga_studio,OPERATIONAL,"Importado desde Google Maps
Tipo: Centro de yoga
Dirección: C. Albahaca, 1, 47009 Valladolid
Google: 5⭐ (50 reseñas)
Web: http://yogacongloria.com/
Maps: https://maps.google.com/?cid=16413152933368958920&g_mp=Cidnb29nbGUubWFwcy5wbGFjZXMudjEuUGxhY2VzLlNlYXJjaFRleHQQAhgEIAA"
cmpd0ejgg023uq1sesajrb1lb,Yoga Devi,,607 33 41 81,Yoga Devi,,España,google-maps,atleevoyoga,NUEVO,MEDIA,,,2026-05-19T19:11:47.200Z,2026-05-19T19:11:47.200Z,http://yogadevi.es/,"Calle Fuente el Sol, 65, 47009 Valladolid",Valladolid,4.9,29,https://maps.google.com/?cid=13114924035925676631&g_mp=Cidnb29nbGUubWFwcy5wbGFjZXMudjEuUGxhY2VzLlNlYXJjaFRleHQQAhgEIAA,yoga_studio,OPERATIONAL,"Importado desde Google Maps
Tipo: Centro de yoga
Dirección: Calle Fuente el Sol, 65, 47009 Valladolid
Google: 4.9⭐ (29 reseñas)
Web: http://yogadevi.es/
Maps: https://maps.google.com/?cid=13114924035925676631&g_mp=Cidnb29nbGUubWFwcy5wbGFjZXMudjEuUGxhY2VzLlNlYXJjaFRleHQQAhgEIAA"
cmpd0ejps023vq1sedalfv1i9,Estudio de Yoga Nytia,,600 83 81 94,Estudio de Yoga Nytia,,España,google-maps,atleevoyoga,NUEVO,MEDIA,,,2026-05-19T19:11:47.536Z,2026-05-19T19:11:47.536Z,http://www.yoganytia.es/,"C. de los Vinos de la Ribera del Duero, 2, 47008 Valladolid",Valladolid,5,8,https://maps.google.com/?cid=17266652095684433154&g_mp=Cidnb29nbGUubWFwcy5wbGFjZXMudjEuUGxhY2VzLlNlYXJjaFRleHQQAhgEIAA,yoga_studio,OPERATIONAL,"Importado desde Google Maps
Tipo: Centro de yoga
Dirección: C. de los Vinos de la Ribera del Duero, 2, 47008 Valladolid
Google: 5⭐ (8 reseñas)
Web: http://www.yoganytia.es/
Maps: https://maps.google.com/?cid=17266652095684433154&g_mp=Cidnb29nbGUubWFwcy5wbGFjZXMudjEuUGxhY2VzLlNlYXJjaFRleHQQAhgEIAA"
cmpd0ejyu023wq1sebt74ibkh,IYENGAR®Yoga Valladolid,,616 64 10 83,IYENGAR®Yoga Valladolid,,España,google-maps,atleevoyoga,NUEVO,MEDIA,,,2026-05-19T19:11:47.862Z,2026-05-19T19:11:47.862Z,https://instagram.com/yoga_iyengar_valladolid_centro?igshid=MmVlMjlkMTBhMg==,"Pje. Marquesina, 14, 47004 Valladolid",Valladolid,4.8,26,https://maps.google.com/?cid=4671420569864518065&g_mp=Cidnb29nbGUubWFwcy5wbGFjZXMudjEuUGxhY2VzLlNlYXJjaFRleHQQAhgEIAA,yoga_studio,OPERATIONAL,"Importado desde Google Maps
Tipo: Centro de yoga
Dirección: Pje. Marquesina, 14, 47004 Valladolid
Google: 4.8⭐ (26 reseñas)
Web: https://instagram.com/yoga_iyengar_valladolid_centro?igshid=MmVlMjlkMTBhMg==
Maps: https://maps.google.com/?cid=4671420569864518065&g_mp=Cidnb29nbGUubWFwcy5wbGFjZXMudjEuUGxhY2VzLlNlYXJjaFRleHQQAhgEIAA"
cmpd0ek85023xq1se6183dq9h,Om Namaha,,685 31 25 72,Om Namaha,,España,google-maps,atleevoyoga,NUEVO,MEDIA,,,2026-05-19T19:11:48.198Z,2026-05-19T19:11:48.198Z,https://omnamahayoga.my.canva.site/,"Pje. Marquesina, 14, 47004 Valladolid",Valladolid,5,13,https://maps.google.com/?cid=14155176815117489789&g_mp=Cidnb29nbGUubWFwcy5wbGFjZXMudjEuUGxhY2VzLlNlYXJjaFRleHQQAhgEIAA,yoga_studio,OPERATIONAL,"Importado desde Google Maps
Tipo: Centro de yoga
Dirección: Pje. Marquesina, 14, 47004 Valladolid
Google: 5⭐ (13 reseñas)
Web: https://omnamahayoga.my.canva.site/
Maps: https://maps.google.com/?cid=14155176815117489789&g_mp=Cidnb29nbGUubWFwcy5wbGFjZXMudjEuUGxhY2VzLlNlYXJjaFRleHQQAhgEIAA"
cmpd0ekh8023yq1sevx9ql6ex,Yoga para la Salud Integral | Yoga para Tod@s,,605 09 67 35,Yoga para la Salud Integral | Yoga para Tod@s,,España,google-maps,atleevoyoga,NUEVO,MEDIA,,,2026-05-19T19:11:48.524Z,2026-05-19T19:11:48.524Z,http://yogaalbahaca.com/,"C. Albahaca, 1, 47009 Valladolid",Valladolid,4.8,54,https://maps.google.com/?cid=2566359388890074353&g_mp=Cidnb29nbGUubWFwcy5wbGFjZXMudjEuUGxhY2VzLlNlYXJjaFRleHQQAhgEIAA,yoga_studio,OPERATIONAL,"Importado desde Google Maps
Tipo: Centro de yoga
Dirección: C. Albahaca, 1, 47009 Valladolid
Google: 4.8⭐ (54 reseñas)
Web: http://yogaalbahaca.com/
Maps: https://maps.google.com/?cid=2566359388890074353&g_mp=Cidnb29nbGUubWFwcy5wbGFjZXMudjEuUGxhY2VzLlNlYXJjaFRleHQQAhgEIAA"
cmpd0ekrb023zq1se7wtinq91,Sukha Yoga,,639 51 36 65,Sukha Yoga,,España,google-maps,atleevoyoga,NUEVO,MEDIA,,,2026-05-19T19:11:48.857Z,2026-05-19T19:11:48.857Z,https://sukhaescueladeyoga.com/,"Calle del Monasterio de Ntra. Sra. del Henar, 16, 47015 Valladolid",Valladolid,4.9,19,https://maps.google.com/?cid=2837957451618076182&g_mp=Cidnb29nbGUubWFwcy5wbGFjZXMudjEuUGxhY2VzLlNlYXJjaFRleHQQAhgEIAA,yoga_studio,OPERATIONAL,"Importado desde Google Maps
Tipo: Centro de yoga
Dirección: Calle del Monasterio de Ntra. Sra. del Henar, 16, 47015 Valladolid
Google: 4.9⭐ (19 reseñas)
Web: https://sukhaescueladeyoga.com/
Maps: https://maps.google.com/?cid=2837957451618076182&g_mp=Cidnb29nbGUubWFwcy5wbGFjZXMudjEuUGxhY2VzLlNlYXJjaFRleHQQAhgEIAA"
cmpd0el0q0240q1se7w19q4p6,SADHANA PILATES Y YOGA,,722 31 19 06,SADHANA PILATES Y YOGA,,España,google-maps,atleevoyoga,NUEVO,MEDIA,,,2026-05-19T19:11:49.226Z,2026-05-19T19:11:49.226Z,,"C. José María Lacort, 32, 47002 Valladolid",Valladolid,5,25,https://maps.google.com/?cid=15552804712934126790&g_mp=Cidnb29nbGUubWFwcy5wbGFjZXMudjEuUGxhY2VzLlNlYXJjaFRleHQQAhgEIAA,gym,OPERATIONAL,"Importado desde Google Maps
Tipo: Gimnasio
Dirección: C. José María Lacort, 32, 47002 Valladolid
Google: 5⭐ (25 reseñas)
Maps: https://maps.google.com/?cid=15552804712934126790&g_mp=Cidnb29nbGUubWFwcy5wbGFjZXMudjEuUGxhY2VzLlNlYXJjaFRleHQQAhgEIAA"
cmpd0ela20241q1sezuduwc7w,Yoga Style,,654 91 89 85,Yoga Style,,España,google-maps,atleevoyoga,NUEVO,MEDIA,,,2026-05-19T19:11:49.562Z,2026-05-19T19:11:49.562Z,http://www.yogastyle.es/,"C. Divina Pastora, 1, 47004 Valladolid",Valladolid,4.1,11,https://maps.google.com/?cid=871885270597136152&g_mp=Cidnb29nbGUubWFwcy5wbGFjZXMudjEuUGxhY2VzLlNlYXJjaFRleHQQAhgEIAA,yoga_studio,OPERATIONAL,"Importado desde Google Maps
Tipo: Centro de yoga
Dirección: C. Divina Pastora, 1, 47004 Valladolid
Google: 4.1⭐ (11 reseñas)
Web: http://www.yogastyle.es/
Maps: https://maps.google.com/?cid=871885270597136152&g_mp=Cidnb29nbGUubWFwcy5wbGFjZXMudjEuUGxhY2VzLlNlYXJjaFRleHQQAhgEIAA"
cmpd0eljd0242q1seefrhvq52,Studio 81 Wellness,,636 35 68 10,Studio 81 Wellness,,España,google-maps,atleevoyoga,NUEVO,MEDIA,,,2026-05-19T19:11:49.898Z,2026-05-19T19:11:49.898Z,http://studio81wellness.com/,"C. del Puente Colgante, 71, 47007 Valladolid",Valladolid,4.9,19,https://maps.google.com/?cid=14078524721216640901&g_mp=Cidnb29nbGUubWFwcy5wbGFjZXMudjEuUGxhY2VzLlNlYXJjaFRleHQQAhgEIAA,gym,OPERATIONAL,"Importado desde Google Maps
Tipo: Gimnasio
Dirección: C. del Puente Colgante, 71, 47007 Valladolid
Google: 4.9⭐ (19 reseñas)
Web: http://studio81wellness.com/
Maps: https://maps.google.com/?cid=14078524721216640901&g_mp=Cidnb29nbGUubWFwcy5wbGFjZXMudjEuUGxhY2VzLlNlYXJjaFRleHQQAhgEIAA"
cmpd0elso0243q1sekv0us7ie,Studio Pilates Natalia,,617 25 47 31,Studio Pilates Natalia,,España,google-maps,atleevoyoga,NUEVO,MEDIA,,,2026-05-19T19:11:50.233Z,2026-05-19T19:11:50.233Z,http://www.studiopilatesnatalia.es/,"C. Fray Antonio de Córdoba, 47, 47197 Valladolid",Valladolid,4.9,146,https://maps.google.com/?cid=13956404195926136786&g_mp=Cidnb29nbGUubWFwcy5wbGFjZXMudjEuUGxhY2VzLlNlYXJjaFRleHQQAhgEIAA,gym,OPERATIONAL,"Importado desde Google Maps
Tipo: Gimnasio
Dirección: C. Fray Antonio de Córdoba, 47, 47197 Valladolid
Google: 4.9⭐ (146 reseñas)
Web: http://www.studiopilatesnatalia.es/
Maps: https://maps.google.com/?cid=13956404195926136786&g_mp=Cidnb29nbGUubWFwcy5wbGFjZXMudjEuUGxhY2VzLlNlYXJjaFRleHQQAhgEIAA"
cmpd0em240244q1se34i28e4v,Ashtanga Valladolid,,625 10 88 61,Ashtanga Valladolid,,España,google-maps,atleevoyoga,NUEVO,MEDIA,,,2026-05-19T19:11:50.573Z,2026-05-19T19:11:50.573Z,https://www.ashtangavalladolid.es/,"C. de la Moraña, 18, 47008 Valladolid",Valladolid,5,14,https://maps.google.com/?cid=14793166402474911969&g_mp=Cidnb29nbGUubWFwcy5wbGFjZXMudjEuUGxhY2VzLlNlYXJjaFRleHQQAhgEIAA,yoga_studio,OPERATIONAL,"Importado desde Google Maps
Tipo: Centro de yoga
Dirección: C. de la Moraña, 18, 47008 Valladolid
Google: 5⭐ (14 reseñas)
Web: https://www.ashtangavalladolid.es/
Maps: https://maps.google.com/?cid=14793166402474911969&g_mp=Cidnb29nbGUubWFwcy5wbGFjZXMudjEuUGxhY2VzLlNlYXJjaFRleHQQAhgEIAA"
cmpd0embb0245q1se51f5gx37,Zero Gravity,,646 11 57 04,Zero Gravity,,España,google-maps,atleevoyoga,NUEVO,MEDIA,,,2026-05-19T19:11:50.903Z,2026-05-19T19:11:50.903Z,http://zerogravity.es/,"C. Nelson Mandela, 9, 47013 Valladolid",Valladolid,4.7,25,https://maps.google.com/?cid=16741293439104592952&g_mp=Cidnb29nbGUubWFwcy5wbGFjZXMudjEuUGxhY2VzLlNlYXJjaFRleHQQAhgEIAA,yoga_studio,OPERATIONAL,"Importado desde Google Maps
Tipo: Centro de yoga
Dirección: C. Nelson Mandela, 9, 47013 Valladolid
Google: 4.7⭐ (25 reseñas)
Web: http://zerogravity.es/
Maps: https://maps.google.com/?cid=16741293439104592952&g_mp=Cidnb29nbGUubWFwcy5wbGFjZXMudjEuUGxhY2VzLlNlYXJjaFRleHQQAhgEIAA"
cmpd0emkh0246q1serh4dee3p,La Sonrisa del Corazón,,686 28 46 17,La Sonrisa del Corazón,,España,google-maps,atleevoyoga,NUEVO,MEDIA,,,2026-05-19T19:11:51.234Z,2026-05-19T19:11:51.234Z,http://www.lasonrisadelcorazon.es/,"Pl. Mayor, 22, 2º, 47001 Valladolid",Valladolid,4.9,45,https://maps.google.com/?cid=6983059644116189087&g_mp=Cidnb29nbGUubWFwcy5wbGFjZXMudjEuUGxhY2VzLlNlYXJjaFRleHQQAhgEIAA,wellness_center,OPERATIONAL,"Importado desde Google Maps
Tipo: Centro de salud y bienestar
Dirección: Pl. Mayor, 22, 2º, 47001 Valladolid
Google: 4.9⭐ (45 reseñas)
Web: http://www.lasonrisadelcorazon.es/
Maps: https://maps.google.com/?cid=6983059644116189087&g_mp=Cidnb29nbGUubWFwcy5wbGFjZXMudjEuUGxhY2VzLlNlYXJjaFRleHQQAhgEIAA"
cmpd0emto0247q1sed0e82tyj,LITTLE ROOM (escuela de Swing en Valladolid y Salamanca),,695 16 18 04,LITTLE ROOM (escuela de Swing en Valladolid y Salamanca),,España,google-maps,atleevoyoga,NUEVO,MEDIA,,,2026-05-19T19:11:51.564Z,2026-05-19T19:11:51.564Z,https://littleroom.com.es/,"Pl. Ferroviarios, 6, local 7, 47007 Valladolid",Valladolid,4.9,56,https://maps.google.com/?cid=7476325586395759648&g_mp=Cidnb29nbGUubWFwcy5wbGFjZXMudjEuUGxhY2VzLlNlYXJjaFRleHQQAhgEIAA,sports_school,OPERATIONAL,"Importado desde Google Maps
Tipo: Escuela deportiva
Dirección: Pl. Ferroviarios, 6, local 7, 47007 Valladolid
Google: 4.9⭐ (56 reseñas)
Web: https://littleroom.com.es/
Maps: https://maps.google.com/?cid=7476325586395759648&g_mp=Cidnb29nbGUubWFwcy5wbGFjZXMudjEuUGxhY2VzLlNlYXJjaFRleHQQAhgEIAA"
cmpd0en2w0248q1sedt25049y,Holistic Pilates Valladolid,,613 13 13 17,Holistic Pilates Valladolid,,España,google-maps,atleevoyoga,NUEVO,MEDIA,,,2026-05-19T19:11:51.896Z,2026-05-19T19:11:51.896Z,http://www.holisticpilatesvalladolid.es/,"C. de Santiago, 22, 1°, puerta 1, 47001 Valladolid",Valladolid,4.8,18,https://maps.google.com/?cid=17112273329060625241&g_mp=Cidnb29nbGUubWFwcy5wbGFjZXMudjEuUGxhY2VzLlNlYXJjaFRleHQQAhgEIAA,gym,OPERATIONAL,"Importado desde Google Maps
Tipo: Gimnasio
Dirección: C. de Santiago, 22, 1°, puerta 1, 47001 Valladolid
Google: 4.8⭐ (18 reseñas)
Web: http://www.holisticpilatesvalladolid.es/
Maps: https://maps.google.com/?cid=17112273329060625241&g_mp=Cidnb29nbGUubWFwcy5wbGFjZXMudjEuUGxhY2VzLlNlYXJjaFRleHQQAhgEIAA"
cmpd0enc80249q1se41fsmapw,Centro de yoga Kali,,677 94 15 99,Centro de yoga Kali,,España,google-maps,atleevoyoga,NUEVO,MEDIA,,,2026-05-19T19:11:52.233Z,2026-05-19T19:11:52.233Z,,"Pl. Mayor, 10, 1°B, 47001 Valladolid",Valladolid,5,6,https://maps.google.com/?cid=2416323397173824153&g_mp=Cidnb29nbGUubWFwcy5wbGFjZXMudjEuUGxhY2VzLlNlYXJjaFRleHQQAhgEIAA,yoga_studio,OPERATIONAL,"Importado desde Google Maps
Tipo: Centro de yoga
Dirección: Pl. Mayor, 10, 1°B, 47001 Valladolid
Google: 5⭐ (6 reseñas)
Maps: https://maps.google.com/?cid=2416323397173824153&g_mp=Cidnb29nbGUubWFwcy5wbGFjZXMudjEuUGxhY2VzLlNlYXJjaFRleHQQAhgEIAA"
cmpd0enlf024aq1sen6zbkr6q,Espacio de yoga y mindfullness Brahman,,640 89 99 16,Espacio de yoga y mindfullness Brahman,,España,google-maps,atleevoyoga,NUEVO,MEDIA,,,2026-05-19T19:11:52.563Z,2026-05-19T19:11:52.563Z,,"P.º de Zorrilla, 374, 47008 Valladolid",Valladolid,5,2,https://maps.google.com/?cid=7764349149319960958&g_mp=Cidnb29nbGUubWFwcy5wbGFjZXMudjEuUGxhY2VzLlNlYXJjaFRleHQQAhgEIAA,yoga_studio,OPERATIONAL,"Importado desde Google Maps
Tipo: Centro de yoga
Dirección: P.º de Zorrilla, 374, 47008 Valladolid
Google: 5⭐ (2 reseñas)
Maps: https://maps.google.com/?cid=7764349149319960958&g_mp=Cidnb29nbGUubWFwcy5wbGFjZXMudjEuUGxhY2VzLlNlYXJjaFRleHQQAhgEIAA"
cmpd0enus024bq1sexf9b6gbv,Esencia Pilates,,601 49 95 96,Esencia Pilates,,España,google-maps,atleevoyoga,NUEVO,MEDIA,,,2026-05-19T19:11:52.900Z,2026-05-19T19:11:52.900Z,https://www.esenciapilates.es/,"C. del Monasterio San Millán de la Cogolla, 30, 47015 Valladolid",Valladolid,5,55,https://maps.google.com/?cid=16782676540058281220&g_mp=Cidnb29nbGUubWFwcy5wbGFjZXMudjEuUGxhY2VzLlNlYXJjaFRleHQQAhgEIAA,gym,OPERATIONAL,"Importado desde Google Maps
Tipo: Gimnasio
Dirección: C. del Monasterio San Millán de la Cogolla, 30, 47015 Valladolid
Google: 5⭐ (55 reseñas)
Web: https://www.esenciapilates.es/
Maps: https://maps.google.com/?cid=16782676540058281220&g_mp=Cidnb29nbGUubWFwcy5wbGFjZXMudjEuUGxhY2VzLlNlYXJjaFRleHQQAhgEIAA"
cmpd0eo3x024cq1seuza0rnxd,Enjoy Pilates Valladolid,,601 08 83 65,Enjoy Pilates Valladolid,,España,google-maps,atleevoyoga,NUEVO,MEDIA,,,2026-05-19T19:11:53.229Z,2026-05-19T19:11:53.229Z,http://www.enjoypilatesvalladolid.es/,"C. de Juan Martínez Villergas, 10, 47014 Valladolid",Valladolid,5,55,https://maps.google.com/?cid=16597510404081482185&g_mp=Cidnb29nbGUubWFwcy5wbGFjZXMudjEuUGxhY2VzLlNlYXJjaFRleHQQAhgEIAA,gym,OPERATIONAL,"Importado desde Google Maps
Tipo: Gimnasio
Dirección: C. de Juan Martínez Villergas, 10, 47014 Valladolid
Google: 5⭐ (55 reseñas)
Web: http://www.enjoypilatesvalladolid.es/
Maps: https://maps.google.com/?cid=16597510404081482185&g_mp=Cidnb29nbGUubWFwcy5wbGFjZXMudjEuUGxhY2VzLlNlYXJjaFRleHQQAhgEIAA"
cmpd0eodf024dq1sely0swr38,Liashi,,983 27 25 61,Liashi,,España,google-maps,atleevoyoga,NUEVO,MEDIA,,,2026-05-19T19:11:53.572Z,2026-05-19T19:11:53.572Z,http://www.liashi.es/,"C. de Recondo, 7, 47007 Valladolid",Valladolid,5,602,https://maps.google.com/?cid=9605286995857328148&g_mp=Cidnb29nbGUubWFwcy5wbGFjZXMudjEuUGxhY2VzLlNlYXJjaFRleHQQAhgEIAA,massage,OPERATIONAL,"Importado desde Google Maps
Tipo: Servicio de masajes
Dirección: C. de Recondo, 7, 47007 Valladolid
Google: 5⭐ (602 reseñas)
Web: http://www.liashi.es/
Maps: https://maps.google.com/?cid=9605286995857328148&g_mp=Cidnb29nbGUubWFwcy5wbGFjZXMudjEuUGxhY2VzLlNlYXJjaFRleHQQAhgEIAA"
cmpd0eoms024eq1seaj9v87qf,Fisiovie Mujer,,615 86 41 38,Fisiovie Mujer,,España,google-maps,atleevoyoga,NUEVO,MEDIA,,,2026-05-19T19:11:53.908Z,2026-05-19T19:11:53.908Z,https://www.fisioviegrupo.com/,"C. Hernando de Soto, 9, 47195 Arroyo de la Encomienda, Valladolid",Valladolid,5,214,https://maps.google.com/?cid=9424607785895237836&g_mp=Cidnb29nbGUubWFwcy5wbGFjZXMudjEuUGxhY2VzLlNlYXJjaFRleHQQAhgEIAA,medical_clinic,OPERATIONAL,"Importado desde Google Maps
Tipo: Clínica ambulatoria
Dirección: C. Hernando de Soto, 9, 47195 Arroyo de la Encomienda, Valladolid
Google: 5⭐ (214 reseñas)
Web: https://www.fisioviegrupo.com/
Maps: https://maps.google.com/?cid=9424607785895237836&g_mp=Cidnb29nbGUubWFwcy5wbGFjZXMudjEuUGxhY2VzLlNlYXJjaFRleHQQAhgEIAA"
cmpd0eowe024fq1seboz2tt9g,Centro de yoga,,323 2133603,Centro de yoga,,España,google-maps,atleevoyoga,NUEVO,MEDIA,,,2026-05-19T19:11:54.254Z,2026-05-19T19:11:54.254Z,,"Calle del Monasterio Sta. Isabel, 8, 47015 Valladolid",Valladolid,,,https://maps.google.com/?cid=15395676558993563715&g_mp=Cidnb29nbGUubWFwcy5wbGFjZXMudjEuUGxhY2VzLlNlYXJjaFRleHQQAhgEIAA,yoga_studio,OPERATIONAL,"Importado desde Google Maps
Tipo: Centro de yoga
Dirección: Calle del Monasterio Sta. Isabel, 8, 47015 Valladolid
Maps: https://maps.google.com/?cid=15395676558993563715&g_mp=Cidnb29nbGUubWFwcy5wbGFjZXMudjEuUGxhY2VzLlNlYXJjaFRleHQQAhgEIAA"
cmpd0ep5n024gq1seg2vwcz48,Zero Yoga Space Spain 99,,(19) 98827-4284,Zero Yoga Space Spain 99,,España,google-maps,atleevoyoga,NUEVO,MEDIA,,,2026-05-19T19:11:54.587Z,2026-05-19T19:11:54.587Z,,"C. Nelson Mandela, 9, 47013 Valladolid",Valladolid,,,https://maps.google.com/?cid=17391390853854160650&g_mp=Cidnb29nbGUubWFwcy5wbGFjZXMudjEuUGxhY2VzLlNlYXJjaFRleHQQAhgEIAA,yoga_studio,OPERATIONAL,"Importado desde Google Maps
Tipo: Centro de yoga
Dirección: C. Nelson Mandela, 9, 47013 Valladolid
Maps: https://maps.google.com/?cid=17391390853854160650&g_mp=Cidnb29nbGUubWFwcy5wbGFjZXMudjEuUGxhY2VzLlNlYXJjaFRleHQQAhgEIAA"
cmpd0epew024hq1sevhbblj1r,Aire pilates & yoga,,656 72 30 08,Aire pilates & yoga,,España,google-maps,atleevoyoga,NUEVO,MEDIA,,,2026-05-19T19:11:54.920Z,2026-05-19T19:11:54.920Z,https://lupidealer.wixsite.com/airepilates,"C. de Cervantes, 22, 47002 Valladolid",Valladolid,4.5,17,https://maps.google.com/?cid=2625922235032749846&g_mp=Cidnb29nbGUubWFwcy5wbGFjZXMudjEuUGxhY2VzLlNlYXJjaFRleHQQAhgEIAA,gym,OPERATIONAL,"Importado desde Google Maps
Tipo: Gimnasio
Dirección: C. de Cervantes, 22, 47002 Valladolid
Google: 4.5⭐ (17 reseñas)
Web: https://lupidealer.wixsite.com/airepilates
Maps: https://maps.google.com/?cid=2625922235032749846&g_mp=Cidnb29nbGUubWFwcy5wbGFjZXMudjEuUGxhY2VzLlNlYXJjaFRleHQQAhgEIAA"
cmpd0epnx024iq1se473t0z55,SienteT,,684 73 98 75,SienteT,,España,google-maps,atleevoyoga,NUEVO,MEDIA,,,2026-05-19T19:11:55.245Z,2026-05-19T19:11:55.245Z,http://www.sientet.es/,"Av. Ramón Pradera, 12, 47009 Valladolid",Valladolid,5,1,https://maps.google.com/?cid=11064910658214526754&g_mp=Cidnb29nbGUubWFwcy5wbGFjZXMudjEuUGxhY2VzLlNlYXJjaFRleHQQAhgEIAA,,OPERATIONAL,"Importado desde Google Maps
Dirección: Av. Ramón Pradera, 12, 47009 Valladolid
Google: 5⭐ (1 reseñas)
Web: http://www.sientet.es/
Maps: https://maps.google.com/?cid=11064910658214526754&g_mp=Cidnb29nbGUubWFwcy5wbGFjZXMudjEuUGxhY2VzLlNlYXJjaFRleHQQAhgEIAA"
cmpd0epxa024jq1se5cdwi8iw,"Entrenamiento personal en Valladolid JYM PERFORMANCE CLUB, S.L.",,683 17 71 60,"Entrenamiento personal en Valladolid JYM PERFORMANCE CLUB, S.L.",,España,google-maps,atleevoyoga,NUEVO,MEDIA,,,2026-05-19T19:11:55.582Z,2026-05-19T19:11:55.582Z,https://www.entrenamientopersonalvalladolidjpclub.com/,"C. Diego de Almagro, 5, 47195 Arroyo de la Encomienda, Valladolid",Valladolid,5,138,https://maps.google.com/?cid=6786375178929172392&g_mp=Cidnb29nbGUubWFwcy5wbGFjZXMudjEuUGxhY2VzLlNlYXJjaFRleHQQAhgEIAA,fitness_center,OPERATIONAL,"Importado desde Google Maps
Tipo: Centro deportivo
Dirección: C. Diego de Almagro, 5, 47195 Arroyo de la Encomienda, Valladolid
Google: 5⭐ (138 reseñas)
Web: https://www.entrenamientopersonalvalladolidjpclub.com/
Maps: https://maps.google.com/?cid=6786375178929172392&g_mp=Cidnb29nbGUubWFwcy5wbGFjZXMudjEuUGxhY2VzLlNlYXJjaFRleHQQAhgEIAA"
cmpd0eq6a024kq1sepi6etxp2,Pilates Center Valladolid,,696 12 13 62,Pilates Center Valladolid,,España,google-maps,atleevoyoga,NUEVO,MEDIA,,,2026-05-19T19:11:55.906Z,2026-05-19T19:11:55.906Z,http://www.pilatescentervalladolid.es/,"C. Bao, 1, 47003 Valladolid",Valladolid,4.9,15,https://maps.google.com/?cid=9229650190666830367&g_mp=Cidnb29nbGUubWFwcy5wbGFjZXMudjEuUGxhY2VzLlNlYXJjaFRleHQQAhgEIAA,gym,OPERATIONAL,"Importado desde Google Maps
Tipo: Gimnasio
Dirección: C. Bao, 1, 47003 Valladolid
Google: 4.9⭐ (15 reseñas)
Web: http://www.pilatescentervalladolid.es/
Maps: https://maps.google.com/?cid=9229650190666830367&g_mp=Cidnb29nbGUubWFwcy5wbGFjZXMudjEuUGxhY2VzLlNlYXJjaFRleHQQAhgEIAA"
cmpd0eqfa024lq1sel5cfdtqe,EPI Espacio Pilates Valladolid,,645 73 69 72,EPI Espacio Pilates Valladolid,,España,google-maps,atleevoyoga,NUEVO,MEDIA,,,2026-05-19T19:11:56.231Z,2026-05-19T19:11:56.231Z,https://espaciopilatesvalladolid.com/,"C. Toreros, 3, 47007 Valladolid",Valladolid,4.8,8,https://maps.google.com/?cid=3071091180393972877&g_mp=Cidnb29nbGUubWFwcy5wbGFjZXMudjEuUGxhY2VzLlNlYXJjaFRleHQQAhgEIAA,gym,OPERATIONAL,"Importado desde Google Maps
Tipo: Gimnasio
Dirección: C. Toreros, 3, 47007 Valladolid
Google: 4.8⭐ (8 reseñas)
Web: https://espaciopilatesvalladolid.com/
Maps: https://maps.google.com/?cid=3071091180393972877&g_mp=Cidnb29nbGUubWFwcy5wbGFjZXMudjEuUGxhY2VzLlNlYXJjaFRleHQQAhgEIAA"
cmpd0eqom024mq1se2p3g5seo,Chus Álvarez Pilates,,,Chus Álvarez Pilates,,España,google-maps,atleevoyoga,NUEVO,MEDIA,,,2026-05-19T19:11:56.566Z,2026-05-19T19:11:56.566Z,https://www.chusalvarezpilates.com/,"C. San Ignacio, 47003 Valladolid",Valladolid,5,34,https://maps.google.com/?cid=2099483882846642237&g_mp=Cidnb29nbGUubWFwcy5wbGFjZXMudjEuUGxhY2VzLlNlYXJjaFRleHQQAhgEIAA,gym,OPERATIONAL,"Importado desde Google Maps
Tipo: Gimnasio
Dirección: C. San Ignacio, 47003 Valladolid
Google: 5⭐ (34 reseñas)
Web: https://www.chusalvarezpilates.com/
Maps: https://maps.google.com/?cid=2099483882846642237&g_mp=Cidnb29nbGUubWFwcy5wbGFjZXMudjEuUGxhY2VzLlNlYXJjaFRleHQQAhgEIAA"
cmpd0eqxj024nq1serb9q3cyf,STUDIO BARRE VALLADOLID,,695 96 05 94,STUDIO BARRE VALLADOLID,,España,google-maps,atleevoyoga,NUEVO,MEDIA,,,2026-05-19T19:11:56.887Z,2026-05-19T19:11:56.887Z,https://www.studiobarrevalladolid.com/,"C. de los Vinos de la Ribera del Duero, 7, 47008 Valladolid",Valladolid,5,12,https://maps.google.com/?cid=8108275982373191613&g_mp=Cidnb29nbGUubWFwcy5wbGFjZXMudjEuUGxhY2VzLlNlYXJjaFRleHQQAhgEIAA,fitness_center,OPERATIONAL,"Importado desde Google Maps
Tipo: Centro deportivo
Dirección: C. de los Vinos de la Ribera del Duero, 7, 47008 Valladolid
Google: 5⭐ (12 reseñas)
Web: https://www.studiobarrevalladolid.com/
Maps: https://maps.google.com/?cid=8108275982373191613&g_mp=Cidnb29nbGUubWFwcy5wbGFjZXMudjEuUGxhY2VzLlNlYXJjaFRleHQQAhgEIAA"
cmpd0er6n024oq1seb22m7m0m,Yoga & Pilates Space ES9,,(12) 98162-7080,Yoga & Pilates Space ES9,,España,google-maps,atleevoyoga,NUEVO,MEDIA,,,2026-05-19T19:11:57.215Z,2026-05-19T19:11:57.215Z,,"C. del Monasterio de Santa María de Montserrat, 6, 47015 Valladolid",Valladolid,,,https://maps.google.com/?cid=3738448159270847377&g_mp=Cidnb29nbGUubWFwcy5wbGFjZXMudjEuUGxhY2VzLlNlYXJjaFRleHQQAhgEIAA,yoga_studio,OPERATIONAL,"Importado desde Google Maps
Tipo: Centro de yoga
Dirección: C. del Monasterio de Santa María de Montserrat, 6, 47015 Valladolid
Maps: https://maps.google.com/?cid=3738448159270847377&g_mp=Cidnb29nbGUubWFwcy5wbGFjZXMudjEuUGxhY2VzLlNlYXJjaFRleHQQAhgEIAA"
cmpd0erft024pq1sexoqe33gx,La Sala,,604 97 54 47,La Sala,,España,google-maps,atleevoyoga,NUEVO,MEDIA,,,2026-05-19T19:11:57.545Z,2026-05-19T19:11:57.545Z,https://lasalaestudio.es/,"C. Sta. Rita, 10, 47013 Valladolid",Valladolid,4.8,6,https://maps.google.com/?cid=17716253112996174209&g_mp=Cidnb29nbGUubWFwcy5wbGFjZXMudjEuUGxhY2VzLlNlYXJjaFRleHQQAhgEIAA,gym,OPERATIONAL,"Importado desde Google Maps
Tipo: Gimnasio
Dirección: C. Sta. Rita, 10, 47013 Valladolid
Google: 4.8⭐ (6 reseñas)
Web: https://lasalaestudio.es/
Maps: https://maps.google.com/?cid=17716253112996174209&g_mp=Cidnb29nbGUubWFwcy5wbGFjZXMudjEuUGxhY2VzLlNlYXJjaFRleHQQAhgEIAA"
cmpd0erop024qq1seb6mdino6,Estudio Carmen Body Rolling,,639 64 09 79,Estudio Carmen Body Rolling,,España,google-maps,atleevoyoga,NUEVO,MEDIA,,,2026-05-19T19:11:57.866Z,2026-05-19T19:11:57.866Z,http://www.carmenbodyrolling.com/,"C. Nogal, 12, 3°D, 47004 Valladolid",Valladolid,4.9,25,https://maps.google.com/?cid=4811379057792500128&g_mp=Cidnb29nbGUubWFwcy5wbGFjZXMudjEuUGxhY2VzLlNlYXJjaFRleHQQAhgEIAA,gym,OPERATIONAL,"Importado desde Google Maps
Tipo: Gimnasio
Dirección: C. Nogal, 12, 3°D, 47004 Valladolid
Google: 4.9⭐ (25 reseñas)
Web: http://www.carmenbodyrolling.com/
Maps: https://maps.google.com/?cid=4811379057792500128&g_mp=Cidnb29nbGUubWFwcy5wbGFjZXMudjEuUGxhY2VzLlNlYXJjaFRleHQQAhgEIAA"
cmpd0erxr024rq1sew7cdgj0i,shankhya yoga,,673 16 00 69,shankhya yoga,,España,google-maps,atleevoyoga,NUEVO,MEDIA,,,2026-05-19T19:11:58.192Z,2026-05-19T19:11:58.192Z,,"C. Caballeros, 40, 47140 Laguna de Duero, Valladolid",Valladolid,5,6,https://maps.google.com/?cid=9142947883795516474&g_mp=Cidnb29nbGUubWFwcy5wbGFjZXMudjEuUGxhY2VzLlNlYXJjaFRleHQQAhgEIAA,yoga_studio,OPERATIONAL,"Importado desde Google Maps
Tipo: Centro de yoga
Dirección: C. Caballeros, 40, 47140 Laguna de Duero, Valladolid
Google: 5⭐ (6 reseñas)
Maps: https://maps.google.com/?cid=9142947883795516474&g_mp=Cidnb29nbGUubWFwcy5wbGFjZXMudjEuUGxhY2VzLlNlYXJjaFRleHQQAhgEIAA"
cmpd0es6p024sq1sep2aeqx21,Barcala Pilates,,667 72 89 39,Barcala Pilates,,España,google-maps,atleevoyoga,NUEVO,MEDIA,,,2026-05-19T19:11:58.513Z,2026-05-19T19:11:58.513Z,,"C. Echegaray, 4, 47002 Valladolid",Valladolid,5,3,https://maps.google.com/?cid=9593280796976973809&g_mp=Cidnb29nbGUubWFwcy5wbGFjZXMudjEuUGxhY2VzLlNlYXJjaFRleHQQAhgEIAA,gym,OPERATIONAL,"Importado desde Google Maps
Tipo: Gimnasio
Dirección: C. Echegaray, 4, 47002 Valladolid
Google: 5⭐ (3 reseñas)
Maps: https://maps.google.com/?cid=9593280796976973809&g_mp=Cidnb29nbGUubWFwcy5wbGFjZXMudjEuUGxhY2VzLlNlYXJjaFRleHQQAhgEIAA"
cmpd0esfk024tq1sexybia0sk,Centro Rigpa Yoga Laguna de Duero,,675 92 54 62,Centro Rigpa Yoga Laguna de Duero,,España,google-maps,atleevoyoga,NUEVO,MEDIA,,,2026-05-19T19:11:58.833Z,2026-05-19T19:11:58.833Z,https://www.instagram.com/rigpayoga/,"Calle Pablo Picasso, 2, 47140 Laguna de Duero, Valladolid",Valladolid,5,2,https://maps.google.com/?cid=4797684082456429020&g_mp=Cidnb29nbGUubWFwcy5wbGFjZXMudjEuUGxhY2VzLlNlYXJjaFRleHQQAhgEIAA,yoga_studio,OPERATIONAL,"Importado desde Google Maps
Tipo: Centro de yoga
Dirección: Calle Pablo Picasso, 2, 47140 Laguna de Duero, Valladolid
Google: 5⭐ (2 reseñas)
Web: https://www.instagram.com/rigpayoga/
Maps: https://maps.google.com/?cid=4797684082456429020&g_mp=Cidnb29nbGUubWFwcy5wbGFjZXMudjEuUGxhY2VzLlNlYXJjaFRleHQQAhgEIAA"
cmpd0essq024uq1seorrtm3h1,Wunda Pilates Valladolid,,667 88 22 07,Wunda Pilates Valladolid,,España,google-maps,atleevoyoga,NUEVO,MEDIA,,,2026-05-19T19:11:59.306Z,2026-05-19T19:11:59.306Z,,"C. de los Doctrinos, 20, 47001 Valladolid",Valladolid,4.8,19,https://maps.google.com/?cid=7748633892837072581&g_mp=Cidnb29nbGUubWFwcy5wbGFjZXMudjEuUGxhY2VzLlNlYXJjaFRleHQQAhgEIAA,gym,OPERATIONAL,"Importado desde Google Maps
Tipo: Gimnasio
Dirección: C. de los Doctrinos, 20, 47001 Valladolid
Google: 4.8⭐ (19 reseñas)
Maps: https://maps.google.com/?cid=7748633892837072581&g_mp=Cidnb29nbGUubWFwcy5wbGFjZXMudjEuUGxhY2VzLlNlYXJjaFRleHQQAhgEIAA"
cmpd0et1n024vq1senkw0nxw2,Academia Fox,,693 90 39 71,Academia Fox,,España,google-maps,atleevoyoga,NUEVO,MEDIA,,,2026-05-19T19:11:59.627Z,2026-05-19T19:11:59.627Z,http://www.academiafox.es/,"Av. de Miguel Ángel Blanco, 5, 47014 Valladolid",Valladolid,5,7,https://maps.google.com/?cid=16248656319727098212&g_mp=Cidnb29nbGUubWFwcy5wbGFjZXMudjEuUGxhY2VzLlNlYXJjaFRleHQQAhgEIAA,educational_institution,OPERATIONAL,"Importado desde Google Maps
Tipo: Institución educativa
Dirección: Av. de Miguel Ángel Blanco, 5, 47014 Valladolid
Google: 5⭐ (7 reseñas)
Web: http://www.academiafox.es/
Maps: https://maps.google.com/?cid=16248656319727098212&g_mp=Cidnb29nbGUubWFwcy5wbGFjZXMudjEuUGxhY2VzLlNlYXJjaFRleHQQAhgEIAA"
cmpd0etb1024wq1se7sh2cm02,Nido Koru | Centro de psicología y bienestar,,621 38 14 31,Nido Koru | Centro de psicología y bienestar,,España,google-maps,atleevoyoga,NUEVO,MEDIA,,,2026-05-19T19:11:59.965Z,2026-05-19T19:11:59.965Z,https://www.nidokoru.es/,"C. de Gabilondo, 13, 47007 Valladolid",Valladolid,5,10,https://maps.google.com/?cid=9395432350158428697&g_mp=Cidnb29nbGUubWFwcy5wbGFjZXMudjEuUGxhY2VzLlNlYXJjaFRleHQQAhgEIAA,wellness_center,OPERATIONAL,"Importado desde Google Maps
Tipo: Centro de salud y bienestar
Dirección: C. de Gabilondo, 13, 47007 Valladolid
Google: 5⭐ (10 reseñas)
Web: https://www.nidokoru.es/
Maps: https://maps.google.com/?cid=9395432350158428697&g_mp=Cidnb29nbGUubWFwcy5wbGFjZXMudjEuUGxhY2VzLlNlYXJjaFRleHQQAhgEIAA"
cmpd0etk7024xq1seupm5gjs0,Aikido Kodokai Valladolid,,661 19 38 42,Aikido Kodokai Valladolid,,España,google-maps,atleevoyoga,NUEVO,MEDIA,,,2026-05-19T19:12:00.296Z,2026-05-19T19:12:00.296Z,,"P.º de los Castaños, 29, 47008 Valladolid",Valladolid,5,93,https://maps.google.com/?cid=15245282287034532549&g_mp=Cidnb29nbGUubWFwcy5wbGFjZXMudjEuUGxhY2VzLlNlYXJjaFRleHQQAhgEIAA,sports_school,OPERATIONAL,"Importado desde Google Maps
Tipo: Escuela deportiva
Dirección: P.º de los Castaños, 29, 47008 Valladolid
Google: 5⭐ (93 reseñas)
Maps: https://maps.google.com/?cid=15245282287034532549&g_mp=Cidnb29nbGUubWFwcy5wbGFjZXMudjEuUGxhY2VzLlNlYXJjaFRleHQQAhgEIAA"
cmpd0ettb024yq1sesqj548zm,Nutrelia Studio & Balance,,983 16 36 71,Nutrelia Studio & Balance,,España,google-maps,atleevoyoga,NUEVO,MEDIA,,,2026-05-19T19:12:00.623Z,2026-05-19T19:12:00.623Z,https://nutrelia.es/,"C. De Juan II de Castilla, 10, 47009 Valladolid",Valladolid,5,11,https://maps.google.com/?cid=13492838707831762113&g_mp=Cidnb29nbGUubWFwcy5wbGFjZXMudjEuUGxhY2VzLlNlYXJjaFRleHQQAhgEIAA,consultant,OPERATIONAL,"Importado desde Google Maps
Tipo: Asesor
Dirección: C. De Juan II de Castilla, 10, 47009 Valladolid
Google: 5⭐ (11 reseñas)
Web: https://nutrelia.es/
Maps: https://maps.google.com/?cid=13492838707831762113&g_mp=Cidnb29nbGUubWFwcy5wbGFjZXMudjEuUGxhY2VzLlNlYXJjaFRleHQQAhgEIAA"
cmpd0eu2d024zq1se9s8tejwx,CrossFit Alcuadrado - Box de CrossFit y HYROX en Valladolid,,983 61 88 74,CrossFit Alcuadrado - Box de CrossFit y HYROX en Valladolid,,España,google-maps,atleevoyoga,NUEVO,MEDIA,,,2026-05-19T19:12:00.950Z,2026-05-19T19:12:00.950Z,http://alcuadradovalladolid.com/,"Pl. de San Nicolás, 11, 47003 Valladolid",Valladolid,4.9,397,https://maps.google.com/?cid=6174382276015269999&g_mp=Cidnb29nbGUubWFwcy5wbGFjZXMudjEuUGxhY2VzLlNlYXJjaFRleHQQAhgEIAA,gym,OPERATIONAL,"Importado desde Google Maps
Tipo: Gimnasio
Dirección: Pl. de San Nicolás, 11, 47003 Valladolid
Google: 4.9⭐ (397 reseñas)
Web: http://alcuadradovalladolid.com/
Maps: https://maps.google.com/?cid=6174382276015269999&g_mp=Cidnb29nbGUubWFwcy5wbGFjZXMudjEuUGxhY2VzLlNlYXJjaFRleHQQAhgEIAA"
cmpd0eubs0250q1se9715q72d,EmE Pilates,,618 63 52 87,EmE Pilates,,España,google-maps,atleevoyoga,NUEVO,MEDIA,,,2026-05-19T19:12:01.289Z,2026-05-19T19:12:01.289Z,https://www.emepilates.es/,"C. Cdad. de la Habana, 15, 47014 Valladolid",Valladolid,5,1,https://maps.google.com/?cid=13718603083935244576&g_mp=Cidnb29nbGUubWFwcy5wbGFjZXMudjEuUGxhY2VzLlNlYXJjaFRleHQQAhgEIAA,gym,OPERATIONAL,"Importado desde Google Maps
Tipo: Gimnasio
Dirección: C. Cdad. de la Habana, 15, 47014 Valladolid
Google: 5⭐ (1 reseñas)
Web: https://www.emepilates.es/
Maps: https://maps.google.com/?cid=13718603083935244576&g_mp=Cidnb29nbGUubWFwcy5wbGFjZXMudjEuUGxhY2VzLlNlYXJjaFRleHQQAhgEIAA"
cmpd0eukw0251q1se48x8wsug,Estudio Lasaches,,664 62 02 50,Estudio Lasaches,,España,google-maps,atleevoyoga,NUEVO,MEDIA,,,2026-05-19T19:12:01.617Z,2026-05-19T19:12:01.617Z,https://www.lasaches.com/,"C. Hernando de Soto, 5, 47195 Arroyo de la Encomienda, Valladolid",Valladolid,5,2,https://maps.google.com/?cid=5695977459108677103&g_mp=Cidnb29nbGUubWFwcy5wbGFjZXMudjEuUGxhY2VzLlNlYXJjaFRleHQQAhgEIAA,wellness_center,OPERATIONAL,"Importado desde Google Maps
Tipo: Centro de salud y bienestar
Dirección: C. Hernando de Soto, 5, 47195 Arroyo de la Encomienda, Valladolid
Google: 5⭐ (2 reseñas)
Web: https://www.lasaches.com/
Maps: https://maps.google.com/?cid=5695977459108677103&g_mp=Cidnb29nbGUubWFwcy5wbGFjZXMudjEuUGxhY2VzLlNlYXJjaFRleHQQAhgEIAA"
cmpd0euu10252q1seg85pg3rf,Pilates Center Lim S.L.,,983 34 01 97,Pilates Center Lim S.L.,,España,google-maps,atleevoyoga,NUEVO,MEDIA,,,2026-05-19T19:12:01.946Z,2026-05-19T19:12:01.946Z,http://www.pilatescenterlim.es/,"P.º Isabel la Catolica, 20, 47003 Valladolid",Valladolid,5,11,https://maps.google.com/?cid=16248637413453194470&g_mp=Cidnb29nbGUubWFwcy5wbGFjZXMudjEuUGxhY2VzLlNlYXJjaFRleHQQAhgEIAA,gym,OPERATIONAL,"Importado desde Google Maps
Tipo: Gimnasio
Dirección: P.º Isabel la Catolica, 20, 47003 Valladolid
Google: 5⭐ (11 reseñas)
Web: http://www.pilatescenterlim.es/
Maps: https://maps.google.com/?cid=16248637413453194470&g_mp=Cidnb29nbGUubWFwcy5wbGFjZXMudjEuUGxhY2VzLlNlYXJjaFRleHQQAhgEIAA"
cmpd0ev310253q1sesae3m6nq,Fisiokinetic,,983 44 27 08,Fisiokinetic,,España,google-maps,atleevoyoga,NUEVO,MEDIA,,,2026-05-19T19:12:02.269Z,2026-05-19T19:12:02.269Z,http://www.fisiokinetic.es/,"C. de Acibelas, 10, 47004 Valladolid",Valladolid,4.5,37,https://maps.google.com/?cid=17969060900186285262&g_mp=Cidnb29nbGUubWFwcy5wbGFjZXMudjEuUGxhY2VzLlNlYXJjaFRleHQQAhgEIAA,physiotherapist,OPERATIONAL,"Importado desde Google Maps
Tipo: Fisioterapeuta
Dirección: C. de Acibelas, 10, 47004 Valladolid
Google: 4.5⭐ (37 reseñas)
Web: http://www.fisiokinetic.es/
Maps: https://maps.google.com/?cid=17969060900186285262&g_mp=Cidnb29nbGUubWFwcy5wbGFjZXMudjEuUGxhY2VzLlNlYXJjaFRleHQQAhgEIAA"
cmpd0evc70254q1se1e3io6kc,Art Gym Sport Gallery Valladolid,,,Art Gym Sport Gallery Valladolid,,España,google-maps,atleevoyoga,NUEVO,MEDIA,,,2026-05-19T19:12:02.599Z,2026-05-19T19:12:02.599Z,https://valladolid.artgym.es/,"Av. de Salamanca, 100, 47197 Valladolid",Valladolid,4.9,68,https://maps.google.com/?cid=3192867394386225748&g_mp=Cidnb29nbGUubWFwcy5wbGFjZXMudjEuUGxhY2VzLlNlYXJjaFRleHQQAhgEIAA,gym,OPERATIONAL,"Importado desde Google Maps
Tipo: Gimnasio
Dirección: Av. de Salamanca, 100, 47197 Valladolid
Google: 4.9⭐ (68 reseñas)
Web: https://valladolid.artgym.es/
Maps: https://maps.google.com/?cid=3192867394386225748&g_mp=Cidnb29nbGUubWFwcy5wbGFjZXMudjEuUGxhY2VzLlNlYXJjaFRleHQQAhgEIAA"
cmpd0evlm0255q1sehd1zkqdm,Estación Pilates,,654 50 76 17,Estación Pilates,,España,google-maps,atleevoyoga,NUEVO,MEDIA,,,2026-05-19T19:12:02.938Z,2026-05-19T19:12:02.938Z,http://centropilatesvalladolid.com/,"C. Colmenares, 8, 47004 Valladolid",Valladolid,4,4,https://maps.google.com/?cid=10181037426614299090&g_mp=Cidnb29nbGUubWFwcy5wbGFjZXMudjEuUGxhY2VzLlNlYXJjaFRleHQQAhgEIAA,gym,OPERATIONAL,"Importado desde Google Maps
Tipo: Gimnasio
Dirección: C. Colmenares, 8, 47004 Valladolid
Google: 4⭐ (4 reseñas)
Web: http://centropilatesvalladolid.com/
Maps: https://maps.google.com/?cid=10181037426614299090&g_mp=Cidnb29nbGUubWFwcy5wbGFjZXMudjEuUGxhY2VzLlNlYXJjaFRleHQQAhgEIAA"
cmpd0evur0256q1sedlooipjw,NADIR CENTRO DE DESARROLLO PERSONAL S.L.,,983 14 40 00,NADIR CENTRO DE DESARROLLO PERSONAL S.L.,,España,google-maps,atleevoyoga,NUEVO,MEDIA,,,2026-05-19T19:12:03.267Z,2026-05-19T19:12:03.267Z,http://www.nadircentrodedesarrollo.com/,"C. de la Democracia, 9, 47011 Valladolid",Valladolid,5,2,https://maps.google.com/?cid=2094663730990038816&g_mp=Cidnb29nbGUubWFwcy5wbGFjZXMudjEuUGxhY2VzLlNlYXJjaFRleHQQAhgEIAA,medical_center,OPERATIONAL,"Importado desde Google Maps
Tipo: Centro médico
Dirección: C. de la Democracia, 9, 47011 Valladolid
Google: 5⭐ (2 reseñas)
Web: http://www.nadircentrodedesarrollo.com/
Maps: https://maps.google.com/?cid=2094663730990038816&g_mp=Cidnb29nbGUubWFwcy5wbGFjZXMudjEuUGxhY2VzLlNlYXJjaFRleHQQAhgEIAA"
cmpd0ew500257q1seewm3gqcs,"Clínica Atrium | Fisioterapia, Osteopatía, Suelo Pélvico y Pilates en Valladolid",,617 95 58 37,"Clínica Atrium | Fisioterapia, Osteopatía, Suelo Pélvico y Pilates en Valladolid",,España,google-maps,atleevoyoga,NUEVO,MEDIA,,,2026-05-19T19:12:03.636Z,2026-05-19T19:12:03.636Z,http://www.clinicaatrium.es/,"C. del Gral. Ruiz, 4, 47004 Valladolid",Valladolid,5,34,https://maps.google.com/?cid=10605815932212009307&g_mp=Cidnb29nbGUubWFwcy5wbGFjZXMudjEuUGxhY2VzLlNlYXJjaFRleHQQAhgEIAA,medical_clinic,OPERATIONAL,"Importado desde Google Maps
Tipo: Clínica ambulatoria
Dirección: C. del Gral. Ruiz, 4, 47004 Valladolid
Google: 5⭐ (34 reseñas)
Web: http://www.clinicaatrium.es/
Maps: https://maps.google.com/?cid=10605815932212009307&g_mp=Cidnb29nbGUubWFwcy5wbGFjZXMudjEuUGxhY2VzLlNlYXJjaFRleHQQAhgEIAA"
cmpd0ewet0258q1senri0o7mu,Fisioterapia y Osteopatía FisioVie,,640 84 98 91,Fisioterapia y Osteopatía FisioVie,,España,google-maps,atleevoyoga,NUEVO,MEDIA,,,2026-05-19T19:12:03.958Z,2026-05-19T19:12:03.958Z,https://www.fisioviegrupo.com/,"C. Picones, 6, 47195 Arroyo de la Encomienda, Valladolid",Valladolid,4.9,223,https://maps.google.com/?cid=9265896936602054904&g_mp=Cidnb29nbGUubWFwcy5wbGFjZXMudjEuUGxhY2VzLlNlYXJjaFRleHQQAhgEIAA,medical_clinic,OPERATIONAL,"Importado desde Google Maps
Tipo: Clínica ambulatoria
Dirección: C. Picones, 6, 47195 Arroyo de la Encomienda, Valladolid
Google: 4.9⭐ (223 reseñas)
Web: https://www.fisioviegrupo.com/
Maps: https://maps.google.com/?cid=9265896936602054904&g_mp=Cidnb29nbGUubWFwcy5wbGFjZXMudjEuUGxhY2VzLlNlYXJjaFRleHQQAhgEIAA"
cmpd0ewnn0259q1set3jrwvoe,Centro de Meditación Kadampa Valladolid,,673 16 99 25,Centro de Meditación Kadampa Valladolid,,España,google-maps,atleevoyoga,NUEVO,MEDIA,,,2026-05-19T19:12:04.308Z,2026-05-19T19:12:04.308Z,https://www.meditaenvalladolid.org/,"C. Expósitos, 4, 47003 Valladolid",Valladolid,4.6,39,https://maps.google.com/?cid=15338683802315404574&g_mp=Cidnb29nbGUubWFwcy5wbGFjZXMudjEuUGxhY2VzLlNlYXJjaFRleHQQAhgEIAA,health,OPERATIONAL,"Importado desde Google Maps
Tipo: Salud y bienestar
Dirección: C. Expósitos, 4, 47003 Valladolid
Google: 4.6⭐ (39 reseñas)
Web: https://www.meditaenvalladolid.org/
Maps: https://maps.google.com/?cid=15338683802315404574&g_mp=Cidnb29nbGUubWFwcy5wbGFjZXMudjEuUGxhY2VzLlNlYXJjaFRleHQQAhgEIAA"
cmpd0ewwp025aq1seum8pifc9,Fitnesspark Valladolid,,983 34 43 00,Fitnesspark Valladolid,,España,google-maps,atleevoyoga,NUEVO,MEDIA,,,2026-05-19T19:12:04.633Z,2026-05-19T19:12:04.633Z,https://www.fitnessparkvalladolid.es/,"C. Prof. Adolfo Miaja de la Muela, 30, 47014 Valladolid",Valladolid,4.5,122,https://maps.google.com/?cid=18075081069628787102&g_mp=Cidnb29nbGUubWFwcy5wbGFjZXMudjEuUGxhY2VzLlNlYXJjaFRleHQQAhgEIAA,gym,OPERATIONAL,"Importado desde Google Maps
Tipo: Gimnasio
Dirección: C. Prof. Adolfo Miaja de la Muela, 30, 47014 Valladolid
Google: 4.5⭐ (122 reseñas)
Web: https://www.fitnessparkvalladolid.es/
Maps: https://maps.google.com/?cid=18075081069628787102&g_mp=Cidnb29nbGUubWFwcy5wbGFjZXMudjEuUGxhY2VzLlNlYXJjaFRleHQQAhgEIAA"
cmpd0f1np025bq1seztaye5vv,RAW YOGA STUDIO Vigo,,678 80 56 40,RAW YOGA STUDIO Vigo,,España,google-maps,atleevoyoga,NUEVO,MEDIA,,,2026-05-19T19:12:10.790Z,2026-05-19T19:12:10.790Z,http://www.rawyoga.es/,"Rúa López de Neira, 9, Santiago de Vigo, 36202 Vigo, Pontevedra",Vigo,4.8,115,https://maps.google.com/?cid=11274235563998066047&g_mp=Cidnb29nbGUubWFwcy5wbGFjZXMudjEuUGxhY2VzLlNlYXJjaFRleHQQAhgEIAA,yoga_studio,OPERATIONAL,"Importado desde Google Maps
Tipo: Centro de yoga
Dirección: Rúa López de Neira, 9, Santiago de Vigo, 36202 Vigo, Pontevedra
Google: 4.8⭐ (115 reseñas)
Web: http://www.rawyoga.es/
Maps: https://maps.google.com/?cid=11274235563998066047&g_mp=Cidnb29nbGUubWFwcy5wbGFjZXMudjEuUGxhY2VzLlNlYXJjaFRleHQQAhgEIAA"
cmpd0f1wv025cq1seagczitzb,ESTUDIO KALPA; Yoga & Meditación,,656 44 85 70,ESTUDIO KALPA; Yoga & Meditación,,España,google-maps,atleevoyoga,NUEVO,MEDIA,,,2026-05-19T19:12:11.120Z,2026-05-19T19:12:11.120Z,https://estudiokalpa.com/,"estudio 13, Rúa de Venezuela, Nº 29, Santiago de Vigo, 36203 Vigo, Pontevedra",Vigo,4.9,62,https://maps.google.com/?cid=12645885952820350207&g_mp=Cidnb29nbGUubWFwcy5wbGFjZXMudjEuUGxhY2VzLlNlYXJjaFRleHQQAhgEIAA,yoga_studio,OPERATIONAL,"Importado desde Google Maps
Tipo: Centro de yoga
Dirección: estudio 13, Rúa de Venezuela, Nº 29, Santiago de Vigo, 36203 Vigo, Pontevedra
Google: 4.9⭐ (62 reseñas)
Web: https://estudiokalpa.com/
Maps: https://maps.google.com/?cid=12645885952820350207&g_mp=Cidnb29nbGUubWFwcy5wbGFjZXMudjEuUGxhY2VzLlNlYXJjaFRleHQQAhgEIAA"
cmpd0f260025dq1se0n1lbgqp,Tiki Yoga Integral,,648 52 00 88,Tiki Yoga Integral,,España,google-maps,atleevoyoga,NUEVO,MEDIA,,,2026-05-19T19:12:11.448Z,2026-05-19T19:12:11.448Z,https://tikiyogaintegral.com/,"Rúa Tomás Alonso, 2 (en AMARUZEN, 36208 Vigo, Pontevedra",Vigo,5,99,https://maps.google.com/?cid=13782420369692029539&g_mp=Cidnb29nbGUubWFwcy5wbGFjZXMudjEuUGxhY2VzLlNlYXJjaFRleHQQAhgEIAA,yoga_studio,OPERATIONAL,"Importado desde Google Maps
Tipo: Centro de yoga
Dirección: Rúa Tomás Alonso, 2 (en AMARUZEN, 36208 Vigo, Pontevedra
Google: 5⭐ (99 reseñas)
Web: https://tikiyogaintegral.com/
Maps: https://maps.google.com/?cid=13782420369692029539&g_mp=Cidnb29nbGUubWFwcy5wbGFjZXMudjEuUGxhY2VzLlNlYXJjaFRleHQQAhgEIAA"
cmpd0f2f4025eq1sen1ducyrd,Savia Yoga Integral,,646 28 17 46,Savia Yoga Integral,,España,google-maps,atleevoyoga,NUEVO,MEDIA,,,2026-05-19T19:12:11.776Z,2026-05-19T19:12:11.776Z,https://saviayogaintegral.com/,"Rúa de Bolivia, 20, 1ºB, Santiago de Vigo, 36204 Vigo, Pontevedra",Vigo,5,28,https://maps.google.com/?cid=355977495720825191&g_mp=Cidnb29nbGUubWFwcy5wbGFjZXMudjEuUGxhY2VzLlNlYXJjaFRleHQQAhgEIAA,yoga_studio,OPERATIONAL,"Importado desde Google Maps
Tipo: Centro de yoga
Dirección: Rúa de Bolivia, 20, 1ºB, Santiago de Vigo, 36204 Vigo, Pontevedra
Google: 5⭐ (28 reseñas)
Web: https://saviayogaintegral.com/
Maps: https://maps.google.com/?cid=355977495720825191&g_mp=Cidnb29nbGUubWFwcy5wbGFjZXMudjEuUGxhY2VzLlNlYXJjaFRleHQQAhgEIAA"
cmpd0f2of025fq1seo92qfrb8,Namaste Yoga Vigo,,607 32 31 56,Namaste Yoga Vigo,,España,google-maps,atleevoyoga,NUEVO,MEDIA,,,2026-05-19T19:12:12.111Z,2026-05-19T19:12:12.111Z,http://namasteyogavigo.com/,"oficina 6, Av. da Gran Vía, 2, Santiago de Vigo, 36203 Vigo, Pontevedra",Vigo,4.9,30,https://maps.google.com/?cid=11640970100845903423&g_mp=Cidnb29nbGUubWFwcy5wbGFjZXMudjEuUGxhY2VzLlNlYXJjaFRleHQQAhgEIAA,yoga_studio,OPERATIONAL,"Importado desde Google Maps
Tipo: Centro de yoga
Dirección: oficina 6, Av. da Gran Vía, 2, Santiago de Vigo, 36203 Vigo, Pontevedra
Google: 4.9⭐ (30 reseñas)
Web: http://namasteyogavigo.com/
Maps: https://maps.google.com/?cid=11640970100845903423&g_mp=Cidnb29nbGUubWFwcy5wbGFjZXMudjEuUGxhY2VzLlNlYXJjaFRleHQQAhgEIAA"
cmpd0f2xy025gq1se60i1w0vz,Sabela Yoga & Pilates Estudio,,616 51 28 18,Sabela Yoga & Pilates Estudio,,España,google-maps,atleevoyoga,NUEVO,MEDIA,,,2026-05-19T19:12:12.454Z,2026-05-19T19:12:12.454Z,,"Rúa Tomás A. Alonso, 2, Espacio Amaruzen, 36208 Vigo, Pontevedra",Vigo,5,43,https://maps.google.com/?cid=10420369100265200011&g_mp=Cidnb29nbGUubWFwcy5wbGFjZXMudjEuUGxhY2VzLlNlYXJjaFRleHQQAhgEIAA,fitness_center,OPERATIONAL,"Importado desde Google Maps
Tipo: Centro deportivo
Dirección: Rúa Tomás A. Alonso, 2, Espacio Amaruzen, 36208 Vigo, Pontevedra
Google: 5⭐ (43 reseñas)
Maps: https://maps.google.com/?cid=10420369100265200011&g_mp=Cidnb29nbGUubWFwcy5wbGFjZXMudjEuUGxhY2VzLlNlYXJjaFRleHQQAhgEIAA"
cmpd0f372025hq1se76xzu14g,Caledonia Yoga,,604 02 48 69,Caledonia Yoga,,España,google-maps,atleevoyoga,NUEVO,MEDIA,,,2026-05-19T19:12:12.783Z,2026-05-19T19:12:12.783Z,http://caledoniayoga.com/,"Rúa do Conde de Torrecedeira, 26, 36202 Vigo, Pontevedra",Vigo,5,22,https://maps.google.com/?cid=15459846374429465751&g_mp=Cidnb29nbGUubWFwcy5wbGFjZXMudjEuUGxhY2VzLlNlYXJjaFRleHQQAhgEIAA,yoga_studio,OPERATIONAL,"Importado desde Google Maps
Tipo: Centro de yoga
Dirección: Rúa do Conde de Torrecedeira, 26, 36202 Vigo, Pontevedra
Google: 5⭐ (22 reseñas)
Web: http://caledoniayoga.com/
Maps: https://maps.google.com/?cid=15459846374429465751&g_mp=Cidnb29nbGUubWFwcy5wbGFjZXMudjEuUGxhY2VzLlNlYXJjaFRleHQQAhgEIAA"
cmpd0f3gh025iq1sebq1m55t2,SUKHA STUDIO,,604 08 59 15,SUKHA STUDIO,,España,google-maps,atleevoyoga,NUEVO,MEDIA,,,2026-05-19T19:12:13.121Z,2026-05-19T19:12:13.121Z,https://www.sukhastudio.es/,"Rúa San Sebastián, 6, 36202 Vigo, Pontevedra",Vigo,4.9,85,https://maps.google.com/?cid=9257791993812540233&g_mp=Cidnb29nbGUubWFwcy5wbGFjZXMudjEuUGxhY2VzLlNlYXJjaFRleHQQAhgEIAA,wellness_center,OPERATIONAL,"Importado desde Google Maps
Tipo: Centro de salud y bienestar
Dirección: Rúa San Sebastián, 6, 36202 Vigo, Pontevedra
Google: 4.9⭐ (85 reseñas)
Web: https://www.sukhastudio.es/
Maps: https://maps.google.com/?cid=9257791993812540233&g_mp=Cidnb29nbGUubWFwcy5wbGFjZXMudjEuUGxhY2VzLlNlYXJjaFRleHQQAhgEIAA"
cmpd0f3ph025jq1se8qvll669,Fluindoyoga,,659 02 38 90,Fluindoyoga,,España,google-maps,atleevoyoga,NUEVO,MEDIA,,,2026-05-19T19:12:13.445Z,2026-05-19T19:12:13.445Z,http://www.fluindoyoga.com/,"Rúa da Ronda de Don Bosco, 41, Santiago de Vigo, 36202 Vigo, Pontevedra",Vigo,5,30,https://maps.google.com/?cid=11937783641626647837&g_mp=Cidnb29nbGUubWFwcy5wbGFjZXMudjEuUGxhY2VzLlNlYXJjaFRleHQQAhgEIAA,yoga_studio,OPERATIONAL,"Importado desde Google Maps
Tipo: Centro de yoga
Dirección: Rúa da Ronda de Don Bosco, 41, Santiago de Vigo, 36202 Vigo, Pontevedra
Google: 5⭐ (30 reseñas)
Web: http://www.fluindoyoga.com/
Maps: https://maps.google.com/?cid=11937783641626647837&g_mp=Cidnb29nbGUubWFwcy5wbGFjZXMudjEuUGxhY2VzLlNlYXJjaFRleHQQAhgEIAA"
cmpd0f3yl025kq1setmsz0vd3,Studio Yoga Y Pilates Lucía,,682 76 74 16,Studio Yoga Y Pilates Lucía,,España,google-maps,atleevoyoga,NUEVO,MEDIA,,,2026-05-19T19:12:13.773Z,2026-05-19T19:12:13.773Z,https://studioyogapilateslucia.com/,"Rúa Vía Nte., 34, Santiago de Vigo, 36204 Vigo, Pontevedra",Vigo,4.8,56,https://maps.google.com/?cid=6423346190942120271&g_mp=Cidnb29nbGUubWFwcy5wbGFjZXMudjEuUGxhY2VzLlNlYXJjaFRleHQQAhgEIAA,gym,OPERATIONAL,"Importado desde Google Maps
Tipo: Gimnasio
Dirección: Rúa Vía Nte., 34, Santiago de Vigo, 36204 Vigo, Pontevedra
Google: 4.8⭐ (56 reseñas)
Web: https://studioyogapilateslucia.com/
Maps: https://maps.google.com/?cid=6423346190942120271&g_mp=Cidnb29nbGUubWFwcy5wbGFjZXMudjEuUGxhY2VzLlNlYXJjaFRleHQQAhgEIAA"
cmpd0f47t025lq1se6lthudb5,Universoyoga,,677 64 07 99,Universoyoga,,España,google-maps,atleevoyoga,NUEVO,MEDIA,,,2026-05-19T19:12:14.105Z,2026-05-19T19:12:14.105Z,http://universoyogavigo.com/,"Rúa a Caleira, 5, Bajo, Freixeiro, 36210 Vigo, Pontevedra",Vigo,4.9,37,https://maps.google.com/?cid=7090579488929070565&g_mp=Cidnb29nbGUubWFwcy5wbGFjZXMudjEuUGxhY2VzLlNlYXJjaFRleHQQAhgEIAA,yoga_studio,OPERATIONAL,"Importado desde Google Maps
Tipo: Centro de yoga
Dirección: Rúa a Caleira, 5, Bajo, Freixeiro, 36210 Vigo, Pontevedra
Google: 4.9⭐ (37 reseñas)
Web: http://universoyogavigo.com/
Maps: https://maps.google.com/?cid=7090579488929070565&g_mp=Cidnb29nbGUubWFwcy5wbGFjZXMudjEuUGxhY2VzLlNlYXJjaFRleHQQAhgEIAA"
cmpd0f4gx025mq1sec21jinou,KAILAS - Escuela de Yoga y Meditación,,670 51 44 53,KAILAS - Escuela de Yoga y Meditación,,España,google-maps,atleevoyoga,NUEVO,MEDIA,,,2026-05-19T19:12:14.434Z,2026-05-19T19:12:14.434Z,https://kailasyoga.com/,"Av. do Fragoso, 30, local 5, Coia, 36210 Vigo, Pontevedra",Vigo,4.8,21,https://maps.google.com/?cid=9216132281831225124&g_mp=Cidnb29nbGUubWFwcy5wbGFjZXMudjEuUGxhY2VzLlNlYXJjaFRleHQQAhgEIAA,yoga_studio,OPERATIONAL,"Importado desde Google Maps
Tipo: Centro de yoga
Dirección: Av. do Fragoso, 30, local 5, Coia, 36210 Vigo, Pontevedra
Google: 4.8⭐ (21 reseñas)
Web: https://kailasyoga.com/
Maps: https://maps.google.com/?cid=9216132281831225124&g_mp=Cidnb29nbGUubWFwcy5wbGFjZXMudjEuUGxhY2VzLlNlYXJjaFRleHQQAhgEIAA"
cmpd0f4qb025nq1sevw6y4ig3,Templo Movemento | Centro de Bienestar,,634 85 84 21,Templo Movemento | Centro de Bienestar,,España,google-maps,atleevoyoga,NUEVO,MEDIA,,,2026-05-19T19:12:14.771Z,2026-05-19T19:12:14.771Z,http://www.templomovemento.es/,"Rúa Camilo José Cela, 5, bj, Coia, 36208 Vigo, Pontevedra",Vigo,4.9,35,https://maps.google.com/?cid=14301509491914271416&g_mp=Cidnb29nbGUubWFwcy5wbGFjZXMudjEuUGxhY2VzLlNlYXJjaFRleHQQAhgEIAA,fitness_center,OPERATIONAL,"Importado desde Google Maps
Tipo: Centro deportivo
Dirección: Rúa Camilo José Cela, 5, bj, Coia, 36208 Vigo, Pontevedra
Google: 4.9⭐ (35 reseñas)
Web: http://www.templomovemento.es/
Maps: https://maps.google.com/?cid=14301509491914271416&g_mp=Cidnb29nbGUubWFwcy5wbGFjZXMudjEuUGxhY2VzLlNlYXJjaFRleHQQAhgEIAA"
cmpd0f4zr025oq1seua4tv8p2,YOGA VIGO,,692 93 93 93,YOGA VIGO,,España,google-maps,atleevoyoga,NUEVO,MEDIA,,,2026-05-19T19:12:15.112Z,2026-05-19T19:12:15.112Z,,"Praza de Santa Rita, 3, bajo, Sárdoma, 36204 Vigo, Pontevedra",Vigo,5,1,https://maps.google.com/?cid=12981389139722666639&g_mp=Cidnb29nbGUubWFwcy5wbGFjZXMudjEuUGxhY2VzLlNlYXJjaFRleHQQAhgEIAA,yoga_studio,OPERATIONAL,"Importado desde Google Maps
Tipo: Centro de yoga
Dirección: Praza de Santa Rita, 3, bajo, Sárdoma, 36204 Vigo, Pontevedra
Google: 5⭐ (1 reseñas)
Maps: https://maps.google.com/?cid=12981389139722666639&g_mp=Cidnb29nbGUubWFwcy5wbGFjZXMudjEuUGxhY2VzLlNlYXJjaFRleHQQAhgEIAA"
cmpd0f593025pq1se6abvi2q7,Espacio Dharma Vigo,,696 33 40 65,Espacio Dharma Vigo,,España,google-maps,atleevoyoga,NUEVO,MEDIA,,,2026-05-19T19:12:15.447Z,2026-05-19T19:12:15.447Z,https://www.espaciodharmavigo.com/,"Rúa Doctor Darío Durán Gómez, 5, Coia, 36209 Vigo, Pontevedra",Vigo,4.9,58,https://maps.google.com/?cid=8889770970667867060&g_mp=Cidnb29nbGUubWFwcy5wbGFjZXMudjEuUGxhY2VzLlNlYXJjaFRleHQQAhgEIAA,wellness_center,OPERATIONAL,"Importado desde Google Maps
Tipo: Centro de salud y bienestar
Dirección: Rúa Doctor Darío Durán Gómez, 5, Coia, 36209 Vigo, Pontevedra
Google: 4.9⭐ (58 reseñas)
Web: https://www.espaciodharmavigo.com/
Maps: https://maps.google.com/?cid=8889770970667867060&g_mp=Cidnb29nbGUubWFwcy5wbGFjZXMudjEuUGxhY2VzLlNlYXJjaFRleHQQAhgEIAA"
cmpd0f5id025qq1seap8vb6xs,nelYoga,,686 68 94 08,nelYoga,,España,google-maps,atleevoyoga,NUEVO,MEDIA,,,2026-05-19T19:12:15.781Z,2026-05-19T19:12:15.781Z,,"Camiño das Melcas, 3, 36330 Vigo, Pontevedra",Vigo,5,29,https://maps.google.com/?cid=3147662605018049005&g_mp=Cidnb29nbGUubWFwcy5wbGFjZXMudjEuUGxhY2VzLlNlYXJjaFRleHQQAhgEIAA,yoga_studio,OPERATIONAL,"Importado desde Google Maps
Tipo: Centro de yoga
Dirección: Camiño das Melcas, 3, 36330 Vigo, Pontevedra
Google: 5⭐ (29 reseñas)
Maps: https://maps.google.com/?cid=3147662605018049005&g_mp=Cidnb29nbGUubWFwcy5wbGFjZXMudjEuUGxhY2VzLlNlYXJjaFRleHQQAhgEIAA"
cmpd0f5ra025rq1seff98wxdy,Amaruzen,,671 38 42 70,Amaruzen,,España,google-maps,atleevoyoga,NUEVO,MEDIA,,,2026-05-19T19:12:16.102Z,2026-05-19T19:12:16.102Z,https://amaruzen.com/,"Rúa Tomás A. Alonso, 2, 36208 Vigo, Pontevedra",Vigo,5,23,https://maps.google.com/?cid=13397656951007296290&g_mp=Cidnb29nbGUubWFwcy5wbGFjZXMudjEuUGxhY2VzLlNlYXJjaFRleHQQAhgEIAA,yoga_studio,OPERATIONAL,"Importado desde Google Maps
Tipo: Centro de yoga
Dirección: Rúa Tomás A. Alonso, 2, 36208 Vigo, Pontevedra
Google: 5⭐ (23 reseñas)
Web: https://amaruzen.com/
Maps: https://maps.google.com/?cid=13397656951007296290&g_mp=Cidnb29nbGUubWFwcy5wbGFjZXMudjEuUGxhY2VzLlNlYXJjaFRleHQQAhgEIAA"
cmpd0f60h025sq1seep58yr6y,DoAcougo YOGA,,633 15 22 27,DoAcougo YOGA,,España,google-maps,atleevoyoga,NUEVO,MEDIA,,,2026-05-19T19:12:16.433Z,2026-05-19T19:12:16.433Z,https://doacougo.com/,"Espacio Dharma, Rúa Doctor Darío Durán Gómez, 5, Coia, 36209 Vigo, Pontevedra",Vigo,4.9,22,https://maps.google.com/?cid=5904012679849448410&g_mp=Cidnb29nbGUubWFwcy5wbGFjZXMudjEuUGxhY2VzLlNlYXJjaFRleHQQAhgEIAA,yoga_studio,OPERATIONAL,"Importado desde Google Maps
Tipo: Centro de yoga
Dirección: Espacio Dharma, Rúa Doctor Darío Durán Gómez, 5, Coia, 36209 Vigo, Pontevedra
Google: 4.9⭐ (22 reseñas)
Web: https://doacougo.com/
Maps: https://maps.google.com/?cid=5904012679849448410&g_mp=Cidnb29nbGUubWFwcy5wbGFjZXMudjEuUGxhY2VzLlNlYXJjaFRleHQQAhgEIAA"
cmpd0f69h025tq1se0idh2t0w,Sananda,,986 22 73 21,Sananda,,España,google-maps,atleevoyoga,NUEVO,MEDIA,,,2026-05-19T19:12:16.757Z,2026-05-19T19:12:16.757Z,http://www.yogasananda.com/,"C. Progreso, 22, 3º izquierda, Santiago de Vigo, 36202 Vigo, Pontevedra",Vigo,4.8,10,https://maps.google.com/?cid=17776201213408066468&g_mp=Cidnb29nbGUubWFwcy5wbGFjZXMudjEuUGxhY2VzLlNlYXJjaFRleHQQAhgEIAA,yoga_studio,OPERATIONAL,"Importado desde Google Maps
Tipo: Centro de yoga
Dirección: C. Progreso, 22, 3º izquierda, Santiago de Vigo, 36202 Vigo, Pontevedra
Google: 4.8⭐ (10 reseñas)
Web: http://www.yogasananda.com/
Maps: https://maps.google.com/?cid=17776201213408066468&g_mp=Cidnb29nbGUubWFwcy5wbGFjZXMudjEuUGxhY2VzLlNlYXJjaFRleHQQAhgEIAA"
cmpd0f6jd025uq1sesmqefcx8,POWER PILATES - Entrenamiento Para Mujeres,,600 41 17 89,POWER PILATES - Entrenamiento Para Mujeres,,España,google-maps,atleevoyoga,NUEVO,MEDIA,,,2026-05-19T19:12:17.113Z,2026-05-19T19:12:17.113Z,,"Rúa de Barcelona, 44, bajo, Freijeiro, 36203 Vigo, Pontevedra",Vigo,5,480,https://maps.google.com/?cid=11435017197991364997&g_mp=Cidnb29nbGUubWFwcy5wbGFjZXMudjEuUGxhY2VzLlNlYXJjaFRleHQQAhgEIAA,gym,OPERATIONAL,"Importado desde Google Maps
Tipo: Gimnasio
Dirección: Rúa de Barcelona, 44, bajo, Freijeiro, 36203 Vigo, Pontevedra
Google: 5⭐ (480 reseñas)
Maps: https://maps.google.com/?cid=11435017197991364997&g_mp=Cidnb29nbGUubWFwcy5wbGFjZXMudjEuUGxhY2VzLlNlYXJjaFRleHQQAhgEIAA"
cmpd0f6si025vq1se2ekeu85p,Centro Formación CEYSI,,627 26 56 06,Centro Formación CEYSI,,España,google-maps,atleevoyoga,NUEVO,MEDIA,,,2026-05-19T19:12:17.442Z,2026-05-19T19:12:17.442Z,https://www.yogaceysi.com/,"Rúa de Urzáiz, 77, 1E, Santiago de Vigo, 36204 Vigo, Pontevedra",Vigo,4.9,23,https://maps.google.com/?cid=16195889631345813037&g_mp=Cidnb29nbGUubWFwcy5wbGFjZXMudjEuUGxhY2VzLlNlYXJjaFRleHQQAhgEIAA,yoga_studio,OPERATIONAL,"Importado desde Google Maps
Tipo: Centro de yoga
Dirección: Rúa de Urzáiz, 77, 1E, Santiago de Vigo, 36204 Vigo, Pontevedra
Google: 4.9⭐ (23 reseñas)
Web: https://www.yogaceysi.com/
Maps: https://maps.google.com/?cid=16195889631345813037&g_mp=Cidnb29nbGUubWFwcy5wbGFjZXMudjEuUGxhY2VzLlNlYXJjaFRleHQQAhgEIAA"
cmpd0f71f025wq1seqchz6uaj,SINGULAR Women Pilates (Estudio de Pilates en Rúa Alvaro Cunqueiro),,986 11 42 00,SINGULAR Women Pilates (Estudio de Pilates en Rúa Alvaro Cunqueiro),,España,google-maps,atleevoyoga,NUEVO,MEDIA,,,2026-05-19T19:12:17.763Z,2026-05-19T19:12:17.763Z,http://www.singularclub.com/,"Rúa de Álvaro Cunqueiro, 4, Freixeiro, 36211 Vigo, Pontevedra",Vigo,4.9,44,https://maps.google.com/?cid=14213409166954669030&g_mp=Cidnb29nbGUubWFwcy5wbGFjZXMudjEuUGxhY2VzLlNlYXJjaFRleHQQAhgEIAA,gym,OPERATIONAL,"Importado desde Google Maps
Tipo: Gimnasio
Dirección: Rúa de Álvaro Cunqueiro, 4, Freixeiro, 36211 Vigo, Pontevedra
Google: 4.9⭐ (44 reseñas)
Web: http://www.singularclub.com/
Maps: https://maps.google.com/?cid=14213409166954669030&g_mp=Cidnb29nbGUubWFwcy5wbGFjZXMudjEuUGxhY2VzLlNlYXJjaFRleHQQAhgEIAA"
cmpd0f7aj025xq1se5joipyv4,Estudio Oña - Yoga Terapia,,699 94 06 45,Estudio Oña - Yoga Terapia,,España,google-maps,atleevoyoga,NUEVO,MEDIA,,,2026-05-19T19:12:18.091Z,2026-05-19T19:12:18.091Z,https://instagram.com/estudioona?igshid=NzZlODBkYWE4Ng==,"R. de Pizarro, 27, 1º, Santiago de Vigo, 36204 Vigo, Pontevedra",Vigo,4.7,12,https://maps.google.com/?cid=16342043963352279350&g_mp=Cidnb29nbGUubWFwcy5wbGFjZXMudjEuUGxhY2VzLlNlYXJjaFRleHQQAhgEIAA,wellness_center,OPERATIONAL,"Importado desde Google Maps
Tipo: Centro de salud y bienestar
Dirección: R. de Pizarro, 27, 1º, Santiago de Vigo, 36204 Vigo, Pontevedra
Google: 4.7⭐ (12 reseñas)
Web: https://instagram.com/estudioona?igshid=NzZlODBkYWE4Ng==
Maps: https://maps.google.com/?cid=16342043963352279350&g_mp=Cidnb29nbGUubWFwcy5wbGFjZXMudjEuUGxhY2VzLlNlYXJjaFRleHQQAhgEIAA"
cmpd0f7je025yq1se52g5j1or,"Flow, Movimiento y Salud",,986 12 95 67,"Flow, Movimiento y Salud",,España,google-maps,atleevoyoga,NUEVO,MEDIA,,,2026-05-19T19:12:18.410Z,2026-05-19T19:12:18.410Z,http://www.flowvigo.es/,"Rúa das Teixugueiras, 36, Portal 4, Oficina 4, 36212 Vigo, Pontevedra",Vigo,4.9,18,https://maps.google.com/?cid=7522855527612104415&g_mp=Cidnb29nbGUubWFwcy5wbGFjZXMudjEuUGxhY2VzLlNlYXJjaFRleHQQAhgEIAA,gym,OPERATIONAL,"Importado desde Google Maps
Tipo: Gimnasio
Dirección: Rúa das Teixugueiras, 36, Portal 4, Oficina 4, 36212 Vigo, Pontevedra
Google: 4.9⭐ (18 reseñas)
Web: http://www.flowvigo.es/
Maps: https://maps.google.com/?cid=7522855527612104415&g_mp=Cidnb29nbGUubWFwcy5wbGFjZXMudjEuUGxhY2VzLlNlYXJjaFRleHQQAhgEIAA"
cmpd0f7sc025zq1sey7twexb9,Kintsugi - Yoga · Hipopresivos · Pilates · Nutrición,,639 75 94 99,Kintsugi - Yoga · Hipopresivos · Pilates · Nutrición,,España,google-maps,atleevoyoga,NUEVO,MEDIA,,,2026-05-19T19:12:18.733Z,2026-05-19T19:12:18.733Z,https://kintsugivigo.com/,"Rúa do Pintor Colmeiro, 6, Freixeiro, 36211 Vigo, Pontevedra",Vigo,5,16,https://maps.google.com/?cid=18050899276538732285&g_mp=Cidnb29nbGUubWFwcy5wbGFjZXMudjEuUGxhY2VzLlNlYXJjaFRleHQQAhgEIAA,gym,OPERATIONAL,"Importado desde Google Maps
Tipo: Gimnasio
Dirección: Rúa do Pintor Colmeiro, 6, Freixeiro, 36211 Vigo, Pontevedra
Google: 5⭐ (16 reseñas)
Web: https://kintsugivigo.com/
Maps: https://maps.google.com/?cid=18050899276538732285&g_mp=Cidnb29nbGUubWFwcy5wbGFjZXMudjEuUGxhY2VzLlNlYXJjaFRleHQQAhgEIAA"
cmpd0f82c0260q1seowa82upp,Tibetan Yoga Alliance,,608 08 06 41,Tibetan Yoga Alliance,,España,google-maps,atleevoyoga,NUEVO,MEDIA,,,2026-05-19T19:12:19.060Z,2026-05-19T19:12:19.060Z,https://tibetanyogaalliance.org/,"Av. de García Barbón, 101, A Bajo, Santiago de Vigo, 36201 Vigo, Pontevedra",Vigo,5,11,https://maps.google.com/?cid=8507787960515128280&g_mp=Cidnb29nbGUubWFwcy5wbGFjZXMudjEuUGxhY2VzLlNlYXJjaFRleHQQAhgEIAA,association_or_organization,OPERATIONAL,"Importado desde Google Maps
Tipo: Asociación u organización
Dirección: Av. de García Barbón, 101, A Bajo, Santiago de Vigo, 36201 Vigo, Pontevedra
Google: 5⭐ (11 reseñas)
Web: https://tibetanyogaalliance.org/
Maps: https://maps.google.com/?cid=8507787960515128280&g_mp=Cidnb29nbGUubWFwcy5wbGFjZXMudjEuUGxhY2VzLlNlYXJjaFRleHQQAhgEIAA"
cmpd0f8bk0261q1sex4jjiajp,Yoga Iyengar Vigo,,600 01 40 24,Yoga Iyengar Vigo,,España,google-maps,atleevoyoga,NUEVO,MEDIA,,,2026-05-19T19:12:19.424Z,2026-05-19T19:12:19.424Z,http://www.yogaiyengarvigogranvia.es/,"Rúa Zamora, 100, Freijeiro, 36211 Vigo, Pontevedra",Vigo,5,11,https://maps.google.com/?cid=5042434277398171604&g_mp=Cidnb29nbGUubWFwcy5wbGFjZXMudjEuUGxhY2VzLlNlYXJjaFRleHQQAhgEIAA,yoga_studio,OPERATIONAL,"Importado desde Google Maps
Tipo: Centro de yoga
Dirección: Rúa Zamora, 100, Freijeiro, 36211 Vigo, Pontevedra
Google: 5⭐ (11 reseñas)
Web: http://www.yogaiyengarvigogranvia.es/
Maps: https://maps.google.com/?cid=5042434277398171604&g_mp=Cidnb29nbGUubWFwcy5wbGFjZXMudjEuUGxhY2VzLlNlYXJjaFRleHQQAhgEIAA"
cmpd0f8kk0262q1sejsew9fot,SINGULAR Women Pilates (Estudio de Pilates en Rúa México),,986 11 82 01,SINGULAR Women Pilates (Estudio de Pilates en Rúa México),,España,google-maps,atleevoyoga,NUEVO,MEDIA,,,2026-05-19T19:12:19.748Z,2026-05-19T19:12:19.748Z,http://www.singularclub.com/,"R. México, 32, Santiago de Vigo, 36204 Vigo, Pontevedra",Vigo,4.9,28,https://maps.google.com/?cid=16716881404351823321&g_mp=Cidnb29nbGUubWFwcy5wbGFjZXMudjEuUGxhY2VzLlNlYXJjaFRleHQQAhgEIAA,gym,OPERATIONAL,"Importado desde Google Maps
Tipo: Gimnasio
Dirección: R. México, 32, Santiago de Vigo, 36204 Vigo, Pontevedra
Google: 4.9⭐ (28 reseñas)
Web: http://www.singularclub.com/
Maps: https://maps.google.com/?cid=16716881404351823321&g_mp=Cidnb29nbGUubWFwcy5wbGFjZXMudjEuUGxhY2VzLlNlYXJjaFRleHQQAhgEIAA"
cmpd0f8u00263q1seobf8m78u,Tu momento Yoga,,644 35 37 85,Tu momento Yoga,,España,google-maps,atleevoyoga,NUEVO,MEDIA,,,2026-05-19T19:12:20.089Z,2026-05-19T19:12:20.089Z,http://tumomentoyoga.com/,"Av. de Emilio Martínez Garrido, Lavadores, 36201 Vigo, Pontevedra",Vigo,5,54,https://maps.google.com/?cid=2236522125297808378&g_mp=Cidnb29nbGUubWFwcy5wbGFjZXMudjEuUGxhY2VzLlNlYXJjaFRleHQQAhgEIAA,,OPERATIONAL,"Importado desde Google Maps
Dirección: Av. de Emilio Martínez Garrido, Lavadores, 36201 Vigo, Pontevedra
Google: 5⭐ (54 reseñas)
Web: http://tumomentoyoga.com/
Maps: https://maps.google.com/?cid=2236522125297808378&g_mp=Cidnb29nbGUubWFwcy5wbGFjZXMudjEuUGxhY2VzLlNlYXJjaFRleHQQAhgEIAA"
cmpd0f9370264q1sehp7sinss,Centro TERMAVI,,665 19 35 84,Centro TERMAVI,,España,google-maps,atleevoyoga,NUEVO,MEDIA,,,2026-05-19T19:12:20.420Z,2026-05-19T19:12:20.420Z,http://www.termavi.eu/,"Rúa de Zaragoza, 16, ENTRESUELO, Freixeiro, 36203 Vigo, Pontevedra",Vigo,4.8,51,https://maps.google.com/?cid=11098766829181195333&g_mp=Cidnb29nbGUubWFwcy5wbGFjZXMudjEuUGxhY2VzLlNlYXJjaFRleHQQAhgEIAA,yoga_studio,OPERATIONAL,"Importado desde Google Maps
Tipo: Centro de yoga
Dirección: Rúa de Zaragoza, 16, ENTRESUELO, Freixeiro, 36203 Vigo, Pontevedra
Google: 4.8⭐ (51 reseñas)
Web: http://www.termavi.eu/
Maps: https://maps.google.com/?cid=11098766829181195333&g_mp=Cidnb29nbGUubWFwcy5wbGFjZXMudjEuUGxhY2VzLlNlYXJjaFRleHQQAhgEIAA"
cmpd0f9cg0265q1sevuivj6uw,Taichi Centro Raíces,,886 30 50 67,Taichi Centro Raíces,,España,google-maps,atleevoyoga,NUEVO,MEDIA,,,2026-05-19T19:12:20.752Z,2026-05-19T19:12:20.752Z,https://tucentroraices.com/,"Rúa Tomás A. Alonso, 162, 2º of 7B, 36208 Vigo, Pontevedra",Vigo,5,49,https://maps.google.com/?cid=18050012158104137111&g_mp=Cidnb29nbGUubWFwcy5wbGFjZXMudjEuUGxhY2VzLlNlYXJjaFRleHQQAhgEIAA,sports_school,OPERATIONAL,"Importado desde Google Maps
Tipo: Escuela deportiva
Dirección: Rúa Tomás A. Alonso, 162, 2º of 7B, 36208 Vigo, Pontevedra
Google: 5⭐ (49 reseñas)
Web: https://tucentroraices.com/
Maps: https://maps.google.com/?cid=18050012158104137111&g_mp=Cidnb29nbGUubWFwcy5wbGFjZXMudjEuUGxhY2VzLlNlYXJjaFRleHQQAhgEIAA"
cmpd0f9lo0266q1se9s6pwdf4,Mussa Pilates Center,,986 13 20 71,Mussa Pilates Center,,España,google-maps,atleevoyoga,NUEVO,MEDIA,,,2026-05-19T19:12:21.085Z,2026-05-19T19:12:21.085Z,http://mussapilatescenter.com/,"Rúa Carral, 16, 36202 Vigo, Pontevedra",Vigo,4.8,49,https://maps.google.com/?cid=5583023094333335144&g_mp=Cidnb29nbGUubWFwcy5wbGFjZXMudjEuUGxhY2VzLlNlYXJjaFRleHQQAhgEIAA,gym,OPERATIONAL,"Importado desde Google Maps
Tipo: Gimnasio
Dirección: Rúa Carral, 16, 36202 Vigo, Pontevedra
Google: 4.8⭐ (49 reseñas)
Web: http://mussapilatescenter.com/
Maps: https://maps.google.com/?cid=5583023094333335144&g_mp=Cidnb29nbGUubWFwcy5wbGFjZXMudjEuUGxhY2VzLlNlYXJjaFRleHQQAhgEIAA"
cmpd0f9ul0267q1se52p95wh4,TRIBU PILATES,,654 96 17 73,TRIBU PILATES,,España,google-maps,atleevoyoga,NUEVO,MEDIA,,,2026-05-19T19:12:21.405Z,2026-05-19T19:12:21.405Z,,"R. de Rosalía de Castro, 47, Santiago de Vigo, 36201 Vigo, Pontevedra",Vigo,5,5,https://maps.google.com/?cid=7157779186506827939&g_mp=Cidnb29nbGUubWFwcy5wbGFjZXMudjEuUGxhY2VzLlNlYXJjaFRleHQQAhgEIAA,gym,OPERATIONAL,"Importado desde Google Maps
Tipo: Gimnasio
Dirección: R. de Rosalía de Castro, 47, Santiago de Vigo, 36201 Vigo, Pontevedra
Google: 5⭐ (5 reseñas)
Maps: https://maps.google.com/?cid=7157779186506827939&g_mp=Cidnb29nbGUubWFwcy5wbGFjZXMudjEuUGxhY2VzLlNlYXJjaFRleHQQAhgEIAA"
cmpd0fa3n0268q1sevzcm5jyf,MeuFit Vialia Vigo,,690 17 48 38,MeuFit Vialia Vigo,,España,google-maps,atleevoyoga,NUEVO,MEDIA,,,2026-05-19T19:12:21.732Z,2026-05-19T19:12:21.732Z,https://meufit.gal/meufit-gimnasio-en-vigo/,"Praza Estación, 1, Santiago de Vigo, 36201 Vigo, Pontevedra",Vigo,4.7,329,https://maps.google.com/?cid=1031359951497569720&g_mp=Cidnb29nbGUubWFwcy5wbGFjZXMudjEuUGxhY2VzLlNlYXJjaFRleHQQAhgEIAA,gym,OPERATIONAL,"Importado desde Google Maps
Tipo: Gimnasio
Dirección: Praza Estación, 1, Santiago de Vigo, 36201 Vigo, Pontevedra
Google: 4.7⭐ (329 reseñas)
Web: https://meufit.gal/meufit-gimnasio-en-vigo/
Maps: https://maps.google.com/?cid=1031359951497569720&g_mp=Cidnb29nbGUubWFwcy5wbGFjZXMudjEuUGxhY2VzLlNlYXJjaFRleHQQAhgEIAA"
cmpd0facy0269q1se7iv00ggs,Natural Flow,,644 58 52 85,Natural Flow,,España,google-maps,atleevoyoga,NUEVO,MEDIA,,,2026-05-19T19:12:22.066Z,2026-05-19T19:12:22.066Z,,"Rúa Elduayen, 16, 36202 Vigo, Pontevedra",Vigo,,,https://maps.google.com/?cid=1726819200116656228&g_mp=Cidnb29nbGUubWFwcy5wbGFjZXMudjEuUGxhY2VzLlNlYXJjaFRleHQQAhgEIAA,yoga_studio,OPERATIONAL,"Importado desde Google Maps
Tipo: Centro de yoga
Dirección: Rúa Elduayen, 16, 36202 Vigo, Pontevedra
Maps: https://maps.google.com/?cid=1726819200116656228&g_mp=Cidnb29nbGUubWFwcy5wbGFjZXMudjEuUGxhY2VzLlNlYXJjaFRleHQQAhgEIAA"
cmpd0famb026aq1seoaq5uxwv,Esenza Pilates AeroYoga Reflexoterapia Masaje,,653 54 80 19,Esenza Pilates AeroYoga Reflexoterapia Masaje,,España,google-maps,atleevoyoga,NUEVO,MEDIA,,,2026-05-19T19:12:22.404Z,2026-05-19T19:12:22.404Z,https://esenzapilates.wordpress.com/,"Rúa do Doutor Cadaval, nº 8, 1º, oficina 2, 36202 Vigo, Pontevedra",Vigo,5,5,https://maps.google.com/?cid=3949177217663119223&g_mp=Cidnb29nbGUubWFwcy5wbGFjZXMudjEuUGxhY2VzLlNlYXJjaFRleHQQAhgEIAA,gym,OPERATIONAL,"Importado desde Google Maps
Tipo: Gimnasio
Dirección: Rúa do Doutor Cadaval, nº 8, 1º, oficina 2, 36202 Vigo, Pontevedra
Google: 5⭐ (5 reseñas)
Web: https://esenzapilates.wordpress.com/
Maps: https://maps.google.com/?cid=3949177217663119223&g_mp=Cidnb29nbGUubWFwcy5wbGFjZXMudjEuUGxhY2VzLlNlYXJjaFRleHQQAhgEIAA"
cmpd0favj026bq1seolnl07ge,Toni Pilates,,685 10 29 95,Toni Pilates,,España,google-maps,atleevoyoga,NUEVO,MEDIA,,,2026-05-19T19:12:22.736Z,2026-05-19T19:12:22.736Z,http://www.tonipilates.com/,"Av. de Castrelos, 240, 36210 Vigo, Pontevedra",Vigo,4.7,242,https://maps.google.com/?cid=868398423811518513&g_mp=Cidnb29nbGUubWFwcy5wbGFjZXMudjEuUGxhY2VzLlNlYXJjaFRleHQQAhgEIAA,gym,OPERATIONAL,"Importado desde Google Maps
Tipo: Gimnasio
Dirección: Av. de Castrelos, 240, 36210 Vigo, Pontevedra
Google: 4.7⭐ (242 reseñas)
Web: http://www.tonipilates.com/
Maps: https://maps.google.com/?cid=868398423811518513&g_mp=Cidnb29nbGUubWFwcy5wbGFjZXMudjEuUGxhY2VzLlNlYXJjaFRleHQQAhgEIAA"
cmpd0fb4m026cq1sehnp9kuvy,Estudio A - Pilates y danza,,671 10 34 77,Estudio A - Pilates y danza,,España,google-maps,atleevoyoga,NUEVO,MEDIA,,,2026-05-19T19:12:23.062Z,2026-05-19T19:12:23.062Z,https://estudioapilatesydanza.com/,"Rúa Padre Seixas, 30, 36209 Vigo, Pontevedra",Vigo,5,18,https://maps.google.com/?cid=3357330186452113185&g_mp=Cidnb29nbGUubWFwcy5wbGFjZXMudjEuUGxhY2VzLlNlYXJjaFRleHQQAhgEIAA,gym,OPERATIONAL,"Importado desde Google Maps
Tipo: Gimnasio
Dirección: Rúa Padre Seixas, 30, 36209 Vigo, Pontevedra
Google: 5⭐ (18 reseñas)
Web: https://estudioapilatesydanza.com/
Maps: https://maps.google.com/?cid=3357330186452113185&g_mp=Cidnb29nbGUubWFwcy5wbGFjZXMudjEuUGxhY2VzLlNlYXJjaFRleHQQAhgEIAA"
cmpd0fbdw026dq1se70dpjr1o,Centro Pilates XAS,,986 13 34 96,Centro Pilates XAS,,España,google-maps,atleevoyoga,NUEVO,MEDIA,,,2026-05-19T19:12:23.397Z,2026-05-19T19:12:23.397Z,https://m.facebook.com/Centro-Pilates-X%C3%80S-133382493403286/,"Rúa Colombia, 42, Sárdoma, 36204 Vigo, Pontevedra",Vigo,4.9,37,https://maps.google.com/?cid=11556600172480808969&g_mp=Cidnb29nbGUubWFwcy5wbGFjZXMudjEuUGxhY2VzLlNlYXJjaFRleHQQAhgEIAA,gym,OPERATIONAL,"Importado desde Google Maps
Tipo: Gimnasio
Dirección: Rúa Colombia, 42, Sárdoma, 36204 Vigo, Pontevedra
Google: 4.9⭐ (37 reseñas)
Web: https://m.facebook.com/Centro-Pilates-X%C3%80S-133382493403286/
Maps: https://maps.google.com/?cid=11556600172480808969&g_mp=Cidnb29nbGUubWFwcy5wbGFjZXMudjEuUGxhY2VzLlNlYXJjaFRleHQQAhgEIAA"
cmpd0fbn2026eq1se6t6f3rkz,Centro Yoga & Pilates Madhana,,634 51 04 07,Centro Yoga & Pilates Madhana,,España,google-maps,atleevoyoga,NUEVO,MEDIA,,,2026-05-19T19:12:23.726Z,2026-05-19T19:12:23.726Z,http://www.centroyogamadhana.com/,"Rúa das Camelias, 12, BAJO, 36860 Ponteareas, Pontevedra",Vigo,5,67,https://maps.google.com/?cid=956842952631875617&g_mp=Cidnb29nbGUubWFwcy5wbGFjZXMudjEuUGxhY2VzLlNlYXJjaFRleHQQAhgEIAA,yoga_studio,OPERATIONAL,"Importado desde Google Maps
Tipo: Centro de yoga
Dirección: Rúa das Camelias, 12, BAJO, 36860 Ponteareas, Pontevedra
Google: 5⭐ (67 reseñas)
Web: http://www.centroyogamadhana.com/
Maps: https://maps.google.com/?cid=956842952631875617&g_mp=Cidnb29nbGUubWFwcy5wbGFjZXMudjEuUGxhY2VzLlNlYXJjaFRleHQQAhgEIAA"
cmpd0fbw4026fq1seljfqm8dq,ORIXE CENTRO DEPORTIVO,,604 01 52 94,ORIXE CENTRO DEPORTIVO,,España,google-maps,atleevoyoga,NUEVO,MEDIA,,,2026-05-19T19:12:24.053Z,2026-05-19T19:12:24.053Z,https://orixecentrodeportivo.com/,"Rúa do Grove, 2, bajo, Coia, 36209 Vigo, Pontevedra",Vigo,5,246,https://maps.google.com/?cid=11190234748510850234&g_mp=Cidnb29nbGUubWFwcy5wbGFjZXMudjEuUGxhY2VzLlNlYXJjaFRleHQQAhgEIAA,gym,OPERATIONAL,"Importado desde Google Maps
Tipo: Gimnasio
Dirección: Rúa do Grove, 2, bajo, Coia, 36209 Vigo, Pontevedra
Google: 5⭐ (246 reseñas)
Web: https://orixecentrodeportivo.com/
Maps: https://maps.google.com/?cid=11190234748510850234&g_mp=Cidnb29nbGUubWFwcy5wbGFjZXMudjEuUGxhY2VzLlNlYXJjaFRleHQQAhgEIAA"
cmpd0fc50026gq1seqwkrbkj8,Programa Destres,,667 99 48 19,Programa Destres,,España,google-maps,atleevoyoga,NUEVO,MEDIA,,,2026-05-19T19:12:24.372Z,2026-05-19T19:12:24.372Z,https://programadestres.com/,"Rúa a Caleira, 5, Freixeiro, 36210 Vigo, Pontevedra",Vigo,4.8,30,https://maps.google.com/?cid=2921104017788986031&g_mp=Cidnb29nbGUubWFwcy5wbGFjZXMudjEuUGxhY2VzLlNlYXJjaFRleHQQAhgEIAA,health,OPERATIONAL,"Importado desde Google Maps
Tipo: Salud y bienestar
Dirección: Rúa a Caleira, 5, Freixeiro, 36210 Vigo, Pontevedra
Google: 4.8⭐ (30 reseñas)
Web: https://programadestres.com/
Maps: https://maps.google.com/?cid=2921104017788986031&g_mp=Cidnb29nbGUubWFwcy5wbGFjZXMudjEuUGxhY2VzLlNlYXJjaFRleHQQAhgEIAA"
cmpd0fce6026hq1setsn6xr9z,sam yoga,,619 65 30 79,sam yoga,,España,google-maps,atleevoyoga,NUEVO,MEDIA,,,2026-05-19T19:12:24.703Z,2026-05-19T19:12:24.703Z,,"Rúa Ramon Buch, 1, A entreplanta, Coia, 36209 Vigo, Pontevedra",Vigo,3,2,https://maps.google.com/?cid=1445738172955330469&g_mp=Cidnb29nbGUubWFwcy5wbGFjZXMudjEuUGxhY2VzLlNlYXJjaFRleHQQAhgEIAA,yoga_studio,OPERATIONAL,"Importado desde Google Maps
Tipo: Centro de yoga
Dirección: Rúa Ramon Buch, 1, A entreplanta, Coia, 36209 Vigo, Pontevedra
Google: 3⭐ (2 reseñas)
Maps: https://maps.google.com/?cid=1445738172955330469&g_mp=Cidnb29nbGUubWFwcy5wbGFjZXMudjEuUGxhY2VzLlNlYXJjaFRleHQQAhgEIAA"
cmpd0fcsa026iq1sezscpwzza,Atlasterapia pilates,,695 64 85 04,Atlasterapia pilates,,España,google-maps,atleevoyoga,NUEVO,MEDIA,,,2026-05-19T19:12:25.211Z,2026-05-19T19:12:25.211Z,http://www.atlasterapia.es/,"Rúa Escultor Gregorio Fernández, 14, bajo A, Santiago de Vigo, 36204 Vigo, Pontevedra",Vigo,4.9,39,https://maps.google.com/?cid=14461030627721779579&g_mp=Cidnb29nbGUubWFwcy5wbGFjZXMudjEuUGxhY2VzLlNlYXJjaFRleHQQAhgEIAA,gym,OPERATIONAL,"Importado desde Google Maps
Tipo: Gimnasio
Dirección: Rúa Escultor Gregorio Fernández, 14, bajo A, Santiago de Vigo, 36204 Vigo, Pontevedra
Google: 4.9⭐ (39 reseñas)
Web: http://www.atlasterapia.es/
Maps: https://maps.google.com/?cid=14461030627721779579&g_mp=Cidnb29nbGUubWFwcy5wbGFjZXMudjEuUGxhY2VzLlNlYXJjaFRleHQQAhgEIAA"
cmpd0fd19026jq1se14tsqaw2,Centro de Pilates Juan Barberá,,606 84 12 06,Centro de Pilates Juan Barberá,,España,google-maps,atleevoyoga,NUEVO,MEDIA,,,2026-05-19T19:12:25.533Z,2026-05-19T19:12:25.533Z,https://juanmanuelbarbera.blogspot.com/p/conoce-infinitamentefitness-y-gimnasia.html,"Rúa Pega, 4, Lavadores, 36205 Vigo, Pontevedra",Vigo,4.9,88,https://maps.google.com/?cid=11885906908083925142&g_mp=Cidnb29nbGUubWFwcy5wbGFjZXMudjEuUGxhY2VzLlNlYXJjaFRleHQQAhgEIAA,gym,OPERATIONAL,"Importado desde Google Maps
Tipo: Gimnasio
Dirección: Rúa Pega, 4, Lavadores, 36205 Vigo, Pontevedra
Google: 4.9⭐ (88 reseñas)
Web: https://juanmanuelbarbera.blogspot.com/p/conoce-infinitamentefitness-y-gimnasia.html
Maps: https://maps.google.com/?cid=11885906908083925142&g_mp=Cidnb29nbGUubWFwcy5wbGFjZXMudjEuUGxhY2VzLlNlYXJjaFRleHQQAhgEIAA"
cmpd0fda8026kq1seecp54z05,Salamón. Estudio del Cuerpo,,689 11 27 42,Salamón. Estudio del Cuerpo,,España,google-maps,atleevoyoga,NUEVO,MEDIA,,,2026-05-19T19:12:25.857Z,2026-05-19T19:12:25.857Z,http://www.salamonvigo.com/,"Avenida da Hispanidade, Freixeiro, 36203 Vigo, Pontevedra",Vigo,5,21,https://maps.google.com/?cid=16386601742432201426&g_mp=Cidnb29nbGUubWFwcy5wbGFjZXMudjEuUGxhY2VzLlNlYXJjaFRleHQQAhgEIAA,health,OPERATIONAL,"Importado desde Google Maps
Tipo: Salud y bienestar
Dirección: Avenida da Hispanidade, Freixeiro, 36203 Vigo, Pontevedra
Google: 5⭐ (21 reseñas)
Web: http://www.salamonvigo.com/
Maps: https://maps.google.com/?cid=16386601742432201426&g_mp=Cidnb29nbGUubWFwcy5wbGFjZXMudjEuUGxhY2VzLlNlYXJjaFRleHQQAhgEIAA"
cmpd0fdj3026lq1sev8w9x0xs,Haus Barre,,614 04 70 67,Haus Barre,,España,google-maps,atleevoyoga,NUEVO,MEDIA,,,2026-05-19T19:12:26.176Z,2026-05-19T19:12:26.176Z,https://hausbarre.com/,"Rúa do Marqués de Valladares, 37, 36201 Vigo, Pontevedra",Vigo,5,37,https://maps.google.com/?cid=15705257606094423604&g_mp=Cidnb29nbGUubWFwcy5wbGFjZXMudjEuUGxhY2VzLlNlYXJjaFRleHQQAhgEIAA,gym,OPERATIONAL,"Importado desde Google Maps
Tipo: Gimnasio
Dirección: Rúa do Marqués de Valladares, 37, 36201 Vigo, Pontevedra
Google: 5⭐ (37 reseñas)
Web: https://hausbarre.com/
Maps: https://maps.google.com/?cid=15705257606094423604&g_mp=Cidnb29nbGUubWFwcy5wbGFjZXMudjEuUGxhY2VzLlNlYXJjaFRleHQQAhgEIAA"
cmpd0fdsa026mq1segkp15kv9,Centro Shalom,,986 12 60 80,Centro Shalom,,España,google-maps,atleevoyoga,NUEVO,MEDIA,,,2026-05-19T19:12:26.506Z,2026-05-19T19:12:26.506Z,https://www.centro-shalom.com/,"Rúa Zamora, 84, Freijeiro, 36203 Vigo, Pontevedra",Vigo,4.9,363,https://maps.google.com/?cid=12908326063535681434&g_mp=Cidnb29nbGUubWFwcy5wbGFjZXMudjEuUGxhY2VzLlNlYXJjaFRleHQQAhgEIAA,health,OPERATIONAL,"Importado desde Google Maps
Tipo: Salud y bienestar
Dirección: Rúa Zamora, 84, Freijeiro, 36203 Vigo, Pontevedra
Google: 4.9⭐ (363 reseñas)
Web: https://www.centro-shalom.com/
Maps: https://maps.google.com/?cid=12908326063535681434&g_mp=Cidnb29nbGUubWFwcy5wbGFjZXMudjEuUGxhY2VzLlNlYXJjaFRleHQQAhgEIAA"
cmpd0fe1h026nq1sejw2wzyp6,"Centro de bienestar CALMA - yoga, yoga facial y bienestar en Vigo",,644 55 35 40,"Centro de bienestar CALMA - yoga, yoga facial y bienestar en Vigo",,España,google-maps,atleevoyoga,NUEVO,MEDIA,,,2026-05-19T19:12:26.837Z,2026-05-19T19:12:26.837Z,https://www.rebecaalonso.es/calma,"Rúa das Teixugueiras, 32, portal 4, 36212 Vigo, Pontevedra",Vigo,,,https://maps.google.com/?cid=7358422129611126833&g_mp=Cidnb29nbGUubWFwcy5wbGFjZXMudjEuUGxhY2VzLlNlYXJjaFRleHQQAhgEIAA,yoga_studio,OPERATIONAL,"Importado desde Google Maps
Tipo: Centro de yoga
Dirección: Rúa das Teixugueiras, 32, portal 4, 36212 Vigo, Pontevedra
Web: https://www.rebecaalonso.es/calma
Maps: https://maps.google.com/?cid=7358422129611126833&g_mp=Cidnb29nbGUubWFwcy5wbGFjZXMudjEuUGxhY2VzLlNlYXJjaFRleHQQAhgEIAA"
cmpd0feam026oq1seatx9prqo,Andara Bienestar,,650 74 02 32,Andara Bienestar,,España,google-maps,atleevoyoga,NUEVO,MEDIA,,,2026-05-19T19:12:27.166Z,2026-05-19T19:12:27.166Z,https://andarabienestar.es/,"Rúa Travesía de Vigo, 128, Lavadores, 36206 Vigo, Pontevedra",Vigo,5,8,https://maps.google.com/?cid=1983223900001256766&g_mp=Cidnb29nbGUubWFwcy5wbGFjZXMudjEuUGxhY2VzLlNlYXJjaFRleHQQAhgEIAA,massage,OPERATIONAL,"Importado desde Google Maps
Tipo: Servicio de masajes
Dirección: Rúa Travesía de Vigo, 128, Lavadores, 36206 Vigo, Pontevedra
Google: 5⭐ (8 reseñas)
Web: https://andarabienestar.es/
Maps: https://maps.google.com/?cid=1983223900001256766&g_mp=Cidnb29nbGUubWFwcy5wbGFjZXMudjEuUGxhY2VzLlNlYXJjaFRleHQQAhgEIAA"
cmpd0fejt026pq1sekgr635ju,Women Flowing,,630 59 24 73,Women Flowing,,España,google-maps,atleevoyoga,NUEVO,MEDIA,,,2026-05-19T19:12:27.497Z,2026-05-19T19:12:27.497Z,,"Rúa de Sanjurjo Badía, 11, Teis, 36207 Vigo, Pontevedra",Vigo,5,4,https://maps.google.com/?cid=12999090282253336394&g_mp=Cidnb29nbGUubWFwcy5wbGFjZXMudjEuUGxhY2VzLlNlYXJjaFRleHQQAhgEIAA,wellness_center,OPERATIONAL,"Importado desde Google Maps
Tipo: Centro de salud y bienestar
Dirección: Rúa de Sanjurjo Badía, 11, Teis, 36207 Vigo, Pontevedra
Google: 5⭐ (4 reseñas)
Maps: https://maps.google.com/?cid=12999090282253336394&g_mp=Cidnb29nbGUubWFwcy5wbGFjZXMudjEuUGxhY2VzLlNlYXJjaFRleHQQAhgEIAA"
cmpd0fet3026qq1se963uo27n,Shanti bienestar,,645 64 73 15,Shanti bienestar,,España,google-maps,atleevoyoga,NUEVO,MEDIA,,,2026-05-19T19:12:27.832Z,2026-05-19T19:12:27.832Z,https://bienestarshanti.com/,"Rúa Cronista Rodríguez Elías, 2, of. 2, Coia, 36209 Vigo, Pontevedra",Vigo,5,1,https://maps.google.com/?cid=10764822667782513093&g_mp=Cidnb29nbGUubWFwcy5wbGFjZXMudjEuUGxhY2VzLlNlYXJjaFRleHQQAhgEIAA,gym,OPERATIONAL,"Importado desde Google Maps
Tipo: Gimnasio
Dirección: Rúa Cronista Rodríguez Elías, 2, of. 2, Coia, 36209 Vigo, Pontevedra
Google: 5⭐ (1 reseñas)
Web: https://bienestarshanti.com/
Maps: https://maps.google.com/?cid=10764822667782513093&g_mp=Cidnb29nbGUubWFwcy5wbGFjZXMudjEuUGxhY2VzLlNlYXJjaFRleHQQAhgEIAA"
cmpd0ff2a026rq1sec7nzvit7,Mumary Infinite Wellness Center,,,Mumary Infinite Wellness Center,,España,google-maps,atleevoyoga,NUEVO,MEDIA,,,2026-05-19T19:12:28.163Z,2026-05-19T19:12:28.163Z,http://www.mumary.es/,"Rúa Montero Ríos, 30, 36201 Vigo, Pontevedra",Vigo,4,8,https://maps.google.com/?cid=15170379477992538205&g_mp=Cidnb29nbGUubWFwcy5wbGFjZXMudjEuUGxhY2VzLlNlYXJjaFRleHQQAhgEIAA,wellness_center,OPERATIONAL,"Importado desde Google Maps
Tipo: Centro de salud y bienestar
Dirección: Rúa Montero Ríos, 30, 36201 Vigo, Pontevedra
Google: 4⭐ (8 reseñas)
Web: http://www.mumary.es/
Maps: https://maps.google.com/?cid=15170379477992538205&g_mp=Cidnb29nbGUubWFwcy5wbGFjZXMudjEuUGxhY2VzLlNlYXJjaFRleHQQAhgEIAA"
cmpd0ffbe026sq1se38pod6y9,Cumes - Estudio de pilates,,613 06 50 25,Cumes - Estudio de pilates,,España,google-maps,atleevoyoga,NUEVO,MEDIA,,,2026-05-19T19:12:28.491Z,2026-05-19T19:12:28.491Z,,"Rúa Vázquez Varela, 5, Santiago de Vigo, 36204 Vigo, Pontevedra",Vigo,5,7,https://maps.google.com/?cid=14291327043053387257&g_mp=Cidnb29nbGUubWFwcy5wbGFjZXMudjEuUGxhY2VzLlNlYXJjaFRleHQQAhgEIAA,gym,OPERATIONAL,"Importado desde Google Maps
Tipo: Gimnasio
Dirección: Rúa Vázquez Varela, 5, Santiago de Vigo, 36204 Vigo, Pontevedra
Google: 5⭐ (7 reseñas)
Maps: https://maps.google.com/?cid=14291327043053387257&g_mp=Cidnb29nbGUubWFwcy5wbGFjZXMudjEuUGxhY2VzLlNlYXJjaFRleHQQAhgEIAA"
cmpd0ffle026tq1sexv3hlzlc,Armonia y Equilibrio,,640 67 32 51,Armonia y Equilibrio,,España,google-maps,atleevoyoga,NUEVO,MEDIA,,,2026-05-19T19:12:28.851Z,2026-05-19T19:12:28.851Z,http://www.armonia-equilibrio.com/,"Plaza de la Puerta del Sol, 11, Bis Prta 3, 36202 Vigo, Pontevedra",Vigo,,,https://maps.google.com/?cid=5194495863783598160&g_mp=Cidnb29nbGUubWFwcy5wbGFjZXMudjEuUGxhY2VzLlNlYXJjaFRleHQQAhgEIAA,yoga_studio,OPERATIONAL,"Importado desde Google Maps
Tipo: Centro de yoga
Dirección: Plaza de la Puerta del Sol, 11, Bis Prta 3, 36202 Vigo, Pontevedra
Web: http://www.armonia-equilibrio.com/
Maps: https://maps.google.com/?cid=5194495863783598160&g_mp=Cidnb29nbGUubWFwcy5wbGFjZXMudjEuUGxhY2VzLlNlYXJjaFRleHQQAhgEIAA"
cmpd0fjfb026uq1seotjqxkvn,Centro De Yoga Kundalini Narayan,,625 19 15 95,Centro De Yoga Kundalini Narayan,,España,google-maps,atleevoyoga,NUEVO,MEDIA,,,2026-05-19T19:12:33.815Z,2026-05-19T19:12:33.815Z,,"C. Calvar, 60, 36957 Moaña, Pontevedra",Vigo,4.8,4,https://maps.google.com/?cid=4748122104475990032&g_mp=Cidnb29nbGUubWFwcy5wbGFjZXMudjEuUGxhY2VzLlNlYXJjaFRleHQQAhgEIAA,yoga_studio,OPERATIONAL,"Importado desde Google Maps
Tipo: Centro de yoga
Dirección: C. Calvar, 60, 36957 Moaña, Pontevedra
Google: 4.8⭐ (4 reseñas)
Maps: https://maps.google.com/?cid=4748122104475990032&g_mp=Cidnb29nbGUubWFwcy5wbGFjZXMudjEuUGxhY2VzLlNlYXJjaFRleHQQAhgEIAA"
cmpd0flma026vq1sevbx9aymh,Une Yoga Studio,,609 87 26 15,Une Yoga Studio,,España,google-maps,atleevoyoga,NUEVO,MEDIA,,,2026-05-19T19:12:36.658Z,2026-05-19T19:12:36.658Z,https://uneyogastudio.com/,"C. Jacobo Olañeta, 5, Centro, 33202 Gijón, Asturias",Gijón,5,86,https://maps.google.com/?cid=11781056695118551909&g_mp=Cidnb29nbGUubWFwcy5wbGFjZXMudjEuUGxhY2VzLlNlYXJjaFRleHQQAhgEIAA,yoga_studio,OPERATIONAL,"Importado desde Google Maps
Tipo: Centro de yoga
Dirección: C. Jacobo Olañeta, 5, Centro, 33202 Gijón, Asturias
Google: 5⭐ (86 reseñas)
Web: https://uneyogastudio.com/
Maps: https://maps.google.com/?cid=11781056695118551909&g_mp=Cidnb29nbGUubWFwcy5wbGFjZXMudjEuUGxhY2VzLlNlYXJjaFRleHQQAhgEIAA"
cmpd0flv5026wq1setyqcd5z7,Yoga Integral Gijón,,985 43 72 79,Yoga Integral Gijón,,España,google-maps,atleevoyoga,NUEVO,MEDIA,,,2026-05-19T19:12:36.977Z,2026-05-19T19:12:36.977Z,http://www.yogagijon.com/,"C. Llaranes, 5, Centro, 33207 Gijón, Asturias",Gijón,4.9,62,https://maps.google.com/?cid=12681522116543495686&g_mp=Cidnb29nbGUubWFwcy5wbGFjZXMudjEuUGxhY2VzLlNlYXJjaFRleHQQAhgEIAA,yoga_studio,OPERATIONAL,"Importado desde Google Maps
Tipo: Centro de yoga
Dirección: C. Llaranes, 5, Centro, 33207 Gijón, Asturias
Google: 4.9⭐ (62 reseñas)
Web: http://www.yogagijon.com/
Maps: https://maps.google.com/?cid=12681522116543495686&g_mp=Cidnb29nbGUubWFwcy5wbGFjZXMudjEuUGxhY2VzLlNlYXJjaFRleHQQAhgEIAA"
cmpd0fm41026xq1semyzjawln,Dharana Yoga Centro,,645 84 56 52,Dharana Yoga Centro,,España,google-maps,atleevoyoga,NUEVO,MEDIA,,,2026-05-19T19:12:37.297Z,2026-05-19T19:12:37.297Z,http://www.dharanayogagijon.com/,"Calle Dindurra, 26, Bajo, Centro, 33202 Gijón, Asturias",Gijón,5,54,https://maps.google.com/?cid=4101060137463679329&g_mp=Cidnb29nbGUubWFwcy5wbGFjZXMudjEuUGxhY2VzLlNlYXJjaFRleHQQAhgEIAA,yoga_studio,OPERATIONAL,"Importado desde Google Maps
Tipo: Centro de yoga
Dirección: Calle Dindurra, 26, Bajo, Centro, 33202 Gijón, Asturias
Google: 5⭐ (54 reseñas)
Web: http://www.dharanayogagijon.com/
Maps: https://maps.google.com/?cid=4101060137463679329&g_mp=Cidnb29nbGUubWFwcy5wbGFjZXMudjEuUGxhY2VzLlNlYXJjaFRleHQQAhgEIAA"
cmpd0fmd6026yq1serx01lxm3,Loving Yoga,,644 57 17 67,Loving Yoga,,España,google-maps,atleevoyoga,NUEVO,MEDIA,,,2026-05-19T19:12:37.626Z,2026-05-19T19:12:37.626Z,https://lovingyoga.es/,"Av. Schulz, 108, bajo, Centro, 33208 Gijón, Asturias",Gijón,5,54,https://maps.google.com/?cid=13565269422591996865&g_mp=Cidnb29nbGUubWFwcy5wbGFjZXMudjEuUGxhY2VzLlNlYXJjaFRleHQQAhgEIAA,yoga_studio,OPERATIONAL,"Importado desde Google Maps
Tipo: Centro de yoga
Dirección: Av. Schulz, 108, bajo, Centro, 33208 Gijón, Asturias
Google: 5⭐ (54 reseñas)
Web: https://lovingyoga.es/
Maps: https://maps.google.com/?cid=13565269422591996865&g_mp=Cidnb29nbGUubWFwcy5wbGFjZXMudjEuUGxhY2VzLlNlYXJjaFRleHQQAhgEIAA"
cmpd0fmm6026zq1seddfh6gcg,Del Norte Estudios Gijon,,,Del Norte Estudios Gijon,,España,google-maps,atleevoyoga,NUEVO,MEDIA,,,2026-05-19T19:12:37.951Z,2026-05-19T19:12:37.951Z,http://www.delnorteestudios.com/,"C. Ezcurdia, 27, Gijon-Este, 33202 Gijón, Asturias",Gijón,5,128,https://maps.google.com/?cid=12876498187104940226&g_mp=Cidnb29nbGUubWFwcy5wbGFjZXMudjEuUGxhY2VzLlNlYXJjaFRleHQQAhgEIAA,yoga_studio,OPERATIONAL,"Importado desde Google Maps
Tipo: Centro de yoga
Dirección: C. Ezcurdia, 27, Gijon-Este, 33202 Gijón, Asturias
Google: 5⭐ (128 reseñas)
Web: http://www.delnorteestudios.com/
Maps: https://maps.google.com/?cid=12876498187104940226&g_mp=Cidnb29nbGUubWFwcy5wbGFjZXMudjEuUGxhY2VzLlNlYXJjaFRleHQQAhgEIAA"
cmpd0fmvj0270q1seejswjh02,Yoga Gijón - Shiva Center,,610 42 42 64,Yoga Gijón - Shiva Center,,España,google-maps,atleevoyoga,NUEVO,MEDIA,,,2026-05-19T19:12:38.288Z,2026-05-19T19:12:38.288Z,http://shivayoga.es/,"Travesia Laureles 2, 69, Periurbano - Rural, 33203 Gijón, Asturias",Gijón,5,38,https://maps.google.com/?cid=11335474001518967981&g_mp=Cidnb29nbGUubWFwcy5wbGFjZXMudjEuUGxhY2VzLlNlYXJjaFRleHQQAhgEIAA,yoga_studio,OPERATIONAL,"Importado desde Google Maps
Tipo: Centro de yoga
Dirección: Travesia Laureles 2, 69, Periurbano - Rural, 33203 Gijón, Asturias
Google: 5⭐ (38 reseñas)
Web: http://shivayoga.es/
Maps: https://maps.google.com/?cid=11335474001518967981&g_mp=Cidnb29nbGUubWFwcy5wbGFjZXMudjEuUGxhY2VzLlNlYXJjaFRleHQQAhgEIAA"
cmpd0fn4w0271q1sexrnnohwv,Estudio LAM Yoga y Pilates,,657 18 86 97,Estudio LAM Yoga y Pilates,,España,google-maps,atleevoyoga,NUEVO,MEDIA,,,2026-05-19T19:12:38.624Z,2026-05-19T19:12:38.624Z,,"C. Adaro, 12, Entlo. B, Centro, 33207 Gijón, Asturias",Gijón,5,35,https://maps.google.com/?cid=90969465174567982&g_mp=Cidnb29nbGUubWFwcy5wbGFjZXMudjEuUGxhY2VzLlNlYXJjaFRleHQQAhgEIAA,yoga_studio,OPERATIONAL,"Importado desde Google Maps
Tipo: Centro de yoga
Dirección: C. Adaro, 12, Entlo. B, Centro, 33207 Gijón, Asturias
Google: 5⭐ (35 reseñas)
Maps: https://maps.google.com/?cid=90969465174567982&g_mp=Cidnb29nbGUubWFwcy5wbGFjZXMudjEuUGxhY2VzLlNlYXJjaFRleHQQAhgEIAA"
cmpd0fndz0272q1se0lr4p0le,Mysore Shala Yoga - Estefanía Bravo,,605 35 34 81,Mysore Shala Yoga - Estefanía Bravo,,España,google-maps,atleevoyoga,NUEVO,MEDIA,,,2026-05-19T19:12:38.952Z,2026-05-19T19:12:38.952Z,https://mysoreshalayoga.com/,"C. Periodista Adeflor, 3, Entresuelo G, Centro, 33206 Gijón, Asturias",Gijón,5,34,https://maps.google.com/?cid=10537603009101285377&g_mp=Cidnb29nbGUubWFwcy5wbGFjZXMudjEuUGxhY2VzLlNlYXJjaFRleHQQAhgEIAA,yoga_studio,OPERATIONAL,"Importado desde Google Maps
Tipo: Centro de yoga
Dirección: C. Periodista Adeflor, 3, Entresuelo G, Centro, 33206 Gijón, Asturias
Google: 5⭐ (34 reseñas)
Web: https://mysoreshalayoga.com/
Maps: https://maps.google.com/?cid=10537603009101285377&g_mp=Cidnb29nbGUubWFwcy5wbGFjZXMudjEuUGxhY2VzLlNlYXJjaFRleHQQAhgEIAA"
cmpd0fnn80273q1sev83exbq2,Anandi Mandira Yoga,,609 47 05 15,Anandi Mandira Yoga,,España,google-maps,atleevoyoga,NUEVO,MEDIA,,,2026-05-19T19:12:39.285Z,2026-05-19T19:12:39.285Z,,"Calle Donato Argüelles, n°8, piso1°, puerta 13, Centro, 33206 Gijón, Asturias",Gijón,4.9,83,https://maps.google.com/?cid=17524823517392719879&g_mp=Cidnb29nbGUubWFwcy5wbGFjZXMudjEuUGxhY2VzLlNlYXJjaFRleHQQAhgEIAA,yoga_studio,OPERATIONAL,"Importado desde Google Maps
Tipo: Centro de yoga
Dirección: Calle Donato Argüelles, n°8, piso1°, puerta 13, Centro, 33206 Gijón, Asturias
Google: 4.9⭐ (83 reseñas)
Maps: https://maps.google.com/?cid=17524823517392719879&g_mp=Cidnb29nbGUubWFwcy5wbGFjZXMudjEuUGxhY2VzLlNlYXJjaFRleHQQAhgEIAA"
cmpd0fnx10274q1se953idqh9,La Shala Yoga,,637 30 76 67,La Shala Yoga,,España,google-maps,atleevoyoga,NUEVO,MEDIA,,,2026-05-19T19:12:39.637Z,2026-05-19T19:12:39.637Z,https://www.lashalayoga.com/,"C. Alarcón, 32, bajo derecha, Gijon-Este, 33204 Gijón, Asturias",Gijón,5,19,https://maps.google.com/?cid=6900895756322629799&g_mp=Cidnb29nbGUubWFwcy5wbGFjZXMudjEuUGxhY2VzLlNlYXJjaFRleHQQAhgEIAA,yoga_studio,OPERATIONAL,"Importado desde Google Maps
Tipo: Centro de yoga
Dirección: C. Alarcón, 32, bajo derecha, Gijon-Este, 33204 Gijón, Asturias
Google: 5⭐ (19 reseñas)
Web: https://www.lashalayoga.com/
Maps: https://maps.google.com/?cid=6900895756322629799&g_mp=Cidnb29nbGUubWFwcy5wbGFjZXMudjEuUGxhY2VzLlNlYXJjaFRleHQQAhgEIAA"
cmpd0fo650275q1se2n4rl9v5,Natural Yoga,,622 53 32 52,Natural Yoga,,España,google-maps,atleevoyoga,NUEVO,MEDIA,,,2026-05-19T19:12:39.965Z,2026-05-19T19:12:39.965Z,http://www.estudionaturalyoga.com/,"Av. de la República Argentina, 44 Bis, Gijon-Oeste, 33213 Gijón, Asturias",Gijón,5,29,https://maps.google.com/?cid=10799390736509052648&g_mp=Cidnb29nbGUubWFwcy5wbGFjZXMudjEuUGxhY2VzLlNlYXJjaFRleHQQAhgEIAA,yoga_studio,OPERATIONAL,"Importado desde Google Maps
Tipo: Centro de yoga
Dirección: Av. de la República Argentina, 44 Bis, Gijon-Oeste, 33213 Gijón, Asturias
Google: 5⭐ (29 reseñas)
Web: http://www.estudionaturalyoga.com/
Maps: https://maps.google.com/?cid=10799390736509052648&g_mp=Cidnb29nbGUubWFwcy5wbGFjZXMudjEuUGxhY2VzLlNlYXJjaFRleHQQAhgEIAA"
cmpd0fofd0276q1sey9zm0fsx,Sharanam Yoga,,,Sharanam Yoga,,España,google-maps,atleevoyoga,NUEVO,MEDIA,,,2026-05-19T19:12:40.297Z,2026-05-19T19:12:40.297Z,https://www.sharanameducayoga.com/,"C. Periodista Adeflor, 3, Centro, Centro, 33205 Gijón, Asturias",Gijón,5,17,https://maps.google.com/?cid=12668402022785653887&g_mp=Cidnb29nbGUubWFwcy5wbGFjZXMudjEuUGxhY2VzLlNlYXJjaFRleHQQAhgEIAA,yoga_studio,OPERATIONAL,"Importado desde Google Maps
Tipo: Centro de yoga
Dirección: C. Periodista Adeflor, 3, Centro, Centro, 33205 Gijón, Asturias
Google: 5⭐ (17 reseñas)
Web: https://www.sharanameducayoga.com/
Maps: https://maps.google.com/?cid=12668402022785653887&g_mp=Cidnb29nbGUubWFwcy5wbGFjZXMudjEuUGxhY2VzLlNlYXJjaFRleHQQAhgEIAA"
cmpd0foon0277q1sesr7bnwlt,"Alimentación Eco, Herbolario, Yoga y Pilates",,662 36 51 75,"Alimentación Eco, Herbolario, Yoga y Pilates",,España,google-maps,atleevoyoga,NUEVO,MEDIA,,,2026-05-19T19:12:40.632Z,2026-05-19T19:12:40.632Z,http://www.espaciosano.es/,"Av. Pablo Iglesias, 31, Centro, 33205 Gijón, Asturias",Gijón,4.8,52,https://maps.google.com/?cid=14938078185715713208&g_mp=Cidnb29nbGUubWFwcy5wbGFjZXMudjEuUGxhY2VzLlNlYXJjaFRleHQQAhgEIAA,grocery_store,OPERATIONAL,"Importado desde Google Maps
Tipo: Tienda de alimentación
Dirección: Av. Pablo Iglesias, 31, Centro, 33205 Gijón, Asturias
Google: 4.8⭐ (52 reseñas)
Web: http://www.espaciosano.es/
Maps: https://maps.google.com/?cid=14938078185715713208&g_mp=Cidnb29nbGUubWFwcy5wbGFjZXMudjEuUGxhY2VzLlNlYXJjaFRleHQQAhgEIAA"
cmpd0foxy0278q1se2teidf5a,VINYASA Yoga,,659 05 36 35,VINYASA Yoga,,España,google-maps,atleevoyoga,NUEVO,MEDIA,,,2026-05-19T19:12:40.967Z,2026-05-19T19:12:40.967Z,,"C. Marqués de San Esteban, 37, Centro, 33206 Gijón, Asturias",Gijón,5,13,https://maps.google.com/?cid=13223905886820185378&g_mp=Cidnb29nbGUubWFwcy5wbGFjZXMudjEuUGxhY2VzLlNlYXJjaFRleHQQAhgEIAA,yoga_studio,OPERATIONAL,"Importado desde Google Maps
Tipo: Centro de yoga
Dirección: C. Marqués de San Esteban, 37, Centro, 33206 Gijón, Asturias
Google: 5⭐ (13 reseñas)
Maps: https://maps.google.com/?cid=13223905886820185378&g_mp=Cidnb29nbGUubWFwcy5wbGFjZXMudjEuUGxhY2VzLlNlYXJjaFRleHQQAhgEIAA"
cmpd0fp780279q1se6tk5scu0,Mariana Simón Quiromasaje & Yoga,,650 52 20 88,Mariana Simón Quiromasaje & Yoga,,España,google-maps,atleevoyoga,NUEVO,MEDIA,,,2026-05-19T19:12:41.300Z,2026-05-19T19:12:41.300Z,http://www.marianasimonquiromasajista.es/,"Calle Campo Sagrado, 49, bajo, Gijon-Este, 33205 Gijón, Asturias",Gijón,5,125,https://maps.google.com/?cid=16234117802199146711&g_mp=Cidnb29nbGUubWFwcy5wbGFjZXMudjEuUGxhY2VzLlNlYXJjaFRleHQQAhgEIAA,yoga_studio,OPERATIONAL,"Importado desde Google Maps
Tipo: Centro de yoga
Dirección: Calle Campo Sagrado, 49, bajo, Gijon-Este, 33205 Gijón, Asturias
Google: 5⭐ (125 reseñas)
Web: http://www.marianasimonquiromasajista.es/
Maps: https://maps.google.com/?cid=16234117802199146711&g_mp=Cidnb29nbGUubWFwcy5wbGFjZXMudjEuUGxhY2VzLlNlYXJjaFRleHQQAhgEIAA"
cmpd0fpgc027aq1setw3xiqh1,Tessa Robino Yoga-Pilates,,684 68 60 65,Tessa Robino Yoga-Pilates,,España,google-maps,atleevoyoga,NUEVO,MEDIA,,,2026-05-19T19:12:41.628Z,2026-05-19T19:12:41.628Z,https://www.instagram.com/tessa.robino/,"C. Torre Bermeja, 14, Gijon-Sur, 33211 Gijón, Asturias",Gijón,5,19,https://maps.google.com/?cid=9124380325779925&g_mp=Cidnb29nbGUubWFwcy5wbGFjZXMudjEuUGxhY2VzLlNlYXJjaFRleHQQAhgEIAA,wellness_center,OPERATIONAL,"Importado desde Google Maps
Tipo: Centro de salud y bienestar
Dirección: C. Torre Bermeja, 14, Gijon-Sur, 33211 Gijón, Asturias
Google: 5⭐ (19 reseñas)
Web: https://www.instagram.com/tessa.robino/
Maps: https://maps.google.com/?cid=9124380325779925&g_mp=Cidnb29nbGUubWFwcy5wbGFjZXMudjEuUGxhY2VzLlNlYXJjaFRleHQQAhgEIAA"
cmpd0fppd027bq1sejnqgo39u,Hanuman Yoga Estudio,,657 45 17 85,Hanuman Yoga Estudio,,España,google-maps,atleevoyoga,NUEVO,MEDIA,,,2026-05-19T19:12:41.954Z,2026-05-19T19:12:41.954Z,,"Av. de José Manuel Palacio Álvarez, 1, 1º, Gijon-Oeste, 33212 Gijón, Asturias",Gijón,5,13,https://maps.google.com/?cid=12352922565960634563&g_mp=Cidnb29nbGUubWFwcy5wbGFjZXMudjEuUGxhY2VzLlNlYXJjaFRleHQQAhgEIAA,yoga_studio,OPERATIONAL,"Importado desde Google Maps
Tipo: Centro de yoga
Dirección: Av. de José Manuel Palacio Álvarez, 1, 1º, Gijon-Oeste, 33212 Gijón, Asturias
Google: 5⭐ (13 reseñas)
Maps: https://maps.google.com/?cid=12352922565960634563&g_mp=Cidnb29nbGUubWFwcy5wbGFjZXMudjEuUGxhY2VzLlNlYXJjaFRleHQQAhgEIAA"
cmpd0fpyj027cq1seqmsj83a4,TarabikaMoov Salud & Pilates,,623 41 16 70,TarabikaMoov Salud & Pilates,,España,google-maps,atleevoyoga,NUEVO,MEDIA,,,2026-05-19T19:12:42.284Z,2026-05-19T19:12:42.284Z,https://www.tarabikamoov.com/,"Calle Ruiz Gómez, 10, Centro, 33202 Gijón, Asturias",Gijón,5,68,https://maps.google.com/?cid=8212021854941990579&g_mp=Cidnb29nbGUubWFwcy5wbGFjZXMudjEuUGxhY2VzLlNlYXJjaFRleHQQAhgEIAA,health,OPERATIONAL,"Importado desde Google Maps
Tipo: Salud y bienestar
Dirección: Calle Ruiz Gómez, 10, Centro, 33202 Gijón, Asturias
Google: 5⭐ (68 reseñas)
Web: https://www.tarabikamoov.com/
Maps: https://maps.google.com/?cid=8212021854941990579&g_mp=Cidnb29nbGUubWFwcy5wbGFjZXMudjEuUGxhY2VzLlNlYXJjaFRleHQQAhgEIAA"
cmpd0fq7q027dq1sewlmerdb2,Claudia Suarez Yoga,,636 28 59 25,Claudia Suarez Yoga,,España,google-maps,atleevoyoga,NUEVO,MEDIA,,,2026-05-19T19:12:42.614Z,2026-05-19T19:12:42.614Z,,"Av. del Jardín Botánico, 408, 19, Periurbano - Rural, 33203 Gijón, Asturias",Gijón,5,16,https://maps.google.com/?cid=13767840640941057484&g_mp=Cidnb29nbGUubWFwcy5wbGFjZXMudjEuUGxhY2VzLlNlYXJjaFRleHQQAhgEIAA,yoga_studio,OPERATIONAL,"Importado desde Google Maps
Tipo: Centro de yoga
Dirección: Av. del Jardín Botánico, 408, 19, Periurbano - Rural, 33203 Gijón, Asturias
Google: 5⭐ (16 reseñas)
Maps: https://maps.google.com/?cid=13767840640941057484&g_mp=Cidnb29nbGUubWFwcy5wbGFjZXMudjEuUGxhY2VzLlNlYXJjaFRleHQQAhgEIAA"
cmpd0fqgx027eq1seca1arw29,"Siddharta, Yoga y pilates",,670 85 61 40,"Siddharta, Yoga y pilates",,España,google-maps,atleevoyoga,NUEVO,MEDIA,,,2026-05-19T19:12:42.945Z,2026-05-19T19:12:42.945Z,https://soloist.ai/siddhartayogagijon,"C. Corrida, 29, Escalera Izda. 1ºB, Centro, 33206 Gijón, Asturias",Gijón,5,8,https://maps.google.com/?cid=9142205513906482789&g_mp=Cidnb29nbGUubWFwcy5wbGFjZXMudjEuUGxhY2VzLlNlYXJjaFRleHQQAhgEIAA,yoga_studio,OPERATIONAL,"Importado desde Google Maps
Tipo: Centro de yoga
Dirección: C. Corrida, 29, Escalera Izda. 1ºB, Centro, 33206 Gijón, Asturias
Google: 5⭐ (8 reseñas)
Web: https://soloist.ai/siddhartayogagijon
Maps: https://maps.google.com/?cid=9142205513906482789&g_mp=Cidnb29nbGUubWFwcy5wbGFjZXMudjEuUGxhY2VzLlNlYXJjaFRleHQQAhgEIAA"
cmpd0fqq3027fq1sev5u20zg0,Qi en Movimiento,,658 55 54 84,Qi en Movimiento,,España,google-maps,atleevoyoga,NUEVO,MEDIA,,,2026-05-19T19:12:43.275Z,2026-05-19T19:12:43.275Z,https://qienmovimiento.com/,"Av. de Portugal, 31, Centro, 33207 Gijón, Asturias",Gijón,5,116,https://maps.google.com/?cid=16724899091783090629&g_mp=Cidnb29nbGUubWFwcy5wbGFjZXMudjEuUGxhY2VzLlNlYXJjaFRleHQQAhgEIAA,gym,OPERATIONAL,"Importado desde Google Maps
Tipo: Gimnasio
Dirección: Av. de Portugal, 31, Centro, 33207 Gijón, Asturias
Google: 5⭐ (116 reseñas)
Web: https://qienmovimiento.com/
Maps: https://maps.google.com/?cid=16724899091783090629&g_mp=Cidnb29nbGUubWFwcy5wbGFjZXMudjEuUGxhY2VzLlNlYXJjaFRleHQQAhgEIAA"
cmpd0fqze027gq1se62lslwpj,Ikigai Espacio Pilates,,984 70 88 90,Ikigai Espacio Pilates,,España,google-maps,atleevoyoga,NUEVO,MEDIA,,,2026-05-19T19:12:43.611Z,2026-05-19T19:12:43.611Z,http://ikigaiespaciopilates.com/,"C. Joaquín Alonso Bonet, 6, 8, Centro, 33206 Gijón, Asturias",Gijón,5,84,https://maps.google.com/?cid=14290568341795856182&g_mp=Cidnb29nbGUubWFwcy5wbGFjZXMudjEuUGxhY2VzLlNlYXJjaFRleHQQAhgEIAA,gym,OPERATIONAL,"Importado desde Google Maps
Tipo: Gimnasio
Dirección: C. Joaquín Alonso Bonet, 6, 8, Centro, 33206 Gijón, Asturias
Google: 5⭐ (84 reseñas)
Web: http://ikigaiespaciopilates.com/
Maps: https://maps.google.com/?cid=14290568341795856182&g_mp=Cidnb29nbGUubWFwcy5wbGFjZXMudjEuUGxhY2VzLlNlYXJjaFRleHQQAhgEIAA"
cmpd0fr8d027hq1se6r812ul0,Clara Sierra Yoga,,618 62 23 92,Clara Sierra Yoga,,España,google-maps,atleevoyoga,NUEVO,MEDIA,,,2026-05-19T19:12:43.933Z,2026-05-19T19:12:43.933Z,https://www.instagram.com/clara_sierra_yoga?igsh=MTNhc3YxOThsbzVuMg%3D%3D&utm_source=qr,"Playa de Pte., 33206 Gijón, Asturias",Gijón,4.9,10,https://maps.google.com/?cid=9204212095748508739&g_mp=Cidnb29nbGUubWFwcy5wbGFjZXMudjEuUGxhY2VzLlNlYXJjaFRleHQQAhgEIAA,health,OPERATIONAL,"Importado desde Google Maps
Tipo: Salud y bienestar
Dirección: Playa de Pte., 33206 Gijón, Asturias
Google: 4.9⭐ (10 reseñas)
Web: https://www.instagram.com/clara_sierra_yoga?igsh=MTNhc3YxOThsbzVuMg%3D%3D&utm_source=qr
Maps: https://maps.google.com/?cid=9204212095748508739&g_mp=Cidnb29nbGUubWFwcy5wbGFjZXMudjEuUGxhY2VzLlNlYXJjaFRleHQQAhgEIAA"
cmpd0frhw027iq1sep6hxt9lt,Eira Pilates,,624 49 27 59,Eira Pilates,,España,google-maps,atleevoyoga,NUEVO,MEDIA,,,2026-05-19T19:12:44.276Z,2026-05-19T19:12:44.276Z,http://www.eirapilates.es/,"C. Fuente del Real, 43, Bajo, Centro, 33209 Gijón, Asturias",Gijón,5,46,https://maps.google.com/?cid=9135681715285926530&g_mp=Cidnb29nbGUubWFwcy5wbGFjZXMudjEuUGxhY2VzLlNlYXJjaFRleHQQAhgEIAA,gym,OPERATIONAL,"Importado desde Google Maps
Tipo: Gimnasio
Dirección: C. Fuente del Real, 43, Bajo, Centro, 33209 Gijón, Asturias
Google: 5⭐ (46 reseñas)
Web: http://www.eirapilates.es/
Maps: https://maps.google.com/?cid=9135681715285926530&g_mp=Cidnb29nbGUubWFwcy5wbGFjZXMudjEuUGxhY2VzLlNlYXJjaFRleHQQAhgEIAA"
cmpd0frqs027jq1serpcsaoyc,SECUOYA YOGA AEREO,,639 95 63 84,SECUOYA YOGA AEREO,,España,google-maps,atleevoyoga,NUEVO,MEDIA,,,2026-05-19T19:12:44.597Z,2026-05-19T19:12:44.597Z,,"C. Piles, 3, Gijon-Este, 33203 Gijón, Asturias",Gijón,5,5,https://maps.google.com/?cid=7917453394251263480&g_mp=Cidnb29nbGUubWFwcy5wbGFjZXMudjEuUGxhY2VzLlNlYXJjaFRleHQQAhgEIAA,yoga_studio,OPERATIONAL,"Importado desde Google Maps
Tipo: Centro de yoga
Dirección: C. Piles, 3, Gijon-Este, 33203 Gijón, Asturias
Google: 5⭐ (5 reseñas)
Maps: https://maps.google.com/?cid=7917453394251263480&g_mp=Cidnb29nbGUubWFwcy5wbGFjZXMudjEuUGxhY2VzLlNlYXJjaFRleHQQAhgEIAA"
cmpd0fs08027kq1sepl6rxi1r,karunayoga_eventos - Eventos y Retiros de Yoga en Asturias,,650 74 83 25,karunayoga_eventos - Eventos y Retiros de Yoga en Asturias,,España,google-maps,atleevoyoga,NUEVO,MEDIA,,,2026-05-19T19:12:44.936Z,2026-05-19T19:12:44.936Z,https://karunayogaeventos.com/,"Gijon-Sur, 33207 Gijón, Asturias",Gijón,5,42,https://maps.google.com/?cid=9578022526942551273&g_mp=Cidnb29nbGUubWFwcy5wbGFjZXMudjEuUGxhY2VzLlNlYXJjaFRleHQQAhgEIAA,,OPERATIONAL,"Importado desde Google Maps
Dirección: Gijon-Sur, 33207 Gijón, Asturias
Google: 5⭐ (42 reseñas)
Web: https://karunayogaeventos.com/
Maps: https://maps.google.com/?cid=9578022526942551273&g_mp=Cidnb29nbGUubWFwcy5wbGFjZXMudjEuUGxhY2VzLlNlYXJjaFRleHQQAhgEIAA"
cmpd0fs9i027lq1seq71y2x7u,VidAfull,,683 32 27 08,VidAfull,,España,google-maps,atleevoyoga,NUEVO,MEDIA,,,2026-05-19T19:12:45.270Z,2026-05-19T19:12:45.270Z,https://www.vidafull.es/,"C. Mieres, 3, Centro, Centro, 33208 Gijón, Asturias",Gijón,5,15,https://maps.google.com/?cid=10835919555384098139&g_mp=Cidnb29nbGUubWFwcy5wbGFjZXMudjEuUGxhY2VzLlNlYXJjaFRleHQQAhgEIAA,wellness_center,OPERATIONAL,"Importado desde Google Maps
Tipo: Centro de salud y bienestar
Dirección: C. Mieres, 3, Centro, Centro, 33208 Gijón, Asturias
Google: 5⭐ (15 reseñas)
Web: https://www.vidafull.es/
Maps: https://maps.google.com/?cid=10835919555384098139&g_mp=Cidnb29nbGUubWFwcy5wbGFjZXMudjEuUGxhY2VzLlNlYXJjaFRleHQQAhgEIAA"
cmpd0fsmp027mq1se7cdrz2nu,David rocket yoga,,658 54 76 45,David rocket yoga,,España,google-maps,atleevoyoga,NUEVO,MEDIA,,,2026-05-19T19:12:45.745Z,2026-05-19T19:12:45.745Z,https://davidrocketyoga.com/,"C. Alonso de Quintanilla, 22, Gijon-Oeste, 33213 Gijón, Asturias",Gijón,,,https://maps.google.com/?cid=14113186186486294836&g_mp=Cidnb29nbGUubWFwcy5wbGFjZXMudjEuUGxhY2VzLlNlYXJjaFRleHQQAhgEIAA,yoga_studio,OPERATIONAL,"Importado desde Google Maps
Tipo: Centro de yoga
Dirección: C. Alonso de Quintanilla, 22, Gijon-Oeste, 33213 Gijón, Asturias
Web: https://davidrocketyoga.com/
Maps: https://maps.google.com/?cid=14113186186486294836&g_mp=Cidnb29nbGUubWFwcy5wbGFjZXMudjEuUGxhY2VzLlNlYXJjaFRleHQQAhgEIAA"
cmpd0fsw7027nq1seq25uk01a,Global Pilates,,984 49 16 15,Global Pilates,,España,google-maps,atleevoyoga,NUEVO,MEDIA,,,2026-05-19T19:12:46.087Z,2026-05-19T19:12:46.087Z,http://www.globalpilatesgijon.es/,"C. Capua, 13, Centro, 33202 Gijón, Asturias",Gijón,5,63,https://maps.google.com/?cid=3157509140290104159&g_mp=Cidnb29nbGUubWFwcy5wbGFjZXMudjEuUGxhY2VzLlNlYXJjaFRleHQQAhgEIAA,gym,OPERATIONAL,"Importado desde Google Maps
Tipo: Gimnasio
Dirección: C. Capua, 13, Centro, 33202 Gijón, Asturias
Google: 5⭐ (63 reseñas)
Web: http://www.globalpilatesgijon.es/
Maps: https://maps.google.com/?cid=3157509140290104159&g_mp=Cidnb29nbGUubWFwcy5wbGFjZXMudjEuUGxhY2VzLlNlYXJjaFRleHQQAhgEIAA"
cmpd0ft5m027oq1seh3kdygod,Estudio 62 pilates,,619 32 06 68,Estudio 62 pilates,,España,google-maps,atleevoyoga,NUEVO,MEDIA,,,2026-05-19T19:12:46.427Z,2026-05-19T19:12:46.427Z,http://www.pilatesengijon.es/,"C. Ezcurdia, 62, Gijon-Este, 33202 Gijón, Asturias",Gijón,4.8,39,https://maps.google.com/?cid=1936190642180365947&g_mp=Cidnb29nbGUubWFwcy5wbGFjZXMudjEuUGxhY2VzLlNlYXJjaFRleHQQAhgEIAA,gym,OPERATIONAL,"Importado desde Google Maps
Tipo: Gimnasio
Dirección: C. Ezcurdia, 62, Gijon-Este, 33202 Gijón, Asturias
Google: 4.8⭐ (39 reseñas)
Web: http://www.pilatesengijon.es/
Maps: https://maps.google.com/?cid=1936190642180365947&g_mp=Cidnb29nbGUubWFwcy5wbGFjZXMudjEuUGxhY2VzLlNlYXJjaFRleHQQAhgEIAA"
cmpd0ftex027pq1segphhyals,Hygea Go,,627 76 69 57,Hygea Go,,España,google-maps,atleevoyoga,NUEVO,MEDIA,,,2026-05-19T19:12:46.761Z,2026-05-19T19:12:46.761Z,https://www.facebook.com/hygeago,"C/ Palacio Valdés, 9, Entresuelo Centro, Centro, 33207 Gijón, Asturias",Gijón,5,67,https://maps.google.com/?cid=5039612601597403135&g_mp=Cidnb29nbGUubWFwcy5wbGFjZXMudjEuUGxhY2VzLlNlYXJjaFRleHQQAhgEIAA,gym,OPERATIONAL,"Importado desde Google Maps
Tipo: Gimnasio
Dirección: C/ Palacio Valdés, 9, Entresuelo Centro, Centro, 33207 Gijón, Asturias
Google: 5⭐ (67 reseñas)
Web: https://www.facebook.com/hygeago
Maps: https://maps.google.com/?cid=5039612601597403135&g_mp=Cidnb29nbGUubWFwcy5wbGFjZXMudjEuUGxhY2VzLlNlYXJjaFRleHQQAhgEIAA"
cmpd0fto9027qq1se2okax4fj,Bio Balance Institute,,657 24 04 27,Bio Balance Institute,,España,google-maps,atleevoyoga,NUEVO,MEDIA,,,2026-05-19T19:12:47.098Z,2026-05-19T19:12:47.098Z,http://www.international-ska.com/,"C. Horacio Fernández Inguanzo, 5, Gijon-Sur, 33210 Gijón, Asturias",Gijón,4.7,9,https://maps.google.com/?cid=6454959150467441128&g_mp=Cidnb29nbGUubWFwcy5wbGFjZXMudjEuUGxhY2VzLlNlYXJjaFRleHQQAhgEIAA,yoga_studio,OPERATIONAL,"Importado desde Google Maps
Tipo: Centro de yoga
Dirección: C. Horacio Fernández Inguanzo, 5, Gijon-Sur, 33210 Gijón, Asturias
Google: 4.7⭐ (9 reseñas)
Web: http://www.international-ska.com/
Maps: https://maps.google.com/?cid=6454959150467441128&g_mp=Cidnb29nbGUubWFwcy5wbGFjZXMudjEuUGxhY2VzLlNlYXJjaFRleHQQAhgEIAA"
cmpd0ftxw027rq1se8ys9e39j,"Soluna, cuerpo y mente Gijón",,984 19 81 22,"Soluna, cuerpo y mente Gijón",,España,google-maps,atleevoyoga,NUEVO,MEDIA,,,2026-05-19T19:12:47.445Z,2026-05-19T19:12:47.445Z,https://solunapilates.es/,"C. Marqués de Casa Valdés, 42, Centro, 33202 Gijón, Asturias",Gijón,4.8,34,https://maps.google.com/?cid=11336590408204805271&g_mp=Cidnb29nbGUubWFwcy5wbGFjZXMudjEuUGxhY2VzLlNlYXJjaFRleHQQAhgEIAA,gym,OPERATIONAL,"Importado desde Google Maps
Tipo: Gimnasio
Dirección: C. Marqués de Casa Valdés, 42, Centro, 33202 Gijón, Asturias
Google: 4.8⭐ (34 reseñas)
Web: https://solunapilates.es/
Maps: https://maps.google.com/?cid=11336590408204805271&g_mp=Cidnb29nbGUubWFwcy5wbGFjZXMudjEuUGxhY2VzLlNlYXJjaFRleHQQAhgEIAA"
cmpd0fu75027sq1sejlmsthiz,Astur Yoga,,625 06 12 28,Astur Yoga,,España,google-maps,atleevoyoga,NUEVO,MEDIA,,,2026-05-19T19:12:47.778Z,2026-05-19T19:12:47.778Z,http://www.asturyoga.com/contacto/,"Calle Begoña, 44 - 3º, Centro, 33201 Gijón, Asturias",Gijón,5,28,https://maps.google.com/?cid=6726758796853905848&g_mp=Cidnb29nbGUubWFwcy5wbGFjZXMudjEuUGxhY2VzLlNlYXJjaFRleHQQAhgEIAA,point_of_interest,OPERATIONAL,"Importado desde Google Maps
Tipo: Lugar de interés de establecimiento
Dirección: Calle Begoña, 44 - 3º, Centro, 33201 Gijón, Asturias
Google: 5⭐ (28 reseñas)
Web: http://www.asturyoga.com/contacto/
Maps: https://maps.google.com/?cid=6726758796853905848&g_mp=Cidnb29nbGUubWFwcy5wbGFjZXMudjEuUGxhY2VzLlNlYXJjaFRleHQQAhgEIAA"
cmpd0fugf027tq1se2gx5suy2,Círculo Pilates Gijón,,684 19 68 85,Círculo Pilates Gijón,,España,google-maps,atleevoyoga,NUEVO,MEDIA,,,2026-05-19T19:12:48.111Z,2026-05-19T19:12:48.111Z,http://www.circulopilatesgijon.es/,"C. Pedro Pablo, 40, Bajo, Centro, 33209 Gijón, Asturias",Gijón,5,45,https://maps.google.com/?cid=854307032571708785&g_mp=Cidnb29nbGUubWFwcy5wbGFjZXMudjEuUGxhY2VzLlNlYXJjaFRleHQQAhgEIAA,gym,OPERATIONAL,"Importado desde Google Maps
Tipo: Gimnasio
Dirección: C. Pedro Pablo, 40, Bajo, Centro, 33209 Gijón, Asturias
Google: 5⭐ (45 reseñas)
Web: http://www.circulopilatesgijon.es/
Maps: https://maps.google.com/?cid=854307032571708785&g_mp=Cidnb29nbGUubWFwcy5wbGFjZXMudjEuUGxhY2VzLlNlYXJjaFRleHQQAhgEIAA"
cmpd0fupi027uq1sear9evhp8,Elena Itulain Estudio de Pilates,,684 63 51 12,Elena Itulain Estudio de Pilates,,España,google-maps,atleevoyoga,NUEVO,MEDIA,,,2026-05-19T19:12:48.439Z,2026-05-19T19:12:48.439Z,http://www.elenaitulain.es/,"C. Carlos III, 4, bajo, Gijon-Este, 33202 Gijón, Asturias",Gijón,4.9,76,https://maps.google.com/?cid=1793236434126781083&g_mp=Cidnb29nbGUubWFwcy5wbGFjZXMudjEuUGxhY2VzLlNlYXJjaFRleHQQAhgEIAA,gym,OPERATIONAL,"Importado desde Google Maps
Tipo: Gimnasio
Dirección: C. Carlos III, 4, bajo, Gijon-Este, 33202 Gijón, Asturias
Google: 4.9⭐ (76 reseñas)
Web: http://www.elenaitulain.es/
Maps: https://maps.google.com/?cid=1793236434126781083&g_mp=Cidnb29nbGUubWFwcy5wbGFjZXMudjEuUGxhY2VzLlNlYXJjaFRleHQQAhgEIAA"
cmpd0fuyp027vq1sersq18gfg,Pilates Principado,,646 56 89 37,Pilates Principado,,España,google-maps,atleevoyoga,NUEVO,MEDIA,,,2026-05-19T19:12:48.769Z,2026-05-19T19:12:48.769Z,http://www.pilatesprincipado.es/,"C. Celestino Junquera, 3, bajo, Centro, 33202 Gijón, Asturias",Gijón,4.9,58,https://maps.google.com/?cid=205462882623531381&g_mp=Cidnb29nbGUubWFwcy5wbGFjZXMudjEuUGxhY2VzLlNlYXJjaFRleHQQAhgEIAA,gym,OPERATIONAL,"Importado desde Google Maps
Tipo: Gimnasio
Dirección: C. Celestino Junquera, 3, bajo, Centro, 33202 Gijón, Asturias
Google: 4.9⭐ (58 reseñas)
Web: http://www.pilatesprincipado.es/
Maps: https://maps.google.com/?cid=205462882623531381&g_mp=Cidnb29nbGUubWFwcy5wbGFjZXMudjEuUGxhY2VzLlNlYXJjaFRleHQQAhgEIAA"
cmpd0fv8j027wq1segjyx1tax,Dreamfit Gimnasio Gijón,,,Dreamfit Gimnasio Gijón,,España,google-maps,atleevoyoga,NUEVO,MEDIA,,,2026-05-19T19:12:49.123Z,2026-05-19T19:12:49.123Z,https://www.dreamfit.es/centros/gijon,"C. Calderón de la Barca, s/n, Gijon-Este, 33204 Gijón, Asturias",Gijón,4.5,620,https://maps.google.com/?cid=17617828397407275785&g_mp=Cidnb29nbGUubWFwcy5wbGFjZXMudjEuUGxhY2VzLlNlYXJjaFRleHQQAhgEIAA,gym,OPERATIONAL,"Importado desde Google Maps
Tipo: Gimnasio
Dirección: C. Calderón de la Barca, s/n, Gijon-Este, 33204 Gijón, Asturias
Google: 4.5⭐ (620 reseñas)
Web: https://www.dreamfit.es/centros/gijon
Maps: https://maps.google.com/?cid=17617828397407275785&g_mp=Cidnb29nbGUubWFwcy5wbGFjZXMudjEuUGxhY2VzLlNlYXJjaFRleHQQAhgEIAA"
cmpd0fvj1027xq1seehhpfh57,KR DEPORTE GLOBAL,,610 50 17 17,KR DEPORTE GLOBAL,,España,google-maps,atleevoyoga,NUEVO,MEDIA,,,2026-05-19T19:12:49.501Z,2026-05-19T19:12:49.501Z,https://krglobal.es/,"C. León XIII, 8, Centro, 33209 Gijón, Asturias",Gijón,5,7,https://maps.google.com/?cid=6173450410373918813&g_mp=Cidnb29nbGUubWFwcy5wbGFjZXMudjEuUGxhY2VzLlNlYXJjaFRleHQQAhgEIAA,gym,OPERATIONAL,"Importado desde Google Maps
Tipo: Gimnasio
Dirección: C. León XIII, 8, Centro, 33209 Gijón, Asturias
Google: 5⭐ (7 reseñas)
Web: https://krglobal.es/
Maps: https://maps.google.com/?cid=6173450410373918813&g_mp=Cidnb29nbGUubWFwcy5wbGFjZXMudjEuUGxhY2VzLlNlYXJjaFRleHQQAhgEIAA"
cmpd0fvsh027yq1sekh1aliw6,Fisiocamp,,627 98 92 48,Fisiocamp,,España,google-maps,atleevoyoga,NUEVO,MEDIA,,,2026-05-19T19:12:49.841Z,2026-05-19T19:12:49.841Z,http://fisiocamp.com/,"C. Los Andes, 49, Gijon-Oeste, 33213 Gijón, Asturias",Gijón,5,109,https://maps.google.com/?cid=17974149668727263484&g_mp=Cidnb29nbGUubWFwcy5wbGFjZXMudjEuUGxhY2VzLlNlYXJjaFRleHQQAhgEIAA,medical_clinic,OPERATIONAL,"Importado desde Google Maps
Tipo: Clínica ambulatoria
Dirección: C. Los Andes, 49, Gijon-Oeste, 33213 Gijón, Asturias
Google: 5⭐ (109 reseñas)
Web: http://fisiocamp.com/
Maps: https://maps.google.com/?cid=17974149668727263484&g_mp=Cidnb29nbGUubWFwcy5wbGFjZXMudjEuUGxhY2VzLlNlYXJjaFRleHQQAhgEIAA"
cmpd0fw1b027zq1seey9c0e5f,Centro Retamas,,615 60 06 15,Centro Retamas,,España,google-maps,atleevoyoga,NUEVO,MEDIA,,,2026-05-19T19:12:50.159Z,2026-05-19T19:12:50.159Z,http://www.retamas.com/,"Av. de la Costa, 25, Entresuelo Derecha, Centro, 33205 Gijón, Asturias",Gijón,4.8,37,https://maps.google.com/?cid=903592343286105843&g_mp=Cidnb29nbGUubWFwcy5wbGFjZXMudjEuUGxhY2VzLlNlYXJjaFRleHQQAhgEIAA,wellness_center,OPERATIONAL,"Importado desde Google Maps
Tipo: Centro de salud y bienestar
Dirección: Av. de la Costa, 25, Entresuelo Derecha, Centro, 33205 Gijón, Asturias
Google: 4.8⭐ (37 reseñas)
Web: http://www.retamas.com/
Maps: https://maps.google.com/?cid=903592343286105843&g_mp=Cidnb29nbGUubWFwcy5wbGFjZXMudjEuUGxhY2VzLlNlYXJjaFRleHQQAhgEIAA"
cmpd0fwaw0280q1se9br3edjh,Instituto Asturiano de Mindfulness,,699 13 28 86,Instituto Asturiano de Mindfulness,,España,google-maps,atleevoyoga,NUEVO,MEDIA,,,2026-05-19T19:12:50.505Z,2026-05-19T19:12:50.505Z,https://www.iamindfulness.com/,"C. Río de Oro, 37, Centro, 33209 Gijón, Asturias",Gijón,5,50,https://maps.google.com/?cid=7072328540006130665&g_mp=Cidnb29nbGUubWFwcy5wbGFjZXMudjEuUGxhY2VzLlNlYXJjaFRleHQQAhgEIAA,,OPERATIONAL,"Importado desde Google Maps
Dirección: C. Río de Oro, 37, Centro, 33209 Gijón, Asturias
Google: 5⭐ (50 reseñas)
Web: https://www.iamindfulness.com/
Maps: https://maps.google.com/?cid=7072328540006130665&g_mp=Cidnb29nbGUubWFwcy5wbGFjZXMudjEuUGxhY2VzLlNlYXJjaFRleHQQAhgEIAA"
cmpd0fwjz0281q1ser8mvv9nl,"Herbolario Flor de la Vida en Gijón | Flores de Bach, Reiki..",,656 50 40 07,"Herbolario Flor de la Vida en Gijón | Flores de Bach, Reiki..",,España,google-maps,atleevoyoga,NUEVO,MEDIA,,,2026-05-19T19:12:50.832Z,2026-05-19T19:12:50.832Z,https://herbolarioflordelavida.es/,"C. Valencia, 26, Centro, 33210 Gijón, Asturias",Gijón,4.9,66,https://maps.google.com/?cid=1294126414626326298&g_mp=Cidnb29nbGUubWFwcy5wbGFjZXMudjEuUGxhY2VzLlNlYXJjaFRleHQQAhgEIAA,store,OPERATIONAL,"Importado desde Google Maps
Tipo: Comercio
Dirección: C. Valencia, 26, Centro, 33210 Gijón, Asturias
Google: 4.9⭐ (66 reseñas)
Web: https://herbolarioflordelavida.es/
Maps: https://maps.google.com/?cid=1294126414626326298&g_mp=Cidnb29nbGUubWFwcy5wbGFjZXMudjEuUGxhY2VzLlNlYXJjaFRleHQQAhgEIAA"
cmpd0fwt30282q1septbni2jq,NB Ejercicio y Salud,,689 25 45 15,NB Ejercicio y Salud,,España,google-maps,atleevoyoga,NUEVO,MEDIA,,,2026-05-19T19:12:51.159Z,2026-05-19T19:12:51.159Z,https://www.nbejercicioysalud.com/,"C. Fernando el Santo, 19, Gijon-Este, 33204 Gijón, Asturias",Gijón,4.9,45,https://maps.google.com/?cid=13615745375269899531&g_mp=Cidnb29nbGUubWFwcy5wbGFjZXMudjEuUGxhY2VzLlNlYXJjaFRleHQQAhgEIAA,gym,OPERATIONAL,"Importado desde Google Maps
Tipo: Gimnasio
Dirección: C. Fernando el Santo, 19, Gijon-Este, 33204 Gijón, Asturias
Google: 4.9⭐ (45 reseñas)
Web: https://www.nbejercicioysalud.com/
Maps: https://maps.google.com/?cid=13615745375269899531&g_mp=Cidnb29nbGUubWFwcy5wbGFjZXMudjEuUGxhY2VzLlNlYXJjaFRleHQQAhgEIAA"
cmpd0fx250283q1sedn3cz8i5,Círculo de yoga,,672 29 96 27,Círculo de yoga,,España,google-maps,atleevoyoga,NUEVO,MEDIA,,,2026-05-19T19:12:51.485Z,2026-05-19T19:12:51.485Z,,"Av. Rufo García Rendueles, 6, Etlo. C, Gijon-Este, 33203 Gijón, Asturias",Gijón,3.9,7,https://maps.google.com/?cid=7773272747351593748&g_mp=Cidnb29nbGUubWFwcy5wbGFjZXMudjEuUGxhY2VzLlNlYXJjaFRleHQQAhgEIAA,wellness_center,OPERATIONAL,"Importado desde Google Maps
Tipo: Centro de salud y bienestar
Dirección: Av. Rufo García Rendueles, 6, Etlo. C, Gijon-Este, 33203 Gijón, Asturias
Google: 3.9⭐ (7 reseñas)
Maps: https://maps.google.com/?cid=7773272747351593748&g_mp=Cidnb29nbGUubWFwcy5wbGFjZXMudjEuUGxhY2VzLlNlYXJjaFRleHQQAhgEIAA"
cmpd0fxb90284q1seqakcfo3a,Wellness Core,,600 22 54 53,Wellness Core,,España,google-maps,atleevoyoga,NUEVO,MEDIA,,,2026-05-19T19:12:51.813Z,2026-05-19T19:12:51.813Z,http://www.wellnesscore.es/,"Plaza Florencio Rodríguez, 2, 1ºB, Centro, 33201 Gijón, Asturias",Gijón,4.8,45,https://maps.google.com/?cid=4549415095146643644&g_mp=Cidnb29nbGUubWFwcy5wbGFjZXMudjEuUGxhY2VzLlNlYXJjaFRleHQQAhgEIAA,wellness_center,OPERATIONAL,"Importado desde Google Maps
Tipo: Centro de salud y bienestar
Dirección: Plaza Florencio Rodríguez, 2, 1ºB, Centro, 33201 Gijón, Asturias
Google: 4.8⭐ (45 reseñas)
Web: http://www.wellnesscore.es/
Maps: https://maps.google.com/?cid=4549415095146643644&g_mp=Cidnb29nbGUubWFwcy5wbGFjZXMudjEuUGxhY2VzLlNlYXJjaFRleHQQAhgEIAA"
cmpd0fxkj0285q1sevr3mldmo,Matronastur,,608 76 22 33,Matronastur,,España,google-maps,atleevoyoga,NUEVO,MEDIA,,,2026-05-19T19:12:52.148Z,2026-05-19T19:12:52.148Z,https://matronastur.com/servicios-en-Gijon/?utm_source=google&utm_medium=maps&utm_campaign=GoogleMaps,"C/ Palacio Valdés, 7, Entresuelo izquierda, Centro, 33206 Gijón, Asturias",Gijón,5,244,https://maps.google.com/?cid=11594636240440111866&g_mp=Cidnb29nbGUubWFwcy5wbGFjZXMudjEuUGxhY2VzLlNlYXJjaFRleHQQAhgEIAA,medical_clinic,OPERATIONAL,"Importado desde Google Maps
Tipo: Clínica ambulatoria
Dirección: C/ Palacio Valdés, 7, Entresuelo izquierda, Centro, 33206 Gijón, Asturias
Google: 5⭐ (244 reseñas)
Web: https://matronastur.com/servicios-en-Gijon/?utm_source=google&utm_medium=maps&utm_campaign=GoogleMaps
Maps: https://maps.google.com/?cid=11594636240440111866&g_mp=Cidnb29nbGUubWFwcy5wbGFjZXMudjEuUGxhY2VzLlNlYXJjaFRleHQQAhgEIAA"
cmpd0fxtu0286q1se8wua9jmc,Indarayoga,,661 87 29 39,Indarayoga,,España,google-maps,atleevoyoga,NUEVO,MEDIA,,,2026-05-19T19:12:52.483Z,2026-05-19T19:12:52.483Z,,"Calle Instituto, 21, 2°A, Centro, 33201 Gijón, Asturias",Gijón,,,https://maps.google.com/?cid=8815425861381503780&g_mp=Cidnb29nbGUubWFwcy5wbGFjZXMudjEuUGxhY2VzLlNlYXJjaFRleHQQAhgEIAA,yoga_studio,OPERATIONAL,"Importado desde Google Maps
Tipo: Centro de yoga
Dirección: Calle Instituto, 21, 2°A, Centro, 33201 Gijón, Asturias
Maps: https://maps.google.com/?cid=8815425861381503780&g_mp=Cidnb29nbGUubWFwcy5wbGFjZXMudjEuUGxhY2VzLlNlYXJjaFRleHQQAhgEIAA"
cmpd0fy3h0287q1se7x4hggay,HATTRICK GLOBAL PROJECT,,607 45 40 44,HATTRICK GLOBAL PROJECT,,España,google-maps,atleevoyoga,NUEVO,MEDIA,,,2026-05-19T19:12:52.829Z,2026-05-19T19:12:52.829Z,http://hattrickglobalproject.com/,"C. León XIII, 8, Centro, 33209 Gijón, Asturias",Gijón,,,https://maps.google.com/?cid=5422239151651859159&g_mp=Cidnb29nbGUubWFwcy5wbGFjZXMudjEuUGxhY2VzLlNlYXJjaFRleHQQAhgEIAA,gym,OPERATIONAL,"Importado desde Google Maps
Tipo: Gimnasio
Dirección: C. León XIII, 8, Centro, 33209 Gijón, Asturias
Web: http://hattrickglobalproject.com/
Maps: https://maps.google.com/?cid=5422239151651859159&g_mp=Cidnb29nbGUubWFwcy5wbGFjZXMudjEuUGxhY2VzLlNlYXJjaFRleHQQAhgEIAA"
cmpd0fyco0288q1seu13a9evs,BETTY 360,,625 14 05 18,BETTY 360,,España,google-maps,atleevoyoga,NUEVO,MEDIA,,,2026-05-19T19:12:53.160Z,2026-05-19T19:12:53.160Z,,"Av. Schulz, 31, Centro, 33208 Gijón, Asturias",Gijón,5,5,https://maps.google.com/?cid=17885353777129889307&g_mp=Cidnb29nbGUubWFwcy5wbGFjZXMudjEuUGxhY2VzLlNlYXJjaFRleHQQAhgEIAA,gym,OPERATIONAL,"Importado desde Google Maps
Tipo: Gimnasio
Dirección: Av. Schulz, 31, Centro, 33208 Gijón, Asturias
Google: 5⭐ (5 reseñas)
Maps: https://maps.google.com/?cid=17885353777129889307&g_mp=Cidnb29nbGUubWFwcy5wbGFjZXMudjEuUGxhY2VzLlNlYXJjaFRleHQQAhgEIAA"
cmpd0fylx0289q1sepnjq48rl,Muévete Bien,,623 10 35 58,Muévete Bien,,España,google-maps,atleevoyoga,NUEVO,MEDIA,,,2026-05-19T19:12:53.493Z,2026-05-19T19:12:53.493Z,http://www.muevetebien.es/,"C. Los Andes, 31, Gijon-Oeste, 33213 Gijón, Asturias",Gijón,5,34,https://maps.google.com/?cid=7329228378088799497&g_mp=Cidnb29nbGUubWFwcy5wbGFjZXMudjEuUGxhY2VzLlNlYXJjaFRleHQQAhgEIAA,gym,OPERATIONAL,"Importado desde Google Maps
Tipo: Gimnasio
Dirección: C. Los Andes, 31, Gijon-Oeste, 33213 Gijón, Asturias
Google: 5⭐ (34 reseñas)
Web: http://www.muevetebien.es/
Maps: https://maps.google.com/?cid=7329228378088799497&g_mp=Cidnb29nbGUubWFwcy5wbGFjZXMudjEuUGxhY2VzLlNlYXJjaFRleHQQAhgEIAA"
cmpd0fyva028aq1se1l9inon8,Sala Garden.,,644 57 17 67,Sala Garden.,,España,google-maps,atleevoyoga,NUEVO,MEDIA,,,2026-05-19T19:12:53.831Z,2026-05-19T19:12:53.831Z,http://www.lovingyoga.es/,"C. María Josefa, 8, Centro, 33209 Gijón, Asturias",Gijón,,,https://maps.google.com/?cid=16586803545168156293&g_mp=Cidnb29nbGUubWFwcy5wbGFjZXMudjEuUGxhY2VzLlNlYXJjaFRleHQQAhgEIAA,gym,OPERATIONAL,"Importado desde Google Maps
Tipo: Gimnasio
Dirección: C. María Josefa, 8, Centro, 33209 Gijón, Asturias
Web: http://www.lovingyoga.es/
Maps: https://maps.google.com/?cid=16586803545168156293&g_mp=Cidnb29nbGUubWFwcy5wbGFjZXMudjEuUGxhY2VzLlNlYXJjaFRleHQQAhgEIAA"
cmpd0fz4d028bq1se4vsgyvo8,MOMS Gijón,,614 01 45 62,MOMS Gijón,,España,google-maps,atleevoyoga,NUEVO,MEDIA,,,2026-05-19T19:12:54.157Z,2026-05-19T19:12:54.157Z,https://momsgijon.es/?utm_source=google&utm_medium=maps&utm_campaign=moms_gmb,"C. Carlos Marx, 22, BAJO, Centro, 33207 Gijón, Asturias",Gijón,5,198,https://maps.google.com/?cid=15013043016944808050&g_mp=Cidnb29nbGUubWFwcy5wbGFjZXMudjEuUGxhY2VzLlNlYXJjaFRleHQQAhgEIAA,medical_clinic,OPERATIONAL,"Importado desde Google Maps
Tipo: Clínica ambulatoria
Dirección: C. Carlos Marx, 22, BAJO, Centro, 33207 Gijón, Asturias
Google: 5⭐ (198 reseñas)
Web: https://momsgijon.es/?utm_source=google&utm_medium=maps&utm_campaign=moms_gmb
Maps: https://maps.google.com/?cid=15013043016944808050&g_mp=Cidnb29nbGUubWFwcy5wbGFjZXMudjEuUGxhY2VzLlNlYXJjaFRleHQQAhgEIAA"
cmpd0fzdj028cq1seu2gxgppt,Matwork Pilates,,611 67 60 02,Matwork Pilates,,España,google-maps,atleevoyoga,NUEVO,MEDIA,,,2026-05-19T19:12:54.487Z,2026-05-19T19:12:54.487Z,http://matworkpilates.es/,"C. del Río Eo, 26, Gijon-Sur, 33210 Gijón, Asturias",Gijón,5,8,https://maps.google.com/?cid=11761428701243859849&g_mp=Cidnb29nbGUubWFwcy5wbGFjZXMudjEuUGxhY2VzLlNlYXJjaFRleHQQAhgEIAA,gym,OPERATIONAL,"Importado desde Google Maps
Tipo: Gimnasio
Dirección: C. del Río Eo, 26, Gijon-Sur, 33210 Gijón, Asturias
Google: 5⭐ (8 reseñas)
Web: http://matworkpilates.es/
Maps: https://maps.google.com/?cid=11761428701243859849&g_mp=Cidnb29nbGUubWFwcy5wbGFjZXMudjEuUGxhY2VzLlNlYXJjaFRleHQQAhgEIAA"
cmpd0fznv028dq1se79kesomh,DILUP,,652 89 99 70,DILUP,,España,google-maps,atleevoyoga,NUEVO,MEDIA,,,2026-05-19T19:12:54.859Z,2026-05-19T19:12:54.859Z,http://www.dilup.es/,"C. Fernando Villaamil, 8, Centro, 33202 Gijón, Asturias",Gijón,5,20,https://maps.google.com/?cid=16088795685217986886&g_mp=Cidnb29nbGUubWFwcy5wbGFjZXMudjEuUGxhY2VzLlNlYXJjaFRleHQQAhgEIAA,,OPERATIONAL,"Importado desde Google Maps
Dirección: C. Fernando Villaamil, 8, Centro, 33202 Gijón, Asturias
Google: 5⭐ (20 reseñas)
Web: http://www.dilup.es/
Maps: https://maps.google.com/?cid=16088795685217986886&g_mp=Cidnb29nbGUubWFwcy5wbGFjZXMudjEuUGxhY2VzLlNlYXJjaFRleHQQAhgEIAA"
cmpd0fzx8028eq1se9zprmh43,Finca Nayeli,,675 38 36 94,Finca Nayeli,,España,google-maps,atleevoyoga,NUEVO,MEDIA,,,2026-05-19T19:12:55.196Z,2026-05-19T19:12:55.196Z,https://fincanayeli.es/,"Cam. del Colasu, 345, Periurbano - Rural, 33350 Gijón, Asturias",Gijón,,,https://maps.google.com/?cid=12724556380848882241&g_mp=Cidnb29nbGUubWFwcy5wbGFjZXMudjEuUGxhY2VzLlNlYXJjaFRleHQQAhgEIAA,yoga_studio,OPERATIONAL,"Importado desde Google Maps
Tipo: Centro de yoga
Dirección: Cam. del Colasu, 345, Periurbano - Rural, 33350 Gijón, Asturias
Web: https://fincanayeli.es/
Maps: https://maps.google.com/?cid=12724556380848882241&g_mp=Cidnb29nbGUubWFwcy5wbGFjZXMudjEuUGxhY2VzLlNlYXJjaFRleHQQAhgEIAA"
cmpd0g79h028fq1sedk6lky2o,Agua de Roca,,,Agua de Roca,,España,google-maps,atleevoyoga,NUEVO,MEDIA,,,2026-05-19T19:13:04.709Z,2026-05-19T19:13:04.709Z,,"Av. de José Manuel Palacio Álvarez, 1, oficina 3, Gijon-Oeste, 33212 Gijón, Asturias",Gijón,5,2,https://maps.google.com/?cid=7130769039669117114&g_mp=Cidnb29nbGUubWFwcy5wbGFjZXMudjEuUGxhY2VzLlNlYXJjaFRleHQQAhgEIAA,wellness_center,OPERATIONAL,"Importado desde Google Maps
Tipo: Centro de salud y bienestar
Dirección: Av. de José Manuel Palacio Álvarez, 1, oficina 3, Gijon-Oeste, 33212 Gijón, Asturias
Google: 5⭐ (2 reseñas)
Maps: https://maps.google.com/?cid=7130769039669117114&g_mp=Cidnb29nbGUubWFwcy5wbGFjZXMudjEuUGxhY2VzLlNlYXJjaFRleHQQAhgEIAA"
cmpd0g7rp028gq1se1pqa8xlk,by Gely Muñiz,,,by Gely Muñiz,,España,google-maps,atleevoyoga,NUEVO,MEDIA,,,2026-05-19T19:13:05.366Z,2026-05-19T19:13:05.366Z,,"Calle Dindurra, 26, Centro, Centro, 33202 Gijón, Asturias",Gijón,,,https://maps.google.com/?cid=631065770598920008&g_mp=Cidnb29nbGUubWFwcy5wbGFjZXMudjEuUGxhY2VzLlNlYXJjaFRleHQQAhgEIAA,gym,OPERATIONAL,"Importado desde Google Maps
Tipo: Gimnasio
Dirección: Calle Dindurra, 26, Centro, Centro, 33202 Gijón, Asturias
Maps: https://maps.google.com/?cid=631065770598920008&g_mp=Cidnb29nbGUubWFwcy5wbGFjZXMudjEuUGxhY2VzLlNlYXJjaFRleHQQAhgEIAA"
cmpd0g85n028hq1seoirw1thd,Face Yoga Klub,,,Face Yoga Klub,,España,google-maps,atleevoyoga,NUEVO,MEDIA,,,2026-05-19T19:13:05.867Z,2026-05-19T19:13:05.867Z,,"C. Infiesto, 21, Centro, 33207 Gijón, Asturias",Gijón,5,1,https://maps.google.com/?cid=11717042356248249144&g_mp=Cidnb29nbGUubWFwcy5wbGFjZXMudjEuUGxhY2VzLlNlYXJjaFRleHQQAhgEIAA,health,OPERATIONAL,"Importado desde Google Maps
Tipo: Salud y bienestar
Dirección: C. Infiesto, 21, Centro, 33207 Gijón, Asturias
Google: 5⭐ (1 reseñas)
Maps: https://maps.google.com/?cid=11717042356248249144&g_mp=Cidnb29nbGUubWFwcy5wbGFjZXMudjEuUGxhY2VzLlNlYXJjaFRleHQQAhgEIAA"
cmpd0g96e028iq1selmr49672,Haritz Azkue. Crecimiento Personal (Gestalt) y Flores de Bach,,636 49 94 79,Haritz Azkue. Crecimiento Personal (Gestalt) y Flores de Bach,,España,google-maps,atleevoyoga,NUEVO,MEDIA,,,2026-05-19T19:13:07.190Z,2026-05-19T19:13:07.190Z,http://www.haritzazkue.com/,"C. Marqués de San Esteban, 37, Centro, 33206 Gijón, Asturias",Gijón,5,24,https://maps.google.com/?cid=1082961314991462822&g_mp=Cidnb29nbGUubWFwcy5wbGFjZXMudjEuUGxhY2VzLlNlYXJjaFRleHQQAhgEIAA,medical_clinic,OPERATIONAL,"Importado desde Google Maps
Tipo: Clínica ambulatoria
Dirección: C. Marqués de San Esteban, 37, Centro, 33206 Gijón, Asturias
Google: 5⭐ (24 reseñas)
Web: http://www.haritzazkue.com/
Maps: https://maps.google.com/?cid=1082961314991462822&g_mp=Cidnb29nbGUubWFwcy5wbGFjZXMudjEuUGxhY2VzLlNlYXJjaFRleHQQAhgEIAA"
cmpd0g9fq028jq1se720eghe7,AsturZen,,,AsturZen,,España,google-maps,atleevoyoga,NUEVO,MEDIA,,,2026-05-19T19:13:07.526Z,2026-05-19T19:13:07.526Z,http://www.asturzen.org/,"C. Alfredo Truan, 6, 1b, Centro, 33205 Gijón, Asturias",Gijón,,,https://maps.google.com/?cid=10362477117787586692&g_mp=Cidnb29nbGUubWFwcy5wbGFjZXMudjEuUGxhY2VzLlNlYXJjaFRleHQQAhgEIAA,health,OPERATIONAL,"Importado desde Google Maps
Tipo: Salud y bienestar
Dirección: C. Alfredo Truan, 6, 1b, Centro, 33205 Gijón, Asturias
Web: http://www.asturzen.org/
Maps: https://maps.google.com/?cid=10362477117787586692&g_mp=Cidnb29nbGUubWFwcy5wbGFjZXMudjEuUGxhY2VzLlNlYXJjaFRleHQQAhgEIAA"
cmpd0g9oq028kq1seer1ps9cc,Nadaya Fisioterapia y Salud,,601 51 61 88,Nadaya Fisioterapia y Salud,,España,google-maps,atleevoyoga,NUEVO,MEDIA,,,2026-05-19T19:13:07.851Z,2026-05-19T19:13:07.851Z,https://nadayafisioterapiaysalud.com/,"Av. Schulz, 63, Centro, 33208 Gijón, Asturias",Gijón,4.9,29,https://maps.google.com/?cid=53132899967508342&g_mp=Cidnb29nbGUubWFwcy5wbGFjZXMudjEuUGxhY2VzLlNlYXJjaFRleHQQAhgEIAA,physiotherapist,OPERATIONAL,"Importado desde Google Maps
Tipo: Fisioterapeuta
Dirección: Av. Schulz, 63, Centro, 33208 Gijón, Asturias
Google: 4.9⭐ (29 reseñas)
Web: https://nadayafisioterapiaysalud.com/
Maps: https://maps.google.com/?cid=53132899967508342&g_mp=Cidnb29nbGUubWFwcy5wbGFjZXMudjEuUGxhY2VzLlNlYXJjaFRleHQQAhgEIAA"
cmpd0g9y5028lq1sepfghdb2s,Odana Integral,,644 52 55 70,Odana Integral,,España,google-maps,atleevoyoga,NUEVO,MEDIA,,,2026-05-19T19:13:08.190Z,2026-05-19T19:13:08.190Z,https://cys-odanaintegral.com/,"C. Quevedo, 32, Gijon-Este, 33204 Gijón, Asturias",Gijón,4.8,16,https://maps.google.com/?cid=5303375933132119903&g_mp=Cidnb29nbGUubWFwcy5wbGFjZXMudjEuUGxhY2VzLlNlYXJjaFRleHQQAhgEIAA,sports_school,OPERATIONAL,"Importado desde Google Maps
Tipo: Escuela deportiva
Dirección: C. Quevedo, 32, Gijon-Este, 33204 Gijón, Asturias
Google: 4.8⭐ (16 reseñas)
Web: https://cys-odanaintegral.com/
Maps: https://maps.google.com/?cid=5303375933132119903&g_mp=Cidnb29nbGUubWFwcy5wbGFjZXMudjEuUGxhY2VzLlNlYXJjaFRleHQQAhgEIAA"
cmpd0gcyd028mq1sebkwqvpbo,Prana Studio Yoga,,981 92 55 05,Prana Studio Yoga,,España,google-maps,atleevoyoga,NUEVO,MEDIA,,,2026-05-19T19:13:12.085Z,2026-05-19T19:13:12.085Z,https://www.pranastudioyoga.com/,"Av. Primo de Rivera, 10, 15006 La Coruña",A Coruña,4.8,33,https://maps.google.com/?cid=572464372672582139&g_mp=Cidnb29nbGUubWFwcy5wbGFjZXMudjEuUGxhY2VzLlNlYXJjaFRleHQQAhgEIAA,yoga_studio,OPERATIONAL,"Importado desde Google Maps
Tipo: Centro de yoga
Dirección: Av. Primo de Rivera, 10, 15006 La Coruña
Google: 4.8⭐ (33 reseñas)
Web: https://www.pranastudioyoga.com/
Maps: https://maps.google.com/?cid=572464372672582139&g_mp=Cidnb29nbGUubWFwcy5wbGFjZXMudjEuUGxhY2VzLlNlYXJjaFRleHQQAhgEIAA"
cmpd0gd7p028nq1seno16s5wk,Centro de Yoga Integral Mahashakti A Coruña,,981 15 02 91,Centro de Yoga Integral Mahashakti A Coruña,,España,google-maps,atleevoyoga,NUEVO,MEDIA,,,2026-05-19T19:13:12.421Z,2026-05-19T19:13:12.421Z,http://www.yogaintegralcoruna.es/,"Rúa de José Luis Bugallal Marchesi, 10, 1º, 15008 A Coruña",A Coruña,4.9,67,https://maps.google.com/?cid=5903996755978490783&g_mp=Cidnb29nbGUubWFwcy5wbGFjZXMudjEuUGxhY2VzLlNlYXJjaFRleHQQAhgEIAA,yoga_studio,OPERATIONAL,"Importado desde Google Maps
Tipo: Centro de yoga
Dirección: Rúa de José Luis Bugallal Marchesi, 10, 1º, 15008 A Coruña
Google: 4.9⭐ (67 reseñas)
Web: http://www.yogaintegralcoruna.es/
Maps: https://maps.google.com/?cid=5903996755978490783&g_mp=Cidnb29nbGUubWFwcy5wbGFjZXMudjEuUGxhY2VzLlNlYXJjaFRleHQQAhgEIAA"
cmpd0gdh3028oq1sehdik2x5h,Flor de Tila Yoga Coruña,,660 52 84 50,Flor de Tila Yoga Coruña,,España,google-maps,atleevoyoga,NUEVO,MEDIA,,,2026-05-19T19:13:12.759Z,2026-05-19T19:13:12.759Z,http://www.flordetila.com/,"Rúa Sinfónica de Galicia, 3, 1º, 15004 A Coruña",A Coruña,5,44,https://maps.google.com/?cid=11350812319860056503&g_mp=Cidnb29nbGUubWFwcy5wbGFjZXMudjEuUGxhY2VzLlNlYXJjaFRleHQQAhgEIAA,yoga_studio,OPERATIONAL,"Importado desde Google Maps
Tipo: Centro de yoga
Dirección: Rúa Sinfónica de Galicia, 3, 1º, 15004 A Coruña
Google: 5⭐ (44 reseñas)
Web: http://www.flordetila.com/
Maps: https://maps.google.com/?cid=11350812319860056503&g_mp=Cidnb29nbGUubWFwcy5wbGFjZXMudjEuUGxhY2VzLlNlYXJjaFRleHQQAhgEIAA"
cmpd0gdqb028pq1se10iqqoa1,yogacoruña.es,,615 83 63 76,yogacoruña.es,,España,google-maps,atleevoyoga,NUEVO,MEDIA,,,2026-05-19T19:13:13.091Z,2026-05-19T19:13:13.091Z,http://www.yogacoruña.es/,"Av. da Concordia, 50, Bajo Izq, 15009 La Coruña",A Coruña,4.9,91,https://maps.google.com/?cid=2452708152427841558&g_mp=Cidnb29nbGUubWFwcy5wbGFjZXMudjEuUGxhY2VzLlNlYXJjaFRleHQQAhgEIAA,yoga_studio,OPERATIONAL,"Importado desde Google Maps
Tipo: Centro de yoga
Dirección: Av. da Concordia, 50, Bajo Izq, 15009 La Coruña
Google: 4.9⭐ (91 reseñas)
Web: http://www.yogacoruña.es/
Maps: https://maps.google.com/?cid=2452708152427841558&g_mp=Cidnb29nbGUubWFwcy5wbGFjZXMudjEuUGxhY2VzLlNlYXJjaFRleHQQAhgEIAA"
cmpd0gdz9028qq1seajxjoqgr,Inspira - Yoga. Pilates. Salud - Coruña,,644 86 88 37,Inspira - Yoga. Pilates. Salud - Coruña,,España,google-maps,atleevoyoga,NUEVO,MEDIA,,,2026-05-19T19:13:13.413Z,2026-05-19T19:13:13.413Z,https://www.inspiravida.es/,"Avenida Finisterre, 125, 15004 A Coruña",A Coruña,4.8,66,https://maps.google.com/?cid=8941090559867144846&g_mp=Cidnb29nbGUubWFwcy5wbGFjZXMudjEuUGxhY2VzLlNlYXJjaFRleHQQAhgEIAA,yoga_studio,OPERATIONAL,"Importado desde Google Maps
Tipo: Centro de yoga
Dirección: Avenida Finisterre, 125, 15004 A Coruña
Google: 4.8⭐ (66 reseñas)
Web: https://www.inspiravida.es/
Maps: https://maps.google.com/?cid=8941090559867144846&g_mp=Cidnb29nbGUubWFwcy5wbGFjZXMudjEuUGxhY2VzLlNlYXJjaFRleHQQAhgEIAA"
cmpd0ge8g028rq1seakbup28j,Nava Yoga Studio,,600 74 09 31,Nava Yoga Studio,,España,google-maps,atleevoyoga,NUEVO,MEDIA,,,2026-05-19T19:13:13.745Z,2026-05-19T19:13:13.745Z,https://www.ashtangayogacoruna.com/,"Rúa Sinfónica de Galicia, 5, 15004 A Coruña",A Coruña,5,57,https://maps.google.com/?cid=11397378985739169348&g_mp=Cidnb29nbGUubWFwcy5wbGFjZXMudjEuUGxhY2VzLlNlYXJjaFRleHQQAhgEIAA,yoga_studio,OPERATIONAL,"Importado desde Google Maps
Tipo: Centro de yoga
Dirección: Rúa Sinfónica de Galicia, 5, 15004 A Coruña
Google: 5⭐ (57 reseñas)
Web: https://www.ashtangayogacoruna.com/
Maps: https://maps.google.com/?cid=11397378985739169348&g_mp=Cidnb29nbGUubWFwcy5wbGFjZXMudjEuUGxhY2VzLlNlYXJjaFRleHQQAhgEIAA"
cmpd0gemb028sq1sejs6w51hp,Purna Yoga,,611 63 57 86,Purna Yoga,,España,google-maps,atleevoyoga,NUEVO,MEDIA,,,2026-05-19T19:13:14.244Z,2026-05-19T19:13:14.244Z,http://purnayoga.es/,"Rua Argentina, 21, 15011 A Coruña",A Coruña,4.9,30,https://maps.google.com/?cid=9447707866909157891&g_mp=Cidnb29nbGUubWFwcy5wbGFjZXMudjEuUGxhY2VzLlNlYXJjaFRleHQQAhgEIAA,yoga_studio,OPERATIONAL,"Importado desde Google Maps
Tipo: Centro de yoga
Dirección: Rua Argentina, 21, 15011 A Coruña
Google: 4.9⭐ (30 reseñas)
Web: http://purnayoga.es/
Maps: https://maps.google.com/?cid=9447707866909157891&g_mp=Cidnb29nbGUubWFwcy5wbGFjZXMudjEuUGxhY2VzLlNlYXJjaFRleHQQAhgEIAA"
cmpd0gewb028tq1seescjjllj,Espacio Arcadia: Yoga y Pilates Coruña,,673 50 25 17,Espacio Arcadia: Yoga y Pilates Coruña,,España,google-maps,atleevoyoga,NUEVO,MEDIA,,,2026-05-19T19:13:14.603Z,2026-05-19T19:13:14.603Z,https://espacioarcadia.es/,"Rúa Arzobispo Lago González, 4-1º, 15004 A Coruña",A Coruña,5,109,https://maps.google.com/?cid=12641729749182039404&g_mp=Cidnb29nbGUubWFwcy5wbGFjZXMudjEuUGxhY2VzLlNlYXJjaFRleHQQAhgEIAA,yoga_studio,OPERATIONAL,"Importado desde Google Maps
Tipo: Centro de yoga
Dirección: Rúa Arzobispo Lago González, 4-1º, 15004 A Coruña
Google: 5⭐ (109 reseñas)
Web: https://espacioarcadia.es/
Maps: https://maps.google.com/?cid=12641729749182039404&g_mp=Cidnb29nbGUubWFwcy5wbGFjZXMudjEuUGxhY2VzLlNlYXJjaFRleHQQAhgEIAA"
cmpd0gf5g028uq1se4dyb5vj8,Tibet Yoga Studio,,609 23 39 64,Tibet Yoga Studio,,España,google-maps,atleevoyoga,NUEVO,MEDIA,,,2026-05-19T19:13:14.932Z,2026-05-19T19:13:14.932Z,https://www.tibetyoga.es/,"Rúa Panaderas, 27, Bajo D, 15001 A Coruña",A Coruña,5,33,https://maps.google.com/?cid=9356800473198990118&g_mp=Cidnb29nbGUubWFwcy5wbGFjZXMudjEuUGxhY2VzLlNlYXJjaFRleHQQAhgEIAA,yoga_studio,OPERATIONAL,"Importado desde Google Maps
Tipo: Centro de yoga
Dirección: Rúa Panaderas, 27, Bajo D, 15001 A Coruña
Google: 5⭐ (33 reseñas)
Web: https://www.tibetyoga.es/
Maps: https://maps.google.com/?cid=9356800473198990118&g_mp=Cidnb29nbGUubWFwcy5wbGFjZXMudjEuUGxhY2VzLlNlYXJjaFRleHQQAhgEIAA"
cmpd0gfem028vq1seclw5p59k,Miyoga Studio,,650 32 93 92,Miyoga Studio,,España,google-maps,atleevoyoga,NUEVO,MEDIA,,,2026-05-19T19:13:15.262Z,2026-05-19T19:13:15.262Z,http://www.miyogastudio.es/,"Rúa Federico Tapia, 65, 15004 A Coruña",A Coruña,4.6,37,https://maps.google.com/?cid=4749553273820831392&g_mp=Cidnb29nbGUubWFwcy5wbGFjZXMudjEuUGxhY2VzLlNlYXJjaFRleHQQAhgEIAA,yoga_studio,OPERATIONAL,"Importado desde Google Maps
Tipo: Centro de yoga
Dirección: Rúa Federico Tapia, 65, 15004 A Coruña
Google: 4.6⭐ (37 reseñas)
Web: http://www.miyogastudio.es/
Maps: https://maps.google.com/?cid=4749553273820831392&g_mp=Cidnb29nbGUubWFwcy5wbGFjZXMudjEuUGxhY2VzLlNlYXJjaFRleHQQAhgEIAA"
cmpd0gfns028wq1sett3600n4,"Aum Shala. Yoga, Pilates y Bienestar",,664 23 45 65,"Aum Shala. Yoga, Pilates y Bienestar",,España,google-maps,atleevoyoga,NUEVO,MEDIA,,,2026-05-19T19:13:15.593Z,2026-05-19T19:13:15.593Z,http://www.aumshala.com/,"C. Voluntariado, 3, 1º Izquierda - Local 34, 15003 La Coruña",A Coruña,5,48,https://maps.google.com/?cid=13734715854971859785&g_mp=Cidnb29nbGUubWFwcy5wbGFjZXMudjEuUGxhY2VzLlNlYXJjaFRleHQQAhgEIAA,yoga_studio,OPERATIONAL,"Importado desde Google Maps
Tipo: Centro de yoga
Dirección: C. Voluntariado, 3, 1º Izquierda - Local 34, 15003 La Coruña
Google: 5⭐ (48 reseñas)
Web: http://www.aumshala.com/
Maps: https://maps.google.com/?cid=13734715854971859785&g_mp=Cidnb29nbGUubWFwcy5wbGFjZXMudjEuUGxhY2VzLlNlYXJjaFRleHQQAhgEIAA"
cmpd0gfwx028xq1sevzt9sjer,Útera Lunera | Yoga y Meditación,,662 00 50 33,Útera Lunera | Yoga y Meditación,,España,google-maps,atleevoyoga,NUEVO,MEDIA,,,2026-05-19T19:13:15.922Z,2026-05-19T19:13:15.922Z,https://utera-lunera.blogspot.com/2022/01/yoga-en-monte-alto-coruna.html,"Rda. de Monte Alto, 40, bajo, 15002 La Coruña",A Coruña,4.9,83,https://maps.google.com/?cid=8374091059711682700&g_mp=Cidnb29nbGUubWFwcy5wbGFjZXMudjEuUGxhY2VzLlNlYXJjaFRleHQQAhgEIAA,yoga_studio,OPERATIONAL,"Importado desde Google Maps
Tipo: Centro de yoga
Dirección: Rda. de Monte Alto, 40, bajo, 15002 La Coruña
Google: 4.9⭐ (83 reseñas)
Web: https://utera-lunera.blogspot.com/2022/01/yoga-en-monte-alto-coruna.html
Maps: https://maps.google.com/?cid=8374091059711682700&g_mp=Cidnb29nbGUubWFwcy5wbGFjZXMudjEuUGxhY2VzLlNlYXJjaFRleHQQAhgEIAA"
cmpd0gg6d028yq1se172k20cp,Deva Studio,,,Deva Studio,,España,google-maps,atleevoyoga,NUEVO,MEDIA,,,2026-05-19T19:13:16.261Z,2026-05-19T19:13:16.261Z,https://devastudioyoga.com/,"R. Forcarei, 7A, 15002 A Coruña",A Coruña,4.9,40,https://maps.google.com/?cid=4002836953506695453&g_mp=Cidnb29nbGUubWFwcy5wbGFjZXMudjEuUGxhY2VzLlNlYXJjaFRleHQQAhgEIAA,yoga_studio,OPERATIONAL,"Importado desde Google Maps
Tipo: Centro de yoga
Dirección: R. Forcarei, 7A, 15002 A Coruña
Google: 4.9⭐ (40 reseñas)
Web: https://devastudioyoga.com/
Maps: https://maps.google.com/?cid=4002836953506695453&g_mp=Cidnb29nbGUubWFwcy5wbGFjZXMudjEuUGxhY2VzLlNlYXJjaFRleHQQAhgEIAA"
cmpd0ggfc028zq1se4n3943zq,MUKTA YOGA,,699 46 73 29,MUKTA YOGA,,España,google-maps,atleevoyoga,NUEVO,MEDIA,,,2026-05-19T19:13:16.584Z,2026-05-19T19:13:16.584Z,http://www.muktayoga.es/,"Rúa Alcalde Soto González, 5, 15005 A Coruña",A Coruña,4.9,34,https://maps.google.com/?cid=14752575310739624336&g_mp=Cidnb29nbGUubWFwcy5wbGFjZXMudjEuUGxhY2VzLlNlYXJjaFRleHQQAhgEIAA,yoga_studio,OPERATIONAL,"Importado desde Google Maps
Tipo: Centro de yoga
Dirección: Rúa Alcalde Soto González, 5, 15005 A Coruña
Google: 4.9⭐ (34 reseñas)
Web: http://www.muktayoga.es/
Maps: https://maps.google.com/?cid=14752575310739624336&g_mp=Cidnb29nbGUubWFwcy5wbGFjZXMudjEuUGxhY2VzLlNlYXJjaFRleHQQAhgEIAA"
cmpd0ggow0290q1se9o000jvq,Studio Casa Sana,,613 11 15 03,Studio Casa Sana,,España,google-maps,atleevoyoga,NUEVO,MEDIA,,,2026-05-19T19:13:16.928Z,2026-05-19T19:13:16.928Z,https://www.studiocasasana.com/,"Rúa Emilia Pardo Bazán, 5, 15005 A Coruña",A Coruña,4.9,227,https://maps.google.com/?cid=9471225873676670869&g_mp=Cidnb29nbGUubWFwcy5wbGFjZXMudjEuUGxhY2VzLlNlYXJjaFRleHQQAhgEIAA,gym,OPERATIONAL,"Importado desde Google Maps
Tipo: Gimnasio
Dirección: Rúa Emilia Pardo Bazán, 5, 15005 A Coruña
Google: 4.9⭐ (227 reseñas)
Web: https://www.studiocasasana.com/
Maps: https://maps.google.com/?cid=9471225873676670869&g_mp=Cidnb29nbGUubWFwcy5wbGFjZXMudjEuUGxhY2VzLlNlYXJjaFRleHQQAhgEIAA"
cmpd0ggy00291q1se4ljpd7te,Centro Más Que Yoga,,637 02 30 49,Centro Más Que Yoga,,España,google-maps,atleevoyoga,NUEVO,MEDIA,,,2026-05-19T19:13:17.257Z,2026-05-19T19:13:17.257Z,https://centromasqueyoga.es/,"R. San Roque, 10, 1º, 15002 A Coruña",A Coruña,4.9,13,https://maps.google.com/?cid=9236930650702674655&g_mp=Cidnb29nbGUubWFwcy5wbGFjZXMudjEuUGxhY2VzLlNlYXJjaFRleHQQAhgEIAA,yoga_studio,OPERATIONAL,"Importado desde Google Maps
Tipo: Centro de yoga
Dirección: R. San Roque, 10, 1º, 15002 A Coruña
Google: 4.9⭐ (13 reseñas)
Web: https://centromasqueyoga.es/
Maps: https://maps.google.com/?cid=9236930650702674655&g_mp=Cidnb29nbGUubWFwcy5wbGFjZXMudjEuUGxhY2VzLlNlYXJjaFRleHQQAhgEIAA"
cmpd0gh790292q1sebt8uno8p,Col Studio - Arte y Yoga,,614 82 74 50,Col Studio - Arte y Yoga,,España,google-maps,atleevoyoga,NUEVO,MEDIA,,,2026-05-19T19:13:17.590Z,2026-05-19T19:13:17.590Z,http://www.colstudio.es/,"C. Nueva Tr.ª Buenavista, 12, 15006 La Coruña",A Coruña,5,3,https://maps.google.com/?cid=2144275304818040025&g_mp=Cidnb29nbGUubWFwcy5wbGFjZXMudjEuUGxhY2VzLlNlYXJjaFRleHQQAhgEIAA,yoga_studio,OPERATIONAL,"Importado desde Google Maps
Tipo: Centro de yoga
Dirección: C. Nueva Tr.ª Buenavista, 12, 15006 La Coruña
Google: 5⭐ (3 reseñas)
Web: http://www.colstudio.es/
Maps: https://maps.google.com/?cid=2144275304818040025&g_mp=Cidnb29nbGUubWFwcy5wbGFjZXMudjEuUGxhY2VzLlNlYXJjaFRleHQQAhgEIAA"
cmpd0ghg70293q1segr24gmbw,"Pasión Yoga | Clases de Yoga, pilates, Bailes y Tonificación consciente | A Coruña",,722 62 82 80,"Pasión Yoga | Clases de Yoga, pilates, Bailes y Tonificación consciente | A Coruña",,España,google-maps,atleevoyoga,NUEVO,MEDIA,,,2026-05-19T19:13:17.912Z,2026-05-19T19:13:17.912Z,https://escuelapasionyoga.com/contacto,"Rúa Monasterio de Caaveiro, 10, 15010 A Coruña",A Coruña,5,13,https://maps.google.com/?cid=12831718581800564526&g_mp=Cidnb29nbGUubWFwcy5wbGFjZXMudjEuUGxhY2VzLlNlYXJjaFRleHQQAhgEIAA,yoga_studio,OPERATIONAL,"Importado desde Google Maps
Tipo: Centro de yoga
Dirección: Rúa Monasterio de Caaveiro, 10, 15010 A Coruña
Google: 5⭐ (13 reseñas)
Web: https://escuelapasionyoga.com/contacto
Maps: https://maps.google.com/?cid=12831718581800564526&g_mp=Cidnb29nbGUubWFwcy5wbGFjZXMudjEuUGxhY2VzLlNlYXJjaFRleHQQAhgEIAA"
cmpd0ghpi0294q1se6ya10stq,Indara Estudio Yoga,,661 87 29 39,Indara Estudio Yoga,,España,google-maps,atleevoyoga,NUEVO,MEDIA,,,2026-05-19T19:13:18.246Z,2026-05-19T19:13:18.246Z,,"Rúa Juan Castro Mosquera, 64, 1º, 15005 A Coruña",A Coruña,4.9,27,https://maps.google.com/?cid=18169593284836147172&g_mp=Cidnb29nbGUubWFwcy5wbGFjZXMudjEuUGxhY2VzLlNlYXJjaFRleHQQAhgEIAA,yoga_studio,OPERATIONAL,"Importado desde Google Maps
Tipo: Centro de yoga
Dirección: Rúa Juan Castro Mosquera, 64, 1º, 15005 A Coruña
Google: 4.9⭐ (27 reseñas)
Maps: https://maps.google.com/?cid=18169593284836147172&g_mp=Cidnb29nbGUubWFwcy5wbGFjZXMudjEuUGxhY2VzLlNlYXJjaFRleHQQAhgEIAA"
cmpd0ghyk0295q1sexs7pnc6x,Om Yoga,,618 19 51 47,Om Yoga,,España,google-maps,atleevoyoga,NUEVO,MEDIA,,,2026-05-19T19:13:18.572Z,2026-05-19T19:13:18.572Z,https://omyogacoruna.com/,"Avenida Ernesto Che Guevara, 58, Bajo izquierda, 15172 Perillo, La Coruña",A Coruña,5,34,https://maps.google.com/?cid=8326803233868388694&g_mp=Cidnb29nbGUubWFwcy5wbGFjZXMudjEuUGxhY2VzLlNlYXJjaFRleHQQAhgEIAA,yoga_studio,OPERATIONAL,"Importado desde Google Maps
Tipo: Centro de yoga
Dirección: Avenida Ernesto Che Guevara, 58, Bajo izquierda, 15172 Perillo, La Coruña
Google: 5⭐ (34 reseñas)
Web: https://omyogacoruna.com/
Maps: https://maps.google.com/?cid=8326803233868388694&g_mp=Cidnb29nbGUubWFwcy5wbGFjZXMudjEuUGxhY2VzLlNlYXJjaFRleHQQAhgEIAA"
cmpd0gi7n0296q1seff3xhlrr,Escuela de Yoga Saraswati,,606 15 10 29,Escuela de Yoga Saraswati,,España,google-maps,atleevoyoga,NUEVO,MEDIA,,,2026-05-19T19:13:18.900Z,2026-05-19T19:13:18.900Z,http://www.saraswatiyoga.es/,"Rúa Nova, 25, 1ºI, 15003 La Coruña",A Coruña,5,7,https://maps.google.com/?cid=10450127665102453481&g_mp=Cidnb29nbGUubWFwcy5wbGFjZXMudjEuUGxhY2VzLlNlYXJjaFRleHQQAhgEIAA,yoga_studio,OPERATIONAL,"Importado desde Google Maps
Tipo: Centro de yoga
Dirección: Rúa Nova, 25, 1ºI, 15003 La Coruña
Google: 5⭐ (7 reseñas)
Web: http://www.saraswatiyoga.es/
Maps: https://maps.google.com/?cid=10450127665102453481&g_mp=Cidnb29nbGUubWFwcy5wbGFjZXMudjEuUGxhY2VzLlNlYXJjaFRleHQQAhgEIAA"
cmpd0gih10297q1seulg3y5o1,Estudio de Yoga Iyengar Elviña - A Coruña,,610 05 15 30,Estudio de Yoga Iyengar Elviña - A Coruña,,España,google-maps,atleevoyoga,NUEVO,MEDIA,,,2026-05-19T19:13:19.237Z,2026-05-19T19:13:19.237Z,http://www.yogaiyengarelvinacoruna.es/,"C. Álvaro Cunqueiro, 2, entreplanta, 15008 La Coruña",A Coruña,4.8,6,https://maps.google.com/?cid=12264154010072098875&g_mp=Cidnb29nbGUubWFwcy5wbGFjZXMudjEuUGxhY2VzLlNlYXJjaFRleHQQAhgEIAA,yoga_studio,OPERATIONAL,"Importado desde Google Maps
Tipo: Centro de yoga
Dirección: C. Álvaro Cunqueiro, 2, entreplanta, 15008 La Coruña
Google: 4.8⭐ (6 reseñas)
Web: http://www.yogaiyengarelvinacoruna.es/
Maps: https://maps.google.com/?cid=12264154010072098875&g_mp=Cidnb29nbGUubWFwcy5wbGFjZXMudjEuUGxhY2VzLlNlYXJjaFRleHQQAhgEIAA"
cmpd0gir40298q1sectlnlfo8,Bharani Yoga,,623 97 40 73,Bharani Yoga,,España,google-maps,atleevoyoga,NUEVO,MEDIA,,,2026-05-19T19:13:19.600Z,2026-05-19T19:13:19.600Z,https://www.instagram.com/bharani_yoga/,"Rúa Marqués de Pontejos, 8, bajo izquierda, 15001 A Coruña",A Coruña,5,21,https://maps.google.com/?cid=9872297164320069236&g_mp=Cidnb29nbGUubWFwcy5wbGFjZXMudjEuUGxhY2VzLlNlYXJjaFRleHQQAhgEIAA,yoga_studio,OPERATIONAL,"Importado desde Google Maps
Tipo: Centro de yoga
Dirección: Rúa Marqués de Pontejos, 8, bajo izquierda, 15001 A Coruña
Google: 5⭐ (21 reseñas)
Web: https://www.instagram.com/bharani_yoga/
Maps: https://maps.google.com/?cid=9872297164320069236&g_mp=Cidnb29nbGUubWFwcy5wbGFjZXMudjEuUGxhY2VzLlNlYXJjaFRleHQQAhgEIAA"
cmpd0gj070299q1sefb8cy7fz,Cataventos,,638 59 17 41,Cataventos,,España,google-maps,atleevoyoga,NUEVO,MEDIA,,,2026-05-19T19:13:19.927Z,2026-05-19T19:13:19.927Z,http://cataventos.yoga/,"Rúa Miguel Servet, 20, 15002 A Coruña",A Coruña,4.8,29,https://maps.google.com/?cid=14711615791054145823&g_mp=Cidnb29nbGUubWFwcy5wbGFjZXMudjEuUGxhY2VzLlNlYXJjaFRleHQQAhgEIAA,yoga_studio,OPERATIONAL,"Importado desde Google Maps
Tipo: Centro de yoga
Dirección: Rúa Miguel Servet, 20, 15002 A Coruña
Google: 4.8⭐ (29 reseñas)
Web: http://cataventos.yoga/
Maps: https://maps.google.com/?cid=14711615791054145823&g_mp=Cidnb29nbGUubWFwcy5wbGFjZXMudjEuUGxhY2VzLlNlYXJjaFRleHQQAhgEIAA"
cmpd0gj9f029aq1se9cuyr5b6,939 Studio Pole & Pilates,,665 61 91 13,939 Studio Pole & Pilates,,España,google-maps,atleevoyoga,NUEVO,MEDIA,,,2026-05-19T19:13:20.260Z,2026-05-19T19:13:20.260Z,https://www.939studio.com/,"Rúa Doutor Fleming, 14, 15005 A Coruña",A Coruña,4.9,61,https://maps.google.com/?cid=10581867002099498928&g_mp=Cidnb29nbGUubWFwcy5wbGFjZXMudjEuUGxhY2VzLlNlYXJjaFRleHQQAhgEIAA,fitness_center,OPERATIONAL,"Importado desde Google Maps
Tipo: Centro deportivo
Dirección: Rúa Doutor Fleming, 14, 15005 A Coruña
Google: 4.9⭐ (61 reseñas)
Web: https://www.939studio.com/
Maps: https://maps.google.com/?cid=10581867002099498928&g_mp=Cidnb29nbGUubWFwcy5wbGFjZXMudjEuUGxhY2VzLlNlYXJjaFRleHQQAhgEIAA"
cmpd0gjie029bq1se23pt40ms,Sol Pousadas Yoga,,633 63 66 96,Sol Pousadas Yoga,,España,google-maps,atleevoyoga,NUEVO,MEDIA,,,2026-05-19T19:13:20.582Z,2026-05-19T19:13:20.582Z,https://solpousadas.com/,"Rúa Rosalía de Castro, 12, 15004 A Coruña",A Coruña,5,55,https://maps.google.com/?cid=3222790387562108367&g_mp=Cidnb29nbGUubWFwcy5wbGFjZXMudjEuUGxhY2VzLlNlYXJjaFRleHQQAhgEIAA,,OPERATIONAL,"Importado desde Google Maps
Dirección: Rúa Rosalía de Castro, 12, 15004 A Coruña
Google: 5⭐ (55 reseñas)
Web: https://solpousadas.com/
Maps: https://maps.google.com/?cid=3222790387562108367&g_mp=Cidnb29nbGUubWFwcy5wbGFjZXMudjEuUGxhY2VzLlNlYXJjaFRleHQQAhgEIAA"
cmpd0gjrk029cq1se49wqm0mq,RenaSer Yoga Integral,,608 45 28 11,RenaSer Yoga Integral,,España,google-maps,atleevoyoga,NUEVO,MEDIA,,,2026-05-19T19:13:20.913Z,2026-05-19T19:13:20.913Z,https://www.instagram.com/renaseryoga_?igsh=MWs3c2poY3piZHVxdQ==,"Rúa Posse, 27, 15009 A Coruña",A Coruña,4.9,17,https://maps.google.com/?cid=12976241118302895601&g_mp=Cidnb29nbGUubWFwcy5wbGFjZXMudjEuUGxhY2VzLlNlYXJjaFRleHQQAhgEIAA,yoga_studio,OPERATIONAL,"Importado desde Google Maps
Tipo: Centro de yoga
Dirección: Rúa Posse, 27, 15009 A Coruña
Google: 4.9⭐ (17 reseñas)
Web: https://www.instagram.com/renaseryoga_?igsh=MWs3c2poY3piZHVxdQ==
Maps: https://maps.google.com/?cid=12976241118302895601&g_mp=Cidnb29nbGUubWFwcy5wbGFjZXMudjEuUGxhY2VzLlNlYXJjaFRleHQQAhgEIAA"
cmpd0gk0v029dq1se2frh0kas,"Emovere Centro de Meditación, Yoga y crecimiento personal",,678 86 60 65,"Emovere Centro de Meditación, Yoga y crecimiento personal",,España,google-maps,atleevoyoga,NUEVO,MEDIA,,,2026-05-19T19:13:21.247Z,2026-05-19T19:13:21.247Z,http://www.emoverecentro.com/,"C. Federico Tapia, 65, 1º izq, 15005 La Coruña",A Coruña,5,9,https://maps.google.com/?cid=1737044043242749833&g_mp=Cidnb29nbGUubWFwcy5wbGFjZXMudjEuUGxhY2VzLlNlYXJjaFRleHQQAhgEIAA,yoga_studio,OPERATIONAL,"Importado desde Google Maps
Tipo: Centro de yoga
Dirección: C. Federico Tapia, 65, 1º izq, 15005 La Coruña
Google: 5⭐ (9 reseñas)
Web: http://www.emoverecentro.com/
Maps: https://maps.google.com/?cid=1737044043242749833&g_mp=Cidnb29nbGUubWFwcy5wbGFjZXMudjEuUGxhY2VzLlNlYXJjaFRleHQQAhgEIAA"
cmpd0gka4029eq1seivcrobyr,Saisa Estudio,,659 69 19 97,Saisa Estudio,,España,google-maps,atleevoyoga,NUEVO,MEDIA,,,2026-05-19T19:13:21.580Z,2026-05-19T19:13:21.580Z,https://www.saisaestudio.es/,"Rúa Emilio González López, 1A, 15011 A Coruña",A Coruña,4.9,48,https://maps.google.com/?cid=5567386598967720518&g_mp=Cidnb29nbGUubWFwcy5wbGFjZXMudjEuUGxhY2VzLlNlYXJjaFRleHQQAhgEIAA,gym,OPERATIONAL,"Importado desde Google Maps
Tipo: Gimnasio
Dirección: Rúa Emilio González López, 1A, 15011 A Coruña
Google: 4.9⭐ (48 reseñas)
Web: https://www.saisaestudio.es/
Maps: https://maps.google.com/?cid=5567386598967720518&g_mp=Cidnb29nbGUubWFwcy5wbGFjZXMudjEuUGxhY2VzLlNlYXJjaFRleHQQAhgEIAA"
cmpd0gkjb029fq1se94nocxi8,Pilates Goa,,699 93 12 02,Pilates Goa,,España,google-maps,atleevoyoga,NUEVO,MEDIA,,,2026-05-19T19:13:21.911Z,2026-05-19T19:13:21.911Z,https://www.goacoruna.com/clases,"Rda. de Outeiro, 421, 1A, 15011 La Coruña",A Coruña,5,73,https://maps.google.com/?cid=541953575870310911&g_mp=Cidnb29nbGUubWFwcy5wbGFjZXMudjEuUGxhY2VzLlNlYXJjaFRleHQQAhgEIAA,gym,OPERATIONAL,"Importado desde Google Maps
Tipo: Gimnasio
Dirección: Rda. de Outeiro, 421, 1A, 15011 La Coruña
Google: 5⭐ (73 reseñas)
Web: https://www.goacoruna.com/clases
Maps: https://maps.google.com/?cid=541953575870310911&g_mp=Cidnb29nbGUubWFwcy5wbGFjZXMudjEuUGxhY2VzLlNlYXJjaFRleHQQAhgEIAA"
cmpd0gksd029gq1sef82solv3,ShantaVira,,696 50 89 72,ShantaVira,,España,google-maps,atleevoyoga,NUEVO,MEDIA,,,2026-05-19T19:13:22.238Z,2026-05-19T19:13:22.238Z,,"C. Costa da Unión, 9, Bajo, 15005 La Coruña",A Coruña,5,5,https://maps.google.com/?cid=13828933049306573522&g_mp=Cidnb29nbGUubWFwcy5wbGFjZXMudjEuUGxhY2VzLlNlYXJjaFRleHQQAhgEIAA,yoga_studio,OPERATIONAL,"Importado desde Google Maps
Tipo: Centro de yoga
Dirección: C. Costa da Unión, 9, Bajo, 15005 La Coruña
Google: 5⭐ (5 reseñas)
Maps: https://maps.google.com/?cid=13828933049306573522&g_mp=Cidnb29nbGUubWFwcy5wbGFjZXMudjEuUGxhY2VzLlNlYXJjaFRleHQQAhgEIAA"
cmpd0gl1e029hq1sewl5rm9s4,YogaOne Riazor,,649 50 59 26,YogaOne Riazor,,España,google-maps,atleevoyoga,NUEVO,MEDIA,,,2026-05-19T19:13:22.562Z,2026-05-19T19:13:22.562Z,https://www.yogaone.es/es/riazor,"Rúa Alfredo Vicenti, 45, 15004 A Coruña",A Coruña,4.6,16,https://maps.google.com/?cid=6823319938118398567&g_mp=Cidnb29nbGUubWFwcy5wbGFjZXMudjEuUGxhY2VzLlNlYXJjaFRleHQQAhgEIAA,yoga_studio,OPERATIONAL,"Importado desde Google Maps
Tipo: Centro de yoga
Dirección: Rúa Alfredo Vicenti, 45, 15004 A Coruña
Google: 4.6⭐ (16 reseñas)
Web: https://www.yogaone.es/es/riazor
Maps: https://maps.google.com/?cid=6823319938118398567&g_mp=Cidnb29nbGUubWFwcy5wbGFjZXMudjEuUGxhY2VzLlNlYXJjaFRleHQQAhgEIAA"
cmpd0glak029iq1sevxeiotoh,Move & Mind studio,,658 36 65 39,Move & Mind studio,,España,google-maps,atleevoyoga,NUEVO,MEDIA,,,2026-05-19T19:13:22.892Z,2026-05-19T19:13:22.892Z,http://www.moveandmind.es/,"Av. Santa Cristina, 28, bajo 1, 15172 Oleiros, La Coruña",A Coruña,4.9,48,https://maps.google.com/?cid=3028584626534573393&g_mp=Cidnb29nbGUubWFwcy5wbGFjZXMudjEuUGxhY2VzLlNlYXJjaFRleHQQAhgEIAA,gym,OPERATIONAL,"Importado desde Google Maps
Tipo: Gimnasio
Dirección: Av. Santa Cristina, 28, bajo 1, 15172 Oleiros, La Coruña
Google: 4.9⭐ (48 reseñas)
Web: http://www.moveandmind.es/
Maps: https://maps.google.com/?cid=3028584626534573393&g_mp=Cidnb29nbGUubWFwcy5wbGFjZXMudjEuUGxhY2VzLlNlYXJjaFRleHQQAhgEIAA"
cmpd0gljq029jq1se65gfmxjr,Aeroyoga - Yoga with Raffaella,,630 96 76 74,Aeroyoga - Yoga with Raffaella,,España,google-maps,atleevoyoga,NUEVO,MEDIA,,,2026-05-19T19:13:23.222Z,2026-05-19T19:13:23.222Z,https://yogawithraffaella.com/,"Avenida Ernesto Che Guevara, 31, 15172 Oleiros, A Coruña",A Coruña,5,22,https://maps.google.com/?cid=12024519491082057891&g_mp=Cidnb29nbGUubWFwcy5wbGFjZXMudjEuUGxhY2VzLlNlYXJjaFRleHQQAhgEIAA,,OPERATIONAL,"Importado desde Google Maps
Dirección: Avenida Ernesto Che Guevara, 31, 15172 Oleiros, A Coruña
Google: 5⭐ (22 reseñas)
Web: https://yogawithraffaella.com/
Maps: https://maps.google.com/?cid=12024519491082057891&g_mp=Cidnb29nbGUubWFwcy5wbGFjZXMudjEuUGxhY2VzLlNlYXJjaFRleHQQAhgEIAA"
cmpd0gltz029kq1secl45mr9a,Sanara Studio,,678 93 24 77,Sanara Studio,,España,google-maps,atleevoyoga,NUEVO,MEDIA,,,2026-05-19T19:13:23.591Z,2026-05-19T19:13:23.591Z,,"C. Donantes de Sangre, 2, Escalera Derecha, 1º A, 15004 La Coruña",A Coruña,5,2,https://maps.google.com/?cid=2354376158175998036&g_mp=Cidnb29nbGUubWFwcy5wbGFjZXMudjEuUGxhY2VzLlNlYXJjaFRleHQQAhgEIAA,gym,OPERATIONAL,"Importado desde Google Maps
Tipo: Gimnasio
Dirección: C. Donantes de Sangre, 2, Escalera Derecha, 1º A, 15004 La Coruña
Google: 5⭐ (2 reseñas)
Maps: https://maps.google.com/?cid=2354376158175998036&g_mp=Cidnb29nbGUubWFwcy5wbGFjZXMudjEuUGxhY2VzLlNlYXJjaFRleHQQAhgEIAA"
cmpd0gm3k029lq1segynjuk7b,Mobclub,,623 76 96 52,Mobclub,,España,google-maps,atleevoyoga,NUEVO,MEDIA,,,2026-05-19T19:13:23.936Z,2026-05-19T19:13:23.936Z,https://mobclub.es/,"C. San Andrés, 145, Bajo, 15003 La Coruña",A Coruña,5,48,https://maps.google.com/?cid=16606956350441417373&g_mp=Cidnb29nbGUubWFwcy5wbGFjZXMudjEuUGxhY2VzLlNlYXJjaFRleHQQAhgEIAA,gym,OPERATIONAL,"Importado desde Google Maps
Tipo: Gimnasio
Dirección: C. San Andrés, 145, Bajo, 15003 La Coruña
Google: 5⭐ (48 reseñas)
Web: https://mobclub.es/
Maps: https://maps.google.com/?cid=16606956350441417373&g_mp=Cidnb29nbGUubWFwcy5wbGFjZXMudjEuUGxhY2VzLlNlYXJjaFRleHQQAhgEIAA"
cmpd0gmco029mq1se5dwn58ka,IF: Fuerza y Vitalidad,,619 04 04 00,IF: Fuerza y Vitalidad,,España,google-maps,atleevoyoga,NUEVO,MEDIA,,,2026-05-19T19:13:24.265Z,2026-05-19T19:13:24.265Z,http://www.iogaefitness.com/,"Praza de Lugo, 23, 15004 A Coruña",A Coruña,4.7,24,https://maps.google.com/?cid=16856527452512080577&g_mp=Cidnb29nbGUubWFwcy5wbGFjZXMudjEuUGxhY2VzLlNlYXJjaFRleHQQAhgEIAA,gym,OPERATIONAL,"Importado desde Google Maps
Tipo: Gimnasio
Dirección: Praza de Lugo, 23, 15004 A Coruña
Google: 4.7⭐ (24 reseñas)
Web: http://www.iogaefitness.com/
Maps: https://maps.google.com/?cid=16856527452512080577&g_mp=Cidnb29nbGUubWFwcy5wbGFjZXMudjEuUGxhY2VzLlNlYXJjaFRleHQQAhgEIAA"
cmpd0gmln029nq1seozz04sfc,Espacio Silvestre,,637 41 91 80,Espacio Silvestre,,España,google-maps,atleevoyoga,NUEVO,MEDIA,,,2026-05-19T19:13:24.587Z,2026-05-19T19:13:24.587Z,http://espaciosilvestre.es/,"C. Federico Tapia, 14, 3D, 15005 La Coruña",A Coruña,5,2,https://maps.google.com/?cid=17707929898175612741&g_mp=Cidnb29nbGUubWFwcy5wbGFjZXMudjEuUGxhY2VzLlNlYXJjaFRleHQQAhgEIAA,service,OPERATIONAL,"Importado desde Google Maps
Tipo: Servicios
Dirección: C. Federico Tapia, 14, 3D, 15005 La Coruña
Google: 5⭐ (2 reseñas)
Web: http://espaciosilvestre.es/
Maps: https://maps.google.com/?cid=17707929898175612741&g_mp=Cidnb29nbGUubWFwcy5wbGFjZXMudjEuUGxhY2VzLlNlYXJjaFRleHQQAhgEIAA"
cmpd0gmuv029oq1se70eqfuoj,Coruña Sport Centre,,981 10 02 13,Coruña Sport Centre,,España,google-maps,atleevoyoga,NUEVO,MEDIA,,,2026-05-19T19:13:24.919Z,2026-05-19T19:13:24.919Z,http://www.corunasportcentre.com/,"Cl. Enrique Mariñas Romero, 32, F, 15009 La Coruña",A Coruña,4.4,119,https://maps.google.com/?cid=5509780450158188652&g_mp=Cidnb29nbGUubWFwcy5wbGFjZXMudjEuUGxhY2VzLlNlYXJjaFRleHQQAhgEIAA,gym,OPERATIONAL,"Importado desde Google Maps
Tipo: Gimnasio
Dirección: Cl. Enrique Mariñas Romero, 32, F, 15009 La Coruña
Google: 4.4⭐ (119 reseñas)
Web: http://www.corunasportcentre.com/
Maps: https://maps.google.com/?cid=5509780450158188652&g_mp=Cidnb29nbGUubWFwcy5wbGFjZXMudjEuUGxhY2VzLlNlYXJjaFRleHQQAhgEIAA"
cmpd0gn3w029pq1se8z9amaqv,ESTUDIO DE PILATES CARMEN FERNANDEZ,,617 19 16 72,ESTUDIO DE PILATES CARMEN FERNANDEZ,,España,google-maps,atleevoyoga,NUEVO,MEDIA,,,2026-05-19T19:13:25.245Z,2026-05-19T19:13:25.245Z,http://www.pilatesfemenino.es/,"Av. de Oza, 72, bajo, 15006 La Coruña",A Coruña,4.9,84,https://maps.google.com/?cid=18111285717953063521&g_mp=Cidnb29nbGUubWFwcy5wbGFjZXMudjEuUGxhY2VzLlNlYXJjaFRleHQQAhgEIAA,gym,OPERATIONAL,"Importado desde Google Maps
Tipo: Gimnasio
Dirección: Av. de Oza, 72, bajo, 15006 La Coruña
Google: 4.9⭐ (84 reseñas)
Web: http://www.pilatesfemenino.es/
Maps: https://maps.google.com/?cid=18111285717953063521&g_mp=Cidnb29nbGUubWFwcy5wbGFjZXMudjEuUGxhY2VzLlNlYXJjaFRleHQQAhgEIAA"
cmpd0gncw029qq1se7jqqdhb8,Spazio Pilates,,881 92 75 73,Spazio Pilates,,España,google-maps,atleevoyoga,NUEVO,MEDIA,,,2026-05-19T19:13:25.568Z,2026-05-19T19:13:25.568Z,http://www.pilatescoruna.com/,"Rúa Adelaida Muro, 18, Trabajo, 5, 15002 A Coruña",A Coruña,4.8,20,https://maps.google.com/?cid=9059034862142707488&g_mp=Cidnb29nbGUubWFwcy5wbGFjZXMudjEuUGxhY2VzLlNlYXJjaFRleHQQAhgEIAA,gym,OPERATIONAL,"Importado desde Google Maps
Tipo: Gimnasio
Dirección: Rúa Adelaida Muro, 18, Trabajo, 5, 15002 A Coruña
Google: 4.8⭐ (20 reseñas)
Web: http://www.pilatescoruna.com/
Maps: https://maps.google.com/?cid=9059034862142707488&g_mp=Cidnb29nbGUubWFwcy5wbGFjZXMudjEuUGxhY2VzLlNlYXJjaFRleHQQAhgEIAA"
cmpd0gnnj029rq1seu8zkooo3,Centro Yoga Namaste,,610 45 14 30,Centro Yoga Namaste,,España,google-maps,atleevoyoga,NUEVO,MEDIA,,,2026-05-19T19:13:25.951Z,2026-05-19T19:13:25.951Z,https://es-es.facebook.com/namaste.coruna,"R. San Andrés, 121, PISO 6, 15003 A Coruña",A Coruña,,,https://maps.google.com/?cid=8021047741602392653&g_mp=Cidnb29nbGUubWFwcy5wbGFjZXMudjEuUGxhY2VzLlNlYXJjaFRleHQQAhgEIAA,yoga_studio,OPERATIONAL,"Importado desde Google Maps
Tipo: Centro de yoga
Dirección: R. San Andrés, 121, PISO 6, 15003 A Coruña
Web: https://es-es.facebook.com/namaste.coruna
Maps: https://maps.google.com/?cid=8021047741602392653&g_mp=Cidnb29nbGUubWFwcy5wbGFjZXMudjEuUGxhY2VzLlNlYXJjaFRleHQQAhgEIAA"
cmpd0gnwp029sq1sefcodalcq,Evana Formación Parasanitaria,,688 96 88 05,Evana Formación Parasanitaria,,España,google-maps,atleevoyoga,NUEVO,MEDIA,,,2026-05-19T19:13:26.282Z,2026-05-19T19:13:26.282Z,https://evana.com.co/,"C. Agra del Orzan, 38, 1° Derecha, 15010 La Coruña",A Coruña,4.8,25,https://maps.google.com/?cid=18388980761139875845&g_mp=Cidnb29nbGUubWFwcy5wbGFjZXMudjEuUGxhY2VzLlNlYXJjaFRleHQQAhgEIAA,service,OPERATIONAL,"Importado desde Google Maps
Tipo: Servicios
Dirección: C. Agra del Orzan, 38, 1° Derecha, 15010 La Coruña
Google: 4.8⭐ (25 reseñas)
Web: https://evana.com.co/
Maps: https://maps.google.com/?cid=18388980761139875845&g_mp=Cidnb29nbGUubWFwcy5wbGFjZXMudjEuUGxhY2VzLlNlYXJjaFRleHQQAhgEIAA"
cmpd0go60029tq1seh30w1y7j,Salud y Movimiento,,677 53 35 36,Salud y Movimiento,,España,google-maps,atleevoyoga,NUEVO,MEDIA,,,2026-05-19T19:13:26.616Z,2026-05-19T19:13:26.616Z,http://www.saludymovimiento.es/,"Rda. de Monte Alto, 40, 15002 La Coruña",A Coruña,4.9,68,https://maps.google.com/?cid=11832949424435281480&g_mp=Cidnb29nbGUubWFwcy5wbGFjZXMudjEuUGxhY2VzLlNlYXJjaFRleHQQAhgEIAA,gym,OPERATIONAL,"Importado desde Google Maps
Tipo: Gimnasio
Dirección: Rda. de Monte Alto, 40, 15002 La Coruña
Google: 4.9⭐ (68 reseñas)
Web: http://www.saludymovimiento.es/
Maps: https://maps.google.com/?cid=11832949424435281480&g_mp=Cidnb29nbGUubWFwcy5wbGFjZXMudjEuUGxhY2VzLlNlYXJjaFRleHQQAhgEIAA"
cmpd0gofs029uq1sedn0lm49u,El Laboratorio,,981 90 80 24,El Laboratorio,,España,google-maps,atleevoyoga,NUEVO,MEDIA,,,2026-05-19T19:13:26.968Z,2026-05-19T19:13:26.968Z,http://www.ellaboratorio.art/,"CC Espacio, C. José Pascual López-Cortón, 10, Local 3.07, 15008 La Coruña",A Coruña,5,21,https://maps.google.com/?cid=293315249249100912&g_mp=Cidnb29nbGUubWFwcy5wbGFjZXMudjEuUGxhY2VzLlNlYXJjaFRleHQQAhgEIAA,educational_institution,OPERATIONAL,"Importado desde Google Maps
Tipo: Institución educativa
Dirección: CC Espacio, C. José Pascual López-Cortón, 10, Local 3.07, 15008 La Coruña
Google: 5⭐ (21 reseñas)
Web: http://www.ellaboratorio.art/
Maps: https://maps.google.com/?cid=293315249249100912&g_mp=Cidnb29nbGUubWFwcy5wbGFjZXMudjEuUGxhY2VzLlNlYXJjaFRleHQQAhgEIAA"
cmpd0gooy029vq1sefdq81sxl,Indigo Taichi,,881 87 28 89,Indigo Taichi,,España,google-maps,atleevoyoga,NUEVO,MEDIA,,,2026-05-19T19:13:27.299Z,2026-05-19T19:13:27.299Z,http://www.indigotaichi.com/,"Rúa Inés de Castro, 9, 15005 A Coruña",A Coruña,5,19,https://maps.google.com/?cid=9489683373551108485&g_mp=Cidnb29nbGUubWFwcy5wbGFjZXMudjEuUGxhY2VzLlNlYXJjaFRleHQQAhgEIAA,gym,OPERATIONAL,"Importado desde Google Maps
Tipo: Gimnasio
Dirección: Rúa Inés de Castro, 9, 15005 A Coruña
Google: 5⭐ (19 reseñas)
Web: http://www.indigotaichi.com/
Maps: https://maps.google.com/?cid=9489683373551108485&g_mp=Cidnb29nbGUubWFwcy5wbGFjZXMudjEuUGxhY2VzLlNlYXJjaFRleHQQAhgEIAA"
cmpd0goxx029wq1seo2wqbz4a,Suriya,,698 16 56 00,Suriya,,España,google-maps,atleevoyoga,NUEVO,MEDIA,,,2026-05-19T19:13:27.621Z,2026-05-19T19:13:27.621Z,https://espaciosuriyablog.wordpress.com/,"C. Luciano Caño, 2, 1°, 15004, 15004 La Coruña",A Coruña,4.7,24,https://maps.google.com/?cid=7984446210892944783&g_mp=Cidnb29nbGUubWFwcy5wbGFjZXMudjEuUGxhY2VzLlNlYXJjaFRleHQQAhgEIAA,association_or_organization,OPERATIONAL,"Importado desde Google Maps
Tipo: Asociación u organización
Dirección: C. Luciano Caño, 2, 1°, 15004, 15004 La Coruña
Google: 4.7⭐ (24 reseñas)
Web: https://espaciosuriyablog.wordpress.com/
Maps: https://maps.google.com/?cid=7984446210892944783&g_mp=Cidnb29nbGUubWFwcy5wbGFjZXMudjEuUGxhY2VzLlNlYXJjaFRleHQQAhgEIAA"
cmpd0gp74029xq1sektqlstxq,The Yoga Dojo - Coruña,,660 73 31 03,The Yoga Dojo - Coruña,,España,google-maps,atleevoyoga,NUEVO,MEDIA,,,2026-05-19T19:13:27.953Z,2026-05-19T19:13:27.953Z,https://www.eldojo.es/yoga,"Rúa Río de Monelos, 36, 15006 A Coruña",A Coruña,,,https://maps.google.com/?cid=13434242601733994726&g_mp=Cidnb29nbGUubWFwcy5wbGFjZXMudjEuUGxhY2VzLlNlYXJjaFRleHQQAhgEIAA,yoga_studio,OPERATIONAL,"Importado desde Google Maps
Tipo: Centro de yoga
Dirección: Rúa Río de Monelos, 36, 15006 A Coruña
Web: https://www.eldojo.es/yoga
Maps: https://maps.google.com/?cid=13434242601733994726&g_mp=Cidnb29nbGUubWFwcy5wbGFjZXMudjEuUGxhY2VzLlNlYXJjaFRleHQQAhgEIAA"
cmpd0gxz7029yq1se2t5mru3e,Montana Estudio de Yoga,,,Montana Estudio de Yoga,,España,google-maps,atleevoyoga,NUEVO,MEDIA,,,2026-05-19T19:13:39.331Z,2026-05-19T19:13:39.331Z,http://www.montanayogavitoria.com/,"Florida Kalea, 37, 01005 Vitoria-Gasteiz, Araba",Vitoria-Gasteiz,5,33,https://maps.google.com/?cid=16734201787000763727&g_mp=Cidnb29nbGUubWFwcy5wbGFjZXMudjEuUGxhY2VzLlNlYXJjaFRleHQQAhgEIAA,yoga_studio,OPERATIONAL,"Importado desde Google Maps
Tipo: Centro de yoga
Dirección: Florida Kalea, 37, 01005 Vitoria-Gasteiz, Araba
Google: 5⭐ (33 reseñas)
Web: http://www.montanayogavitoria.com/
Maps: https://maps.google.com/?cid=16734201787000763727&g_mp=Cidnb29nbGUubWFwcy5wbGFjZXMudjEuUGxhY2VzLlNlYXJjaFRleHQQAhgEIAA"
cmpd0gy8f029zq1se9qiroebg,VITORIA YOGA CENTER,,627 48 68 64,VITORIA YOGA CENTER,,España,google-maps,atleevoyoga,NUEVO,MEDIA,,,2026-05-19T19:13:39.663Z,2026-05-19T19:13:39.663Z,http://www.vitoriayogacenter.com/,"Gabriela Mistral Kalea, 6-8, Salburua, 01003 Vitoria-Gasteiz, Araba",Vitoria-Gasteiz,5,34,https://maps.google.com/?cid=15527789737691384998&g_mp=Cidnb29nbGUubWFwcy5wbGFjZXMudjEuUGxhY2VzLlNlYXJjaFRleHQQAhgEIAA,yoga_studio,OPERATIONAL,"Importado desde Google Maps
Tipo: Centro de yoga
Dirección: Gabriela Mistral Kalea, 6-8, Salburua, 01003 Vitoria-Gasteiz, Araba
Google: 5⭐ (34 reseñas)
Web: http://www.vitoriayogacenter.com/
Maps: https://maps.google.com/?cid=15527789737691384998&g_mp=Cidnb29nbGUubWFwcy5wbGFjZXMudjEuUGxhY2VzLlNlYXJjaFRleHQQAhgEIAA"
cmpd0gyhi02a0q1se3l4anz7d,Shama Yoga Estudio,,636 58 24 79,Shama Yoga Estudio,,España,google-maps,atleevoyoga,NUEVO,MEDIA,,,2026-05-19T19:13:39.990Z,2026-05-19T19:13:39.990Z,http://www.shama.es/,"Plaza del Renacimiento, 9, 01004 Vitoria-Gasteiz, Araba",Vitoria-Gasteiz,5,40,https://maps.google.com/?cid=6722092208171217374&g_mp=Cidnb29nbGUubWFwcy5wbGFjZXMudjEuUGxhY2VzLlNlYXJjaFRleHQQAhgEIAA,yoga_studio,OPERATIONAL,"Importado desde Google Maps
Tipo: Centro de yoga
Dirección: Plaza del Renacimiento, 9, 01004 Vitoria-Gasteiz, Araba
Google: 5⭐ (40 reseñas)
Web: http://www.shama.es/
Maps: https://maps.google.com/?cid=6722092208171217374&g_mp=Cidnb29nbGUubWFwcy5wbGFjZXMudjEuUGxhY2VzLlNlYXJjaFRleHQQAhgEIAA"
cmpd0gyqo02a1q1se3tl181ls,Kurma Yoga Gasteiz,,639 23 57 60,Kurma Yoga Gasteiz,,España,google-maps,atleevoyoga,NUEVO,MEDIA,,,2026-05-19T19:13:40.321Z,2026-05-19T19:13:40.321Z,https://kurmayoga.es/,"Brusela Hiribidea, 8, 1ª PLANTA, OFICINA 1, Salburua, 01003 Vitoria-Gasteiz, Araba",Vitoria-Gasteiz,4.9,51,https://maps.google.com/?cid=11139152342311435977&g_mp=Cidnb29nbGUubWFwcy5wbGFjZXMudjEuUGxhY2VzLlNlYXJjaFRleHQQAhgEIAA,yoga_studio,OPERATIONAL,"Importado desde Google Maps
Tipo: Centro de yoga
Dirección: Brusela Hiribidea, 8, 1ª PLANTA, OFICINA 1, Salburua, 01003 Vitoria-Gasteiz, Araba
Google: 4.9⭐ (51 reseñas)
Web: https://kurmayoga.es/
Maps: https://maps.google.com/?cid=11139152342311435977&g_mp=Cidnb29nbGUubWFwcy5wbGFjZXMudjEuUGxhY2VzLlNlYXJjaFRleHQQAhgEIAA"
cmpd0gyzv02a2q1seq44tvrjh,Shankh yoga y meditación,,655 71 77 32,Shankh yoga y meditación,,España,google-maps,atleevoyoga,NUEVO,MEDIA,,,2026-05-19T19:13:40.652Z,2026-05-19T19:13:40.652Z,http://www.shankhyogaymeditacion.com/,"Errege Atea, 8, 01001 Vitoria-Gasteiz, Araba",Vitoria-Gasteiz,5,13,https://maps.google.com/?cid=11805721380166302546&g_mp=Cidnb29nbGUubWFwcy5wbGFjZXMudjEuUGxhY2VzLlNlYXJjaFRleHQQAhgEIAA,yoga_studio,OPERATIONAL,"Importado desde Google Maps
Tipo: Centro de yoga
Dirección: Errege Atea, 8, 01001 Vitoria-Gasteiz, Araba
Google: 5⭐ (13 reseñas)
Web: http://www.shankhyogaymeditacion.com/
Maps: https://maps.google.com/?cid=11805721380166302546&g_mp=Cidnb29nbGUubWFwcy5wbGFjZXMudjEuUGxhY2VzLlNlYXJjaFRleHQQAhgEIAA"
cmpd0gz9c02a3q1se1hipg9sp,BALEA | Akroyoga ta Mugimendua,,722 74 25 90,BALEA | Akroyoga ta Mugimendua,,España,google-maps,atleevoyoga,NUEVO,MEDIA,,,2026-05-19T19:13:40.993Z,2026-05-19T19:13:40.993Z,https://balea-akro.eus/,"Heraclio Fournier Kalea, 39, 01006 Vitoria-Gasteiz, Araba",Vitoria-Gasteiz,5,74,https://maps.google.com/?cid=7526116637957265677&g_mp=Cidnb29nbGUubWFwcy5wbGFjZXMudjEuUGxhY2VzLlNlYXJjaFRleHQQAhgEIAA,yoga_studio,OPERATIONAL,"Importado desde Google Maps
Tipo: Centro de yoga
Dirección: Heraclio Fournier Kalea, 39, 01006 Vitoria-Gasteiz, Araba
Google: 5⭐ (74 reseñas)
Web: https://balea-akro.eus/
Maps: https://maps.google.com/?cid=7526116637957265677&g_mp=Cidnb29nbGUubWFwcy5wbGFjZXMudjEuUGxhY2VzLlNlYXJjaFRleHQQAhgEIAA"
cmpd0gzic02a4q1seah4pc9oh,Zeru Lur Yoga,,611 77 07 70,Zeru Lur Yoga,,España,google-maps,atleevoyoga,NUEVO,MEDIA,,,2026-05-19T19:13:41.316Z,2026-05-19T19:13:41.316Z,http://www.zerulur.yoga/,"Palencia Kalea, 18, 01002 Vitoria-Gasteiz, Araba",Vitoria-Gasteiz,5,11,https://maps.google.com/?cid=13232156089256856684&g_mp=Cidnb29nbGUubWFwcy5wbGFjZXMudjEuUGxhY2VzLlNlYXJjaFRleHQQAhgEIAA,yoga_studio,OPERATIONAL,"Importado desde Google Maps
Tipo: Centro de yoga
Dirección: Palencia Kalea, 18, 01002 Vitoria-Gasteiz, Araba
Google: 5⭐ (11 reseñas)
Web: http://www.zerulur.yoga/
Maps: https://maps.google.com/?cid=13232156089256856684&g_mp=Cidnb29nbGUubWFwcy5wbGFjZXMudjEuUGxhY2VzLlNlYXJjaFRleHQQAhgEIAA"
cmpd0gzrj02a5q1serslzwbmg,Yoga Sita,,615 70 56 11,Yoga Sita,,España,google-maps,atleevoyoga,NUEVO,MEDIA,,,2026-05-19T19:13:41.647Z,2026-05-19T19:13:41.647Z,,"Gorbeia Kalea, 15, 01012 Vitoria-Gasteiz, Araba",Vitoria-Gasteiz,5,4,https://maps.google.com/?cid=11006078385511276008&g_mp=Cidnb29nbGUubWFwcy5wbGFjZXMudjEuUGxhY2VzLlNlYXJjaFRleHQQAhgEIAA,yoga_studio,OPERATIONAL,"Importado desde Google Maps
Tipo: Centro de yoga
Dirección: Gorbeia Kalea, 15, 01012 Vitoria-Gasteiz, Araba
Google: 5⭐ (4 reseñas)
Maps: https://maps.google.com/?cid=11006078385511276008&g_mp=Cidnb29nbGUubWFwcy5wbGFjZXMudjEuUGxhY2VzLlNlYXJjaFRleHQQAhgEIAA"
cmpd0h00j02a6q1selnq37r21,Zentro. Consciencia y bienestar.,,607 59 80 70,Zentro. Consciencia y bienestar.,,España,google-maps,atleevoyoga,NUEVO,MEDIA,,,2026-05-19T19:13:41.972Z,2026-05-19T19:13:41.972Z,http://zentroconsciencia.com/,"Bilar Kalea, 01015 Vitoria-Gasteiz, Araba",Vitoria-Gasteiz,5,59,https://maps.google.com/?cid=6763895409063247983&g_mp=Cidnb29nbGUubWFwcy5wbGFjZXMudjEuUGxhY2VzLlNlYXJjaFRleHQQAhgEIAA,yoga_studio,OPERATIONAL,"Importado desde Google Maps
Tipo: Centro de yoga
Dirección: Bilar Kalea, 01015 Vitoria-Gasteiz, Araba
Google: 5⭐ (59 reseñas)
Web: http://zentroconsciencia.com/
Maps: https://maps.google.com/?cid=6763895409063247983&g_mp=Cidnb29nbGUubWFwcy5wbGFjZXMudjEuUGxhY2VzLlNlYXJjaFRleHQQAhgEIAA"
cmpd0h0a902a7q1seos3la70y,Centro Creciendo,,640 36 38 26,Centro Creciendo,,España,google-maps,atleevoyoga,NUEVO,MEDIA,,,2026-05-19T19:13:42.321Z,2026-05-19T19:13:42.321Z,http://www.centrocreciendo.net/,"Calle del Duque de Wellington, 8, 01010 Vitoria-Gasteiz, Araba",Vitoria-Gasteiz,4.9,79,https://maps.google.com/?cid=2032066027684357043&g_mp=Cidnb29nbGUubWFwcy5wbGFjZXMudjEuUGxhY2VzLlNlYXJjaFRleHQQAhgEIAA,yoga_studio,OPERATIONAL,"Importado desde Google Maps
Tipo: Centro de yoga
Dirección: Calle del Duque de Wellington, 8, 01010 Vitoria-Gasteiz, Araba
Google: 4.9⭐ (79 reseñas)
Web: http://www.centrocreciendo.net/
Maps: https://maps.google.com/?cid=2032066027684357043&g_mp=Cidnb29nbGUubWFwcy5wbGFjZXMudjEuUGxhY2VzLlNlYXJjaFRleHQQAhgEIAA"
cmpd0h0jc02a8q1sep2vihhm8,Ananda Centro Sanitario Yoga | Yoga y Mindfulness en Vitoria-Gasteiz,,627 03 27 21,Ananda Centro Sanitario Yoga | Yoga y Mindfulness en Vitoria-Gasteiz,,España,google-maps,atleevoyoga,NUEVO,MEDIA,,,2026-05-19T19:13:42.649Z,2026-05-19T19:13:42.649Z,https://anandayogavitoria.com/,"Paseo de Berlin, 6, Salburua, 01002 Vitoria-Gasteiz, Araba",Vitoria-Gasteiz,5,32,https://maps.google.com/?cid=4313774995347060310&g_mp=Cidnb29nbGUubWFwcy5wbGFjZXMudjEuUGxhY2VzLlNlYXJjaFRleHQQAhgEIAA,yoga_studio,OPERATIONAL,"Importado desde Google Maps
Tipo: Centro de yoga
Dirección: Paseo de Berlin, 6, Salburua, 01002 Vitoria-Gasteiz, Araba
Google: 5⭐ (32 reseñas)
Web: https://anandayogavitoria.com/
Maps: https://maps.google.com/?cid=4313774995347060310&g_mp=Cidnb29nbGUubWFwcy5wbGFjZXMudjEuUGxhY2VzLlNlYXJjaFRleHQQAhgEIAA"
cmpd0h0sj02a9q1sev72dx2c8,Bhagavan studio,,666 30 07 60,Bhagavan studio,,España,google-maps,atleevoyoga,NUEVO,MEDIA,,,2026-05-19T19:13:42.979Z,2026-05-19T19:13:42.979Z,http://www.bhagavan.studio/,"Sofia Erreginaren Hiribidea, 43, 01015 Vitoria-Gasteiz, Araba",Vitoria-Gasteiz,5,28,https://maps.google.com/?cid=10568715035798457385&g_mp=Cidnb29nbGUubWFwcy5wbGFjZXMudjEuUGxhY2VzLlNlYXJjaFRleHQQAhgEIAA,yoga_studio,OPERATIONAL,"Importado desde Google Maps
Tipo: Centro de yoga
Dirección: Sofia Erreginaren Hiribidea, 43, 01015 Vitoria-Gasteiz, Araba
Google: 5⭐ (28 reseñas)
Web: http://www.bhagavan.studio/
Maps: https://maps.google.com/?cid=10568715035798457385&g_mp=Cidnb29nbGUubWFwcy5wbGFjZXMudjEuUGxhY2VzLlNlYXJjaFRleHQQAhgEIAA"
cmpd0h11g02aaq1selecvj0m5,Eman Yoga Pilates Studio,,699 84 89 01,Eman Yoga Pilates Studio,,España,google-maps,atleevoyoga,NUEVO,MEDIA,,,2026-05-19T19:13:43.300Z,2026-05-19T19:13:43.300Z,https://sites.google.com/view/emanyogastudio/inicio,"C. Abendaño, 42, oficina c, 01008 Vitoria-Gasteiz, Álava",Vitoria-Gasteiz,5,10,https://maps.google.com/?cid=6707607346836289033&g_mp=Cidnb29nbGUubWFwcy5wbGFjZXMudjEuUGxhY2VzLlNlYXJjaFRleHQQAhgEIAA,yoga_studio,OPERATIONAL,"Importado desde Google Maps
Tipo: Centro de yoga
Dirección: C. Abendaño, 42, oficina c, 01008 Vitoria-Gasteiz, Álava
Google: 5⭐ (10 reseñas)
Web: https://sites.google.com/view/emanyogastudio/inicio
Maps: https://maps.google.com/?cid=6707607346836289033&g_mp=Cidnb29nbGUubWFwcy5wbGFjZXMudjEuUGxhY2VzLlNlYXJjaFRleHQQAhgEIAA"
cmpd0h1ak02abq1seq8fhck53,Escuela Zero Pilates &Yoga,,613 04 93 79,Escuela Zero Pilates &Yoga,,España,google-maps,atleevoyoga,NUEVO,MEDIA,,,2026-05-19T19:13:43.629Z,2026-05-19T19:13:43.629Z,https://www.escuelazero.com/,"Martin Luther King Kalea, 12, 01015 Vitoria-Gasteiz, Araba",Vitoria-Gasteiz,5,33,https://maps.google.com/?cid=3749397585197188061&g_mp=Cidnb29nbGUubWFwcy5wbGFjZXMudjEuUGxhY2VzLlNlYXJjaFRleHQQAhgEIAA,gym,OPERATIONAL,"Importado desde Google Maps
Tipo: Gimnasio
Dirección: Martin Luther King Kalea, 12, 01015 Vitoria-Gasteiz, Araba
Google: 5⭐ (33 reseñas)
Web: https://www.escuelazero.com/
Maps: https://maps.google.com/?cid=3749397585197188061&g_mp=Cidnb29nbGUubWFwcy5wbGFjZXMudjEuUGxhY2VzLlNlYXJjaFRleHQQAhgEIAA"
cmpd0h1jp02acq1sevspmj0gs,BertaKo Yoga,,655 74 36 50,BertaKo Yoga,,España,google-maps,atleevoyoga,NUEVO,MEDIA,,,2026-05-19T19:13:43.957Z,2026-05-19T19:13:43.957Z,,"Pintor Jesus Apellaniz Kalea, 11, 01008 Vitoria-Gasteiz, Araba",Vitoria-Gasteiz,5,5,https://maps.google.com/?cid=436026478182477035&g_mp=Cidnb29nbGUubWFwcy5wbGFjZXMudjEuUGxhY2VzLlNlYXJjaFRleHQQAhgEIAA,yoga_studio,OPERATIONAL,"Importado desde Google Maps
Tipo: Centro de yoga
Dirección: Pintor Jesus Apellaniz Kalea, 11, 01008 Vitoria-Gasteiz, Araba
Google: 5⭐ (5 reseñas)
Maps: https://maps.google.com/?cid=436026478182477035&g_mp=Cidnb29nbGUubWFwcy5wbGFjZXMudjEuUGxhY2VzLlNlYXJjaFRleHQQAhgEIAA"
cmpd0h1sl02adq1sefx9ez1j4,La Vida Mejor,,653 72 22 01,La Vida Mejor,,España,google-maps,atleevoyoga,NUEVO,MEDIA,,,2026-05-19T19:13:44.278Z,2026-05-19T19:13:44.278Z,https://www.lavidamejor.es/,"C. de José María Cagigal, 18, D, 01007 Vitoria-Gasteiz, Álava",Vitoria-Gasteiz,5,11,https://maps.google.com/?cid=1399983190408363532&g_mp=Cidnb29nbGUubWFwcy5wbGFjZXMudjEuUGxhY2VzLlNlYXJjaFRleHQQAhgEIAA,yoga_studio,OPERATIONAL,"Importado desde Google Maps
Tipo: Centro de yoga
Dirección: C. de José María Cagigal, 18, D, 01007 Vitoria-Gasteiz, Álava
Google: 5⭐ (11 reseñas)
Web: https://www.lavidamejor.es/
Maps: https://maps.google.com/?cid=1399983190408363532&g_mp=Cidnb29nbGUubWFwcy5wbGFjZXMudjEuUGxhY2VzLlNlYXJjaFRleHQQAhgEIAA"
cmpd0h21p02aeq1sedmbpix5y,escuela de yoga SANTOSHA,,656 79 37 46,escuela de yoga SANTOSHA,,España,google-maps,atleevoyoga,NUEVO,MEDIA,,,2026-05-19T19:13:44.605Z,2026-05-19T19:13:44.605Z,,"Errege Atea, 8, 1ºC, 01001 Vitoria-Gasteiz, Araba",Vitoria-Gasteiz,5,9,https://maps.google.com/?cid=3893309075278296687&g_mp=Cidnb29nbGUubWFwcy5wbGFjZXMudjEuUGxhY2VzLlNlYXJjaFRleHQQAhgEIAA,yoga_studio,OPERATIONAL,"Importado desde Google Maps
Tipo: Centro de yoga
Dirección: Errege Atea, 8, 1ºC, 01001 Vitoria-Gasteiz, Araba
Google: 5⭐ (9 reseñas)
Maps: https://maps.google.com/?cid=3893309075278296687&g_mp=Cidnb29nbGUubWFwcy5wbGFjZXMudjEuUGxhY2VzLlNlYXJjaFRleHQQAhgEIAA"
cmpd0h2b002afq1segyjdzbyk,"VinkaWellness Esrududio de Pilates, Yoga e Hipopresivos (L.P.F.)",,673 65 24 76,"VinkaWellness Esrududio de Pilates, Yoga e Hipopresivos (L.P.F.)",,España,google-maps,atleevoyoga,NUEVO,MEDIA,,,2026-05-19T19:13:44.941Z,2026-05-19T19:13:44.941Z,http://www.vinkawellness.com/,"Gaztelako Atea, 4, 01008 Vitoria-Gasteiz, Araba",Vitoria-Gasteiz,5,21,https://maps.google.com/?cid=4448315819642883485&g_mp=Cidnb29nbGUubWFwcy5wbGFjZXMudjEuUGxhY2VzLlNlYXJjaFRleHQQAhgEIAA,gym,OPERATIONAL,"Importado desde Google Maps
Tipo: Gimnasio
Dirección: Gaztelako Atea, 4, 01008 Vitoria-Gasteiz, Araba
Google: 5⭐ (21 reseñas)
Web: http://www.vinkawellness.com/
Maps: https://maps.google.com/?cid=4448315819642883485&g_mp=Cidnb29nbGUubWFwcy5wbGFjZXMudjEuUGxhY2VzLlNlYXJjaFRleHQQAhgEIAA"
cmpd0h2jx02agq1se8uqqctvr,Maite Markuerkiaga Zubigarai Yoga Pilates Hipopresivos & Craneosacral “Un Espacio para la Calma”,,679 04 87 68,Maite Markuerkiaga Zubigarai Yoga Pilates Hipopresivos & Craneosacral “Un Espacio para la Calma”,,España,google-maps,atleevoyoga,NUEVO,MEDIA,,,2026-05-19T19:13:45.262Z,2026-05-19T19:13:45.262Z,https://www.maitemarkuerkiaga.com/,"General Alava Kalea, 7, Planta 1 Oficina 11, 01005 Vitoria-Gasteiz, Araba",Vitoria-Gasteiz,5,2,https://maps.google.com/?cid=9995154506654692258&g_mp=Cidnb29nbGUubWFwcy5wbGFjZXMudjEuUGxhY2VzLlNlYXJjaFRleHQQAhgEIAA,yoga_studio,OPERATIONAL,"Importado desde Google Maps
Tipo: Centro de yoga
Dirección: General Alava Kalea, 7, Planta 1 Oficina 11, 01005 Vitoria-Gasteiz, Araba
Google: 5⭐ (2 reseñas)
Web: https://www.maitemarkuerkiaga.com/
Maps: https://maps.google.com/?cid=9995154506654692258&g_mp=Cidnb29nbGUubWFwcy5wbGFjZXMudjEuUGxhY2VzLlNlYXJjaFRleHQQAhgEIAA"
cmpd0h2t602ahq1sels2c5naj,Hatsune Escuela,,635 70 20 60,Hatsune Escuela,,España,google-maps,atleevoyoga,NUEVO,MEDIA,,,2026-05-19T19:13:45.595Z,2026-05-19T19:13:45.595Z,,"Cl. San Prudencio, 29, Planta 2, 01005 Vitoria-Gasteiz, Álava",Vitoria-Gasteiz,5,18,https://maps.google.com/?cid=2143759637118153390&g_mp=Cidnb29nbGUubWFwcy5wbGFjZXMudjEuUGxhY2VzLlNlYXJjaFRleHQQAhgEIAA,,OPERATIONAL,"Importado desde Google Maps
Dirección: Cl. San Prudencio, 29, Planta 2, 01005 Vitoria-Gasteiz, Álava
Google: 5⭐ (18 reseñas)
Maps: https://maps.google.com/?cid=2143759637118153390&g_mp=Cidnb29nbGUubWFwcy5wbGFjZXMudjEuUGxhY2VzLlNlYXJjaFRleHQQAhgEIAA"
cmpd0h32902aiq1seyza9yuta,arteriayogaestudio,,945 03 40 54,arteriayogaestudio,,España,google-maps,atleevoyoga,NUEVO,MEDIA,,,2026-05-19T19:13:45.922Z,2026-05-19T19:13:45.922Z,https://arteriayogaestudio.es/,"San Antonio Kalea, 43, bajo, 01005 Vitoria-Gasteiz, Araba",Vitoria-Gasteiz,5,1,https://maps.google.com/?cid=16955055390207180288&g_mp=Cidnb29nbGUubWFwcy5wbGFjZXMudjEuUGxhY2VzLlNlYXJjaFRleHQQAhgEIAA,yoga_studio,OPERATIONAL,"Importado desde Google Maps
Tipo: Centro de yoga
Dirección: San Antonio Kalea, 43, bajo, 01005 Vitoria-Gasteiz, Araba
Google: 5⭐ (1 reseñas)
Web: https://arteriayogaestudio.es/
Maps: https://maps.google.com/?cid=16955055390207180288&g_mp=Cidnb29nbGUubWFwcy5wbGFjZXMudjEuUGxhY2VzLlNlYXJjaFRleHQQAhgEIAA"
cmpd0h3bj02ajq1semwstmcdb,Oasis Center,,678 62 26 01,Oasis Center,,España,google-maps,atleevoyoga,NUEVO,MEDIA,,,2026-05-19T19:13:46.255Z,2026-05-19T19:13:46.255Z,http://www.oasiscenter.es/,"Bulevar de Salburua Kalea, 8, 12A, Salburua, 01002 Vitoria-Gasteiz, Álava",Vitoria-Gasteiz,4.9,48,https://maps.google.com/?cid=8307372415945336723&g_mp=Cidnb29nbGUubWFwcy5wbGFjZXMudjEuUGxhY2VzLlNlYXJjaFRleHQQAhgEIAA,gym,OPERATIONAL,"Importado desde Google Maps
Tipo: Gimnasio
Dirección: Bulevar de Salburua Kalea, 8, 12A, Salburua, 01002 Vitoria-Gasteiz, Álava
Google: 4.9⭐ (48 reseñas)
Web: http://www.oasiscenter.es/
Maps: https://maps.google.com/?cid=8307372415945336723&g_mp=Cidnb29nbGUubWFwcy5wbGFjZXMudjEuUGxhY2VzLlNlYXJjaFRleHQQAhgEIAA"
cmpd0h3kp02akq1semsjsd7sg,GRUPO PREMA,,659 75 00 20,GRUPO PREMA,,España,google-maps,atleevoyoga,NUEVO,MEDIA,,,2026-05-19T19:13:46.586Z,2026-05-19T19:13:46.586Z,http://www.yogapremavitoria.es/,"Colombia Kalea, 3, Txagorritxu, 01009 Vitoria-Gasteiz, Araba",Vitoria-Gasteiz,4.9,77,https://maps.google.com/?cid=9804884518254328791&g_mp=Cidnb29nbGUubWFwcy5wbGFjZXMudjEuUGxhY2VzLlNlYXJjaFRleHQQAhgEIAA,wellness_center,OPERATIONAL,"Importado desde Google Maps
Tipo: Centro de salud y bienestar
Dirección: Colombia Kalea, 3, Txagorritxu, 01009 Vitoria-Gasteiz, Araba
Google: 4.9⭐ (77 reseñas)
Web: http://www.yogapremavitoria.es/
Maps: https://maps.google.com/?cid=9804884518254328791&g_mp=Cidnb29nbGUubWFwcy5wbGFjZXMudjEuUGxhY2VzLlNlYXJjaFRleHQQAhgEIAA"
cmpd0h3tv02alq1se5hv0zu74,CENTRO ARDATZ ZENTROA - Terapias Corporales,,646 37 36 85,CENTRO ARDATZ ZENTROA - Terapias Corporales,,España,google-maps,atleevoyoga,NUEVO,MEDIA,,,2026-05-19T19:13:46.915Z,2026-05-19T19:13:46.915Z,https://www.ardatzentroa.com/,"Arana Kalea, 7, 01002 Vitoria-Gasteiz, Araba",Vitoria-Gasteiz,5,8,https://maps.google.com/?cid=6569826192938902358&g_mp=Cidnb29nbGUubWFwcy5wbGFjZXMudjEuUGxhY2VzLlNlYXJjaFRleHQQAhgEIAA,yoga_studio,OPERATIONAL,"Importado desde Google Maps
Tipo: Centro de yoga
Dirección: Arana Kalea, 7, 01002 Vitoria-Gasteiz, Araba
Google: 5⭐ (8 reseñas)
Web: https://www.ardatzentroa.com/
Maps: https://maps.google.com/?cid=6569826192938902358&g_mp=Cidnb29nbGUubWFwcy5wbGFjZXMudjEuUGxhY2VzLlNlYXJjaFRleHQQAhgEIAA"
cmpd0h42v02amq1sei5xszjiq,Centro Meditación Segap Vitoria,,610 90 77 39,Centro Meditación Segap Vitoria,,España,google-maps,atleevoyoga,NUEVO,MEDIA,,,2026-05-19T19:13:47.240Z,2026-05-19T19:13:47.240Z,https://meditacionvitoria.com/,"Pedro de Asua Kalea, 73, 01008 Vitoria-Gasteiz, Araba",Vitoria-Gasteiz,5,6,https://maps.google.com/?cid=4020432438577026286&g_mp=Cidnb29nbGUubWFwcy5wbGFjZXMudjEuUGxhY2VzLlNlYXJjaFRleHQQAhgEIAA,health,OPERATIONAL,"Importado desde Google Maps
Tipo: Salud y bienestar
Dirección: Pedro de Asua Kalea, 73, 01008 Vitoria-Gasteiz, Araba
Google: 5⭐ (6 reseñas)
Web: https://meditacionvitoria.com/
Maps: https://maps.google.com/?cid=4020432438577026286&g_mp=Cidnb29nbGUubWFwcy5wbGFjZXMudjEuUGxhY2VzLlNlYXJjaFRleHQQAhgEIAA"
cmpd0h4by02anq1se7a4thkri,Inhala Estudio Pilates y Barre,,660 04 98 00,Inhala Estudio Pilates y Barre,,España,google-maps,atleevoyoga,NUEVO,MEDIA,,,2026-05-19T19:13:47.566Z,2026-05-19T19:13:47.566Z,https://www.jannirempilates.com/,"San Antonio Kalea, 28, 01005 Vitoria-Gasteiz, Araba",Vitoria-Gasteiz,5,6,https://maps.google.com/?cid=16134314004420207547&g_mp=Cidnb29nbGUubWFwcy5wbGFjZXMudjEuUGxhY2VzLlNlYXJjaFRleHQQAhgEIAA,gym,OPERATIONAL,"Importado desde Google Maps
Tipo: Gimnasio
Dirección: San Antonio Kalea, 28, 01005 Vitoria-Gasteiz, Araba
Google: 5⭐ (6 reseñas)
Web: https://www.jannirempilates.com/
Maps: https://maps.google.com/?cid=16134314004420207547&g_mp=Cidnb29nbGUubWFwcy5wbGFjZXMudjEuUGxhY2VzLlNlYXJjaFRleHQQAhgEIAA"
cmpd0h4lb02aoq1se5m1ljzk6,ARGITU,,646 60 46 05,ARGITU,,España,google-maps,atleevoyoga,NUEVO,MEDIA,,,2026-05-19T19:13:47.904Z,2026-05-19T19:13:47.904Z,,"Zapatari Kalea, 64, 01001 Vitoria-Gasteiz, Araba",Vitoria-Gasteiz,5,8,https://maps.google.com/?cid=14874374245947559292&g_mp=Cidnb29nbGUubWFwcy5wbGFjZXMudjEuUGxhY2VzLlNlYXJjaFRleHQQAhgEIAA,massage,OPERATIONAL,"Importado desde Google Maps
Tipo: Servicio de masajes
Dirección: Zapatari Kalea, 64, 01001 Vitoria-Gasteiz, Araba
Google: 5⭐ (8 reseñas)
Maps: https://maps.google.com/?cid=14874374245947559292&g_mp=Cidnb29nbGUubWFwcy5wbGFjZXMudjEuUGxhY2VzLlNlYXJjaFRleHQQAhgEIAA"
cmpd0h4uf02apq1se9zc7xvyz,Grafo's Gestalt Vitoria,,649 80 60 06,Grafo's Gestalt Vitoria,,España,google-maps,atleevoyoga,NUEVO,MEDIA,,,2026-05-19T19:13:48.232Z,2026-05-19T19:13:48.232Z,https://www.grafosvitoria.com/,"Cataluña Plaza, 10, 01010 Vitoria-Gasteiz, Araba",Vitoria-Gasteiz,4.9,168,https://maps.google.com/?cid=916880031372129105&g_mp=Cidnb29nbGUubWFwcy5wbGFjZXMudjEuUGxhY2VzLlNlYXJjaFRleHQQAhgEIAA,wellness_center,OPERATIONAL,"Importado desde Google Maps
Tipo: Centro de salud y bienestar
Dirección: Cataluña Plaza, 10, 01010 Vitoria-Gasteiz, Araba
Google: 4.9⭐ (168 reseñas)
Web: https://www.grafosvitoria.com/
Maps: https://maps.google.com/?cid=916880031372129105&g_mp=Cidnb29nbGUubWFwcy5wbGFjZXMudjEuUGxhY2VzLlNlYXJjaFRleHQQAhgEIAA"
cmpd0h53k02aqq1seibbezuf6,Dreamfit Gimnasio Vitoria,,,Dreamfit Gimnasio Vitoria,,España,google-maps,atleevoyoga,NUEVO,MEDIA,,,2026-05-19T19:13:48.560Z,2026-05-19T19:13:48.560Z,https://www.dreamfit.es/centros/vitoria,"Plaza del Renacimiento, 01004 Vitoria-Gasteiz, Araba",Vitoria-Gasteiz,4.5,490,https://maps.google.com/?cid=11373866049641915036&g_mp=Cidnb29nbGUubWFwcy5wbGFjZXMudjEuUGxhY2VzLlNlYXJjaFRleHQQAhgEIAA,gym,OPERATIONAL,"Importado desde Google Maps
Tipo: Gimnasio
Dirección: Plaza del Renacimiento, 01004 Vitoria-Gasteiz, Araba
Google: 4.5⭐ (490 reseñas)
Web: https://www.dreamfit.es/centros/vitoria
Maps: https://maps.google.com/?cid=11373866049641915036&g_mp=Cidnb29nbGUubWFwcy5wbGFjZXMudjEuUGxhY2VzLlNlYXJjaFRleHQQAhgEIAA"
cmpd0h5cx02arq1seor7fum1p,Studio pilates Amaia B. Alonso,,696 40 26 24,Studio pilates Amaia B. Alonso,,España,google-maps,atleevoyoga,NUEVO,MEDIA,,,2026-05-19T19:13:48.897Z,2026-05-19T19:13:48.897Z,,"Cataluña Plaza, 16, BAJO, 01010 Vitoria-Gasteiz, Álava",Vitoria-Gasteiz,5,6,https://maps.google.com/?cid=1099482285592025691&g_mp=Cidnb29nbGUubWFwcy5wbGFjZXMudjEuUGxhY2VzLlNlYXJjaFRleHQQAhgEIAA,gym,OPERATIONAL,"Importado desde Google Maps
Tipo: Gimnasio
Dirección: Cataluña Plaza, 16, BAJO, 01010 Vitoria-Gasteiz, Álava
Google: 5⭐ (6 reseñas)
Maps: https://maps.google.com/?cid=1099482285592025691&g_mp=Cidnb29nbGUubWFwcy5wbGFjZXMudjEuUGxhY2VzLlNlYXJjaFRleHQQAhgEIAA"
cmpd0h5lv02asq1sekysduuo3,Body&Mind,,620 16 74 05,Body&Mind,,España,google-maps,atleevoyoga,NUEVO,MEDIA,,,2026-05-19T19:13:49.220Z,2026-05-19T19:13:49.220Z,,"Calle Donosti, 14, 01010 Vitoria-Gasteiz, Araba",Vitoria-Gasteiz,5,24,https://maps.google.com/?cid=17826258719932925124&g_mp=Cidnb29nbGUubWFwcy5wbGFjZXMudjEuUGxhY2VzLlNlYXJjaFRleHQQAhgEIAA,gym,OPERATIONAL,"Importado desde Google Maps
Tipo: Gimnasio
Dirección: Calle Donosti, 14, 01010 Vitoria-Gasteiz, Araba
Google: 5⭐ (24 reseñas)
Maps: https://maps.google.com/?cid=17826258719932925124&g_mp=Cidnb29nbGUubWFwcy5wbGFjZXMudjEuUGxhY2VzLlNlYXJjaFRleHQQAhgEIAA"
cmpd0h5vu02atq1se801cwqk0,Akari Salud y Bienestar,,945 23 40 61,Akari Salud y Bienestar,,España,google-maps,atleevoyoga,NUEVO,MEDIA,,,2026-05-19T19:13:49.543Z,2026-05-19T19:13:49.543Z,http://www.akaribienestar.com/,"Senda del Río Ali, 2, 01015 Vitoria-Gasteiz, Álava",Vitoria-Gasteiz,4.8,25,https://maps.google.com/?cid=5661064899207274422&g_mp=Cidnb29nbGUubWFwcy5wbGFjZXMudjEuUGxhY2VzLlNlYXJjaFRleHQQAhgEIAA,wellness_center,OPERATIONAL,"Importado desde Google Maps
Tipo: Centro de salud y bienestar
Dirección: Senda del Río Ali, 2, 01015 Vitoria-Gasteiz, Álava
Google: 4.8⭐ (25 reseñas)
Web: http://www.akaribienestar.com/
Maps: https://maps.google.com/?cid=5661064899207274422&g_mp=Cidnb29nbGUubWFwcy5wbGFjZXMudjEuUGxhY2VzLlNlYXJjaFRleHQQAhgEIAA"
cmpd0h64q02auq1se31afrsnr,Dojo Zen Vitoria-Gasteiz,,945 29 32 42,Dojo Zen Vitoria-Gasteiz,,España,google-maps,atleevoyoga,NUEVO,MEDIA,,,2026-05-19T19:13:49.898Z,2026-05-19T19:13:49.898Z,https://zenvitoriagasteiz.com/,"Cuadrilla Mendoza Kalea, 4, 01013 Vitoria-Gasteiz, Araba",Vitoria-Gasteiz,4.7,14,https://maps.google.com/?cid=1783372556833050364&g_mp=Cidnb29nbGUubWFwcy5wbGFjZXMudjEuUGxhY2VzLlNlYXJjaFRleHQQAhgEIAA,health,OPERATIONAL,"Importado desde Google Maps
Tipo: Salud y bienestar
Dirección: Cuadrilla Mendoza Kalea, 4, 01013 Vitoria-Gasteiz, Araba
Google: 4.7⭐ (14 reseñas)
Web: https://zenvitoriagasteiz.com/
Maps: https://maps.google.com/?cid=1783372556833050364&g_mp=Cidnb29nbGUubWFwcy5wbGFjZXMudjEuUGxhY2VzLlNlYXJjaFRleHQQAhgEIAA"
cmpd0h6dv02avq1seetw4osg0,Studiopilates,,675 70 03 04,Studiopilates,,España,google-maps,atleevoyoga,NUEVO,MEDIA,,,2026-05-19T19:13:50.228Z,2026-05-19T19:13:50.228Z,http://pilatesvitoria.com/,"01007 Vitoria-Gasteiz, Álava, España",Vitoria-Gasteiz,5,7,https://maps.google.com/?cid=12103337002679545716&g_mp=Cidnb29nbGUubWFwcy5wbGFjZXMudjEuUGxhY2VzLlNlYXJjaFRleHQQAhgEIAA,gym,OPERATIONAL,"Importado desde Google Maps
Tipo: Gimnasio
Dirección: 01007 Vitoria-Gasteiz, Álava, España
Google: 5⭐ (7 reseñas)
Web: http://pilatesvitoria.com/
Maps: https://maps.google.com/?cid=12103337002679545716&g_mp=Cidnb29nbGUubWFwcy5wbGFjZXMudjEuUGxhY2VzLlNlYXJjaFRleHQQAhgEIAA"
cmpd0h6n702awq1sec25kukbe,Centro de Osteopatia PALOMA ALONSO,,650 21 75 44,Centro de Osteopatia PALOMA ALONSO,,España,google-maps,atleevoyoga,NUEVO,MEDIA,,,2026-05-19T19:13:50.563Z,2026-05-19T19:13:50.563Z,,"Avenida Beato Tomás de Zumárraga, 68, Txagorritxu, 01009 Vitoria-Gasteiz, Araba",Vitoria-Gasteiz,4.9,16,https://maps.google.com/?cid=2642144875465802174&g_mp=Cidnb29nbGUubWFwcy5wbGFjZXMudjEuUGxhY2VzLlNlYXJjaFRleHQQAhgEIAA,wellness_center,OPERATIONAL,"Importado desde Google Maps
Tipo: Centro de salud y bienestar
Dirección: Avenida Beato Tomás de Zumárraga, 68, Txagorritxu, 01009 Vitoria-Gasteiz, Araba
Google: 4.9⭐ (16 reseñas)
Maps: https://maps.google.com/?cid=2642144875465802174&g_mp=Cidnb29nbGUubWFwcy5wbGFjZXMudjEuUGxhY2VzLlNlYXJjaFRleHQQAhgEIAA"
cmpd0h6wk02axq1sevv4depir,Cisne Blanco Centro de Armonización Humana,,945 20 07 84,Cisne Blanco Centro de Armonización Humana,,España,google-maps,atleevoyoga,NUEVO,MEDIA,,,2026-05-19T19:13:50.900Z,2026-05-19T19:13:50.900Z,http://www.cisneblanco.com/,"c / del Cubo; 28-bajo . Antepara kalea., 01001 Vitoria-Gasteiz, Álava",Vitoria-Gasteiz,4.9,11,https://maps.google.com/?cid=18102953219522429825&g_mp=Cidnb29nbGUubWFwcy5wbGFjZXMudjEuUGxhY2VzLlNlYXJjaFRleHQQAhgEIAA,service,OPERATIONAL,"Importado desde Google Maps
Tipo: Servicios
Dirección: c / del Cubo; 28-bajo . Antepara kalea., 01001 Vitoria-Gasteiz, Álava
Google: 4.9⭐ (11 reseñas)
Web: http://www.cisneblanco.com/
Maps: https://maps.google.com/?cid=18102953219522429825&g_mp=Cidnb29nbGUubWFwcy5wbGFjZXMudjEuUGxhY2VzLlNlYXJjaFRleHQQAhgEIAA"
cmpd0h76r02ayq1sesda1tde7,Vicky Area - Pilates,,945 23 09 41,Vicky Area - Pilates,,España,google-maps,atleevoyoga,NUEVO,MEDIA,,,2026-05-19T19:13:51.268Z,2026-05-19T19:13:51.268Z,https://www.vickyarea.com/,"Santiago Ramon y Cajal Kalea, 5, 01007 Vitoria-Gasteiz, Araba",Vitoria-Gasteiz,5,13,https://maps.google.com/?cid=17718074567923147101&g_mp=Cidnb29nbGUubWFwcy5wbGFjZXMudjEuUGxhY2VzLlNlYXJjaFRleHQQAhgEIAA,gym,OPERATIONAL,"Importado desde Google Maps
Tipo: Gimnasio
Dirección: Santiago Ramon y Cajal Kalea, 5, 01007 Vitoria-Gasteiz, Araba
Google: 5⭐ (13 reseñas)
Web: https://www.vickyarea.com/
Maps: https://maps.google.com/?cid=17718074567923147101&g_mp=Cidnb29nbGUubWFwcy5wbGFjZXMudjEuUGxhY2VzLlNlYXJjaFRleHQQAhgEIAA"
cmpd0h7g202azq1sexo5ylwr9,Guru Ayurveda masajista,,641 51 09 64,Guru Ayurveda masajista,,España,google-maps,atleevoyoga,NUEVO,MEDIA,,,2026-05-19T19:13:51.603Z,2026-05-19T19:13:51.603Z,,"C. de Cuba, 3, Entreplanta, 01012 Vitoria-Gasteiz, Álava",Vitoria-Gasteiz,4.6,36,https://maps.google.com/?cid=3468470703333645347&g_mp=Cidnb29nbGUubWFwcy5wbGFjZXMudjEuUGxhY2VzLlNlYXJjaFRleHQQAhgEIAA,massage,OPERATIONAL,"Importado desde Google Maps
Tipo: Servicio de masajes
Dirección: C. de Cuba, 3, Entreplanta, 01012 Vitoria-Gasteiz, Álava
Google: 4.6⭐ (36 reseñas)
Maps: https://maps.google.com/?cid=3468470703333645347&g_mp=Cidnb29nbGUubWFwcy5wbGFjZXMudjEuUGxhY2VzLlNlYXJjaFRleHQQAhgEIAA"
cmpd0h7p802b0q1seaqrrz60r,Centro Arjuna,,688 64 21 55,Centro Arjuna,,España,google-maps,atleevoyoga,NUEVO,MEDIA,,,2026-05-19T19:13:51.933Z,2026-05-19T19:13:51.933Z,,"Errekatxiki Kalea, 25, 01003 Vitoria-Gasteiz, Araba",Vitoria-Gasteiz,,,https://maps.google.com/?cid=4536503893613343641&g_mp=Cidnb29nbGUubWFwcy5wbGFjZXMudjEuUGxhY2VzLlNlYXJjaFRleHQQAhgEIAA,yoga_studio,OPERATIONAL,"Importado desde Google Maps
Tipo: Centro de yoga
Dirección: Errekatxiki Kalea, 25, 01003 Vitoria-Gasteiz, Araba
Maps: https://maps.google.com/?cid=4536503893613343641&g_mp=Cidnb29nbGUubWFwcy5wbGFjZXMudjEuUGxhY2VzLlNlYXJjaFRleHQQAhgEIAA"
cmpd0hdpt02b1q1sem1nrdxz9,"Vive Gasteiz Mindfulness, Local 6 en Plta 1ª del Centro Comercial Salburua",,615 75 49 01,"Vive Gasteiz Mindfulness, Local 6 en Plta 1ª del Centro Comercial Salburua",,España,google-maps,atleevoyoga,NUEVO,MEDIA,,,2026-05-19T19:13:59.729Z,2026-05-19T19:13:59.729Z,http://vivegasteiz.es/,"Brusela Hiribidea, 8, Salburua, 01003 Vitoria-Gasteiz, Araba",Vitoria-Gasteiz,5,3,https://maps.google.com/?cid=3328631663041751435&g_mp=Cidnb29nbGUubWFwcy5wbGFjZXMudjEuUGxhY2VzLlNlYXJjaFRleHQQAhgEIAA,shopping_mall,OPERATIONAL,"Importado desde Google Maps
Tipo: Centro comercial
Dirección: Brusela Hiribidea, 8, Salburua, 01003 Vitoria-Gasteiz, Araba
Google: 5⭐ (3 reseñas)
Web: http://vivegasteiz.es/
Maps: https://maps.google.com/?cid=3328631663041751435&g_mp=Cidnb29nbGUubWFwcy5wbGFjZXMudjEuUGxhY2VzLlNlYXJjaFRleHQQAhgEIAA"
cmpd0helr02b2q1sev2ldonmk,Punto Zero salud,,,Punto Zero salud,,España,google-maps,atleevoyoga,NUEVO,MEDIA,,,2026-05-19T19:14:00.880Z,2026-05-19T19:14:00.880Z,https://puntozerosalud.es/,"Sofia Kalea, 4, Salburua, 01003 Vitoria-Gasteiz, Araba",Vitoria-Gasteiz,,,https://maps.google.com/?cid=14094406971785207370&g_mp=Cidnb29nbGUubWFwcy5wbGFjZXMudjEuUGxhY2VzLlNlYXJjaFRleHQQAhgEIAA,wellness_center,OPERATIONAL,"Importado desde Google Maps
Tipo: Centro de salud y bienestar
Dirección: Sofia Kalea, 4, Salburua, 01003 Vitoria-Gasteiz, Araba
Web: https://puntozerosalud.es/
Maps: https://maps.google.com/?cid=14094406971785207370&g_mp=Cidnb29nbGUubWFwcy5wbGFjZXMudjEuUGxhY2VzLlNlYXJjaFRleHQQAhgEIAA"
cmpd0hezk02b3q1sexfzv99gy,Centro Wudang,,638 98 20 28,Centro Wudang,,España,google-maps,atleevoyoga,NUEVO,MEDIA,,,2026-05-19T19:14:01.376Z,2026-05-19T19:14:01.376Z,http://www.wudangalberto.com/,"Zapatari Kalea, 61, 01001 Vitoria-Gasteiz, Araba",Vitoria-Gasteiz,5,1,https://maps.google.com/?cid=1279307955062801200&g_mp=Cidnb29nbGUubWFwcy5wbGFjZXMudjEuUGxhY2VzLlNlYXJjaFRleHQQAhgEIAA,sports_school,OPERATIONAL,"Importado desde Google Maps
Tipo: Escuela deportiva
Dirección: Zapatari Kalea, 61, 01001 Vitoria-Gasteiz, Araba
Google: 5⭐ (1 reseñas)
Web: http://www.wudangalberto.com/
Maps: https://maps.google.com/?cid=1279307955062801200&g_mp=Cidnb29nbGUubWFwcy5wbGFjZXMudjEuUGxhY2VzLlNlYXJjaFRleHQQAhgEIAA"
cmpd0hf8k02b4q1se6zjoeknj,EnCUERPOyALMA,,685 75 76 89,EnCUERPOyALMA,,España,google-maps,atleevoyoga,NUEVO,MEDIA,,,2026-05-19T19:14:01.700Z,2026-05-19T19:14:01.700Z,http://www.encuerpoyalma.org/,"Extremadura Kalea, 7, 01003 Vitoria-Gasteiz, Araba",Vitoria-Gasteiz,4.8,47,https://maps.google.com/?cid=17327616058022938599&g_mp=Cidnb29nbGUubWFwcy5wbGFjZXMudjEuUGxhY2VzLlNlYXJjaFRleHQQAhgEIAA,wellness_center,OPERATIONAL,"Importado desde Google Maps
Tipo: Centro de salud y bienestar
Dirección: Extremadura Kalea, 7, 01003 Vitoria-Gasteiz, Araba
Google: 4.8⭐ (47 reseñas)
Web: http://www.encuerpoyalma.org/
Maps: https://maps.google.com/?cid=17327616058022938599&g_mp=Cidnb29nbGUubWFwcy5wbGFjZXMudjEuUGxhY2VzLlNlYXJjaFRleHQQAhgEIAA"
cmpd0hfib02b5q1se8915jjei,Fisioterapia y Osteopatía FISIONA,,945 33 59 68,Fisioterapia y Osteopatía FISIONA,,España,google-maps,atleevoyoga,NUEVO,MEDIA,,,2026-05-19T19:14:02.051Z,2026-05-19T19:14:02.051Z,http://www.fisiona.es/,"Gabriela Mistral Kalea, 4, Salburua, 01003 Vitoria-Gasteiz, Araba",Vitoria-Gasteiz,4.8,93,https://maps.google.com/?cid=18438694012272901352&g_mp=Cidnb29nbGUubWFwcy5wbGFjZXMudjEuUGxhY2VzLlNlYXJjaFRleHQQAhgEIAA,medical_clinic,OPERATIONAL,"Importado desde Google Maps
Tipo: Clínica ambulatoria
Dirección: Gabriela Mistral Kalea, 4, Salburua, 01003 Vitoria-Gasteiz, Araba
Google: 4.8⭐ (93 reseñas)
Web: http://www.fisiona.es/
Maps: https://maps.google.com/?cid=18438694012272901352&g_mp=Cidnb29nbGUubWFwcy5wbGFjZXMudjEuUGxhY2VzLlNlYXJjaFRleHQQAhgEIAA"
cmpd0hfrw02b6q1se9xf2wssy,Gestalt Zentroa,,945 20 10 04,Gestalt Zentroa,,España,google-maps,atleevoyoga,NUEVO,MEDIA,,,2026-05-19T19:14:02.396Z,2026-05-19T19:14:02.396Z,http://www.gestaltzentroa.com/,"General Alava Kalea, 10, pl. 4ª, 01005, 01005 Vitoria-Gasteiz, Álava",Vitoria-Gasteiz,5,1,https://maps.google.com/?cid=16989904651420288452&g_mp=Cidnb29nbGUubWFwcy5wbGFjZXMudjEuUGxhY2VzLlNlYXJjaFRleHQQAhgEIAA,medical_clinic,OPERATIONAL,"Importado desde Google Maps
Tipo: Clínica ambulatoria
Dirección: General Alava Kalea, 10, pl. 4ª, 01005, 01005 Vitoria-Gasteiz, Álava
Google: 5⭐ (1 reseñas)
Web: http://www.gestaltzentroa.com/
Maps: https://maps.google.com/?cid=16989904651420288452&g_mp=Cidnb29nbGUubWFwcy5wbGFjZXMudjEuUGxhY2VzLlNlYXJjaFRleHQQAhgEIAA"
cmpd0hg8g02b7q1sevv4lskuc,Centro Cívico Ariznabarra,,945 16 26 50,Centro Cívico Ariznabarra,,España,google-maps,atleevoyoga,NUEVO,MEDIA,,,2026-05-19T19:14:02.727Z,2026-05-19T19:14:02.727Z,https://www.vitoria-gasteiz.org/wb021/was/contenidoAction.do?idioma=es&uid=u52ed70f3_131f4e5337e__7fef,"Ariznabarra Kalea, 19C, 01007 Vitoria-Gasteiz, Araba",Vitoria-Gasteiz,3.8,152,https://maps.google.com/?cid=1878071968639279236&g_mp=Cidnb29nbGUubWFwcy5wbGFjZXMudjEuUGxhY2VzLlNlYXJjaFRleHQQAhgEIAA,event_venue,OPERATIONAL,"Importado desde Google Maps
Tipo: Recinto para eventos
Dirección: Ariznabarra Kalea, 19C, 01007 Vitoria-Gasteiz, Araba
Google: 3.8⭐ (152 reseñas)
Web: https://www.vitoria-gasteiz.org/wb021/was/contenidoAction.do?idioma=es&uid=u52ed70f3_131f4e5337e__7fef
Maps: https://maps.google.com/?cid=1878071968639279236&g_mp=Cidnb29nbGUubWFwcy5wbGFjZXMudjEuUGxhY2VzLlNlYXJjaFRleHQQAhgEIAA"
cmpd0hgie02b8q1seup3izj5s,"Noelia Instructora Pilates Máquina y Suelo, Coach neurolingüístico y Terapia con Animales",,687 29 07 42,"Noelia Instructora Pilates Máquina y Suelo, Coach neurolingüístico y Terapia con Animales",,España,google-maps,atleevoyoga,NUEVO,MEDIA,,,2026-05-19T19:14:03.351Z,2026-05-19T19:14:03.351Z,https://integralwellnesspilates.blogspot.com/2024/03/explorando-la-respiracion-en-el-metodo.html,"Canciller Ayala, 9, 01004 Vitoria-Gasteiz, Araba",Vitoria-Gasteiz,5,23,https://maps.google.com/?cid=934637772971993392&g_mp=Cidnb29nbGUubWFwcy5wbGFjZXMudjEuUGxhY2VzLlNlYXJjaFRleHQQAhgEIAA,gym,OPERATIONAL,"Importado desde Google Maps
Tipo: Gimnasio
Dirección: Canciller Ayala, 9, 01004 Vitoria-Gasteiz, Araba
Google: 5⭐ (23 reseñas)
Web: https://integralwellnesspilates.blogspot.com/2024/03/explorando-la-respiracion-en-el-metodo.html
Maps: https://maps.google.com/?cid=934637772971993392&g_mp=Cidnb29nbGUubWFwcy5wbGFjZXMudjEuUGxhY2VzLlNlYXJjaFRleHQQAhgEIAA"
cmpd0hgrw02b9q1seprzuvsil,Gadalex Terapia,,606 57 82 26,Gadalex Terapia,,España,google-maps,atleevoyoga,NUEVO,MEDIA,,,2026-05-19T19:14:03.693Z,2026-05-19T19:14:03.693Z,,"C. Viena, 16, bajo, Salburua, 01002 Vitoria-Gasteiz, Álava",Vitoria-Gasteiz,,,https://maps.google.com/?cid=10518139571597525441&g_mp=Cidnb29nbGUubWFwcy5wbGFjZXMudjEuUGxhY2VzLlNlYXJjaFRleHQQAhgEIAA,government_office,OPERATIONAL,"Importado desde Google Maps
Tipo: Oficina de la Administración
Dirección: C. Viena, 16, bajo, Salburua, 01002 Vitoria-Gasteiz, Álava
Maps: https://maps.google.com/?cid=10518139571597525441&g_mp=Cidnb29nbGUubWFwcy5wbGFjZXMudjEuUGxhY2VzLlNlYXJjaFRleHQQAhgEIAA"
cmpd0hir702baq1serg4993wc,Ashtanga Yoga Donosti,,640 57 27 10,Ashtanga Yoga Donosti,,España,google-maps,atleevoyoga,NUEVO,MEDIA,,,2026-05-19T19:14:06.260Z,2026-05-19T19:14:06.260Z,http://ashtangayogadonosti.com/,"Bizkaia Pasealekua, 4, 20010 Donostia / San Sebastián, Gipuzkoa",Vitoria-Gasteiz,5,10,https://maps.google.com/?cid=2367489293992787760&g_mp=Cidnb29nbGUubWFwcy5wbGFjZXMudjEuUGxhY2VzLlNlYXJjaFRleHQQAhgEIAA,yoga_studio,OPERATIONAL,"Importado desde Google Maps
Tipo: Centro de yoga
Dirección: Bizkaia Pasealekua, 4, 20010 Donostia / San Sebastián, Gipuzkoa
Google: 5⭐ (10 reseñas)
Web: http://ashtangayogadonosti.com/
Maps: https://maps.google.com/?cid=2367489293992787760&g_mp=Cidnb29nbGUubWFwcy5wbGFjZXMudjEuUGxhY2VzLlNlYXJjaFRleHQQAhgEIAA"
cmpd0hjwj02bbq1serg2vzw9w,Yoga Estudio,,658 51 73 20,Yoga Estudio,,España,google-maps,atleevoyoga,NUEVO,MEDIA,,,2026-05-19T19:14:07.747Z,2026-05-19T19:14:07.747Z,,"C. Sacristía de San Matías, 18, Centro, 18009 Granada",Granada,5,73,https://maps.google.com/?cid=16951420107149770688&g_mp=Cidnb29nbGUubWFwcy5wbGFjZXMudjEuUGxhY2VzLlNlYXJjaFRleHQQAhgEIAA,yoga_studio,OPERATIONAL,"Importado desde Google Maps
Tipo: Centro de yoga
Dirección: C. Sacristía de San Matías, 18, Centro, 18009 Granada
Google: 5⭐ (73 reseñas)
Maps: https://maps.google.com/?cid=16951420107149770688&g_mp=Cidnb29nbGUubWFwcy5wbGFjZXMudjEuUGxhY2VzLlNlYXJjaFRleHQQAhgEIAA"
cmpd0hk5z02bcq1setsxin99a,Baubo Yoga,,655 13 43 41,Baubo Yoga,,España,google-maps,atleevoyoga,NUEVO,MEDIA,,,2026-05-19T19:14:08.088Z,2026-05-19T19:14:08.088Z,http://www.bauboyoga.com/,"Cjón. de Pavaneras, 3, Centro, 18009 Granada",Granada,5,545,https://maps.google.com/?cid=11225488704164223918&g_mp=Cidnb29nbGUubWFwcy5wbGFjZXMudjEuUGxhY2VzLlNlYXJjaFRleHQQAhgEIAA,yoga_studio,OPERATIONAL,"Importado desde Google Maps
Tipo: Centro de yoga
Dirección: Cjón. de Pavaneras, 3, Centro, 18009 Granada
Google: 5⭐ (545 reseñas)
Web: http://www.bauboyoga.com/
Maps: https://maps.google.com/?cid=11225488704164223918&g_mp=Cidnb29nbGUubWFwcy5wbGFjZXMudjEuUGxhY2VzLlNlYXJjaFRleHQQAhgEIAA"
cmpd0hkf202bdq1seh398ure5,YogaSalud,,652 05 11 20,YogaSalud,,España,google-maps,atleevoyoga,NUEVO,MEDIA,,,2026-05-19T19:14:08.415Z,2026-05-19T19:14:08.415Z,http://www.yogasalud.es/,"Cl. el Guerra, 4, Beiro, 18014 Granada",Granada,5,212,https://maps.google.com/?cid=10462970243422872461&g_mp=Cidnb29nbGUubWFwcy5wbGFjZXMudjEuUGxhY2VzLlNlYXJjaFRleHQQAhgEIAA,yoga_studio,OPERATIONAL,"Importado desde Google Maps
Tipo: Centro de yoga
Dirección: Cl. el Guerra, 4, Beiro, 18014 Granada
Google: 5⭐ (212 reseñas)
Web: http://www.yogasalud.es/
Maps: https://maps.google.com/?cid=10462970243422872461&g_mp=Cidnb29nbGUubWFwcy5wbGFjZXMudjEuUGxhY2VzLlNlYXJjaFRleHQQAhgEIAA"
cmpd0hkoc02beq1se3ik4v1wv,Drishti Yoga & Pilates Studio | Centro de Yoga y Pilates en Granada,,645 36 86 94,Drishti Yoga & Pilates Studio | Centro de Yoga y Pilates en Granada,,España,google-maps,atleevoyoga,NUEVO,MEDIA,,,2026-05-19T19:14:08.748Z,2026-05-19T19:14:08.748Z,https://drishtiyogastudio.com/,"Calle Prof. Francisco Dalmau, 23, Beiro, 18013 Granada",Granada,5,102,https://maps.google.com/?cid=4430864621627668017&g_mp=Cidnb29nbGUubWFwcy5wbGFjZXMudjEuUGxhY2VzLlNlYXJjaFRleHQQAhgEIAA,yoga_studio,OPERATIONAL,"Importado desde Google Maps
Tipo: Centro de yoga
Dirección: Calle Prof. Francisco Dalmau, 23, Beiro, 18013 Granada
Google: 5⭐ (102 reseñas)
Web: https://drishtiyogastudio.com/
Maps: https://maps.google.com/?cid=4430864621627668017&g_mp=Cidnb29nbGUubWFwcy5wbGFjZXMudjEuUGxhY2VzLlNlYXJjaFRleHQQAhgEIAA"
cmpd0hkyx02bfq1se4onuvv9a,Origen I Wellness & LifeStyle,,639 40 60 60,Origen I Wellness & LifeStyle,,España,google-maps,atleevoyoga,NUEVO,MEDIA,,,2026-05-19T19:14:09.129Z,2026-05-19T19:14:09.129Z,https://granayoga.es/,"C. San Vicente Ferrer, 4, Centro, 18005 Granada",Granada,5,106,https://maps.google.com/?cid=7639965954120717003&g_mp=Cidnb29nbGUubWFwcy5wbGFjZXMudjEuUGxhY2VzLlNlYXJjaFRleHQQAhgEIAA,wellness_center,OPERATIONAL,"Importado desde Google Maps
Tipo: Centro de salud y bienestar
Dirección: C. San Vicente Ferrer, 4, Centro, 18005 Granada
Google: 5⭐ (106 reseñas)
Web: https://granayoga.es/
Maps: https://maps.google.com/?cid=7639965954120717003&g_mp=Cidnb29nbGUubWFwcy5wbGFjZXMudjEuUGxhY2VzLlNlYXJjaFRleHQQAhgEIAA"
cmpd0hl9302bgq1seosug4z89,"Centro Kali | Yoga, pilates y terapias naturales en Granada",,617 77 59 11,"Centro Kali | Yoga, pilates y terapias naturales en Granada",,España,google-maps,atleevoyoga,NUEVO,MEDIA,,,2026-05-19T19:14:09.495Z,2026-05-19T19:14:09.495Z,http://www.centrokali.com/,"Calle Prof. Agustín Escribano, Local 5, Bajo, Ronda, 18004 Granada",Granada,5,160,https://maps.google.com/?cid=1391447660900896829&g_mp=Cidnb29nbGUubWFwcy5wbGFjZXMudjEuUGxhY2VzLlNlYXJjaFRleHQQAhgEIAA,yoga_studio,OPERATIONAL,"Importado desde Google Maps
Tipo: Centro de yoga
Dirección: Calle Prof. Agustín Escribano, Local 5, Bajo, Ronda, 18004 Granada
Google: 5⭐ (160 reseñas)
Web: http://www.centrokali.com/
Maps: https://maps.google.com/?cid=1391447660900896829&g_mp=Cidnb29nbGUubWFwcy5wbGFjZXMudjEuUGxhY2VzLlNlYXJjaFRleHQQAhgEIAA"
cmpd0hlig02bhq1sefq56rdlq,Ser y Yoga Estudio - Granada Centro Yoga,,615 68 21 36,Ser y Yoga Estudio - Granada Centro Yoga,,España,google-maps,atleevoyoga,NUEVO,MEDIA,,,2026-05-19T19:14:09.833Z,2026-05-19T19:14:09.833Z,https://seryyoga.com/contacts/,"Ser y Yoga Centro de Yoga, C. Palencia, 29, Zaidín, 18008 Granada",Granada,5,50,https://maps.google.com/?cid=14685552286079621384&g_mp=Cidnb29nbGUubWFwcy5wbGFjZXMudjEuUGxhY2VzLlNlYXJjaFRleHQQAhgEIAA,yoga_studio,OPERATIONAL,"Importado desde Google Maps
Tipo: Centro de yoga
Dirección: Ser y Yoga Centro de Yoga, C. Palencia, 29, Zaidín, 18008 Granada
Google: 5⭐ (50 reseñas)
Web: https://seryyoga.com/contacts/
Maps: https://maps.google.com/?cid=14685552286079621384&g_mp=Cidnb29nbGUubWFwcy5wbGFjZXMudjEuUGxhY2VzLlNlYXJjaFRleHQQAhgEIAA"
cmpd0hlrt02biq1se7s9ckjvb,YOGA TAO GRANADA,,651 63 69 65,YOGA TAO GRANADA,,España,google-maps,atleevoyoga,NUEVO,MEDIA,,,2026-05-19T19:14:10.169Z,2026-05-19T19:14:10.169Z,,"Calle Prof. Tierno Galván, 6, Zaidín, 18006 Granada",Granada,5,50,https://maps.google.com/?cid=10196015068745656136&g_mp=Cidnb29nbGUubWFwcy5wbGFjZXMudjEuUGxhY2VzLlNlYXJjaFRleHQQAhgEIAA,yoga_studio,OPERATIONAL,"Importado desde Google Maps
Tipo: Centro de yoga
Dirección: Calle Prof. Tierno Galván, 6, Zaidín, 18006 Granada
Google: 5⭐ (50 reseñas)
Maps: https://maps.google.com/?cid=10196015068745656136&g_mp=Cidnb29nbGUubWFwcy5wbGFjZXMudjEuUGxhY2VzLlNlYXJjaFRleHQQAhgEIAA"
cmpd0hm1102bjq1seoysrw7s8,Yoga Shala Granada,,660 06 62 40,Yoga Shala Granada,,España,google-maps,atleevoyoga,NUEVO,MEDIA,,,2026-05-19T19:14:10.501Z,2026-05-19T19:14:10.501Z,http://www.granadayoga.es/,"C. Ogijares, 6, 18006 Granada",Granada,5,20,https://maps.google.com/?cid=735899028864709254&g_mp=Cidnb29nbGUubWFwcy5wbGFjZXMudjEuUGxhY2VzLlNlYXJjaFRleHQQAhgEIAA,yoga_studio,OPERATIONAL,"Importado desde Google Maps
Tipo: Centro de yoga
Dirección: C. Ogijares, 6, 18006 Granada
Google: 5⭐ (20 reseñas)
Web: http://www.granadayoga.es/
Maps: https://maps.google.com/?cid=735899028864709254&g_mp=Cidnb29nbGUubWFwcy5wbGFjZXMudjEuUGxhY2VzLlNlYXJjaFRleHQQAhgEIAA"
cmpd0hmas02bkq1sevnnvx6rr,▷ Good Yoga - Escuela de Yoga en Granada,,617 90 13 47,▷ Good Yoga - Escuela de Yoga en Granada,,España,google-maps,atleevoyoga,NUEVO,MEDIA,,,2026-05-19T19:14:10.853Z,2026-05-19T19:14:10.853Z,http://www.goodyoga.es/,"C. Recogidas, nº 45, 1º d, Ronda, 18005 Granada",Granada,5,39,https://maps.google.com/?cid=18401780135250633696&g_mp=Cidnb29nbGUubWFwcy5wbGFjZXMudjEuUGxhY2VzLlNlYXJjaFRleHQQAhgEIAA,yoga_studio,OPERATIONAL,"Importado desde Google Maps
Tipo: Centro de yoga
Dirección: C. Recogidas, nº 45, 1º d, Ronda, 18005 Granada
Google: 5⭐ (39 reseñas)
Web: http://www.goodyoga.es/
Maps: https://maps.google.com/?cid=18401780135250633696&g_mp=Cidnb29nbGUubWFwcy5wbGFjZXMudjEuUGxhY2VzLlNlYXJjaFRleHQQAhgEIAA"
cmpd0hmk702blq1setaexrinj,YOGA UDUMBARA,,673 68 38 39,YOGA UDUMBARA,,España,google-maps,atleevoyoga,NUEVO,MEDIA,,,2026-05-19T19:14:11.191Z,2026-05-19T19:14:11.191Z,https://udumbaraeco.es/,"C. Isla de la Gomera, 30, Norte, 18014 Granada",Granada,5,27,https://maps.google.com/?cid=3876581560465598106&g_mp=Cidnb29nbGUubWFwcy5wbGFjZXMudjEuUGxhY2VzLlNlYXJjaFRleHQQAhgEIAA,yoga_studio,OPERATIONAL,"Importado desde Google Maps
Tipo: Centro de yoga
Dirección: C. Isla de la Gomera, 30, Norte, 18014 Granada
Google: 5⭐ (27 reseñas)
Web: https://udumbaraeco.es/
Maps: https://maps.google.com/?cid=3876581560465598106&g_mp=Cidnb29nbGUubWFwcy5wbGFjZXMudjEuUGxhY2VzLlNlYXJjaFRleHQQAhgEIAA"
cmpd0hmub02bmq1sevgwfqnqv,Academia de Yoga & Dharma,,610 50 16 81,Academia de Yoga & Dharma,,España,google-maps,atleevoyoga,NUEVO,MEDIA,,,2026-05-19T19:14:11.556Z,2026-05-19T19:14:11.556Z,https://academiayoga.org/,"C. Recogidas, 27, planta 4, Centro, 18005 Granada",Granada,4.9,32,https://maps.google.com/?cid=10881218317945720871&g_mp=Cidnb29nbGUubWFwcy5wbGFjZXMudjEuUGxhY2VzLlNlYXJjaFRleHQQAhgEIAA,yoga_studio,OPERATIONAL,"Importado desde Google Maps
Tipo: Centro de yoga
Dirección: C. Recogidas, 27, planta 4, Centro, 18005 Granada
Google: 4.9⭐ (32 reseñas)
Web: https://academiayoga.org/
Maps: https://maps.google.com/?cid=10881218317945720871&g_mp=Cidnb29nbGUubWFwcy5wbGFjZXMudjEuUGxhY2VzLlNlYXJjaFRleHQQAhgEIAA"
cmpd0hn4502bnq1se1r2xpo5f,"Be Moved - Yoga, movement, community",,617 88 77 25,"Be Moved - Yoga, movement, community",,España,google-maps,atleevoyoga,NUEVO,MEDIA,,,2026-05-19T19:14:11.909Z,2026-05-19T19:14:11.909Z,https://www.bemovedgranada.com/,"C. Escultor Antonio Martinez Olalla, 5, Ronda, 18003 Granada",Granada,5,65,https://maps.google.com/?cid=8934975803458001989&g_mp=Cidnb29nbGUubWFwcy5wbGFjZXMudjEuUGxhY2VzLlNlYXJjaFRleHQQAhgEIAA,yoga_studio,OPERATIONAL,"Importado desde Google Maps
Tipo: Centro de yoga
Dirección: C. Escultor Antonio Martinez Olalla, 5, Ronda, 18003 Granada
Google: 5⭐ (65 reseñas)
Web: https://www.bemovedgranada.com/
Maps: https://maps.google.com/?cid=8934975803458001989&g_mp=Cidnb29nbGUubWFwcy5wbGFjZXMudjEuUGxhY2VzLlNlYXJjaFRleHQQAhgEIAA"
cmpd0hndd02boq1seq4brgr9b,Nature Yoga,,624 18 26 83,Nature Yoga,,España,google-maps,atleevoyoga,NUEVO,MEDIA,,,2026-05-19T19:14:12.242Z,2026-05-19T19:14:12.242Z,https://www.natureyoga.es/,"C. Chueca, 6, Ronda, 18004 Granada",Granada,5,32,https://maps.google.com/?cid=18249826819616945040&g_mp=Cidnb29nbGUubWFwcy5wbGFjZXMudjEuUGxhY2VzLlNlYXJjaFRleHQQAhgEIAA,yoga_studio,OPERATIONAL,"Importado desde Google Maps
Tipo: Centro de yoga
Dirección: C. Chueca, 6, Ronda, 18004 Granada
Google: 5⭐ (32 reseñas)
Web: https://www.natureyoga.es/
Maps: https://maps.google.com/?cid=18249826819616945040&g_mp=Cidnb29nbGUubWFwcy5wbGFjZXMudjEuUGxhY2VzLlNlYXJjaFRleHQQAhgEIAA"
cmpd0hnmi02bpq1se3sx08cpb,Yoga Iyengar Maitreya Granada,,620 07 31 09,Yoga Iyengar Maitreya Granada,,España,google-maps,atleevoyoga,NUEVO,MEDIA,,,2026-05-19T19:14:12.571Z,2026-05-19T19:14:12.571Z,https://escueladeyogamaitreya.com/,"C. San Antón, 72, Ronda, 18005 Granada",Granada,5,8,https://maps.google.com/?cid=13263960619349256409&g_mp=Cidnb29nbGUubWFwcy5wbGFjZXMudjEuUGxhY2VzLlNlYXJjaFRleHQQAhgEIAA,yoga_studio,OPERATIONAL,"Importado desde Google Maps
Tipo: Centro de yoga
Dirección: C. San Antón, 72, Ronda, 18005 Granada
Google: 5⭐ (8 reseñas)
Web: https://escueladeyogamaitreya.com/
Maps: https://maps.google.com/?cid=13263960619349256409&g_mp=Cidnb29nbGUubWFwcy5wbGFjZXMudjEuUGxhY2VzLlNlYXJjaFRleHQQAhgEIAA"
cmpd0hnvy02bqq1sezvvsfo2q,Escuela de Kundalini Yoga - Yogui Ji Granada,,958 28 72 19,Escuela de Kundalini Yoga - Yogui Ji Granada,,España,google-maps,atleevoyoga,NUEVO,MEDIA,,,2026-05-19T19:14:12.911Z,2026-05-19T19:14:12.911Z,http://www.kundaliniyogagranada.es/,"Avenida Constitución, 20, LOC, 113, Beiro, 18012 Granada",Granada,4.7,13,https://maps.google.com/?cid=1254202026301298505&g_mp=Cidnb29nbGUubWFwcy5wbGFjZXMudjEuUGxhY2VzLlNlYXJjaFRleHQQAhgEIAA,yoga_studio,OPERATIONAL,"Importado desde Google Maps
Tipo: Centro de yoga
Dirección: Avenida Constitución, 20, LOC, 113, Beiro, 18012 Granada
Google: 4.7⭐ (13 reseñas)
Web: http://www.kundaliniyogagranada.es/
Maps: https://maps.google.com/?cid=1254202026301298505&g_mp=Cidnb29nbGUubWFwcy5wbGFjZXMudjEuUGxhY2VzLlNlYXJjaFRleHQQAhgEIAA"
cmpd0ho5k02brq1sesf9f5pb2,Escuela de Yoga Vishnu Granada,,676 16 33 96,Escuela de Yoga Vishnu Granada,,España,google-maps,atleevoyoga,NUEVO,MEDIA,,,2026-05-19T19:14:13.257Z,2026-05-19T19:14:13.257Z,http://www.yogavishnu.com/,"C. Melchor Almagro, 16, Centro, 18002 Granada",Granada,5,7,https://maps.google.com/?cid=17320811729449664592&g_mp=Cidnb29nbGUubWFwcy5wbGFjZXMudjEuUGxhY2VzLlNlYXJjaFRleHQQAhgEIAA,yoga_studio,OPERATIONAL,"Importado desde Google Maps
Tipo: Centro de yoga
Dirección: C. Melchor Almagro, 16, Centro, 18002 Granada
Google: 5⭐ (7 reseñas)
Web: http://www.yogavishnu.com/
Maps: https://maps.google.com/?cid=17320811729449664592&g_mp=Cidnb29nbGUubWFwcy5wbGFjZXMudjEuUGxhY2VzLlNlYXJjaFRleHQQAhgEIAA"
cmpd0hqnb02bsq1se4bhwd1co,Naturwellness - Granada,,633 06 49 50,Naturwellness - Granada,,España,google-maps,atleevoyoga,NUEVO,MEDIA,,,2026-05-19T19:14:16.488Z,2026-05-19T19:14:16.488Z,https://www.naturwellness.es/,"C. Gran Vía de Colón, 33, Centro, 18001 Granada",Granada,5,84,https://maps.google.com/?cid=9907381332082836645&g_mp=Cidnb29nbGUubWFwcy5wbGFjZXMudjEuUGxhY2VzLlNlYXJjaFRleHQQAhgEIAA,yoga_studio,OPERATIONAL,"Importado desde Google Maps
Tipo: Centro de yoga
Dirección: C. Gran Vía de Colón, 33, Centro, 18001 Granada
Google: 5⭐ (84 reseñas)
Web: https://www.naturwellness.es/
Maps: https://maps.google.com/?cid=9907381332082836645&g_mp=Cidnb29nbGUubWFwcy5wbGFjZXMudjEuUGxhY2VzLlNlYXJjaFRleHQQAhgEIAA"
cmpd0hry602btq1seevojeiki,ACG de Raya Yoga-Tradición Sivananda Granada,,660 28 85 71,ACG de Raya Yoga-Tradición Sivananda Granada,,España,google-maps,atleevoyoga,NUEVO,MEDIA,,,2026-05-19T19:14:18.142Z,2026-05-19T19:14:18.142Z,http://comemosparavivir.blogspot.com/,"C. Marqués de la Ensenada, 2, Ronda, 18004 Granada",Granada,5,3,https://maps.google.com/?cid=11095733923568265606&g_mp=Cidnb29nbGUubWFwcy5wbGFjZXMudjEuUGxhY2VzLlNlYXJjaFRleHQQAhgEIAA,yoga_studio,OPERATIONAL,"Importado desde Google Maps
Tipo: Centro de yoga
Dirección: C. Marqués de la Ensenada, 2, Ronda, 18004 Granada
Google: 5⭐ (3 reseñas)
Web: http://comemosparavivir.blogspot.com/
Maps: https://maps.google.com/?cid=11095733923568265606&g_mp=Cidnb29nbGUubWFwcy5wbGFjZXMudjEuUGxhY2VzLlNlYXJjaFRleHQQAhgEIAA"
cmpd0hs7g02buq1seguikx0pn,Umbra | Espacio de Yoga y Movimiento Expresivo,,614 04 51 91,Umbra | Espacio de Yoga y Movimiento Expresivo,,España,google-maps,atleevoyoga,NUEVO,MEDIA,,,2026-05-19T19:14:18.509Z,2026-05-19T19:14:18.509Z,https://linktr.ee/EspacioUmbra,"CC Neptuno, Arabial, 45, Local 91, Ronda, 18004 Granada",Granada,5,17,https://maps.google.com/?cid=1944989165871914999&g_mp=Cidnb29nbGUubWFwcy5wbGFjZXMudjEuUGxhY2VzLlNlYXJjaFRleHQQAhgEIAA,yoga_studio,OPERATIONAL,"Importado desde Google Maps
Tipo: Centro de yoga
Dirección: CC Neptuno, Arabial, 45, Local 91, Ronda, 18004 Granada
Google: 5⭐ (17 reseñas)
Web: https://linktr.ee/EspacioUmbra
Maps: https://maps.google.com/?cid=1944989165871914999&g_mp=Cidnb29nbGUubWFwcy5wbGFjZXMudjEuUGxhY2VzLlNlYXJjaFRleHQQAhgEIAA"
cmpd0hsld02bvq1sexdh56ib7,Mas Yoga Granada,,637 16 55 11,Mas Yoga Granada,,España,google-maps,atleevoyoga,NUEVO,MEDIA,,,2026-05-19T19:14:19.010Z,2026-05-19T19:14:19.010Z,https://www.yogaconanapisador.es/,"C. Real de Motril, 61, 18100 Armilla, Granada",Granada,5,11,https://maps.google.com/?cid=8131044558284896713&g_mp=Cidnb29nbGUubWFwcy5wbGFjZXMudjEuUGxhY2VzLlNlYXJjaFRleHQQAhgEIAA,yoga_studio,OPERATIONAL,"Importado desde Google Maps
Tipo: Centro de yoga
Dirección: C. Real de Motril, 61, 18100 Armilla, Granada
Google: 5⭐ (11 reseñas)
Web: https://www.yogaconanapisador.es/
Maps: https://maps.google.com/?cid=8131044558284896713&g_mp=Cidnb29nbGUubWFwcy5wbGFjZXMudjEuUGxhY2VzLlNlYXJjaFRleHQQAhgEIAA"
cmpd0hszi02bwq1se0qmhd214,Yoga Senda Granada,,675 15 57 41,Yoga Senda Granada,,España,google-maps,atleevoyoga,NUEVO,MEDIA,,,2026-05-19T19:14:19.518Z,2026-05-19T19:14:19.518Z,https://yogasenda.com/,"Calle Prof. Tierno Galván, 6, Zaidín, 18006 Granada",Granada,5,49,https://maps.google.com/?cid=18053887446838467235&g_mp=Cidnb29nbGUubWFwcy5wbGFjZXMudjEuUGxhY2VzLlNlYXJjaFRleHQQAhgEIAA,,OPERATIONAL,"Importado desde Google Maps
Dirección: Calle Prof. Tierno Galván, 6, Zaidín, 18006 Granada
Google: 5⭐ (49 reseñas)
Web: https://yogasenda.com/
Maps: https://maps.google.com/?cid=18053887446838467235&g_mp=Cidnb29nbGUubWFwcy5wbGFjZXMudjEuUGxhY2VzLlNlYXJjaFRleHQQAhgEIAA"
cmpd0ht8u02bxq1seom2ahq3q,Balasuryogashala,,614 06 79 18,Balasuryogashala,,España,google-maps,atleevoyoga,NUEVO,MEDIA,,,2026-05-19T19:14:19.854Z,2026-05-19T19:14:19.854Z,https://balasuryoga.com/,"C. Adelfa, 3, Ronda, 18006 Granada",Granada,5,25,https://maps.google.com/?cid=10370324479384538927&g_mp=Cidnb29nbGUubWFwcy5wbGFjZXMudjEuUGxhY2VzLlNlYXJjaFRleHQQAhgEIAA,yoga_studio,OPERATIONAL,"Importado desde Google Maps
Tipo: Centro de yoga
Dirección: C. Adelfa, 3, Ronda, 18006 Granada
Google: 5⭐ (25 reseñas)
Web: https://balasuryoga.com/
Maps: https://maps.google.com/?cid=10370324479384538927&g_mp=Cidnb29nbGUubWFwcy5wbGFjZXMudjEuUGxhY2VzLlNlYXJjaFRleHQQAhgEIAA"
cmpd0htrl02byq1se0zvdroxl,Mente Bio. Psicopedagogía y Yoga,,616 25 76 80,Mente Bio. Psicopedagogía y Yoga,,España,google-maps,atleevoyoga,NUEVO,MEDIA,,,2026-05-19T19:14:20.529Z,2026-05-19T19:14:20.529Z,http://www.mentebio.com/,"C. Laureado López Muñoz, 10, Zaidín, 18007 Granada",Granada,4.8,22,https://maps.google.com/?cid=2419225013733760081&g_mp=Cidnb29nbGUubWFwcy5wbGFjZXMudjEuUGxhY2VzLlNlYXJjaFRleHQQAhgEIAA,yoga_studio,OPERATIONAL,"Importado desde Google Maps
Tipo: Centro de yoga
Dirección: C. Laureado López Muñoz, 10, Zaidín, 18007 Granada
Google: 4.8⭐ (22 reseñas)
Web: http://www.mentebio.com/
Maps: https://maps.google.com/?cid=2419225013733760081&g_mp=Cidnb29nbGUubWFwcy5wbGFjZXMudjEuUGxhY2VzLlNlYXJjaFRleHQQAhgEIAA"
cmpd0hu1302bzq1seir3qv0x8,Danae yoga terapeutico granada,,691 54 52 45,Danae yoga terapeutico granada,,España,google-maps,atleevoyoga,NUEVO,MEDIA,,,2026-05-19T19:14:20.872Z,2026-05-19T19:14:20.872Z,https://danaelife.es/,"C. Recogidas, Centro, 18006 Granada",Granada,5,37,https://maps.google.com/?cid=7499311803934154956&g_mp=Cidnb29nbGUubWFwcy5wbGFjZXMudjEuUGxhY2VzLlNlYXJjaFRleHQQAhgEIAA,,OPERATIONAL,"Importado desde Google Maps
Dirección: C. Recogidas, Centro, 18006 Granada
Google: 5⭐ (37 reseñas)
Web: https://danaelife.es/
Maps: https://maps.google.com/?cid=7499311803934154956&g_mp=Cidnb29nbGUubWFwcy5wbGFjZXMudjEuUGxhY2VzLlNlYXJjaFRleHQQAhgEIAA"
cmpd0huaw02c0q1setkp8od81,Shivambu. Escuela de Yoga & Masajes,,662 21 81 90,Shivambu. Escuela de Yoga & Masajes,,España,google-maps,atleevoyoga,NUEVO,MEDIA,,,2026-05-19T19:14:21.224Z,2026-05-19T19:14:21.224Z,http://www.shivambuyoga.com/,"C. Prta de las Granadas, 11, Albaicín, 18010 Granada",Granada,5,1,https://maps.google.com/?cid=10017653147421671393&g_mp=Cidnb29nbGUubWFwcy5wbGFjZXMudjEuUGxhY2VzLlNlYXJjaFRleHQQAhgEIAA,yoga_studio,OPERATIONAL,"Importado desde Google Maps
Tipo: Centro de yoga
Dirección: C. Prta de las Granadas, 11, Albaicín, 18010 Granada
Google: 5⭐ (1 reseñas)
Web: http://www.shivambuyoga.com/
Maps: https://maps.google.com/?cid=10017653147421671393&g_mp=Cidnb29nbGUubWFwcy5wbGFjZXMudjEuUGxhY2VzLlNlYXJjaFRleHQQAhgEIAA"
cmpd0huk102c1q1sea1vy5snw,Alma y Tierra | Centro de Terapias naturales y Yoga,,605 57 64 48,Alma y Tierra | Centro de Terapias naturales y Yoga,,España,google-maps,atleevoyoga,NUEVO,MEDIA,,,2026-05-19T19:14:21.554Z,2026-05-19T19:14:21.554Z,http://www.almaytierra.com/,"C. Ancha de Capuchinos, 14, Albaicín, 18012 Granada",Granada,4.9,87,https://maps.google.com/?cid=4217595104741309409&g_mp=Cidnb29nbGUubWFwcy5wbGFjZXMudjEuUGxhY2VzLlNlYXJjaFRleHQQAhgEIAA,wellness_center,OPERATIONAL,"Importado desde Google Maps
Tipo: Centro de salud y bienestar
Dirección: C. Ancha de Capuchinos, 14, Albaicín, 18012 Granada
Google: 4.9⭐ (87 reseñas)
Web: http://www.almaytierra.com/
Maps: https://maps.google.com/?cid=4217595104741309409&g_mp=Cidnb29nbGUubWFwcy5wbGFjZXMudjEuUGxhY2VzLlNlYXJjaFRleHQQAhgEIAA"
cmpd0huu902c2q1se09nb4sta,"Bodhisattva. Escuela de Yoga, Reiki y Registros Akáshicos en Granada (sala Satori)",,659 72 45 57,"Bodhisattva. Escuela de Yoga, Reiki y Registros Akáshicos en Granada (sala Satori)",,España,google-maps,atleevoyoga,NUEVO,MEDIA,,,2026-05-19T19:14:21.921Z,2026-05-19T19:14:21.921Z,https://bodhishivaya.wixsite.com/yogareikidogranada,"Cam. de Ronda, 12, Ronda, 18006 Granada",Granada,5,53,https://maps.google.com/?cid=13991856060622469074&g_mp=Cidnb29nbGUubWFwcy5wbGFjZXMudjEuUGxhY2VzLlNlYXJjaFRleHQQAhgEIAA,service,OPERATIONAL,"Importado desde Google Maps
Tipo: Servicios
Dirección: Cam. de Ronda, 12, Ronda, 18006 Granada
Google: 5⭐ (53 reseñas)
Web: https://bodhishivaya.wixsite.com/yogareikidogranada
Maps: https://maps.google.com/?cid=13991856060622469074&g_mp=Cidnb29nbGUubWFwcy5wbGFjZXMudjEuUGxhY2VzLlNlYXJjaFRleHQQAhgEIAA"
cmpd0hv3h02c3q1se4u5xwdxc,Quiroesencia,,621 21 75 95,Quiroesencia,,España,google-maps,atleevoyoga,NUEVO,MEDIA,,,2026-05-19T19:14:22.254Z,2026-05-19T19:14:22.254Z,https://quiroesencia.com/,"C. San Jerónimo, 48, local, Centro, 18001 Centro, Granada",Granada,4.9,148,https://maps.google.com/?cid=5351786939903294862&g_mp=Cidnb29nbGUubWFwcy5wbGFjZXMudjEuUGxhY2VzLlNlYXJjaFRleHQQAhgEIAA,massage,OPERATIONAL,"Importado desde Google Maps
Tipo: Servicio de masajes
Dirección: C. San Jerónimo, 48, local, Centro, 18001 Centro, Granada
Google: 4.9⭐ (148 reseñas)
Web: https://quiroesencia.com/
Maps: https://maps.google.com/?cid=5351786939903294862&g_mp=Cidnb29nbGUubWFwcy5wbGFjZXMudjEuUGxhY2VzLlNlYXJjaFRleHQQAhgEIAA"
cmpd0hvcm02c4q1se8o0yne43,Tucuerpoenforma.es,,645 88 65 40,Tucuerpoenforma.es,,España,google-maps,atleevoyoga,NUEVO,MEDIA,,,2026-05-19T19:14:22.582Z,2026-05-19T19:14:22.582Z,http://www.tucuerpoenforma.es/,"C. Otura, 18006 Granada",Granada,5,119,https://maps.google.com/?cid=1869641181727438028&g_mp=Cidnb29nbGUubWFwcy5wbGFjZXMudjEuUGxhY2VzLlNlYXJjaFRleHQQAhgEIAA,fitness_center,OPERATIONAL,"Importado desde Google Maps
Tipo: Centro deportivo
Dirección: C. Otura, 18006 Granada
Google: 5⭐ (119 reseñas)
Web: http://www.tucuerpoenforma.es/
Maps: https://maps.google.com/?cid=1869641181727438028&g_mp=Cidnb29nbGUubWFwcy5wbGFjZXMudjEuUGxhY2VzLlNlYXJjaFRleHQQAhgEIAA"
cmpd0hvn502c5q1seonxwbmfo,Espacio Abhyasa Yoga Iyengar,,693 10 69 15,Espacio Abhyasa Yoga Iyengar,,España,google-maps,atleevoyoga,NUEVO,MEDIA,,,2026-05-19T19:14:22.961Z,2026-05-19T19:14:22.961Z,https://espacioabhyasa.com/,"Pl. Miguel Ruiz del Castillo, 4, Centro, 18005 Granada",Granada,5,3,https://maps.google.com/?cid=10006799187405651947&g_mp=Cidnb29nbGUubWFwcy5wbGFjZXMudjEuUGxhY2VzLlNlYXJjaFRleHQQAhgEIAA,yoga_studio,OPERATIONAL,"Importado desde Google Maps
Tipo: Centro de yoga
Dirección: Pl. Miguel Ruiz del Castillo, 4, Centro, 18005 Granada
Google: 5⭐ (3 reseñas)
Web: https://espacioabhyasa.com/
Maps: https://maps.google.com/?cid=10006799187405651947&g_mp=Cidnb29nbGUubWFwcy5wbGFjZXMudjEuUGxhY2VzLlNlYXJjaFRleHQQAhgEIAA"
cmpd0hvwk02c6q1sep516pnf6,Centro Samadhi,,613 24 00 11,Centro Samadhi,,España,google-maps,atleevoyoga,NUEVO,MEDIA,,,2026-05-19T19:14:23.301Z,2026-05-19T19:14:23.301Z,,"Cam. de Ronda, 12, Ronda, 18006 Granada",Granada,5,2,https://maps.google.com/?cid=9726267522841787041&g_mp=Cidnb29nbGUubWFwcy5wbGFjZXMudjEuUGxhY2VzLlNlYXJjaFRleHQQAhgEIAA,yoga_studio,OPERATIONAL,"Importado desde Google Maps
Tipo: Centro de yoga
Dirección: Cam. de Ronda, 12, Ronda, 18006 Granada
Google: 5⭐ (2 reseñas)
Maps: https://maps.google.com/?cid=9726267522841787041&g_mp=Cidnb29nbGUubWFwcy5wbGFjZXMudjEuUGxhY2VzLlNlYXJjaFRleHQQAhgEIAA"
cmpd0hw6902c7q1seykrez86z,Moksha Yoga Granada,,621 21 75 95,Moksha Yoga Granada,,España,google-maps,atleevoyoga,NUEVO,MEDIA,,,2026-05-19T19:14:23.649Z,2026-05-19T19:14:23.649Z,,"C. San Jerónimo, 48, Centro, 18001 Granada",Granada,5,8,https://maps.google.com/?cid=18041711004290843284&g_mp=Cidnb29nbGUubWFwcy5wbGFjZXMudjEuUGxhY2VzLlNlYXJjaFRleHQQAhgEIAA,yoga_studio,OPERATIONAL,"Importado desde Google Maps
Tipo: Centro de yoga
Dirección: C. San Jerónimo, 48, Centro, 18001 Granada
Google: 5⭐ (8 reseñas)
Maps: https://maps.google.com/?cid=18041711004290843284&g_mp=Cidnb29nbGUubWFwcy5wbGFjZXMudjEuUGxhY2VzLlNlYXJjaFRleHQQAhgEIAA"
cmpd0hwgo02c8q1semrw7df6y,Flow | Pilates - Osteopatía,,958 20 00 28,Flow | Pilates - Osteopatía,,España,google-maps,atleevoyoga,NUEVO,MEDIA,,,2026-05-19T19:14:24.024Z,2026-05-19T19:14:24.024Z,http://www.flowgranada.com/,"Av. de las Fuerzas Armadas, 1, Beiro, 18014 Granada",Granada,4.9,52,https://maps.google.com/?cid=17637791660759449340&g_mp=Cidnb29nbGUubWFwcy5wbGFjZXMudjEuUGxhY2VzLlNlYXJjaFRleHQQAhgEIAA,gym,OPERATIONAL,"Importado desde Google Maps
Tipo: Gimnasio
Dirección: Av. de las Fuerzas Armadas, 1, Beiro, 18014 Granada
Google: 4.9⭐ (52 reseñas)
Web: http://www.flowgranada.com/
Maps: https://maps.google.com/?cid=17637791660759449340&g_mp=Cidnb29nbGUubWFwcy5wbGFjZXMudjEuUGxhY2VzLlNlYXJjaFRleHQQAhgEIAA"
cmpd0hwpy02c9q1sex1c2986q,Warrior Pilates Yoga,,680 51 06 57,Warrior Pilates Yoga,,España,google-maps,atleevoyoga,NUEVO,MEDIA,,,2026-05-19T19:14:24.358Z,2026-05-19T19:14:24.358Z,https://warrioryogapilates.com/,"C. Ancha de Capuchinos, s/n, Albaicín, 18012, Albaicín, 18010 Granada",Granada,5,19,https://maps.google.com/?cid=2670595731252131263&g_mp=Cidnb29nbGUubWFwcy5wbGFjZXMudjEuUGxhY2VzLlNlYXJjaFRleHQQAhgEIAA,gym,OPERATIONAL,"Importado desde Google Maps
Tipo: Gimnasio
Dirección: C. Ancha de Capuchinos, s/n, Albaicín, 18012, Albaicín, 18010 Granada
Google: 5⭐ (19 reseñas)
Web: https://warrioryogapilates.com/
Maps: https://maps.google.com/?cid=2670595731252131263&g_mp=Cidnb29nbGUubWFwcy5wbGFjZXMudjEuUGxhY2VzLlNlYXJjaFRleHQQAhgEIAA"
cmpd0hwzb02caq1sef9k3b1w5,Studio Ekam,,608 76 05 54,Studio Ekam,,España,google-maps,atleevoyoga,NUEVO,MEDIA,,,2026-05-19T19:14:24.696Z,2026-05-19T19:14:24.696Z,,"C. Buensuceso, 9, Centro, 18002 Granada",Granada,4.5,24,https://maps.google.com/?cid=6220869869339031422&g_mp=Cidnb29nbGUubWFwcy5wbGFjZXMudjEuUGxhY2VzLlNlYXJjaFRleHQQAhgEIAA,yoga_studio,OPERATIONAL,"Importado desde Google Maps
Tipo: Centro de yoga
Dirección: C. Buensuceso, 9, Centro, 18002 Granada
Google: 4.5⭐ (24 reseñas)
Maps: https://maps.google.com/?cid=6220869869339031422&g_mp=Cidnb29nbGUubWFwcy5wbGFjZXMudjEuUGxhY2VzLlNlYXJjaFRleHQQAhgEIAA"
cmpd0hx8w02cbq1seudcjj561,Acrology Team,,,Acrology Team,,España,google-maps,atleevoyoga,NUEVO,MEDIA,,,2026-05-19T19:14:25.041Z,2026-05-19T19:14:25.041Z,https://acrologyteam.com/,"C. Aljibe de la Gitana, 3, Albaicín, 18010 Granada",Granada,5,112,https://maps.google.com/?cid=14351623208489726696&g_mp=Cidnb29nbGUubWFwcy5wbGFjZXMudjEuUGxhY2VzLlNlYXJjaFRleHQQAhgEIAA,,OPERATIONAL,"Importado desde Google Maps
Dirección: C. Aljibe de la Gitana, 3, Albaicín, 18010 Granada
Google: 5⭐ (112 reseñas)
Web: https://acrologyteam.com/
Maps: https://maps.google.com/?cid=14351623208489726696&g_mp=Cidnb29nbGUubWFwcy5wbGFjZXMudjEuUGxhY2VzLlNlYXJjaFRleHQQAhgEIAA"
cmpd0hxjk02ccq1sehqrum8co,Krisol,,958 81 96 60,Krisol,,España,google-maps,atleevoyoga,NUEVO,MEDIA,,,2026-05-19T19:14:25.425Z,2026-05-19T19:14:25.425Z,,"Cam. Bajo de Huétor, 100, Genil, 18008 Granada",Granada,4.6,8,https://maps.google.com/?cid=1140673544919630787&g_mp=Cidnb29nbGUubWFwcy5wbGFjZXMudjEuUGxhY2VzLlNlYXJjaFRleHQQAhgEIAA,yoga_studio,OPERATIONAL,"Importado desde Google Maps
Tipo: Centro de yoga
Dirección: Cam. Bajo de Huétor, 100, Genil, 18008 Granada
Google: 4.6⭐ (8 reseñas)
Maps: https://maps.google.com/?cid=1140673544919630787&g_mp=Cidnb29nbGUubWFwcy5wbGFjZXMudjEuUGxhY2VzLlNlYXJjaFRleHQQAhgEIAA"
cmpd0hxsz02cdq1sevq34cp77,SYNCHRONY - Barre | Pilates | Yoga | Entrenamiento Personal,,611 12 99 83,SYNCHRONY - Barre | Pilates | Yoga | Entrenamiento Personal,,España,google-maps,atleevoyoga,NUEVO,MEDIA,,,2026-05-19T19:14:25.764Z,2026-05-19T19:14:25.764Z,https://synchronyclub.es/?utm_source=google&utm_medium=organic&utm_campaign=gbp-posts&utm_content=,"C. Periodista Francisco Javier Cobos, 18, Chana, 18014 Granada",Granada,5,59,https://maps.google.com/?cid=17538656582688554523&g_mp=Cidnb29nbGUubWFwcy5wbGFjZXMudjEuUGxhY2VzLlNlYXJjaFRleHQQAhgEIAA,yoga_studio,OPERATIONAL,"Importado desde Google Maps
Tipo: Centro de yoga
Dirección: C. Periodista Francisco Javier Cobos, 18, Chana, 18014 Granada
Google: 5⭐ (59 reseñas)
Web: https://synchronyclub.es/?utm_source=google&utm_medium=organic&utm_campaign=gbp-posts&utm_content=
Maps: https://maps.google.com/?cid=17538656582688554523&g_mp=Cidnb29nbGUubWFwcy5wbGFjZXMudjEuUGxhY2VzLlNlYXJjaFRleHQQAhgEIAA"
cmpd0hy2l02ceq1seznwduwzz,Yoga Sukhasana,,644 46 72 45,Yoga Sukhasana,,España,google-maps,atleevoyoga,NUEVO,MEDIA,,,2026-05-19T19:14:26.110Z,2026-05-19T19:14:26.110Z,,"C. Yerma, 24, Genil, 18008 Granada",Granada,5,1,https://maps.google.com/?cid=8771002423221007390&g_mp=Cidnb29nbGUubWFwcy5wbGFjZXMudjEuUGxhY2VzLlNlYXJjaFRleHQQAhgEIAA,yoga_studio,OPERATIONAL,"Importado desde Google Maps
Tipo: Centro de yoga
Dirección: C. Yerma, 24, Genil, 18008 Granada
Google: 5⭐ (1 reseñas)
Maps: https://maps.google.com/?cid=8771002423221007390&g_mp=Cidnb29nbGUubWFwcy5wbGFjZXMudjEuUGxhY2VzLlNlYXJjaFRleHQQAhgEIAA"
cmpd0hycp02cfq1sec5op11m8,Rosaleda de Carmen de los Arcos,,,Rosaleda de Carmen de los Arcos,,España,google-maps,atleevoyoga,NUEVO,MEDIA,,,2026-05-19T19:14:26.473Z,2026-05-19T19:14:26.473Z,,"Cta. de los Chinos, Albaicín, 18010 Granada",Granada,5,2,https://maps.google.com/?cid=1442612254898016542&g_mp=Cidnb29nbGUubWFwcy5wbGFjZXMudjEuUGxhY2VzLlNlYXJjaFRleHQQAhgEIAA,botanical_garden,OPERATIONAL,"Importado desde Google Maps
Tipo: Jardín botánico
Dirección: Cta. de los Chinos, Albaicín, 18010 Granada
Google: 5⭐ (2 reseñas)
Maps: https://maps.google.com/?cid=1442612254898016542&g_mp=Cidnb29nbGUubWFwcy5wbGFjZXMudjEuUGxhY2VzLlNlYXJjaFRleHQQAhgEIAA"
cmpd0hylz02cgq1seantmfmov,ZeroGravity Estudio Pilates,,666 28 21 20,ZeroGravity Estudio Pilates,,España,google-maps,atleevoyoga,NUEVO,MEDIA,,,2026-05-19T19:14:26.807Z,2026-05-19T19:14:26.807Z,https://www.facebook.com/Estudio-Pilates-ZeroGravity-Granada-307525643108138/?ref=page_internal,"Av. del Conocimiento, 16, 18100 Granada",Granada,5,25,https://maps.google.com/?cid=97606561568253299&g_mp=Cidnb29nbGUubWFwcy5wbGFjZXMudjEuUGxhY2VzLlNlYXJjaFRleHQQAhgEIAA,gym,OPERATIONAL,"Importado desde Google Maps
Tipo: Gimnasio
Dirección: Av. del Conocimiento, 16, 18100 Granada
Google: 5⭐ (25 reseñas)
Web: https://www.facebook.com/Estudio-Pilates-ZeroGravity-Granada-307525643108138/?ref=page_internal
Maps: https://maps.google.com/?cid=97606561568253299&g_mp=Cidnb29nbGUubWFwcy5wbGFjZXMudjEuUGxhY2VzLlNlYXJjaFRleHQQAhgEIAA"
cmpd0hyvn02chq1senh98sfxv,Pilates Granada,,958 25 42 63,Pilates Granada,,España,google-maps,atleevoyoga,NUEVO,MEDIA,,,2026-05-19T19:14:27.156Z,2026-05-19T19:14:27.156Z,http://www.pilates-granada.com/,"Calle Martínez Campos, 8, Loc 4, Ronda, 18005 Granada",Granada,4.8,89,https://maps.google.com/?cid=623577126525591396&g_mp=Cidnb29nbGUubWFwcy5wbGFjZXMudjEuUGxhY2VzLlNlYXJjaFRleHQQAhgEIAA,gym,OPERATIONAL,"Importado desde Google Maps
Tipo: Gimnasio
Dirección: Calle Martínez Campos, 8, Loc 4, Ronda, 18005 Granada
Google: 4.8⭐ (89 reseñas)
Web: http://www.pilates-granada.com/
Maps: https://maps.google.com/?cid=623577126525591396&g_mp=Cidnb29nbGUubWFwcy5wbGFjZXMudjEuUGxhY2VzLlNlYXJjaFRleHQQAhgEIAA"
cmpd0hz4v02ciq1sen3gm9acg,Pilates Centro Granada,,675 80 90 18,Pilates Centro Granada,,España,google-maps,atleevoyoga,NUEVO,MEDIA,,,2026-05-19T19:14:27.488Z,2026-05-19T19:14:27.488Z,,"C. Candiota, 3, Centro, 18001 Granada",Granada,4.7,26,https://maps.google.com/?cid=5273431485889796642&g_mp=Cidnb29nbGUubWFwcy5wbGFjZXMudjEuUGxhY2VzLlNlYXJjaFRleHQQAhgEIAA,gym,OPERATIONAL,"Importado desde Google Maps
Tipo: Gimnasio
Dirección: C. Candiota, 3, Centro, 18001 Granada
Google: 4.7⭐ (26 reseñas)
Maps: https://maps.google.com/?cid=5273431485889796642&g_mp=Cidnb29nbGUubWFwcy5wbGFjZXMudjEuUGxhY2VzLlNlYXJjaFRleHQQAhgEIAA"
cmpd0hzfe02cjq1sekagxlyji,Centro María Zambrano,,958 12 69 66,Centro María Zambrano,,España,google-maps,atleevoyoga,NUEVO,MEDIA,,,2026-05-19T19:14:27.867Z,2026-05-19T19:14:27.867Z,http://www.centromariazambrano.com/,"Av. de América, 55, Genil, 18008 Granada",Granada,5,10,https://maps.google.com/?cid=6047193077053175128&g_mp=Cidnb29nbGUubWFwcy5wbGFjZXMudjEuUGxhY2VzLlNlYXJjaFRleHQQAhgEIAA,medical_clinic,OPERATIONAL,"Importado desde Google Maps
Tipo: Clínica ambulatoria
Dirección: Av. de América, 55, Genil, 18008 Granada
Google: 5⭐ (10 reseñas)
Web: http://www.centromariazambrano.com/
Maps: https://maps.google.com/?cid=6047193077053175128&g_mp=Cidnb29nbGUubWFwcy5wbGFjZXMudjEuUGxhY2VzLlNlYXJjaFRleHQQAhgEIAA"
cmpd0hzoo02ckq1se3dx5x667,Nueva Tierra,,,Nueva Tierra,,España,google-maps,atleevoyoga,NUEVO,MEDIA,,,2026-05-19T19:14:28.200Z,2026-05-19T19:14:28.200Z,,"C. Arzobispo Pedro de Castro, 5, Norte, 18013 Granada",Granada,5,3,https://maps.google.com/?cid=9051083570586257370&g_mp=Cidnb29nbGUubWFwcy5wbGFjZXMudjEuUGxhY2VzLlNlYXJjaFRleHQQAhgEIAA,yoga_studio,OPERATIONAL,"Importado desde Google Maps
Tipo: Centro de yoga
Dirección: C. Arzobispo Pedro de Castro, 5, Norte, 18013 Granada
Google: 5⭐ (3 reseñas)
Maps: https://maps.google.com/?cid=9051083570586257370&g_mp=Cidnb29nbGUubWFwcy5wbGFjZXMudjEuUGxhY2VzLlNlYXJjaFRleHQQAhgEIAA"
cmpd0hzy502clq1setrtl86cb,PILATES GRANADA XTENSALL,,680 24 03 84,PILATES GRANADA XTENSALL,,España,google-maps,atleevoyoga,NUEVO,MEDIA,,,2026-05-19T19:14:28.542Z,2026-05-19T19:14:28.542Z,https://xtensall.com/,"C. Gral. Narváez, 8, local 5c, Centro, 18002 Granada",Granada,5,264,https://maps.google.com/?cid=3770098725602278480&g_mp=Cidnb29nbGUubWFwcy5wbGFjZXMudjEuUGxhY2VzLlNlYXJjaFRleHQQAhgEIAA,gym,OPERATIONAL,"Importado desde Google Maps
Tipo: Gimnasio
Dirección: C. Gral. Narváez, 8, local 5c, Centro, 18002 Granada
Google: 5⭐ (264 reseñas)
Web: https://xtensall.com/
Maps: https://maps.google.com/?cid=3770098725602278480&g_mp=Cidnb29nbGUubWFwcy5wbGFjZXMudjEuUGxhY2VzLlNlYXJjaFRleHQQAhgEIAA"
cmpd0i07x02cmq1ses2xo59oh,Escuela Wudang Shan,,657 58 37 24,Escuela Wudang Shan,,España,google-maps,atleevoyoga,NUEVO,MEDIA,,,2026-05-19T19:14:28.894Z,2026-05-19T19:14:28.894Z,https://wudangshan-granada.blogspot.com/,"C. el Partal, 14, Genil, 18008 Granada",Granada,4.6,32,https://maps.google.com/?cid=5075851040945665611&g_mp=Cidnb29nbGUubWFwcy5wbGFjZXMudjEuUGxhY2VzLlNlYXJjaFRleHQQAhgEIAA,sports_school,OPERATIONAL,"Importado desde Google Maps
Tipo: Escuela deportiva
Dirección: C. el Partal, 14, Genil, 18008 Granada
Google: 4.6⭐ (32 reseñas)
Web: https://wudangshan-granada.blogspot.com/
Maps: https://maps.google.com/?cid=5075851040945665611&g_mp=Cidnb29nbGUubWFwcy5wbGFjZXMudjEuUGxhY2VzLlNlYXJjaFRleHQQAhgEIAA"
cmpd0i0h802cnq1se8asuhuxa,Movemind | studio de entrenamiento,,651 06 60 35,Movemind | studio de entrenamiento,,España,google-maps,atleevoyoga,NUEVO,MEDIA,,,2026-05-19T19:14:29.228Z,2026-05-19T19:14:29.228Z,https://movemind.es/,"C. Ángel, 13, bajo, Centro, 18002 Granada",Granada,4.9,50,https://maps.google.com/?cid=6144954910215423280&g_mp=Cidnb29nbGUubWFwcy5wbGFjZXMudjEuUGxhY2VzLlNlYXJjaFRleHQQAhgEIAA,sports_club,OPERATIONAL,"Importado desde Google Maps
Tipo: Club deportivo
Dirección: C. Ángel, 13, bajo, Centro, 18002 Granada
Google: 4.9⭐ (50 reseñas)
Web: https://movemind.es/
Maps: https://maps.google.com/?cid=6144954910215423280&g_mp=Cidnb29nbGUubWFwcy5wbGFjZXMudjEuUGxhY2VzLlNlYXJjaFRleHQQAhgEIAA"
cmpd0i0qn02coq1sevdzkl5jd,Centro de Yoga Comunidad Ayogui Club,,670 55 91 38,Centro de Yoga Comunidad Ayogui Club,,España,google-maps,atleevoyoga,NUEVO,MEDIA,,,2026-05-19T19:14:29.567Z,2026-05-19T19:14:29.567Z,https://ayogui.com/,"C. Fernando de los Ríos, 4, 18198 Huétor Vega, Granada",Granada,5,8,https://maps.google.com/?cid=6635714992305607586&g_mp=Cidnb29nbGUubWFwcy5wbGFjZXMudjEuUGxhY2VzLlNlYXJjaFRleHQQAhgEIAA,health,OPERATIONAL,"Importado desde Google Maps
Tipo: Salud y bienestar
Dirección: C. Fernando de los Ríos, 4, 18198 Huétor Vega, Granada
Google: 5⭐ (8 reseñas)
Web: https://ayogui.com/
Maps: https://maps.google.com/?cid=6635714992305607586&g_mp=Cidnb29nbGUubWFwcy5wbGFjZXMudjEuUGxhY2VzLlNlYXJjaFRleHQQAhgEIAA"
cmpd0i0zy02cpq1seiofguhen,Local de San Miguel,,664 63 01 42,Local de San Miguel,,España,google-maps,atleevoyoga,NUEVO,MEDIA,,,2026-05-19T19:14:29.902Z,2026-05-19T19:14:29.902Z,https://linktr.ee/localdesanmiguel,"C. Alqueria, 48, Albaicín, 18010 Granada",Granada,5,21,https://maps.google.com/?cid=10913130786303360345&g_mp=Cidnb29nbGUubWFwcy5wbGFjZXMudjEuUGxhY2VzLlNlYXJjaFRleHQQAhgEIAA,wellness_center,OPERATIONAL,"Importado desde Google Maps
Tipo: Centro de salud y bienestar
Dirección: C. Alqueria, 48, Albaicín, 18010 Granada
Google: 5⭐ (21 reseñas)
Web: https://linktr.ee/localdesanmiguel
Maps: https://maps.google.com/?cid=10913130786303360345&g_mp=Cidnb29nbGUubWFwcy5wbGFjZXMudjEuUGxhY2VzLlNlYXJjaFRleHQQAhgEIAA"
cmpd0i19k02cqq1ses7pjnlxz,El Mago - Soulful Living,,614 37 87 90,El Mago - Soulful Living,,España,google-maps,atleevoyoga,NUEVO,MEDIA,,,2026-05-19T19:14:30.249Z,2026-05-19T19:14:30.249Z,,"C. Puentezuelas, 49, B, CENTRO, Centro, 18002 Granada",Granada,4.9,40,https://maps.google.com/?cid=10036308155092779024&g_mp=Cidnb29nbGUubWFwcy5wbGFjZXMudjEuUGxhY2VzLlNlYXJjaFRleHQQAhgEIAA,general_store,OPERATIONAL,"Importado desde Google Maps
Tipo: Tienda general
Dirección: C. Puentezuelas, 49, B, CENTRO, Centro, 18002 Granada
Google: 4.9⭐ (40 reseñas)
Maps: https://maps.google.com/?cid=10036308155092779024&g_mp=Cidnb29nbGUubWFwcy5wbGFjZXMudjEuUGxhY2VzLlNlYXJjaFRleHQQAhgEIAA"
cmpd0i1j702crq1sey1z73tnm,Tada Yoga,,958 99 92 91,Tada Yoga,,España,google-maps,atleevoyoga,NUEVO,MEDIA,,,2026-05-19T19:14:30.595Z,2026-05-19T19:14:30.595Z,http://www.tadayoga.es/,"C. Príncipe Felipe, local 6, 18220 Albolote, Granada",Granada,5,8,https://maps.google.com/?cid=9647566004489038012&g_mp=Cidnb29nbGUubWFwcy5wbGFjZXMudjEuUGxhY2VzLlNlYXJjaFRleHQQAhgEIAA,yoga_studio,OPERATIONAL,"Importado desde Google Maps
Tipo: Centro de yoga
Dirección: C. Príncipe Felipe, local 6, 18220 Albolote, Granada
Google: 5⭐ (8 reseñas)
Web: http://www.tadayoga.es/
Maps: https://maps.google.com/?cid=9647566004489038012&g_mp=Cidnb29nbGUubWFwcy5wbGFjZXMudjEuUGxhY2VzLlNlYXJjaFRleHQQAhgEIAA"
cmpd0i1ta02csq1seikuxvs32,FIVEPilates,,687 75 53 21,FIVEPilates,,España,google-maps,atleevoyoga,NUEVO,MEDIA,,,2026-05-19T19:14:30.959Z,2026-05-19T19:14:30.959Z,https://www.fivepilates.com/,"Maestro Cebrián, 5, Ronda, 18003 Granada",Granada,5,27,https://maps.google.com/?cid=6033433752516436763&g_mp=Cidnb29nbGUubWFwcy5wbGFjZXMudjEuUGxhY2VzLlNlYXJjaFRleHQQAhgEIAA,gym,OPERATIONAL,"Importado desde Google Maps
Tipo: Gimnasio
Dirección: Maestro Cebrián, 5, Ronda, 18003 Granada
Google: 5⭐ (27 reseñas)
Web: https://www.fivepilates.com/
Maps: https://maps.google.com/?cid=6033433752516436763&g_mp=Cidnb29nbGUubWFwcy5wbGFjZXMudjEuUGxhY2VzLlNlYXJjaFRleHQQAhgEIAA"
cmpd0i22n02ctq1seh6jpjur6,"Kumara, Escuela de Yoga",,606 10 72 84,"Kumara, Escuela de Yoga",,España,google-maps,atleevoyoga,NUEVO,MEDIA,,,2026-05-19T19:14:31.295Z,2026-05-19T19:14:31.295Z,,"C. Antonio Machado, 3, 18200 Maracena, Granada",Granada,4.9,17,https://maps.google.com/?cid=17851676437091045370&g_mp=Cidnb29nbGUubWFwcy5wbGFjZXMudjEuUGxhY2VzLlNlYXJjaFRleHQQAhgEIAA,yoga_studio,OPERATIONAL,"Importado desde Google Maps
Tipo: Centro de yoga
Dirección: C. Antonio Machado, 3, 18200 Maracena, Granada
Google: 4.9⭐ (17 reseñas)
Maps: https://maps.google.com/?cid=17851676437091045370&g_mp=Cidnb29nbGUubWFwcy5wbGFjZXMudjEuUGxhY2VzLlNlYXJjaFRleHQQAhgEIAA"
cmpd0i2bz02cuq1seev2bs8tq,Celia's Coaching Yoga & Asesoramiento Dietético,,687 87 75 70,Celia's Coaching Yoga & Asesoramiento Dietético,,España,google-maps,atleevoyoga,NUEVO,MEDIA,,,2026-05-19T19:14:31.632Z,2026-05-19T19:14:31.632Z,https://sites.google.com/view/celiascoaching/sobre-m%C3%AD,"Pl. Era Baja, 15, 18200 Maracena, Granada",Granada,5,21,https://maps.google.com/?cid=7821877753161485012&g_mp=Cidnb29nbGUubWFwcy5wbGFjZXMudjEuUGxhY2VzLlNlYXJjaFRleHQQAhgEIAA,wellness_center,OPERATIONAL,"Importado desde Google Maps
Tipo: Centro de salud y bienestar
Dirección: Pl. Era Baja, 15, 18200 Maracena, Granada
Google: 5⭐ (21 reseñas)
Web: https://sites.google.com/view/celiascoaching/sobre-m%C3%AD
Maps: https://maps.google.com/?cid=7821877753161485012&g_mp=Cidnb29nbGUubWFwcy5wbGFjZXMudjEuUGxhY2VzLlNlYXJjaFRleHQQAhgEIAA"
cmpd0i2mo02cvq1seqvvfvtr8,Unión Alkimia Yoga Shala - CENTRO DE YOGA Y TERAPIAS,,645 92 58 47,Unión Alkimia Yoga Shala - CENTRO DE YOGA Y TERAPIAS,,España,google-maps,atleevoyoga,NUEVO,MEDIA,,,2026-05-19T19:14:32.017Z,2026-05-19T19:14:32.017Z,https://website.beacons.ai/unionalkimia.yogashala/websites/live/93451026-ca72-4ff6-a20b-972dfb0993a6,"C. Vizcaya, 16, 18100 Armilla, Granada",Granada,5,15,https://maps.google.com/?cid=13282565371960766603&g_mp=Cidnb29nbGUubWFwcy5wbGFjZXMudjEuUGxhY2VzLlNlYXJjaFRleHQQAhgEIAA,yoga_studio,OPERATIONAL,"Importado desde Google Maps
Tipo: Centro de yoga
Dirección: C. Vizcaya, 16, 18100 Armilla, Granada
Google: 5⭐ (15 reseñas)
Web: https://website.beacons.ai/unionalkimia.yogashala/websites/live/93451026-ca72-4ff6-a20b-972dfb0993a6
Maps: https://maps.google.com/?cid=13282565371960766603&g_mp=Cidnb29nbGUubWFwcy5wbGFjZXMudjEuUGxhY2VzLlNlYXJjaFRleHQQAhgEIAA"
cmpd0i2wj02cwq1sevb0twsl0,PILATES Y YOGA CUIDATE,,689 00 51 42,PILATES Y YOGA CUIDATE,,España,google-maps,atleevoyoga,NUEVO,MEDIA,,,2026-05-19T19:14:32.371Z,2026-05-19T19:14:32.371Z,https://www.instagram.com/cuidate.fitt_/?hl=es,"C. Alicante, 10, 18194 Churriana de la Vega, Granada",Granada,5,175,https://maps.google.com/?cid=6391873743855490277&g_mp=Cidnb29nbGUubWFwcy5wbGFjZXMudjEuUGxhY2VzLlNlYXJjaFRleHQQAhgEIAA,sports_school,OPERATIONAL,"Importado desde Google Maps
Tipo: Escuela deportiva
Dirección: C. Alicante, 10, 18194 Churriana de la Vega, Granada
Google: 5⭐ (175 reseñas)
Web: https://www.instagram.com/cuidate.fitt_/?hl=es
Maps: https://maps.google.com/?cid=6391873743855490277&g_mp=Cidnb29nbGUubWFwcy5wbGFjZXMudjEuUGxhY2VzLlNlYXJjaFRleHQQAhgEIAA"
cmpd0i35v02cxq1seg3dve6fb,Yoga NuriAnandaNamaskar,,629 10 11 06,Yoga NuriAnandaNamaskar,,España,google-maps,atleevoyoga,NUEVO,MEDIA,,,2026-05-19T19:14:32.708Z,2026-05-19T19:14:32.708Z,http://www.nurianandanamaskar.es/,"C. Baza, 12, 18220 Albolote, Granada",Granada,5,9,https://maps.google.com/?cid=14902250684230763334&g_mp=Cidnb29nbGUubWFwcy5wbGFjZXMudjEuUGxhY2VzLlNlYXJjaFRleHQQAhgEIAA,yoga_studio,OPERATIONAL,"Importado desde Google Maps
Tipo: Centro de yoga
Dirección: C. Baza, 12, 18220 Albolote, Granada
Google: 5⭐ (9 reseñas)
Web: http://www.nurianandanamaskar.es/
Maps: https://maps.google.com/?cid=14902250684230763334&g_mp=Cidnb29nbGUubWFwcy5wbGFjZXMudjEuUGxhY2VzLlNlYXJjaFRleHQQAhgEIAA"
cmpd0i3g902cyq1se7rqq4wls,inbo Pilates y Fisio,,615 82 64 81,inbo Pilates y Fisio,,España,google-maps,atleevoyoga,NUEVO,MEDIA,,,2026-05-19T19:14:33.081Z,2026-05-19T19:14:33.081Z,http://www.inbo.es/,"C. Sos del Rey Católico, 7, y 12, Genil, 18006 Granada",Granada,5,117,https://maps.google.com/?cid=5226256666338310578&g_mp=Cidnb29nbGUubWFwcy5wbGFjZXMudjEuUGxhY2VzLlNlYXJjaFRleHQQAhgEIAA,gym,OPERATIONAL,"Importado desde Google Maps
Tipo: Gimnasio
Dirección: C. Sos del Rey Católico, 7, y 12, Genil, 18006 Granada
Google: 5⭐ (117 reseñas)
Web: http://www.inbo.es/
Maps: https://maps.google.com/?cid=5226256666338310578&g_mp=Cidnb29nbGUubWFwcy5wbGFjZXMudjEuUGxhY2VzLlNlYXJjaFRleHQQAhgEIAA"
cmpd0i7ce02czq1sec6rpktfy,Tokyo Wall Rocódromo en Granada,,689 46 89 38,Tokyo Wall Rocódromo en Granada,,España,google-maps,atleevoyoga,NUEVO,MEDIA,,,2026-05-19T19:14:38.127Z,2026-05-19T19:14:38.127Z,https://tokyowall.es/,"C. la Pinta, Nave 9, 18194 Granada",Granada,4.9,123,https://maps.google.com/?cid=618046943693762299&g_mp=Cidnb29nbGUubWFwcy5wbGFjZXMudjEuUGxhY2VzLlNlYXJjaFRleHQQAhgEIAA,sports_activity_location,OPERATIONAL,"Importado desde Google Maps
Tipo: Instalaciones deportivas
Dirección: C. la Pinta, Nave 9, 18194 Granada
Google: 4.9⭐ (123 reseñas)
Web: https://tokyowall.es/
Maps: https://maps.google.com/?cid=618046943693762299&g_mp=Cidnb29nbGUubWFwcy5wbGFjZXMudjEuUGxhY2VzLlNlYXJjaFRleHQQAhgEIAA"
cmpd0i7rt02d0q1sewssq5v78,Surya Chandra yoga,,689 32 35 25,Surya Chandra yoga,,España,google-maps,atleevoyoga,NUEVO,MEDIA,,,2026-05-19T19:14:38.682Z,2026-05-19T19:14:38.682Z,,"C. Cam. de la Zubia, 11, 18199 Cájar, Granada",Granada,5,28,https://maps.google.com/?cid=15718653853488261774&g_mp=Cidnb29nbGUubWFwcy5wbGFjZXMudjEuUGxhY2VzLlNlYXJjaFRleHQQAhgEIAA,association_or_organization,OPERATIONAL,"Importado desde Google Maps
Tipo: Asociación u organización
Dirección: C. Cam. de la Zubia, 11, 18199 Cájar, Granada
Google: 5⭐ (28 reseñas)
Maps: https://maps.google.com/?cid=15718653853488261774&g_mp=Cidnb29nbGUubWFwcy5wbGFjZXMudjEuUGxhY2VzLlNlYXJjaFRleHQQAhgEIAA"
cmpd0i9y202d1q1sedzfjf8qd,Instituto de Yoga - Susi Mas,,618 08 66 28,Instituto de Yoga - Susi Mas,,España,google-maps,atleevoyoga,NUEVO,MEDIA,,,2026-05-19T19:14:41.498Z,2026-05-19T19:14:41.498Z,http://www.institutodeyoga.es/,"Carrer Capità Gaspar Ortiz, 87, 03201 Elx, Alicante",Elche,5,101,https://maps.google.com/?cid=16571287553602478462&g_mp=Cidnb29nbGUubWFwcy5wbGFjZXMudjEuUGxhY2VzLlNlYXJjaFRleHQQAhgEIAA,yoga_studio,OPERATIONAL,"Importado desde Google Maps
Tipo: Centro de yoga
Dirección: Carrer Capità Gaspar Ortiz, 87, 03201 Elx, Alicante
Google: 5⭐ (101 reseñas)
Web: http://www.institutodeyoga.es/
Maps: https://maps.google.com/?cid=16571287553602478462&g_mp=Cidnb29nbGUubWFwcy5wbGFjZXMudjEuUGxhY2VzLlNlYXJjaFRleHQQAhgEIAA"
cmpd0ia7b02d2q1se5q98017p,Escuela Internacional de Yoga de Elche,,699 69 43 27,Escuela Internacional de Yoga de Elche,,España,google-maps,atleevoyoga,NUEVO,MEDIA,,,2026-05-19T19:14:41.832Z,2026-05-19T19:14:41.832Z,https://www.escueladeyoga.com/,"Carrer Dr. Sapena, 26, 03204 Elx, Alicante",Elche,5,17,https://maps.google.com/?cid=6660361022414731769&g_mp=Cidnb29nbGUubWFwcy5wbGFjZXMudjEuUGxhY2VzLlNlYXJjaFRleHQQAhgEIAA,yoga_studio,OPERATIONAL,"Importado desde Google Maps
Tipo: Centro de yoga
Dirección: Carrer Dr. Sapena, 26, 03204 Elx, Alicante
Google: 5⭐ (17 reseñas)
Web: https://www.escueladeyoga.com/
Maps: https://maps.google.com/?cid=6660361022414731769&g_mp=Cidnb29nbGUubWFwcy5wbGFjZXMudjEuUGxhY2VzLlNlYXJjaFRleHQQAhgEIAA"
cmpd0iagr02d3q1sezmq4lo7k,Hot Yoga Europe Elche,,,Hot Yoga Europe Elche,,España,google-maps,atleevoyoga,NUEVO,MEDIA,,,2026-05-19T19:14:42.172Z,2026-05-19T19:14:42.172Z,https://www.hotyogaeurope.com/,"Carrer Josep Maria Buck, 38, 03201 Elx, Alicante",Elche,5,29,https://maps.google.com/?cid=1370793971697271034&g_mp=Cidnb29nbGUubWFwcy5wbGFjZXMudjEuUGxhY2VzLlNlYXJjaFRleHQQAhgEIAA,yoga_studio,OPERATIONAL,"Importado desde Google Maps
Tipo: Centro de yoga
Dirección: Carrer Josep Maria Buck, 38, 03201 Elx, Alicante
Google: 5⭐ (29 reseñas)
Web: https://www.hotyogaeurope.com/
Maps: https://maps.google.com/?cid=1370793971697271034&g_mp=Cidnb29nbGUubWFwcy5wbGFjZXMudjEuUGxhY2VzLlNlYXJjaFRleHQQAhgEIAA"
cmpd0iaq302d4q1seeilg1q4u,BandhaYoga,,619 27 08 54,BandhaYoga,,España,google-maps,atleevoyoga,NUEVO,MEDIA,,,2026-05-19T19:14:42.508Z,2026-05-19T19:14:42.508Z,https://enarabandhayoga.es/,"Carrer Mariano Luiña, 42, 03201 Elx, Alicante",Elche,5,48,https://maps.google.com/?cid=11298301246078148398&g_mp=Cidnb29nbGUubWFwcy5wbGFjZXMudjEuUGxhY2VzLlNlYXJjaFRleHQQAhgEIAA,yoga_studio,OPERATIONAL,"Importado desde Google Maps
Tipo: Centro de yoga
Dirección: Carrer Mariano Luiña, 42, 03201 Elx, Alicante
Google: 5⭐ (48 reseñas)
Web: https://enarabandhayoga.es/
Maps: https://maps.google.com/?cid=11298301246078148398&g_mp=Cidnb29nbGUubWFwcy5wbGFjZXMudjEuUGxhY2VzLlNlYXJjaFRleHQQAhgEIAA"
cmpd0iazd02d5q1seubhy7nt5,Do Yoga estudio,,669 16 24 80,Do Yoga estudio,,España,google-maps,atleevoyoga,NUEVO,MEDIA,,,2026-05-19T19:14:42.842Z,2026-05-19T19:14:42.842Z,https://www.instagram.com/doyogacenter?igsh=MzRyNG5ucWFvaGFu&utm_source=qr,"Carrer Reina Victoria, 140A, 03201 Elx, Alicante",Elche,4.8,53,https://maps.google.com/?cid=4043041908149404623&g_mp=Cidnb29nbGUubWFwcy5wbGFjZXMudjEuUGxhY2VzLlNlYXJjaFRleHQQAhgEIAA,yoga_studio,OPERATIONAL,"Importado desde Google Maps
Tipo: Centro de yoga
Dirección: Carrer Reina Victoria, 140A, 03201 Elx, Alicante
Google: 4.8⭐ (53 reseñas)
Web: https://www.instagram.com/doyogacenter?igsh=MzRyNG5ucWFvaGFu&utm_source=qr
Maps: https://maps.google.com/?cid=4043041908149404623&g_mp=Cidnb29nbGUubWFwcy5wbGFjZXMudjEuUGxhY2VzLlNlYXJjaFRleHQQAhgEIAA"
cmpd0ib8m02d6q1sekqrfk8ga,Inspire Studio,,622 43 55 03,Inspire Studio,,España,google-maps,atleevoyoga,NUEVO,MEDIA,,,2026-05-19T19:14:43.175Z,2026-05-19T19:14:43.175Z,http://inspirestudioelche.com/,"Avinguda de la Universitat d'Elx, 40, 03202 Elche, Alicante",Elche,4.9,134,https://maps.google.com/?cid=9809569328226197533&g_mp=Cidnb29nbGUubWFwcy5wbGFjZXMudjEuUGxhY2VzLlNlYXJjaFRleHQQAhgEIAA,gym,OPERATIONAL,"Importado desde Google Maps
Tipo: Gimnasio
Dirección: Avinguda de la Universitat d'Elx, 40, 03202 Elche, Alicante
Google: 4.9⭐ (134 reseñas)
Web: http://inspirestudioelche.com/
Maps: https://maps.google.com/?cid=9809569328226197533&g_mp=Cidnb29nbGUubWFwcy5wbGFjZXMudjEuUGxhY2VzLlNlYXJjaFRleHQQAhgEIAA"
cmpd0ibiv02d7q1secvol7wdc,sidhartayoga,,965 43 02 17,sidhartayoga,,España,google-maps,atleevoyoga,NUEVO,MEDIA,,,2026-05-19T19:14:43.544Z,2026-05-19T19:14:43.544Z,,"Av. de la Llibertat, 75, 03201 Elx, Alicante",Elche,4.9,42,https://maps.google.com/?cid=11581989933855083361&g_mp=Cidnb29nbGUubWFwcy5wbGFjZXMudjEuUGxhY2VzLlNlYXJjaFRleHQQAhgEIAA,yoga_studio,OPERATIONAL,"Importado desde Google Maps
Tipo: Centro de yoga
Dirección: Av. de la Llibertat, 75, 03201 Elx, Alicante
Google: 4.9⭐ (42 reseñas)
Maps: https://maps.google.com/?cid=11581989933855083361&g_mp=Cidnb29nbGUubWFwcy5wbGFjZXMudjEuUGxhY2VzLlNlYXJjaFRleHQQAhgEIAA"
cmpd0ibt002d8q1sebwajnq8n,Camposyoga,,661 77 79 97,Camposyoga,,España,google-maps,atleevoyoga,NUEVO,MEDIA,,,2026-05-19T19:14:43.909Z,2026-05-19T19:14:43.909Z,,"Partida Carrus, Polígono 2, Nº 176, 03205 Elx, Alicante",Elche,5,23,https://maps.google.com/?cid=15999920107610769420&g_mp=Cidnb29nbGUubWFwcy5wbGFjZXMudjEuUGxhY2VzLlNlYXJjaFRleHQQAhgEIAA,yoga_studio,OPERATIONAL,"Importado desde Google Maps
Tipo: Centro de yoga
Dirección: Partida Carrus, Polígono 2, Nº 176, 03205 Elx, Alicante
Google: 5⭐ (23 reseñas)
Maps: https://maps.google.com/?cid=15999920107610769420&g_mp=Cidnb29nbGUubWFwcy5wbGFjZXMudjEuUGxhY2VzLlNlYXJjaFRleHQQAhgEIAA"
cmpd0ic2302d9q1se5g8xiwsb,Escuela de Yoga Espígol,,692 15 56 85,Escuela de Yoga Espígol,,España,google-maps,atleevoyoga,NUEVO,MEDIA,,,2026-05-19T19:14:44.236Z,2026-05-19T19:14:44.236Z,https://www.espigol.es/yoga/clases-de-yoga-2/,"Carrer Dr. Sapena, 03204 Elx, Alicante",Elche,5,4,https://maps.google.com/?cid=7432802590190985344&g_mp=Cidnb29nbGUubWFwcy5wbGFjZXMudjEuUGxhY2VzLlNlYXJjaFRleHQQAhgEIAA,yoga_studio,OPERATIONAL,"Importado desde Google Maps
Tipo: Centro de yoga
Dirección: Carrer Dr. Sapena, 03204 Elx, Alicante
Google: 5⭐ (4 reseñas)
Web: https://www.espigol.es/yoga/clases-de-yoga-2/
Maps: https://maps.google.com/?cid=7432802590190985344&g_mp=Cidnb29nbGUubWFwcy5wbGFjZXMudjEuUGxhY2VzLlNlYXJjaFRleHQQAhgEIAA"
cmpd0icbc02daq1setysz2ptb,Pilates y Yoga en Elche | SŌHO,,623 50 11 94,Pilates y Yoga en Elche | SŌHO,,España,google-maps,atleevoyoga,NUEVO,MEDIA,,,2026-05-19T19:14:44.568Z,2026-05-19T19:14:44.568Z,https://www.almamassalud.com/,"Carrer del Capità Baltasar Tristany, 155, 03204 Elx, Alicante",Elche,5,29,https://maps.google.com/?cid=18013855866849977683&g_mp=Cidnb29nbGUubWFwcy5wbGFjZXMudjEuUGxhY2VzLlNlYXJjaFRleHQQAhgEIAA,gym,OPERATIONAL,"Importado desde Google Maps
Tipo: Gimnasio
Dirección: Carrer del Capità Baltasar Tristany, 155, 03204 Elx, Alicante
Google: 5⭐ (29 reseñas)
Web: https://www.almamassalud.com/
Maps: https://maps.google.com/?cid=18013855866849977683&g_mp=Cidnb29nbGUubWFwcy5wbGFjZXMudjEuUGxhY2VzLlNlYXJjaFRleHQQAhgEIAA"
cmpd0ickp02dbq1se7egjrgm2,Cal Roig Yoga,,685 96 32 30,Cal Roig Yoga,,España,google-maps,atleevoyoga,NUEVO,MEDIA,,,2026-05-19T19:14:44.906Z,2026-05-19T19:14:44.906Z,https://www.calroig.es/,"Camí de Montfort, 153, poligono 1, 03295 Jubalcoi, Alicante",Elche,5,72,https://maps.google.com/?cid=251674330634763125&g_mp=Cidnb29nbGUubWFwcy5wbGFjZXMudjEuUGxhY2VzLlNlYXJjaFRleHQQAhgEIAA,yoga_studio,OPERATIONAL,"Importado desde Google Maps
Tipo: Centro de yoga
Dirección: Camí de Montfort, 153, poligono 1, 03295 Jubalcoi, Alicante
Google: 5⭐ (72 reseñas)
Web: https://www.calroig.es/
Maps: https://maps.google.com/?cid=251674330634763125&g_mp=Cidnb29nbGUubWFwcy5wbGFjZXMudjEuUGxhY2VzLlNlYXJjaFRleHQQAhgEIAA"
cmpd0icty02dcq1sepah6cg1c,Maite Durá Yoga Iyengar,,627 45 95 33,Maite Durá Yoga Iyengar,,España,google-maps,atleevoyoga,NUEVO,MEDIA,,,2026-05-19T19:14:45.238Z,2026-05-19T19:14:45.238Z,http://www.maitedurayogaiyengar.com/,"C. Hilarión Eslava, 12, 03201 Elx, Alicante",Elche,5,13,https://maps.google.com/?cid=9597109445808932071&g_mp=Cidnb29nbGUubWFwcy5wbGFjZXMudjEuUGxhY2VzLlNlYXJjaFRleHQQAhgEIAA,yoga_studio,OPERATIONAL,"Importado desde Google Maps
Tipo: Centro de yoga
Dirección: C. Hilarión Eslava, 12, 03201 Elx, Alicante
Google: 5⭐ (13 reseñas)
Web: http://www.maitedurayogaiyengar.com/
Maps: https://maps.google.com/?cid=9597109445808932071&g_mp=Cidnb29nbGUubWFwcy5wbGFjZXMudjEuUGxhY2VzLlNlYXJjaFRleHQQAhgEIAA"
cmpd0id3d02ddq1sem9bgjoy2,YOGA PRANA Y AMA. Yoga ELCHE. Kundalini Yoga - Harpal Singh.,,610 08 34 02,YOGA PRANA Y AMA. Yoga ELCHE. Kundalini Yoga - Harpal Singh.,,España,google-maps,atleevoyoga,NUEVO,MEDIA,,,2026-05-19T19:14:45.577Z,2026-05-19T19:14:45.577Z,http://www.yogapranayama.org/,"Carrer Gabriel y Galán, 14, 5º, 03202 Elche, Alicante",Elche,5,18,https://maps.google.com/?cid=18349740874767959342&g_mp=Cidnb29nbGUubWFwcy5wbGFjZXMudjEuUGxhY2VzLlNlYXJjaFRleHQQAhgEIAA,yoga_studio,OPERATIONAL,"Importado desde Google Maps
Tipo: Centro de yoga
Dirección: Carrer Gabriel y Galán, 14, 5º, 03202 Elche, Alicante
Google: 5⭐ (18 reseñas)
Web: http://www.yogapranayama.org/
Maps: https://maps.google.com/?cid=18349740874767959342&g_mp=Cidnb29nbGUubWFwcy5wbGFjZXMudjEuUGxhY2VzLlNlYXJjaFRleHQQAhgEIAA"
cmpd0idcv02deq1sesebgritq,HATHA YOGA Vicki Fernández,,678 12 22 63,HATHA YOGA Vicki Fernández,,España,google-maps,atleevoyoga,NUEVO,MEDIA,,,2026-05-19T19:14:45.919Z,2026-05-19T19:14:45.919Z,,"Carrer Germans Navarro Caracena, 68, 6ºdrch, 03206 Elx, Alicante",Elche,5,13,https://maps.google.com/?cid=17886246654330350197&g_mp=Cidnb29nbGUubWFwcy5wbGFjZXMudjEuUGxhY2VzLlNlYXJjaFRleHQQAhgEIAA,,OPERATIONAL,"Importado desde Google Maps
Dirección: Carrer Germans Navarro Caracena, 68, 6ºdrch, 03206 Elx, Alicante
Google: 5⭐ (13 reseñas)
Maps: https://maps.google.com/?cid=17886246654330350197&g_mp=Cidnb29nbGUubWFwcy5wbGFjZXMudjEuUGxhY2VzLlNlYXJjaFRleHQQAhgEIAA"
cmpd0idmb02dfq1sepd64j553,Serenity,,628 60 49 31,Serenity,,España,google-maps,atleevoyoga,NUEVO,MEDIA,,,2026-05-19T19:14:46.259Z,2026-05-19T19:14:46.259Z,,"Carrer Francisco Tomás y Valiente, 63, 03206 Elx, Alicante",Elche,5,29,https://maps.google.com/?cid=9587542426297305583&g_mp=Cidnb29nbGUubWFwcy5wbGFjZXMudjEuUGxhY2VzLlNlYXJjaFRleHQQAhgEIAA,sports_club,OPERATIONAL,"Importado desde Google Maps
Tipo: Club deportivo
Dirección: Carrer Francisco Tomás y Valiente, 63, 03206 Elx, Alicante
Google: 5⭐ (29 reseñas)
Maps: https://maps.google.com/?cid=9587542426297305583&g_mp=Cidnb29nbGUubWFwcy5wbGFjZXMudjEuUGxhY2VzLlNlYXJjaFRleHQQAhgEIAA"
cmpd0idx602dgq1seevnlfb0m,Arama Yoga & Fly,,,Arama Yoga & Fly,,España,google-maps,atleevoyoga,NUEVO,MEDIA,,,2026-05-19T19:14:46.650Z,2026-05-19T19:14:46.650Z,https://aramayogafly.trainin.app/,"Av. Juan Carlos I, 59, Bajo, 03202 Elche, Alicante",Elche,5,16,https://maps.google.com/?cid=18182705309606695369&g_mp=Cidnb29nbGUubWFwcy5wbGFjZXMudjEuUGxhY2VzLlNlYXJjaFRleHQQAhgEIAA,yoga_studio,OPERATIONAL,"Importado desde Google Maps
Tipo: Centro de yoga
Dirección: Av. Juan Carlos I, 59, Bajo, 03202 Elche, Alicante
Google: 5⭐ (16 reseñas)
Web: https://aramayogafly.trainin.app/
Maps: https://maps.google.com/?cid=18182705309606695369&g_mp=Cidnb29nbGUubWFwcy5wbGFjZXMudjEuUGxhY2VzLlNlYXJjaFRleHQQAhgEIAA"
cmpd0ie6l02dhq1sekd4d5wyi,CENTRO MAS YOGA ELCHE,,629 04 33 41,CENTRO MAS YOGA ELCHE,,España,google-maps,atleevoyoga,NUEVO,MEDIA,,,2026-05-19T19:14:46.989Z,2026-05-19T19:14:46.989Z,,"Carrer Josep Maria Buck, 40, 03201 Elx, Alicante",Elche,5,4,https://maps.google.com/?cid=561627899881217373&g_mp=Cidnb29nbGUubWFwcy5wbGFjZXMudjEuUGxhY2VzLlNlYXJjaFRleHQQAhgEIAA,yoga_studio,OPERATIONAL,"Importado desde Google Maps
Tipo: Centro de yoga
Dirección: Carrer Josep Maria Buck, 40, 03201 Elx, Alicante
Google: 5⭐ (4 reseñas)
Maps: https://maps.google.com/?cid=561627899881217373&g_mp=Cidnb29nbGUubWFwcy5wbGFjZXMudjEuUGxhY2VzLlNlYXJjaFRleHQQAhgEIAA"
cmpd0ieg202diq1sehgw2exp7,Estudio11. Mind&BodyFly,,630 90 31 87,Estudio11. Mind&BodyFly,,España,google-maps,atleevoyoga,NUEVO,MEDIA,,,2026-05-19T19:14:47.330Z,2026-05-19T19:14:47.330Z,http://www.mindandbodyflyformaciones.es/,"03201 Elche, Alicante",Elche,5,25,https://maps.google.com/?cid=5464218711637425037&g_mp=Cidnb29nbGUubWFwcy5wbGFjZXMudjEuUGxhY2VzLlNlYXJjaFRleHQQAhgEIAA,,OPERATIONAL,"Importado desde Google Maps
Dirección: 03201 Elche, Alicante
Google: 5⭐ (25 reseñas)
Web: http://www.mindandbodyflyformaciones.es/
Maps: https://maps.google.com/?cid=5464218711637425037&g_mp=Cidnb29nbGUubWFwcy5wbGFjZXMudjEuUGxhY2VzLlNlYXJjaFRleHQQAhgEIAA"
cmpd0iepi02djq1seh5196f7t,Centro de Bienestar y Salud Ananda,,666 74 82 08,Centro de Bienestar y Salud Ananda,,España,google-maps,atleevoyoga,NUEVO,MEDIA,,,2026-05-19T19:14:47.671Z,2026-05-19T19:14:47.671Z,,"Carrer Francisco Soler, 35, 03208 Elx, Alicante",Elche,5,35,https://maps.google.com/?cid=14215199879868149575&g_mp=Cidnb29nbGUubWFwcy5wbGFjZXMudjEuUGxhY2VzLlNlYXJjaFRleHQQAhgEIAA,wellness_center,OPERATIONAL,"Importado desde Google Maps
Tipo: Centro de salud y bienestar
Dirección: Carrer Francisco Soler, 35, 03208 Elx, Alicante
Google: 5⭐ (35 reseñas)
Maps: https://maps.google.com/?cid=14215199879868149575&g_mp=Cidnb29nbGUubWFwcy5wbGFjZXMudjEuUGxhY2VzLlNlYXJjaFRleHQQAhgEIAA"
cmpd0ieyr02dkq1seuqz6oyf4,Sala Om Yoga,,695 58 08 74,Sala Om Yoga,,España,google-maps,atleevoyoga,NUEVO,MEDIA,,,2026-05-19T19:14:48.003Z,2026-05-19T19:14:48.003Z,,"C/ Nazario González Monteagudo, 12, 03201 Elx, Alicante",Elche,5,2,https://maps.google.com/?cid=12433665734669119806&g_mp=Cidnb29nbGUubWFwcy5wbGFjZXMudjEuUGxhY2VzLlNlYXJjaFRleHQQAhgEIAA,yoga_studio,OPERATIONAL,"Importado desde Google Maps
Tipo: Centro de yoga
Dirección: C/ Nazario González Monteagudo, 12, 03201 Elx, Alicante
Google: 5⭐ (2 reseñas)
Maps: https://maps.google.com/?cid=12433665734669119806&g_mp=Cidnb29nbGUubWFwcy5wbGFjZXMudjEuUGxhY2VzLlNlYXJjaFRleHQQAhgEIAA"
cmpd0if8002dlq1sel77iaazw,Shambala Paz y Bienestar,,697 75 65 79,Shambala Paz y Bienestar,,España,google-maps,atleevoyoga,NUEVO,MEDIA,,,2026-05-19T19:14:48.337Z,2026-05-19T19:14:48.337Z,,"Centro de Negocios l' Aljub, Carrer Jacarilla, 1, 03205 Elx, Alicante",Elche,5,10,https://maps.google.com/?cid=13953613736509835684&g_mp=Cidnb29nbGUubWFwcy5wbGFjZXMudjEuUGxhY2VzLlNlYXJjaFRleHQQAhgEIAA,yoga_studio,OPERATIONAL,"Importado desde Google Maps
Tipo: Centro de yoga
Dirección: Centro de Negocios l' Aljub, Carrer Jacarilla, 1, 03205 Elx, Alicante
Google: 5⭐ (10 reseñas)
Maps: https://maps.google.com/?cid=13953613736509835684&g_mp=Cidnb29nbGUubWFwcy5wbGFjZXMudjEuUGxhY2VzLlNlYXJjaFRleHQQAhgEIAA"
cmpd0ifhb02dmq1se061bcata,No Solo Pilates,,675 30 85 39,No Solo Pilates,,España,google-maps,atleevoyoga,NUEVO,MEDIA,,,2026-05-19T19:14:48.671Z,2026-05-19T19:14:48.671Z,https://vazgon91.wixsite.com/siquierespuedes,"Carrer José García Ferrández, 9, 03205 Elx, Alicante",Elche,5,77,https://maps.google.com/?cid=3806687651324144419&g_mp=Cidnb29nbGUubWFwcy5wbGFjZXMudjEuUGxhY2VzLlNlYXJjaFRleHQQAhgEIAA,gym,OPERATIONAL,"Importado desde Google Maps
Tipo: Gimnasio
Dirección: Carrer José García Ferrández, 9, 03205 Elx, Alicante
Google: 5⭐ (77 reseñas)
Web: https://vazgon91.wixsite.com/siquierespuedes
Maps: https://maps.google.com/?cid=3806687651324144419&g_mp=Cidnb29nbGUubWFwcy5wbGFjZXMudjEuUGxhY2VzLlNlYXJjaFRleHQQAhgEIAA"
cmpd0ifqr02dnq1sefpoerk5s,LolaYogaVida,,622 30 06 55,LolaYogaVida,,España,google-maps,atleevoyoga,NUEVO,MEDIA,,,2026-05-19T19:14:49.012Z,2026-05-19T19:14:49.012Z,https://www.lolayogavida.com/,"Carrer Josep Maria Buck, 40, 03201 Elx, Alicante",Elche,5,13,https://maps.google.com/?cid=524552614953525845&g_mp=Cidnb29nbGUubWFwcy5wbGFjZXMudjEuUGxhY2VzLlNlYXJjaFRleHQQAhgEIAA,,OPERATIONAL,"Importado desde Google Maps
Dirección: Carrer Josep Maria Buck, 40, 03201 Elx, Alicante
Google: 5⭐ (13 reseñas)
Web: https://www.lolayogavida.com/
Maps: https://maps.google.com/?cid=524552614953525845&g_mp=Cidnb29nbGUubWFwcy5wbGFjZXMudjEuUGxhY2VzLlNlYXJjaFRleHQQAhgEIAA"
cmpd0ig0i02doq1se3nmyfnvu,Balance Pilates,,665 97 20 83,Balance Pilates,,España,google-maps,atleevoyoga,NUEVO,MEDIA,,,2026-05-19T19:14:49.363Z,2026-05-19T19:14:49.363Z,http://balancepilateselche.es/,"Carrer Camilo Flammarion, 34, 03201 Elx, Alicante",Elche,5,28,https://maps.google.com/?cid=7932214943495137691&g_mp=Cidnb29nbGUubWFwcy5wbGFjZXMudjEuUGxhY2VzLlNlYXJjaFRleHQQAhgEIAA,gym,OPERATIONAL,"Importado desde Google Maps
Tipo: Gimnasio
Dirección: Carrer Camilo Flammarion, 34, 03201 Elx, Alicante
Google: 5⭐ (28 reseñas)
Web: http://balancepilateselche.es/
Maps: https://maps.google.com/?cid=7932214943495137691&g_mp=Cidnb29nbGUubWFwcy5wbGFjZXMudjEuUGxhY2VzLlNlYXJjaFRleHQQAhgEIAA"
cmpd0igap02dpq1se0v67vv7q,Pilates Tere Vidal,,670 71 03 45,Pilates Tere Vidal,,España,google-maps,atleevoyoga,NUEVO,MEDIA,,,2026-05-19T19:14:49.694Z,2026-05-19T19:14:49.694Z,,"Carrer Josep Maria Buck, 56, 03201 Elx, Alicante",Elche,5,65,https://maps.google.com/?cid=16914470517487317237&g_mp=Cidnb29nbGUubWFwcy5wbGFjZXMudjEuUGxhY2VzLlNlYXJjaFRleHQQAhgEIAA,gym,OPERATIONAL,"Importado desde Google Maps
Tipo: Gimnasio
Dirección: Carrer Josep Maria Buck, 56, 03201 Elx, Alicante
Google: 5⭐ (65 reseñas)
Maps: https://maps.google.com/?cid=16914470517487317237&g_mp=Cidnb29nbGUubWFwcy5wbGFjZXMudjEuUGxhY2VzLlNlYXJjaFRleHQQAhgEIAA"
cmpd0igk402dqq1seusrh48ld,Pilates Studio Ely Martínez,,678 91 51 26,Pilates Studio Ely Martínez,,España,google-maps,atleevoyoga,NUEVO,MEDIA,,,2026-05-19T19:14:50.069Z,2026-05-19T19:14:50.069Z,https://instagram.com/elypilatess?igshid=YmMyMTA2M2Y=,"Carrer Manuel Alcaraz Mora, 7, 03204 Elx, Alicante",Elche,4.9,11,https://maps.google.com/?cid=3285861297089023950&g_mp=Cidnb29nbGUubWFwcy5wbGFjZXMudjEuUGxhY2VzLlNlYXJjaFRleHQQAhgEIAA,gym,OPERATIONAL,"Importado desde Google Maps
Tipo: Gimnasio
Dirección: Carrer Manuel Alcaraz Mora, 7, 03204 Elx, Alicante
Google: 4.9⭐ (11 reseñas)
Web: https://instagram.com/elypilatess?igshid=YmMyMTA2M2Y=
Maps: https://maps.google.com/?cid=3285861297089023950&g_mp=Cidnb29nbGUubWFwcy5wbGFjZXMudjEuUGxhY2VzLlNlYXJjaFRleHQQAhgEIAA"
cmpd0igtn02drq1seprmsp4ap,BigSur Pilates Studio Elche,,722 31 77 79,BigSur Pilates Studio Elche,,España,google-maps,atleevoyoga,NUEVO,MEDIA,,,2026-05-19T19:14:50.411Z,2026-05-19T19:14:50.411Z,https://www.bigsurpilates.com/,"Carrer Goya, 5, 03202 Elx, Alicante",Elche,5,28,https://maps.google.com/?cid=8611121047841464160&g_mp=Cidnb29nbGUubWFwcy5wbGFjZXMudjEuUGxhY2VzLlNlYXJjaFRleHQQAhgEIAA,gym,OPERATIONAL,"Importado desde Google Maps
Tipo: Gimnasio
Dirección: Carrer Goya, 5, 03202 Elx, Alicante
Google: 5⭐ (28 reseñas)
Web: https://www.bigsurpilates.com/
Maps: https://maps.google.com/?cid=8611121047841464160&g_mp=Cidnb29nbGUubWFwcy5wbGFjZXMudjEuUGxhY2VzLlNlYXJjaFRleHQQAhgEIAA"
cmpd0ih3s02dsq1sea63vg4gj,Roal Sagrado,,623 25 66 19,Roal Sagrado,,España,google-maps,atleevoyoga,NUEVO,MEDIA,,,2026-05-19T19:14:50.776Z,2026-05-19T19:14:50.776Z,http://www.roalsagrado.com/,"Partida Maitino, 2010, 03295 Elche, Alicante",Elche,5,52,https://maps.google.com/?cid=13105034149685050529&g_mp=Cidnb29nbGUubWFwcy5wbGFjZXMudjEuUGxhY2VzLlNlYXJjaFRleHQQAhgEIAA,,OPERATIONAL,"Importado desde Google Maps
Dirección: Partida Maitino, 2010, 03295 Elche, Alicante
Google: 5⭐ (52 reseñas)
Web: http://www.roalsagrado.com/
Maps: https://maps.google.com/?cid=13105034149685050529&g_mp=Cidnb29nbGUubWFwcy5wbGFjZXMudjEuUGxhY2VzLlNlYXJjaFRleHQQAhgEIAA"
cmpd0ihd602dtq1sej30ad0rq,Espígol salut natural centro de Terapias naturales y Holisticas,,692 15 56 85,Espígol salut natural centro de Terapias naturales y Holisticas,,España,google-maps,atleevoyoga,NUEVO,MEDIA,,,2026-05-19T19:14:51.115Z,2026-05-19T19:14:51.115Z,https://www.espigol.es/,"C/ Federico García Lorca, 2, 2º Izquierda, 03204 Elx, Alicante",Elche,4.7,55,https://maps.google.com/?cid=8928622155074858371&g_mp=Cidnb29nbGUubWFwcy5wbGFjZXMudjEuUGxhY2VzLlNlYXJjaFRleHQQAhgEIAA,wellness_center,OPERATIONAL,"Importado desde Google Maps
Tipo: Centro de salud y bienestar
Dirección: C/ Federico García Lorca, 2, 2º Izquierda, 03204 Elx, Alicante
Google: 4.7⭐ (55 reseñas)
Web: https://www.espigol.es/
Maps: https://maps.google.com/?cid=8928622155074858371&g_mp=Cidnb29nbGUubWFwcy5wbGFjZXMudjEuUGxhY2VzLlNlYXJjaFRleHQQAhgEIAA"
cmpd0ihmq02duq1sevunjjnnm,Carla Van der Vaart Pilates,,655 52 62 81,Carla Van der Vaart Pilates,,España,google-maps,atleevoyoga,NUEVO,MEDIA,,,2026-05-19T19:14:51.458Z,2026-05-19T19:14:51.458Z,http://carlavandervaartpilates.com/,"Avinguda de la Universitat d'Elx, 15, 03202 Elche, Alicante",Elche,5,59,https://maps.google.com/?cid=12988100660713365652&g_mp=Cidnb29nbGUubWFwcy5wbGFjZXMudjEuUGxhY2VzLlNlYXJjaFRleHQQAhgEIAA,gym,OPERATIONAL,"Importado desde Google Maps
Tipo: Gimnasio
Dirección: Avinguda de la Universitat d'Elx, 15, 03202 Elche, Alicante
Google: 5⭐ (59 reseñas)
Web: http://carlavandervaartpilates.com/
Maps: https://maps.google.com/?cid=12988100660713365652&g_mp=Cidnb29nbGUubWFwcy5wbGFjZXMudjEuUGxhY2VzLlNlYXJjaFRleHQQAhgEIAA"
cmpd0ihw702dvq1sez66kpr4u,iTRAINING Elche,,646 73 49 70,iTRAINING Elche,,España,google-maps,atleevoyoga,NUEVO,MEDIA,,,2026-05-19T19:14:51.799Z,2026-05-19T19:14:51.799Z,http://www.itraining.es/,"C/ Salazar Alonso, 1, 03202 Elx, Alicante",Elche,5,364,https://maps.google.com/?cid=12271312905545028370&g_mp=Cidnb29nbGUubWFwcy5wbGFjZXMudjEuUGxhY2VzLlNlYXJjaFRleHQQAhgEIAA,health,OPERATIONAL,"Importado desde Google Maps
Tipo: Salud y bienestar
Dirección: C/ Salazar Alonso, 1, 03202 Elx, Alicante
Google: 5⭐ (364 reseñas)
Web: http://www.itraining.es/
Maps: https://maps.google.com/?cid=12271312905545028370&g_mp=Cidnb29nbGUubWFwcy5wbGFjZXMudjEuUGxhY2VzLlNlYXJjaFRleHQQAhgEIAA"
cmpd0ii5i02dwq1sefn0lmfxy,CENTRO ORENDA,,634 42 31 69,CENTRO ORENDA,,España,google-maps,atleevoyoga,NUEVO,MEDIA,,,2026-05-19T19:14:52.135Z,2026-05-19T19:14:52.135Z,http://www.orendacentro.com/,"Carrer Torres Quevedo, 72, 03204 Elx, Alicante",Elche,5,23,https://maps.google.com/?cid=2330513612655625594&g_mp=Cidnb29nbGUubWFwcy5wbGFjZXMudjEuUGxhY2VzLlNlYXJjaFRleHQQAhgEIAA,medical_clinic,OPERATIONAL,"Importado desde Google Maps
Tipo: Clínica ambulatoria
Dirección: Carrer Torres Quevedo, 72, 03204 Elx, Alicante
Google: 5⭐ (23 reseñas)
Web: http://www.orendacentro.com/
Maps: https://maps.google.com/?cid=2330513612655625594&g_mp=Cidnb29nbGUubWFwcy5wbGFjZXMudjEuUGxhY2VzLlNlYXJjaFRleHQQAhgEIAA"
cmpd0iiex02dxq1sedbgh1xev,Asociación Atenea Elche,,625 24 56 18,Asociación Atenea Elche,,España,google-maps,atleevoyoga,NUEVO,MEDIA,,,2026-05-19T19:14:52.474Z,2026-05-19T19:14:52.474Z,https://www.facebook.com/AsociacionAteneaElche,"Carrer Metge Diego Navarro, 2, bajo, 03203 Elx, Alicante",Elche,4.9,25,https://maps.google.com/?cid=970559532723560594&g_mp=Cidnb29nbGUubWFwcy5wbGFjZXMudjEuUGxhY2VzLlNlYXJjaFRleHQQAhgEIAA,wellness_center,OPERATIONAL,"Importado desde Google Maps
Tipo: Centro de salud y bienestar
Dirección: Carrer Metge Diego Navarro, 2, bajo, 03203 Elx, Alicante
Google: 4.9⭐ (25 reseñas)
Web: https://www.facebook.com/AsociacionAteneaElche
Maps: https://maps.google.com/?cid=970559532723560594&g_mp=Cidnb29nbGUubWFwcy5wbGFjZXMudjEuUGxhY2VzLlNlYXJjaFRleHQQAhgEIAA"
cmpd0iiob02dyq1seh2k86yhr,BODYLIFE Center,,622 39 02 12,BODYLIFE Center,,España,google-maps,atleevoyoga,NUEVO,MEDIA,,,2026-05-19T19:14:52.812Z,2026-05-19T19:14:52.812Z,,"Carrer Gayanes, 16, 03206 Elx, Alicante",Elche,5,127,https://maps.google.com/?cid=3519224297452071476&g_mp=Cidnb29nbGUubWFwcy5wbGFjZXMudjEuUGxhY2VzLlNlYXJjaFRleHQQAhgEIAA,gym,OPERATIONAL,"Importado desde Google Maps
Tipo: Gimnasio
Dirección: Carrer Gayanes, 16, 03206 Elx, Alicante
Google: 5⭐ (127 reseñas)
Maps: https://maps.google.com/?cid=3519224297452071476&g_mp=Cidnb29nbGUubWFwcy5wbGFjZXMudjEuUGxhY2VzLlNlYXJjaFRleHQQAhgEIAA"
cmpd0iiyu02dzq1sekykpbuhv,Meraki Fx,,965 45 57 28,Meraki Fx,,España,google-maps,atleevoyoga,NUEVO,MEDIA,,,2026-05-19T19:14:53.190Z,2026-05-19T19:14:53.190Z,,"Carrer Doctor Jiménez Díaz, 11, 03202 Elx, Alicante",Elche,5,14,https://maps.google.com/?cid=16927632782129208327&g_mp=Cidnb29nbGUubWFwcy5wbGFjZXMudjEuUGxhY2VzLlNlYXJjaFRleHQQAhgEIAA,gym,OPERATIONAL,"Importado desde Google Maps
Tipo: Gimnasio
Dirección: Carrer Doctor Jiménez Díaz, 11, 03202 Elx, Alicante
Google: 5⭐ (14 reseñas)
Maps: https://maps.google.com/?cid=16927632782129208327&g_mp=Cidnb29nbGUubWFwcy5wbGFjZXMudjEuUGxhY2VzLlNlYXJjaFRleHQQAhgEIAA"
cmpd0ij8802e0q1sedijrfrda,YogaEmoción,,622 43 73 66,YogaEmoción,,España,google-maps,atleevoyoga,NUEVO,MEDIA,,,2026-05-19T19:14:53.528Z,2026-05-19T19:14:53.528Z,https://yogaemocion.com/,"El Altet P1 61F, 03195, Alicante",Elche,5,68,https://maps.google.com/?cid=16504331907148209591&g_mp=Cidnb29nbGUubWFwcy5wbGFjZXMudjEuUGxhY2VzLlNlYXJjaFRleHQQAhgEIAA,yoga_studio,OPERATIONAL,"Importado desde Google Maps
Tipo: Centro de yoga
Dirección: El Altet P1 61F, 03195, Alicante
Google: 5⭐ (68 reseñas)
Web: https://yogaemocion.com/
Maps: https://maps.google.com/?cid=16504331907148209591&g_mp=Cidnb29nbGUubWFwcy5wbGFjZXMudjEuUGxhY2VzLlNlYXJjaFRleHQQAhgEIAA"
cmpd0ijhp02e1q1secvgxr6mg,Pilates Evidence (Elche),,611 86 75 62,Pilates Evidence (Elche),,España,google-maps,atleevoyoga,NUEVO,MEDIA,,,2026-05-19T19:14:53.869Z,2026-05-19T19:14:53.869Z,https://www.pilatesevidence.com/centros/pilates-evidence-elche/,"Carrer Fatxo, 5, 03202 Elx, Alicante",Elche,5,25,https://maps.google.com/?cid=2547417779264165050&g_mp=Cidnb29nbGUubWFwcy5wbGFjZXMudjEuUGxhY2VzLlNlYXJjaFRleHQQAhgEIAA,fitness_center,OPERATIONAL,"Importado desde Google Maps
Tipo: Centro deportivo
Dirección: Carrer Fatxo, 5, 03202 Elx, Alicante
Google: 5⭐ (25 reseñas)
Web: https://www.pilatesevidence.com/centros/pilates-evidence-elche/
Maps: https://maps.google.com/?cid=2547417779264165050&g_mp=Cidnb29nbGUubWFwcy5wbGFjZXMudjEuUGxhY2VzLlNlYXJjaFRleHQQAhgEIAA"
cmpd0ijvy02e2q1sepei9fn8z,Pilates & Training Time,,658 64 48 58,Pilates & Training Time,,España,google-maps,atleevoyoga,NUEVO,MEDIA,,,2026-05-19T19:14:54.383Z,2026-05-19T19:14:54.383Z,,"C/ Alfonso XII, nº16, Bajo, 03203 Elche, Alicante",Elche,4.9,40,https://maps.google.com/?cid=17673651532859685395&g_mp=Cidnb29nbGUubWFwcy5wbGFjZXMudjEuUGxhY2VzLlNlYXJjaFRleHQQAhgEIAA,gym,OPERATIONAL,"Importado desde Google Maps
Tipo: Gimnasio
Dirección: C/ Alfonso XII, nº16, Bajo, 03203 Elche, Alicante
Google: 4.9⭐ (40 reseñas)
Maps: https://maps.google.com/?cid=17673651532859685395&g_mp=Cidnb29nbGUubWFwcy5wbGFjZXMudjEuUGxhY2VzLlNlYXJjaFRleHQQAhgEIAA"
cmpd0ik5d02e3q1sesjvqyvpm,Elche Studio Yoga,,,Elche Studio Yoga,,España,google-maps,atleevoyoga,NUEVO,MEDIA,,,2026-05-19T19:14:54.722Z,2026-05-19T19:14:54.722Z,,"C. Antonio Pascual Quiles, 57, 03201 Elx, Alicante",Elche,,,https://maps.google.com/?cid=15271352485232753776&g_mp=Cidnb29nbGUubWFwcy5wbGFjZXMudjEuUGxhY2VzLlNlYXJjaFRleHQQAhgEIAA,gym,OPERATIONAL,"Importado desde Google Maps
Tipo: Gimnasio
Dirección: C. Antonio Pascual Quiles, 57, 03201 Elx, Alicante
Maps: https://maps.google.com/?cid=15271352485232753776&g_mp=Cidnb29nbGUubWFwcy5wbGFjZXMudjEuUGxhY2VzLlNlYXJjaFRleHQQAhgEIAA"
cmpd0ikei02e4q1sev6xji0bp,NEOS Salud | Centro de deporte y rehabilitación en Elche,,661 61 35 58,NEOS Salud | Centro de deporte y rehabilitación en Elche,,España,google-maps,atleevoyoga,NUEVO,MEDIA,,,2026-05-19T19:14:55.050Z,2026-05-19T19:14:55.050Z,http://neossalud.com/,"Carrer María de Maeztu, 6, 03203 Elx, Alicante",Elche,4.7,61,https://maps.google.com/?cid=1875449258316038525&g_mp=Cidnb29nbGUubWFwcy5wbGFjZXMudjEuUGxhY2VzLlNlYXJjaFRleHQQAhgEIAA,gym,OPERATIONAL,"Importado desde Google Maps
Tipo: Gimnasio
Dirección: Carrer María de Maeztu, 6, 03203 Elx, Alicante
Google: 4.7⭐ (61 reseñas)
Web: http://neossalud.com/
Maps: https://maps.google.com/?cid=1875449258316038525&g_mp=Cidnb29nbGUubWFwcy5wbGFjZXMudjEuUGxhY2VzLlNlYXJjaFRleHQQAhgEIAA"
cmpd0ikns02e5q1se9wdvsc2y,Escuela Internacional de Yoga - Manoli Muñoz,,661 38 02 83,Escuela Internacional de Yoga - Manoli Muñoz,,España,google-maps,atleevoyoga,NUEVO,MEDIA,,,2026-05-19T19:14:55.385Z,2026-05-19T19:14:55.385Z,,"C. Alarico López-Teruel, 4, 03330 Crevillente, Alicante",Elche,5,2,https://maps.google.com/?cid=11648375488637102634&g_mp=Cidnb29nbGUubWFwcy5wbGFjZXMudjEuUGxhY2VzLlNlYXJjaFRleHQQAhgEIAA,yoga_studio,OPERATIONAL,"Importado desde Google Maps
Tipo: Centro de yoga
Dirección: C. Alarico López-Teruel, 4, 03330 Crevillente, Alicante
Google: 5⭐ (2 reseñas)
Maps: https://maps.google.com/?cid=11648375488637102634&g_mp=Cidnb29nbGUubWFwcy5wbGFjZXMudjEuUGxhY2VzLlNlYXJjaFRleHQQAhgEIAA"
cmpd0ikx802e6q1se1rk48r0b,Synergym Elche Altabix,,,Synergym Elche Altabix,,España,google-maps,atleevoyoga,NUEVO,MEDIA,,,2026-05-19T19:14:55.725Z,2026-05-19T19:14:55.725Z,https://www.synergym.es/elche-altabix/,"Carrer Felipe Moya, 11, 03202 Elx, Alicante",Elche,4.6,844,https://maps.google.com/?cid=1142651962413068993&g_mp=Cidnb29nbGUubWFwcy5wbGFjZXMudjEuUGxhY2VzLlNlYXJjaFRleHQQAhgEIAA,gym,OPERATIONAL,"Importado desde Google Maps
Tipo: Gimnasio
Dirección: Carrer Felipe Moya, 11, 03202 Elx, Alicante
Google: 4.6⭐ (844 reseñas)
Web: https://www.synergym.es/elche-altabix/
Maps: https://maps.google.com/?cid=1142651962413068993&g_mp=Cidnb29nbGUubWFwcy5wbGFjZXMudjEuUGxhY2VzLlNlYXJjaFRleHQQAhgEIAA"
cmpd0il6n02e7q1sehaq20pu6,Asociación amigoterapias,,610 45 74 71,Asociación amigoterapias,,España,google-maps,atleevoyoga,NUEVO,MEDIA,,,2026-05-19T19:14:56.063Z,2026-05-19T19:14:56.063Z,,"Carrer Conrado del Campo, 111, 03204 Elx, Alicante",Elche,5,4,https://maps.google.com/?cid=14189789995168551668&g_mp=Cidnb29nbGUubWFwcy5wbGFjZXMudjEuUGxhY2VzLlNlYXJjaFRleHQQAhgEIAA,gym,OPERATIONAL,"Importado desde Google Maps
Tipo: Gimnasio
Dirección: Carrer Conrado del Campo, 111, 03204 Elx, Alicante
Google: 5⭐ (4 reseñas)
Maps: https://maps.google.com/?cid=14189789995168551668&g_mp=Cidnb29nbGUubWFwcy5wbGFjZXMudjEuUGxhY2VzLlNlYXJjaFRleHQQAhgEIAA"
cmpd0ilfy02e8q1se5rkgiyfh,Centro Meditación Shiva Shambho Ananda Elche,,681 94 39 37,Centro Meditación Shiva Shambho Ananda Elche,,España,google-maps,atleevoyoga,NUEVO,MEDIA,,,2026-05-19T19:14:56.398Z,2026-05-19T19:14:56.398Z,http://anandaelche.org/,"C. Hilarión Eslava, 12, 03201 Elx, Alicante",Elche,4,3,https://maps.google.com/?cid=11197459141931892858&g_mp=Cidnb29nbGUubWFwcy5wbGFjZXMudjEuUGxhY2VzLlNlYXJjaFRleHQQAhgEIAA,health,OPERATIONAL,"Importado desde Google Maps
Tipo: Salud y bienestar
Dirección: C. Hilarión Eslava, 12, 03201 Elx, Alicante
Google: 4⭐ (3 reseñas)
Web: http://anandaelche.org/
Maps: https://maps.google.com/?cid=11197459141931892858&g_mp=Cidnb29nbGUubWFwcy5wbGFjZXMudjEuUGxhY2VzLlNlYXJjaFRleHQQAhgEIAA"
cmpd0ilpb02e9q1sed9cnfocv,yoga transforma,,678 46 12 57,yoga transforma,,España,google-maps,atleevoyoga,NUEVO,MEDIA,,,2026-05-19T19:14:56.735Z,2026-05-19T19:14:56.735Z,,"Carrer Benito Pérez Galdós, 12, 03201 Elx, Alicante",Elche,4.5,6,https://maps.google.com/?cid=8793928224785344970&g_mp=Cidnb29nbGUubWFwcy5wbGFjZXMudjEuUGxhY2VzLlNlYXJjaFRleHQQAhgEIAA,yoga_studio,OPERATIONAL,"Importado desde Google Maps
Tipo: Centro de yoga
Dirección: Carrer Benito Pérez Galdós, 12, 03201 Elx, Alicante
Google: 4.5⭐ (6 reseñas)
Maps: https://maps.google.com/?cid=8793928224785344970&g_mp=Cidnb29nbGUubWFwcy5wbGFjZXMudjEuUGxhY2VzLlNlYXJjaFRleHQQAhgEIAA"
cmpd0iqwl02eaq1se8g5pe7xs,Centro Indigo,,676 29 36 69,Centro Indigo,,España,google-maps,atleevoyoga,NUEVO,MEDIA,,,2026-05-19T19:15:03.478Z,2026-05-19T19:15:03.478Z,http://www.centroindigo.net/,"Carrer l'Alpuixarra, 14, 03202 Elx, Alicante",Elche,4.7,13,https://maps.google.com/?cid=1134405422242632929&g_mp=Cidnb29nbGUubWFwcy5wbGFjZXMudjEuUGxhY2VzLlNlYXJjaFRleHQQAhgEIAA,massage_spa,OPERATIONAL,"Importado desde Google Maps
Tipo: Spa de masajes
Dirección: Carrer l'Alpuixarra, 14, 03202 Elx, Alicante
Google: 4.7⭐ (13 reseñas)
Web: http://www.centroindigo.net/
Maps: https://maps.google.com/?cid=1134405422242632929&g_mp=Cidnb29nbGUubWFwcy5wbGFjZXMudjEuUGxhY2VzLlNlYXJjaFRleHQQAhgEIAA"
cmpd0it0402ebq1seayewa3mk,"Ylenkia: Yoga, Reiki, Acupuntura, Talleres de Crecimiento Personal",,650 85 61 98,"Ylenkia: Yoga, Reiki, Acupuntura, Talleres de Crecimiento Personal",,España,google-maps,atleevoyoga,NUEVO,MEDIA,,,2026-05-19T19:15:06.197Z,2026-05-19T19:15:06.197Z,,"Lugar Ferriol, 1069, 03207 Elx, Alicante",Elche,5,4,https://maps.google.com/?cid=17660078281234394625&g_mp=Cidnb29nbGUubWFwcy5wbGFjZXMudjEuUGxhY2VzLlNlYXJjaFRleHQQAhgEIAA,wellness_center,OPERATIONAL,"Importado desde Google Maps
Tipo: Centro de salud y bienestar
Dirección: Lugar Ferriol, 1069, 03207 Elx, Alicante
Google: 5⭐ (4 reseñas)
Maps: https://maps.google.com/?cid=17660078281234394625&g_mp=Cidnb29nbGUubWFwcy5wbGFjZXMudjEuUGxhY2VzLlNlYXJjaFRleHQQAhgEIAA"
cmpd0itnm02ecq1sen5x02m1x,Templo del Bienestar,,865 67 00 27,Templo del Bienestar,,España,google-maps,atleevoyoga,NUEVO,MEDIA,,,2026-05-19T19:15:07.043Z,2026-05-19T19:15:07.043Z,http://www.templodelbienestar.es/,"Carrer de les Ànimes, 10, 03202 Elx, Alicante",Elche,5,30,https://maps.google.com/?cid=16831979976116626341&g_mp=Cidnb29nbGUubWFwcy5wbGFjZXMudjEuUGxhY2VzLlNlYXJjaFRleHQQAhgEIAA,medical_clinic,OPERATIONAL,"Importado desde Google Maps
Tipo: Clínica ambulatoria
Dirección: Carrer de les Ànimes, 10, 03202 Elx, Alicante
Google: 5⭐ (30 reseñas)
Web: http://www.templodelbienestar.es/
Maps: https://maps.google.com/?cid=16831979976116626341&g_mp=Cidnb29nbGUubWFwcy5wbGFjZXMudjEuUGxhY2VzLlNlYXJjaFRleHQQAhgEIAA"
cmpd0iu1v02edq1semidy05wu,Clínica de acupuntura y fisioterapia en Elche / SanArte ConCiencia,,610 00 31 39,Clínica de acupuntura y fisioterapia en Elche / SanArte ConCiencia,,España,google-maps,atleevoyoga,NUEVO,MEDIA,,,2026-05-19T19:15:07.555Z,2026-05-19T19:15:07.555Z,https://www.sanarteconciencia.es/,"Carrer Porta de la Morera, 17B, 03203 Elx, Alicante",Elche,5,33,https://maps.google.com/?cid=6653641446805474617&g_mp=Cidnb29nbGUubWFwcy5wbGFjZXMudjEuUGxhY2VzLlNlYXJjaFRleHQQAhgEIAA,medical_clinic,OPERATIONAL,"Importado desde Google Maps
Tipo: Clínica ambulatoria
Dirección: Carrer Porta de la Morera, 17B, 03203 Elx, Alicante
Google: 5⭐ (33 reseñas)
Web: https://www.sanarteconciencia.es/
Maps: https://maps.google.com/?cid=6653641446805474617&g_mp=Cidnb29nbGUubWFwcy5wbGFjZXMudjEuUGxhY2VzLlNlYXJjaFRleHQQAhgEIAA"
cmpd0iug802eeq1seydv5kn1v,Centro Holistico De Reiki,,661 02 84 15,Centro Holistico De Reiki,,España,google-maps,atleevoyoga,NUEVO,MEDIA,,,2026-05-19T19:15:08.073Z,2026-05-19T19:15:08.073Z,https://reikielche.org/,"C. Antonio Pascual Quiles, 83, 03204 Elx, Alicante",Elche,4.9,57,https://maps.google.com/?cid=18209787147962314651&g_mp=Cidnb29nbGUubWFwcy5wbGFjZXMudjEuUGxhY2VzLlNlYXJjaFRleHQQAhgEIAA,service,OPERATIONAL,"Importado desde Google Maps
Tipo: Servicios
Dirección: C. Antonio Pascual Quiles, 83, 03204 Elx, Alicante
Google: 4.9⭐ (57 reseñas)
Web: https://reikielche.org/
Maps: https://maps.google.com/?cid=18209787147962314651&g_mp=Cidnb29nbGUubWFwcy5wbGFjZXMudjEuUGxhY2VzLlNlYXJjaFRleHQQAhgEIAA"
cmpd0iuvc02efq1semih9h1ar,COMUNIDAD AUTOCUIDADO,,657 88 98 73,COMUNIDAD AUTOCUIDADO,,España,google-maps,atleevoyoga,NUEVO,MEDIA,,,2026-05-19T19:15:08.616Z,2026-05-19T19:15:08.616Z,https://ownyogacomunidad.my.canva.site/,"Carrer Poeta Miguel Hernandez, 2, 03201 Elx, Alicante",Elche,5,1,https://maps.google.com/?cid=3465123927973785068&g_mp=Cidnb29nbGUubWFwcy5wbGFjZXMudjEuUGxhY2VzLlNlYXJjaFRleHQQAhgEIAA,,OPERATIONAL,"Importado desde Google Maps
Dirección: Carrer Poeta Miguel Hernandez, 2, 03201 Elx, Alicante
Google: 5⭐ (1 reseñas)
Web: https://ownyogacomunidad.my.canva.site/
Maps: https://maps.google.com/?cid=3465123927973785068&g_mp=Cidnb29nbGUubWFwcy5wbGFjZXMudjEuUGxhY2VzLlNlYXJjaFRleHQQAhgEIAA"
cmpd0iv6f02egq1se6toqqj0u,Lifestyle Pilates,,965 42 45 70,Lifestyle Pilates,,España,google-maps,atleevoyoga,NUEVO,MEDIA,,,2026-05-19T19:15:09.015Z,2026-05-19T19:15:09.015Z,https://www.lifestylepilates.es/,"C/ Curtidors, 4, 03203 Elx, Alicante",Elche,4.7,40,https://maps.google.com/?cid=15395798814272472335&g_mp=Cidnb29nbGUubWFwcy5wbGFjZXMudjEuUGxhY2VzLlNlYXJjaFRleHQQAhgEIAA,gym,OPERATIONAL,"Importado desde Google Maps
Tipo: Gimnasio
Dirección: C/ Curtidors, 4, 03203 Elx, Alicante
Google: 4.7⭐ (40 reseñas)
Web: https://www.lifestylepilates.es/
Maps: https://maps.google.com/?cid=15395798814272472335&g_mp=Cidnb29nbGUubWFwcy5wbGFjZXMudjEuUGxhY2VzLlNlYXJjaFRleHQQAhgEIAA"
cmpd0ivfq02ehq1se06v1gt8e,El Yoga de Lucía,,650 85 67 24,El Yoga de Lucía,,España,google-maps,atleevoyoga,NUEVO,MEDIA,,,2026-05-19T19:15:09.350Z,2026-05-19T19:15:09.350Z,,"Carrer Comte de Torrellano, 73, 03320 La Torre del Pla, Alicante",Elche,,,https://maps.google.com/?cid=8866010182572009613&g_mp=Cidnb29nbGUubWFwcy5wbGFjZXMudjEuUGxhY2VzLlNlYXJjaFRleHQQAhgEIAA,yoga_studio,OPERATIONAL,"Importado desde Google Maps
Tipo: Centro de yoga
Dirección: Carrer Comte de Torrellano, 73, 03320 La Torre del Pla, Alicante
Maps: https://maps.google.com/?cid=8866010182572009613&g_mp=Cidnb29nbGUubWFwcy5wbGFjZXMudjEuUGxhY2VzLlNlYXJjaFRleHQQAhgEIAA"
cmpd0ivty02eiq1sexv7vm01r,Salsabor Escuela De Baile,,629 67 50 85,Salsabor Escuela De Baile,,España,google-maps,atleevoyoga,NUEVO,MEDIA,,,2026-05-19T19:15:09.862Z,2026-05-19T19:15:09.862Z,,"Carrer del Capità Antoni Mena, 137, 03204 Elx, Alicante",Elche,4.8,60,https://maps.google.com/?cid=4888813011372875378&g_mp=Cidnb29nbGUubWFwcy5wbGFjZXMudjEuUGxhY2VzLlNlYXJjaFRleHQQAhgEIAA,sports_school,OPERATIONAL,"Importado desde Google Maps
Tipo: Escuela deportiva
Dirección: Carrer del Capità Antoni Mena, 137, 03204 Elx, Alicante
Google: 4.8⭐ (60 reseñas)
Maps: https://maps.google.com/?cid=4888813011372875378&g_mp=Cidnb29nbGUubWFwcy5wbGFjZXMudjEuUGxhY2VzLlNlYXJjaFRleHQQAhgEIAA"
cmpd0iwz102ejq1se1lkv642s,Shanti Yoga Shala,,617 76 50 21,Shanti Yoga Shala,,España,google-maps,atleevoyoga,NUEVO,MEDIA,,,2026-05-19T19:15:11.341Z,2026-05-19T19:15:11.341Z,http://www.shantiyogashala.es/,"C. Polonia, 8, 03194 Elche, Alicante",Elche,5,38,https://maps.google.com/?cid=7829670526150086896&g_mp=Cidnb29nbGUubWFwcy5wbGFjZXMudjEuUGxhY2VzLlNlYXJjaFRleHQQAhgEIAA,yoga_studio,OPERATIONAL,"Importado desde Google Maps
Tipo: Centro de yoga
Dirección: C. Polonia, 8, 03194 Elche, Alicante
Google: 5⭐ (38 reseñas)
Web: http://www.shantiyogashala.es/
Maps: https://maps.google.com/?cid=7829670526150086896&g_mp=Cidnb29nbGUubWFwcy5wbGFjZXMudjEuUGxhY2VzLlNlYXJjaFRleHQQAhgEIAA"
cmpd0ixw802ekq1sebr4l1dn1,Ashtanga Yoga Satsang,,629 40 98 15,Ashtanga Yoga Satsang,,España,google-maps,atleevoyoga,NUEVO,MEDIA,,,2026-05-19T19:15:12.537Z,2026-05-19T19:15:12.537Z,https://www.facebook.com/Ashtanga-Satsang-104686464948162/,"Carrer Poeta Miguel Hernández, 20, 03660 Novelda, Alicante",Elche,5,4,https://maps.google.com/?cid=14447051108074244206&g_mp=Cidnb29nbGUubWFwcy5wbGFjZXMudjEuUGxhY2VzLlNlYXJjaFRleHQQAhgEIAA,yoga_studio,OPERATIONAL,"Importado desde Google Maps
Tipo: Centro de yoga
Dirección: Carrer Poeta Miguel Hernández, 20, 03660 Novelda, Alicante
Google: 5⭐ (4 reseñas)
Web: https://www.facebook.com/Ashtanga-Satsang-104686464948162/
Maps: https://maps.google.com/?cid=14447051108074244206&g_mp=Cidnb29nbGUubWFwcy5wbGFjZXMudjEuUGxhY2VzLlNlYXJjaFRleHQQAhgEIAA"
cmpd0j0ep02elq1seb32wr4kk,Aktivs Yoga Tenerife,,634 52 33 21,Aktivs Yoga Tenerife,,España,google-maps,atleevoyoga,NUEVO,MEDIA,,,2026-05-19T19:15:15.794Z,2026-05-19T19:15:15.794Z,http://www.aktivs.es/,"C. Alfaro, 9, Entresuelo Ofic. 7, 38003 Santa Cruz de Tenerife",Santa Cruz de Tenerife,5,107,https://maps.google.com/?cid=329735248758596831&g_mp=Cidnb29nbGUubWFwcy5wbGFjZXMudjEuUGxhY2VzLlNlYXJjaFRleHQQAhgEIAA,yoga_studio,OPERATIONAL,"Importado desde Google Maps
Tipo: Centro de yoga
Dirección: C. Alfaro, 9, Entresuelo Ofic. 7, 38003 Santa Cruz de Tenerife
Google: 5⭐ (107 reseñas)
Web: http://www.aktivs.es/
Maps: https://maps.google.com/?cid=329735248758596831&g_mp=Cidnb29nbGUubWFwcy5wbGFjZXMudjEuUGxhY2VzLlNlYXJjaFRleHQQAhgEIAA"
cmpd0j0o302emq1senpghu37z,Mi Yoga,,,Mi Yoga,,España,google-maps,atleevoyoga,NUEVO,MEDIA,,,2026-05-19T19:15:16.131Z,2026-05-19T19:15:16.131Z,https://www.miyogatenerife.com/?utm_source=google&utm_medium=wix_google_business_profile&utm_campaign=380681093490525795,"C. del Olvido, 32, local d, 38006 Tenerife, Santa Cruz de Tenerife",Santa Cruz de Tenerife,5,57,https://maps.google.com/?cid=11191402405776043925&g_mp=Cidnb29nbGUubWFwcy5wbGFjZXMudjEuUGxhY2VzLlNlYXJjaFRleHQQAhgEIAA,yoga_studio,OPERATIONAL,"Importado desde Google Maps
Tipo: Centro de yoga
Dirección: C. del Olvido, 32, local d, 38006 Tenerife, Santa Cruz de Tenerife
Google: 5⭐ (57 reseñas)
Web: https://www.miyogatenerife.com/?utm_source=google&utm_medium=wix_google_business_profile&utm_campaign=380681093490525795
Maps: https://maps.google.com/?cid=11191402405776043925&g_mp=Cidnb29nbGUubWFwcy5wbGFjZXMudjEuUGxhY2VzLlNlYXJjaFRleHQQAhgEIAA"
cmpd0j0xf02enq1sed5xtu7lo,Ama Centro de Yoga,,611 41 04 15,Ama Centro de Yoga,,España,google-maps,atleevoyoga,NUEVO,MEDIA,,,2026-05-19T19:15:16.467Z,2026-05-19T19:15:16.467Z,https://www.amacentrodeyogatf.com/,"Av. Profesor Peraza Ayala, 13, bajo 3, 38001 Santa Cruz de Tenerife",Santa Cruz de Tenerife,5,66,https://maps.google.com/?cid=7633355177950103276&g_mp=Cidnb29nbGUubWFwcy5wbGFjZXMudjEuUGxhY2VzLlNlYXJjaFRleHQQAhgEIAA,yoga_studio,OPERATIONAL,"Importado desde Google Maps
Tipo: Centro de yoga
Dirección: Av. Profesor Peraza Ayala, 13, bajo 3, 38001 Santa Cruz de Tenerife
Google: 5⭐ (66 reseñas)
Web: https://www.amacentrodeyogatf.com/
Maps: https://maps.google.com/?cid=7633355177950103276&g_mp=Cidnb29nbGUubWFwcy5wbGFjZXMudjEuUGxhY2VzLlNlYXJjaFRleHQQAhgEIAA"
cmpd0j16t02eoq1se8irystz9,isacruz yoga,,699 58 33 61,isacruz yoga,,España,google-maps,atleevoyoga,NUEVO,MEDIA,,,2026-05-19T19:15:16.805Z,2026-05-19T19:15:16.805Z,https://www.isacruzyoga.com/,"C. de Antonio Nebrija, 38005 Santa Cruz de Tenerife",Santa Cruz de Tenerife,4.9,97,https://maps.google.com/?cid=13548238236643185362&g_mp=Cidnb29nbGUubWFwcy5wbGFjZXMudjEuUGxhY2VzLlNlYXJjaFRleHQQAhgEIAA,yoga_studio,OPERATIONAL,"Importado desde Google Maps
Tipo: Centro de yoga
Dirección: C. de Antonio Nebrija, 38005 Santa Cruz de Tenerife
Google: 4.9⭐ (97 reseñas)
Web: https://www.isacruzyoga.com/
Maps: https://maps.google.com/?cid=13548238236643185362&g_mp=Cidnb29nbGUubWFwcy5wbGFjZXMudjEuUGxhY2VzLlNlYXJjaFRleHQQAhgEIAA"
cmpd0j1ge02epq1seqcpdkpy9,Tenerife Ashtanga Shala,,648 60 49 71,Tenerife Ashtanga Shala,,España,google-maps,atleevoyoga,NUEVO,MEDIA,,,2026-05-19T19:15:17.150Z,2026-05-19T19:15:17.150Z,http://tenerifeashtangashala.com/,"C. Imeldo Serís, 52, 38003 Santa Cruz de Tenerife",Santa Cruz de Tenerife,5,66,https://maps.google.com/?cid=3245317061044570319&g_mp=Cidnb29nbGUubWFwcy5wbGFjZXMudjEuUGxhY2VzLlNlYXJjaFRleHQQAhgEIAA,yoga_studio,OPERATIONAL,"Importado desde Google Maps
Tipo: Centro de yoga
Dirección: C. Imeldo Serís, 52, 38003 Santa Cruz de Tenerife
Google: 5⭐ (66 reseñas)
Web: http://tenerifeashtangashala.com/
Maps: https://maps.google.com/?cid=3245317061044570319&g_mp=Cidnb29nbGUubWFwcy5wbGFjZXMudjEuUGxhY2VzLlNlYXJjaFRleHQQAhgEIAA"
cmpd0j1ps02eqq1seb37d2mrw,Sansara Yoga Studio,,673 95 08 47,Sansara Yoga Studio,,España,google-maps,atleevoyoga,NUEVO,MEDIA,,,2026-05-19T19:15:17.489Z,2026-05-19T19:15:17.489Z,http://www.sansarayoga.es/,"C. el Pilar, 14, 1°D, 38002 Santa Cruz de Tenerife",Santa Cruz de Tenerife,5,18,https://maps.google.com/?cid=1126713846627266316&g_mp=Cidnb29nbGUubWFwcy5wbGFjZXMudjEuUGxhY2VzLlNlYXJjaFRleHQQAhgEIAA,yoga_studio,OPERATIONAL,"Importado desde Google Maps
Tipo: Centro de yoga
Dirección: C. el Pilar, 14, 1°D, 38002 Santa Cruz de Tenerife
Google: 5⭐ (18 reseñas)
Web: http://www.sansarayoga.es/
Maps: https://maps.google.com/?cid=1126713846627266316&g_mp=Cidnb29nbGUubWFwcy5wbGFjZXMudjEuUGxhY2VzLlNlYXJjaFRleHQQAhgEIAA"
cmpd0j1z802erq1sefc81kury,Escuela de Yoga Ling Natural YOGA - Centro de Bienestar y Yoga Adaptado,,678 37 46 93,Escuela de Yoga Ling Natural YOGA - Centro de Bienestar y Yoga Adaptado,,España,google-maps,atleevoyoga,NUEVO,MEDIA,,,2026-05-19T19:15:17.829Z,2026-05-19T19:15:17.829Z,http://www.lingnaturalyoga.com/,"Comercial Nuestra Señora de Africa, C. Darias y Padron, 1, planta 1, local 51 Centro, 38003 Santa Cruz de Tenerife",Santa Cruz de Tenerife,5,145,https://maps.google.com/?cid=2993190347617018579&g_mp=Cidnb29nbGUubWFwcy5wbGFjZXMudjEuUGxhY2VzLlNlYXJjaFRleHQQAhgEIAA,yoga_studio,OPERATIONAL,"Importado desde Google Maps
Tipo: Centro de yoga
Dirección: Comercial Nuestra Señora de Africa, C. Darias y Padron, 1, planta 1, local 51 Centro, 38003 Santa Cruz de Tenerife
Google: 5⭐ (145 reseñas)
Web: http://www.lingnaturalyoga.com/
Maps: https://maps.google.com/?cid=2993190347617018579&g_mp=Cidnb29nbGUubWFwcy5wbGFjZXMudjEuUGxhY2VzLlNlYXJjaFRleHQQAhgEIAA"
cmpd0j28w02esq1seugpjbwpz,TuYoga.es,,669 98 09 93,TuYoga.es,,España,google-maps,atleevoyoga,NUEVO,MEDIA,,,2026-05-19T19:15:18.176Z,2026-05-19T19:15:18.176Z,http://www.tuyoga.es/,"Av. de los Majuelos, 38A, 38107 Santa Cruz de Tenerife",Santa Cruz de Tenerife,4.9,165,https://maps.google.com/?cid=5023884367402392610&g_mp=Cidnb29nbGUubWFwcy5wbGFjZXMudjEuUGxhY2VzLlNlYXJjaFRleHQQAhgEIAA,yoga_studio,OPERATIONAL,"Importado desde Google Maps
Tipo: Centro de yoga
Dirección: Av. de los Majuelos, 38A, 38107 Santa Cruz de Tenerife
Google: 4.9⭐ (165 reseñas)
Web: http://www.tuyoga.es/
Maps: https://maps.google.com/?cid=5023884367402392610&g_mp=Cidnb29nbGUubWFwcy5wbGFjZXMudjEuUGxhY2VzLlNlYXJjaFRleHQQAhgEIAA"
cmpd0j2i902etq1seus4zb6ew,Living Yoga Tenerife,,651 55 56 15,Living Yoga Tenerife,,España,google-maps,atleevoyoga,NUEVO,MEDIA,,,2026-05-19T19:15:18.514Z,2026-05-19T19:15:18.514Z,https://www.livingyogatenerife.es/,"Puerto Escondido, 3, 1ºC, 38002 Santa Cruz de Tenerife",Santa Cruz de Tenerife,5,27,https://maps.google.com/?cid=5189549630458911893&g_mp=Cidnb29nbGUubWFwcy5wbGFjZXMudjEuUGxhY2VzLlNlYXJjaFRleHQQAhgEIAA,yoga_studio,OPERATIONAL,"Importado desde Google Maps
Tipo: Centro de yoga
Dirección: Puerto Escondido, 3, 1ºC, 38002 Santa Cruz de Tenerife
Google: 5⭐ (27 reseñas)
Web: https://www.livingyogatenerife.es/
Maps: https://maps.google.com/?cid=5189549630458911893&g_mp=Cidnb29nbGUubWFwcy5wbGFjZXMudjEuUGxhY2VzLlNlYXJjaFRleHQQAhgEIAA"
cmpd0j2rk02euq1se4t3fric3,Soul Yogashala,,640 73 12 35,Soul Yogashala,,España,google-maps,atleevoyoga,NUEVO,MEDIA,,,2026-05-19T19:15:18.848Z,2026-05-19T19:15:18.848Z,,"C. San Francisco Javier, 5, Bajo Exterior, 38001 Santa Cruz de Tenerife",Santa Cruz de Tenerife,5,23,https://maps.google.com/?cid=5448069353916192771&g_mp=Cidnb29nbGUubWFwcy5wbGFjZXMudjEuUGxhY2VzLlNlYXJjaFRleHQQAhgEIAA,yoga_studio,OPERATIONAL,"Importado desde Google Maps
Tipo: Centro de yoga
Dirección: C. San Francisco Javier, 5, Bajo Exterior, 38001 Santa Cruz de Tenerife
Google: 5⭐ (23 reseñas)
Maps: https://maps.google.com/?cid=5448069353916192771&g_mp=Cidnb29nbGUubWFwcy5wbGFjZXMudjEuUGxhY2VzLlNlYXJjaFRleHQQAhgEIAA"
cmpd0j31202evq1sex4gpk8wd,Olga Yoga-Pilates,,658 18 15 60,Olga Yoga-Pilates,,España,google-maps,atleevoyoga,NUEVO,MEDIA,,,2026-05-19T19:15:19.190Z,2026-05-19T19:15:19.190Z,,38005 Santa Cruz de Tenerife,Santa Cruz de Tenerife,5,13,https://maps.google.com/?cid=1104101656498860930&g_mp=Cidnb29nbGUubWFwcy5wbGFjZXMudjEuUGxhY2VzLlNlYXJjaFRleHQQAhgEIAA,yoga_studio,OPERATIONAL,"Importado desde Google Maps
Tipo: Centro de yoga
Dirección: 38005 Santa Cruz de Tenerife
Google: 5⭐ (13 reseñas)
Maps: https://maps.google.com/?cid=1104101656498860930&g_mp=Cidnb29nbGUubWFwcy5wbGFjZXMudjEuUGxhY2VzLlNlYXJjaFRleHQQAhgEIAA"
cmpd0j3ak02ewq1ser0gjzk7m,"Escuela de Yoga y Pilates ""Adi Charan Kaur""",,684 11 12 55,"Escuela de Yoga y Pilates ""Adi Charan Kaur""",,España,google-maps,atleevoyoga,NUEVO,MEDIA,,,2026-05-19T19:15:19.532Z,2026-05-19T19:15:19.532Z,,"C. Pepita Serrador, 10, Edificio Toboso, 38005 Santa Cruz de Tenerife",Santa Cruz de Tenerife,5,35,https://maps.google.com/?cid=14604262702132554880&g_mp=Cidnb29nbGUubWFwcy5wbGFjZXMudjEuUGxhY2VzLlNlYXJjaFRleHQQAhgEIAA,yoga_studio,OPERATIONAL,"Importado desde Google Maps
Tipo: Centro de yoga
Dirección: C. Pepita Serrador, 10, Edificio Toboso, 38005 Santa Cruz de Tenerife
Google: 5⭐ (35 reseñas)
Maps: https://maps.google.com/?cid=14604262702132554880&g_mp=Cidnb29nbGUubWFwcy5wbGFjZXMudjEuUGxhY2VzLlNlYXJjaFRleHQQAhgEIAA"
cmpd0j3l402exq1sepdjonjxf,AlpaYoga Tenerife,,650 86 25 08,AlpaYoga Tenerife,,España,google-maps,atleevoyoga,NUEVO,MEDIA,,,2026-05-19T19:15:19.880Z,2026-05-19T19:15:19.880Z,https://alpayoga.com/,"Av. de los Majuelos, 70, 38107 Santa Cruz de Tenerife",Santa Cruz de Tenerife,4.9,12,https://maps.google.com/?cid=11690407674766029476&g_mp=Cidnb29nbGUubWFwcy5wbGFjZXMudjEuUGxhY2VzLlNlYXJjaFRleHQQAhgEIAA,yoga_studio,OPERATIONAL,"Importado desde Google Maps
Tipo: Centro de yoga
Dirección: Av. de los Majuelos, 70, 38107 Santa Cruz de Tenerife
Google: 4.9⭐ (12 reseñas)
Web: https://alpayoga.com/
Maps: https://maps.google.com/?cid=11690407674766029476&g_mp=Cidnb29nbGUubWFwcy5wbGFjZXMudjEuUGxhY2VzLlNlYXJjaFRleHQQAhgEIAA"
cmpd0j3uf02eyq1se1flmccn7,SO YOGA,,,SO YOGA,,España,google-maps,atleevoyoga,NUEVO,MEDIA,,,2026-05-19T19:15:20.247Z,2026-05-19T19:15:20.247Z,https://sofia.yoga/,"C. Esquivel, 38400 Puerto de la Cruz, Santa Cruz de Tenerife",Santa Cruz de Tenerife,5,92,https://maps.google.com/?cid=3891605251946565037&g_mp=Cidnb29nbGUubWFwcy5wbGFjZXMudjEuUGxhY2VzLlNlYXJjaFRleHQQAhgEIAA,,OPERATIONAL,"Importado desde Google Maps
Dirección: C. Esquivel, 38400 Puerto de la Cruz, Santa Cruz de Tenerife
Google: 5⭐ (92 reseñas)
Web: https://sofia.yoga/
Maps: https://maps.google.com/?cid=3891605251946565037&g_mp=Cidnb29nbGUubWFwcy5wbGFjZXMudjEuUGxhY2VzLlNlYXJjaFRleHQQAhgEIAA"
cmpd0j43k02ezq1sez8jpg06l,El proceso - Espacio de consciencia y movimiento,,607 49 74 88,El proceso - Espacio de consciencia y movimiento,,España,google-maps,atleevoyoga,NUEVO,MEDIA,,,2026-05-19T19:15:20.576Z,2026-05-19T19:15:20.576Z,http://www.el-proceso.com/,"Calle Tinerfe, Cam. la Villa, 12, 38206 La Laguna, Santa Cruz de Tenerife",Santa Cruz de Tenerife,4.9,220,https://maps.google.com/?cid=5746508927271809213&g_mp=Cidnb29nbGUubWFwcy5wbGFjZXMudjEuUGxhY2VzLlNlYXJjaFRleHQQAhgEIAA,yoga_studio,OPERATIONAL,"Importado desde Google Maps
Tipo: Centro de yoga
Dirección: Calle Tinerfe, Cam. la Villa, 12, 38206 La Laguna, Santa Cruz de Tenerife
Google: 4.9⭐ (220 reseñas)
Web: http://www.el-proceso.com/
Maps: https://maps.google.com/?cid=5746508927271809213&g_mp=Cidnb29nbGUubWFwcy5wbGFjZXMudjEuUGxhY2VzLlNlYXJjaFRleHQQAhgEIAA"
cmpd0j4cx02f0q1se7qwzpq74,Estudios Yogasastra,,623 93 15 89,Estudios Yogasastra,,España,google-maps,atleevoyoga,NUEVO,MEDIA,,,2026-05-19T19:15:20.914Z,2026-05-19T19:15:20.914Z,http://www.yogasastra.com/,"San Francisco Javier, Esquina, Calle de S. Francisco, 2, 38002 Santa Cruz de Tenerife",Santa Cruz de Tenerife,5,16,https://maps.google.com/?cid=16421413735126783054&g_mp=Cidnb29nbGUubWFwcy5wbGFjZXMudjEuUGxhY2VzLlNlYXJjaFRleHQQAhgEIAA,yoga_studio,OPERATIONAL,"Importado desde Google Maps
Tipo: Centro de yoga
Dirección: San Francisco Javier, Esquina, Calle de S. Francisco, 2, 38002 Santa Cruz de Tenerife
Google: 5⭐ (16 reseñas)
Web: http://www.yogasastra.com/
Maps: https://maps.google.com/?cid=16421413735126783054&g_mp=Cidnb29nbGUubWFwcy5wbGFjZXMudjEuUGxhY2VzLlNlYXJjaFRleHQQAhgEIAA"
cmpd0j4me02f1q1sed6wal0wn,TUSHALA Yoga Studio,,643 60 24 61,TUSHALA Yoga Studio,,España,google-maps,atleevoyoga,NUEVO,MEDIA,,,2026-05-19T19:15:21.255Z,2026-05-19T19:15:21.255Z,http://www.tushala.com/,"Ctra. General Las Arenas, 124, local 6, 38400 Puerto de la Cruz, Santa Cruz de Tenerife",Santa Cruz de Tenerife,5,120,https://maps.google.com/?cid=7914422346956793085&g_mp=Cidnb29nbGUubWFwcy5wbGFjZXMudjEuUGxhY2VzLlNlYXJjaFRleHQQAhgEIAA,yoga_studio,OPERATIONAL,"Importado desde Google Maps
Tipo: Centro de yoga
Dirección: Ctra. General Las Arenas, 124, local 6, 38400 Puerto de la Cruz, Santa Cruz de Tenerife
Google: 5⭐ (120 reseñas)
Web: http://www.tushala.com/
Maps: https://maps.google.com/?cid=7914422346956793085&g_mp=Cidnb29nbGUubWFwcy5wbGFjZXMudjEuUGxhY2VzLlNlYXJjaFRleHQQAhgEIAA"
cmpd0j4vv02f2q1se368fa537,Ocean & Om Wellness Center | Yoga Puerto de la Cruz,,673 72 33 58,Ocean & Om Wellness Center | Yoga Puerto de la Cruz,,España,google-maps,atleevoyoga,NUEVO,MEDIA,,,2026-05-19T19:15:21.596Z,2026-05-19T19:15:21.596Z,http://www.yogahappiness.org/,"C. la Hoya, 50, 38400 Puerto de la Cruz, Santa Cruz de Tenerife",Santa Cruz de Tenerife,4.9,81,https://maps.google.com/?cid=8535126074829956515&g_mp=Cidnb29nbGUubWFwcy5wbGFjZXMudjEuUGxhY2VzLlNlYXJjaFRleHQQAhgEIAA,yoga_studio,OPERATIONAL,"Importado desde Google Maps
Tipo: Centro de yoga
Dirección: C. la Hoya, 50, 38400 Puerto de la Cruz, Santa Cruz de Tenerife
Google: 4.9⭐ (81 reseñas)
Web: http://www.yogahappiness.org/
Maps: https://maps.google.com/?cid=8535126074829956515&g_mp=Cidnb29nbGUubWFwcy5wbGFjZXMudjEuUGxhY2VzLlNlYXJjaFRleHQQAhgEIAA"
cmpd0j55b02f3q1sej8bpgjes,Flow with Faye… Yoga & Wellbeing,,600 24 23 16,Flow with Faye… Yoga & Wellbeing,,España,google-maps,atleevoyoga,NUEVO,MEDIA,,,2026-05-19T19:15:21.935Z,2026-05-19T19:15:21.935Z,https://flowwithfaye.com/,"C. Imeldo Serís, 73, 38003 Santa Cruz de Tenerife",Santa Cruz de Tenerife,5,33,https://maps.google.com/?cid=10304716761994833445&g_mp=Cidnb29nbGUubWFwcy5wbGFjZXMudjEuUGxhY2VzLlNlYXJjaFRleHQQAhgEIAA,,OPERATIONAL,"Importado desde Google Maps
Dirección: C. Imeldo Serís, 73, 38003 Santa Cruz de Tenerife
Google: 5⭐ (33 reseñas)
Web: https://flowwithfaye.com/
Maps: https://maps.google.com/?cid=10304716761994833445&g_mp=Cidnb29nbGUubWFwcy5wbGFjZXMudjEuUGxhY2VzLlNlYXJjaFRleHQQAhgEIAA"
cmpd0j5en02f4q1seqhggxzlk,Yoga Tenerife,,643 20 64 01,Yoga Tenerife,,España,google-maps,atleevoyoga,NUEVO,MEDIA,,,2026-05-19T19:15:22.272Z,2026-05-19T19:15:22.272Z,https://yoga-tenerife.com/,"Eva Schubert, vivienda 30 (Balancon, C. Uruguay, 5, 38612 El Médano, Santa Cruz de Tenerife",Santa Cruz de Tenerife,5,115,https://maps.google.com/?cid=8876363897245749926&g_mp=Cidnb29nbGUubWFwcy5wbGFjZXMudjEuUGxhY2VzLlNlYXJjaFRleHQQAhgEIAA,yoga_studio,OPERATIONAL,"Importado desde Google Maps
Tipo: Centro de yoga
Dirección: Eva Schubert, vivienda 30 (Balancon, C. Uruguay, 5, 38612 El Médano, Santa Cruz de Tenerife
Google: 5⭐ (115 reseñas)
Web: https://yoga-tenerife.com/
Maps: https://maps.google.com/?cid=8876363897245749926&g_mp=Cidnb29nbGUubWFwcy5wbGFjZXMudjEuUGxhY2VzLlNlYXJjaFRleHQQAhgEIAA"
cmpd0j5o502f5q1sekxtxd8wu,Acrosense Yoga Studio & Acroyoga Tenerife,,623 03 56 26,Acrosense Yoga Studio & Acroyoga Tenerife,,España,google-maps,atleevoyoga,NUEVO,MEDIA,,,2026-05-19T19:15:22.613Z,2026-05-19T19:15:22.613Z,http://www.acrosense.yoga/,"C. San Juan, 53, 38204 La Laguna, Santa Cruz de Tenerife",Santa Cruz de Tenerife,4.9,17,https://maps.google.com/?cid=11865761908573782998&g_mp=Cidnb29nbGUubWFwcy5wbGFjZXMudjEuUGxhY2VzLlNlYXJjaFRleHQQAhgEIAA,yoga_studio,OPERATIONAL,"Importado desde Google Maps
Tipo: Centro de yoga
Dirección: C. San Juan, 53, 38204 La Laguna, Santa Cruz de Tenerife
Google: 4.9⭐ (17 reseñas)
Web: http://www.acrosense.yoga/
Maps: https://maps.google.com/?cid=11865761908573782998&g_mp=Cidnb29nbGUubWFwcy5wbGFjZXMudjEuUGxhY2VzLlNlYXJjaFRleHQQAhgEIAA"
cmpd0j5xx02f6q1setmbvlwja,Espacio Kāla,,691 65 47 83,Espacio Kāla,,España,google-maps,atleevoyoga,NUEVO,MEDIA,,,2026-05-19T19:15:22.965Z,2026-05-19T19:15:22.965Z,http://espaciokala.com/,"Av. de Lucas Vega, 76, 38202 La Laguna, Santa Cruz de Tenerife",Santa Cruz de Tenerife,4.9,53,https://maps.google.com/?cid=9295423007527145303&g_mp=Cidnb29nbGUubWFwcy5wbGFjZXMudjEuUGxhY2VzLlNlYXJjaFRleHQQAhgEIAA,yoga_studio,OPERATIONAL,"Importado desde Google Maps
Tipo: Centro de yoga
Dirección: Av. de Lucas Vega, 76, 38202 La Laguna, Santa Cruz de Tenerife
Google: 4.9⭐ (53 reseñas)
Web: http://espaciokala.com/
Maps: https://maps.google.com/?cid=9295423007527145303&g_mp=Cidnb29nbGUubWFwcy5wbGFjZXMudjEuUGxhY2VzLlNlYXJjaFRleHQQAhgEIAA"
cmpd0j67p02f7q1sepn0k05p2,Centro de Yoga Esencia,,680 33 82 27,Centro de Yoga Esencia,,España,google-maps,atleevoyoga,NUEVO,MEDIA,,,2026-05-19T19:15:23.318Z,2026-05-19T19:15:23.318Z,,"C. Tirso de Molina, 6, 38005 Santa Cruz de Tenerife",Santa Cruz de Tenerife,5,7,https://maps.google.com/?cid=6616893415796480665&g_mp=Cidnb29nbGUubWFwcy5wbGFjZXMudjEuUGxhY2VzLlNlYXJjaFRleHQQAhgEIAA,yoga_studio,OPERATIONAL,"Importado desde Google Maps
Tipo: Centro de yoga
Dirección: C. Tirso de Molina, 6, 38005 Santa Cruz de Tenerife
Google: 5⭐ (7 reseñas)
Maps: https://maps.google.com/?cid=6616893415796480665&g_mp=Cidnb29nbGUubWFwcy5wbGFjZXMudjEuUGxhY2VzLlNlYXJjaFRleHQQAhgEIAA"
cmpd0j6h202f8q1set99j4dge,Espacio Prana,,,Espacio Prana,,España,google-maps,atleevoyoga,NUEVO,MEDIA,,,2026-05-19T19:15:23.655Z,2026-05-19T19:15:23.655Z,,"C. de la Rosa, 12, 38002 Santa Cruz de Tenerife",Santa Cruz de Tenerife,4.9,7,https://maps.google.com/?cid=89364629791859394&g_mp=Cidnb29nbGUubWFwcy5wbGFjZXMudjEuUGxhY2VzLlNlYXJjaFRleHQQAhgEIAA,yoga_studio,OPERATIONAL,"Importado desde Google Maps
Tipo: Centro de yoga
Dirección: C. de la Rosa, 12, 38002 Santa Cruz de Tenerife
Google: 4.9⭐ (7 reseñas)
Maps: https://maps.google.com/?cid=89364629791859394&g_mp=Cidnb29nbGUubWFwcy5wbGFjZXMudjEuUGxhY2VzLlNlYXJjaFRleHQQAhgEIAA"
cmpd0j6qc02f9q1seobrtqwms,Espacio ZOE,,661 49 46 67,Espacio ZOE,,España,google-maps,atleevoyoga,NUEVO,MEDIA,,,2026-05-19T19:15:23.988Z,2026-05-19T19:15:23.988Z,,"C. de Bethencourt y Molina, 1, 38003 Santa Cruz de Tenerife",Santa Cruz de Tenerife,5,9,https://maps.google.com/?cid=12349724670153022437&g_mp=Cidnb29nbGUubWFwcy5wbGFjZXMudjEuUGxhY2VzLlNlYXJjaFRleHQQAhgEIAA,yoga_studio,OPERATIONAL,"Importado desde Google Maps
Tipo: Centro de yoga
Dirección: C. de Bethencourt y Molina, 1, 38003 Santa Cruz de Tenerife
Google: 5⭐ (9 reseñas)
Maps: https://maps.google.com/?cid=12349724670153022437&g_mp=Cidnb29nbGUubWFwcy5wbGFjZXMudjEuUGxhY2VzLlNlYXJjaFRleHQQAhgEIAA"
cmpd0j6zr02faq1segqp7aekh,Beyond Pilates Studio,,603 85 54 29,Beyond Pilates Studio,,España,google-maps,atleevoyoga,NUEVO,MEDIA,,,2026-05-19T19:15:24.328Z,2026-05-19T19:15:24.328Z,https://beyondpilatesstudio.es/,"C. Tome Cano, 5, 38005 Santa Cruz de Tenerife",Santa Cruz de Tenerife,5,19,https://maps.google.com/?cid=2565050994117114310&g_mp=Cidnb29nbGUubWFwcy5wbGFjZXMudjEuUGxhY2VzLlNlYXJjaFRleHQQAhgEIAA,gym,OPERATIONAL,"Importado desde Google Maps
Tipo: Gimnasio
Dirección: C. Tome Cano, 5, 38005 Santa Cruz de Tenerife
Google: 5⭐ (19 reseñas)
Web: https://beyondpilatesstudio.es/
Maps: https://maps.google.com/?cid=2565050994117114310&g_mp=Cidnb29nbGUubWFwcy5wbGFjZXMudjEuUGxhY2VzLlNlYXJjaFRleHQQAhgEIAA"
cmpd0j79902fbq1sejsi0udvo,Cuerpo Pleno,,652 64 56 58,Cuerpo Pleno,,España,google-maps,atleevoyoga,NUEVO,MEDIA,,,2026-05-19T19:15:24.670Z,2026-05-19T19:15:24.670Z,http://www.cuerpopleno.es/,"Calle de Eladio Roca y Salazar, 1, 38008 Santa Cruz de Tenerife",Santa Cruz de Tenerife,4.9,71,https://maps.google.com/?cid=6381983065212989232&g_mp=Cidnb29nbGUubWFwcy5wbGFjZXMudjEuUGxhY2VzLlNlYXJjaFRleHQQAhgEIAA,gym,OPERATIONAL,"Importado desde Google Maps
Tipo: Gimnasio
Dirección: Calle de Eladio Roca y Salazar, 1, 38008 Santa Cruz de Tenerife
Google: 4.9⭐ (71 reseñas)
Web: http://www.cuerpopleno.es/
Maps: https://maps.google.com/?cid=6381983065212989232&g_mp=Cidnb29nbGUubWFwcy5wbGFjZXMudjEuUGxhY2VzLlNlYXJjaFRleHQQAhgEIAA"
cmpd0j7ix02fcq1se4l68fvjd,LABRUM STUDIO,,606 72 67 03,LABRUM STUDIO,,España,google-maps,atleevoyoga,NUEVO,MEDIA,,,2026-05-19T19:15:25.018Z,2026-05-19T19:15:25.018Z,,"Ctra. del Sobradillo, 28, 38107 Santa Cruz de Tenerife",Santa Cruz de Tenerife,5,27,https://maps.google.com/?cid=12320136188124240580&g_mp=Cidnb29nbGUubWFwcy5wbGFjZXMudjEuUGxhY2VzLlNlYXJjaFRleHQQAhgEIAA,health,OPERATIONAL,"Importado desde Google Maps
Tipo: Salud y bienestar
Dirección: Ctra. del Sobradillo, 28, 38107 Santa Cruz de Tenerife
Google: 5⭐ (27 reseñas)
Maps: https://maps.google.com/?cid=12320136188124240580&g_mp=Cidnb29nbGUubWFwcy5wbGFjZXMudjEuUGxhY2VzLlNlYXJjaFRleHQQAhgEIAA"
cmpd0j7s802fdq1sec2kbqqv0,Cristina Mantecón,,690 11 22 16,Cristina Mantecón,,España,google-maps,atleevoyoga,NUEVO,MEDIA,,,2026-05-19T19:15:25.352Z,2026-05-19T19:15:25.352Z,,"C. Anselmo J. Benitez, 1, planta 1, 38002 Santa Cruz de Tenerife",Santa Cruz de Tenerife,5,1,https://maps.google.com/?cid=4983122347246477532&g_mp=Cidnb29nbGUubWFwcy5wbGFjZXMudjEuUGxhY2VzLlNlYXJjaFRleHQQAhgEIAA,yoga_studio,OPERATIONAL,"Importado desde Google Maps
Tipo: Centro de yoga
Dirección: C. Anselmo J. Benitez, 1, planta 1, 38002 Santa Cruz de Tenerife
Google: 5⭐ (1 reseñas)
Maps: https://maps.google.com/?cid=4983122347246477532&g_mp=Cidnb29nbGUubWFwcy5wbGFjZXMudjEuUGxhY2VzLlNlYXJjaFRleHQQAhgEIAA"
cmpd0j81f02feq1ses75g53vt,MAHA YOGA TENERIFE,,657 84 20 06,MAHA YOGA TENERIFE,,España,google-maps,atleevoyoga,NUEVO,MEDIA,,,2026-05-19T19:15:25.684Z,2026-05-19T19:15:25.684Z,,"Av. de los Majuelos, 13, 38107 Santa Cruz de Tenerife",Santa Cruz de Tenerife,4.6,10,https://maps.google.com/?cid=16526295730648552766&g_mp=Cidnb29nbGUubWFwcy5wbGFjZXMudjEuUGxhY2VzLlNlYXJjaFRleHQQAhgEIAA,yoga_studio,OPERATIONAL,"Importado desde Google Maps
Tipo: Centro de yoga
Dirección: Av. de los Majuelos, 13, 38107 Santa Cruz de Tenerife
Google: 4.6⭐ (10 reseñas)
Maps: https://maps.google.com/?cid=16526295730648552766&g_mp=Cidnb29nbGUubWFwcy5wbGFjZXMudjEuUGxhY2VzLlNlYXJjaFRleHQQAhgEIAA"
cmpd0j8bg02ffq1segspvxgnc,fusionstudio,,677 01 12 09,fusionstudio,,España,google-maps,atleevoyoga,NUEVO,MEDIA,,,2026-05-19T19:15:26.044Z,2026-05-19T19:15:26.044Z,https://www.fusionstudio.es/,"C. Álvarez de Lugo, 42, 38004 Santa Cruz de Tenerife",Santa Cruz de Tenerife,5,12,https://maps.google.com/?cid=961120894408498339&g_mp=Cidnb29nbGUubWFwcy5wbGFjZXMudjEuUGxhY2VzLlNlYXJjaFRleHQQAhgEIAA,wellness_center,OPERATIONAL,"Importado desde Google Maps
Tipo: Centro de salud y bienestar
Dirección: C. Álvarez de Lugo, 42, 38004 Santa Cruz de Tenerife
Google: 5⭐ (12 reseñas)
Web: https://www.fusionstudio.es/
Maps: https://maps.google.com/?cid=961120894408498339&g_mp=Cidnb29nbGUubWFwcy5wbGFjZXMudjEuUGxhY2VzLlNlYXJjaFRleHQQAhgEIAA"
cmpd0j8kn02fgq1se737nu2z5,Onsen Barre Studio,,,Onsen Barre Studio,,España,google-maps,atleevoyoga,NUEVO,MEDIA,,,2026-05-19T19:15:26.375Z,2026-05-19T19:15:26.375Z,https://www.onsenbarrestudio.com/,"C. Manuel Oraa y Arcocha, 3, 38008 Santa Cruz de Tenerife",Santa Cruz de Tenerife,4.8,40,https://maps.google.com/?cid=6480644080623976917&g_mp=Cidnb29nbGUubWFwcy5wbGFjZXMudjEuUGxhY2VzLlNlYXJjaFRleHQQAhgEIAA,gym,OPERATIONAL,"Importado desde Google Maps
Tipo: Gimnasio
Dirección: C. Manuel Oraa y Arcocha, 3, 38008 Santa Cruz de Tenerife
Google: 4.8⭐ (40 reseñas)
Web: https://www.onsenbarrestudio.com/
Maps: https://maps.google.com/?cid=6480644080623976917&g_mp=Cidnb29nbGUubWFwcy5wbGFjZXMudjEuUGxhY2VzLlNlYXJjaFRleHQQAhgEIAA"
cmpd0j8tu02fhq1seegssz5y8,Asociación De Yoga Sadasiva,,609 57 81 32,Asociación De Yoga Sadasiva,,España,google-maps,atleevoyoga,NUEVO,MEDIA,,,2026-05-19T19:15:26.706Z,2026-05-19T19:15:26.706Z,,"C/Achaman, Urb. Acoran, 61, Acorán, 38111 Santa Cruz de Tenerife",Santa Cruz de Tenerife,5,2,https://maps.google.com/?cid=3085350211252750939&g_mp=Cidnb29nbGUubWFwcy5wbGFjZXMudjEuUGxhY2VzLlNlYXJjaFRleHQQAhgEIAA,yoga_studio,OPERATIONAL,"Importado desde Google Maps
Tipo: Centro de yoga
Dirección: C/Achaman, Urb. Acoran, 61, Acorán, 38111 Santa Cruz de Tenerife
Google: 5⭐ (2 reseñas)
Maps: https://maps.google.com/?cid=3085350211252750939&g_mp=Cidnb29nbGUubWFwcy5wbGFjZXMudjEuUGxhY2VzLlNlYXJjaFRleHQQAhgEIAA"
cmpd0j93202fiq1sex0z6a9yj,Sandra Yoga & Therapies,,691 31 31 45,Sandra Yoga & Therapies,,España,google-maps,atleevoyoga,NUEVO,MEDIA,,,2026-05-19T19:15:27.039Z,2026-05-19T19:15:27.039Z,https://sandrayogaandtherapies.es/,"Av. Playa Paraíso, 38678, Santa Cruz de Tenerife",Santa Cruz de Tenerife,5,65,https://maps.google.com/?cid=17012831260282000948&g_mp=Cidnb29nbGUubWFwcy5wbGFjZXMudjEuUGxhY2VzLlNlYXJjaFRleHQQAhgEIAA,,OPERATIONAL,"Importado desde Google Maps
Dirección: Av. Playa Paraíso, 38678, Santa Cruz de Tenerife
Google: 5⭐ (65 reseñas)
Web: https://sandrayogaandtherapies.es/
Maps: https://maps.google.com/?cid=17012831260282000948&g_mp=Cidnb29nbGUubWFwcy5wbGFjZXMudjEuUGxhY2VzLlNlYXJjaFRleHQQAhgEIAA"
cmpd0j9cd02fjq1se6nhoilgs,Centro de Luz Yoga,,,Centro de Luz Yoga,,España,google-maps,atleevoyoga,NUEVO,MEDIA,,,2026-05-19T19:15:27.373Z,2026-05-19T19:15:27.373Z,,"C. María Isabel Coello Higueras, 21, 38004 Santa Cruz de Tenerife",Santa Cruz de Tenerife,5,2,https://maps.google.com/?cid=12619838713957489490&g_mp=Cidnb29nbGUubWFwcy5wbGFjZXMudjEuUGxhY2VzLlNlYXJjaFRleHQQAhgEIAA,yoga_studio,OPERATIONAL,"Importado desde Google Maps
Tipo: Centro de yoga
Dirección: C. María Isabel Coello Higueras, 21, 38004 Santa Cruz de Tenerife
Google: 5⭐ (2 reseñas)
Maps: https://maps.google.com/?cid=12619838713957489490&g_mp=Cidnb29nbGUubWFwcy5wbGFjZXMudjEuUGxhY2VzLlNlYXJjaFRleHQQAhgEIAA"
cmpd0j9ln02fkq1sek0pzaw9m,Centro Yu Shan,,650 91 89 33,Centro Yu Shan,,España,google-maps,atleevoyoga,NUEVO,MEDIA,,,2026-05-19T19:15:27.707Z,2026-05-19T19:15:27.707Z,http://www.centroyushan.com/,"C. Pérez Galdós, 20, 1.º, 38002 Santa Cruz de Tenerife",Santa Cruz de Tenerife,4.7,19,https://maps.google.com/?cid=5471105673752896340&g_mp=Cidnb29nbGUubWFwcy5wbGFjZXMudjEuUGxhY2VzLlNlYXJjaFRleHQQAhgEIAA,wellness_center,OPERATIONAL,"Importado desde Google Maps
Tipo: Centro de salud y bienestar
Dirección: C. Pérez Galdós, 20, 1.º, 38002 Santa Cruz de Tenerife
Google: 4.7⭐ (19 reseñas)
Web: http://www.centroyushan.com/
Maps: https://maps.google.com/?cid=5471105673752896340&g_mp=Cidnb29nbGUubWFwcy5wbGFjZXMudjEuUGxhY2VzLlNlYXJjaFRleHQQAhgEIAA"
cmpd0j9ux02flq1serokn12hh,Padmasana - Terapias Naturales y yoga,,695 21 06 24,Padmasana - Terapias Naturales y yoga,,España,google-maps,atleevoyoga,NUEVO,MEDIA,,,2026-05-19T19:15:28.041Z,2026-05-19T19:15:28.041Z,http://padmasana.online/,"C. Simón Bolívar, 50, 38009 Santa Cruz de Tenerife",Santa Cruz de Tenerife,4.8,168,https://maps.google.com/?cid=4618275353924733661&g_mp=Cidnb29nbGUubWFwcy5wbGFjZXMudjEuUGxhY2VzLlNlYXJjaFRleHQQAhgEIAA,massage,OPERATIONAL,"Importado desde Google Maps
Tipo: Servicio de masajes
Dirección: C. Simón Bolívar, 50, 38009 Santa Cruz de Tenerife
Google: 4.8⭐ (168 reseñas)
Web: http://padmasana.online/
Maps: https://maps.google.com/?cid=4618275353924733661&g_mp=Cidnb29nbGUubWFwcy5wbGFjZXMudjEuUGxhY2VzLlNlYXJjaFRleHQQAhgEIAA"
cmpd0ja4802fmq1selx6hcbn9,Espacio Anâmaya,,657 54 33 73,Espacio Anâmaya,,España,google-maps,atleevoyoga,NUEVO,MEDIA,,,2026-05-19T19:15:28.376Z,2026-05-19T19:15:28.376Z,https://espacioanamaya.com/,"C. San Agustín, 43, LL, 38201 La Laguna, Santa Cruz de Tenerife",Santa Cruz de Tenerife,4.7,40,https://maps.google.com/?cid=2837183980239610250&g_mp=Cidnb29nbGUubWFwcy5wbGFjZXMudjEuUGxhY2VzLlNlYXJjaFRleHQQAhgEIAA,,OPERATIONAL,"Importado desde Google Maps
Dirección: C. San Agustín, 43, LL, 38201 La Laguna, Santa Cruz de Tenerife
Google: 4.7⭐ (40 reseñas)
Web: https://espacioanamaya.com/
Maps: https://maps.google.com/?cid=2837183980239610250&g_mp=Cidnb29nbGUubWFwcy5wbGFjZXMudjEuUGxhY2VzLlNlYXJjaFRleHQQAhgEIAA"
cmpd0jad902fnq1seem3r38s7,Pure Pilates - Plaza Ireneo,,628 47 20 39,Pure Pilates - Plaza Ireneo,,España,google-maps,atleevoyoga,NUEVO,MEDIA,,,2026-05-19T19:15:28.702Z,2026-05-19T19:15:28.702Z,http://www.purepilates.es/,"C. Jesús Nazareno, 47, 38002 Santa Cruz de Tenerife",Santa Cruz de Tenerife,5,6,https://maps.google.com/?cid=1430369380502396426&g_mp=Cidnb29nbGUubWFwcy5wbGFjZXMudjEuUGxhY2VzLlNlYXJjaFRleHQQAhgEIAA,gym,OPERATIONAL,"Importado desde Google Maps
Tipo: Gimnasio
Dirección: C. Jesús Nazareno, 47, 38002 Santa Cruz de Tenerife
Google: 5⭐ (6 reseñas)
Web: http://www.purepilates.es/
Maps: https://maps.google.com/?cid=1430369380502396426&g_mp=Cidnb29nbGUubWFwcy5wbGFjZXMudjEuUGxhY2VzLlNlYXJjaFRleHQQAhgEIAA"
cmpd0jamk02foq1se1gdvwdnf,Souls Wellness Event,,638 66 55 60,Souls Wellness Event,,España,google-maps,atleevoyoga,NUEVO,MEDIA,,,2026-05-19T19:15:29.036Z,2026-05-19T19:15:29.036Z,,"Av Ángel Romero, 38007 Santa Cruz de Tenerife",Santa Cruz de Tenerife,,,https://maps.google.com/?cid=790850810052898353&g_mp=Cidnb29nbGUubWFwcy5wbGFjZXMudjEuUGxhY2VzLlNlYXJjaFRleHQQAhgEIAA,yoga_studio,OPERATIONAL,"Importado desde Google Maps
Tipo: Centro de yoga
Dirección: Av Ángel Romero, 38007 Santa Cruz de Tenerife
Maps: https://maps.google.com/?cid=790850810052898353&g_mp=Cidnb29nbGUubWFwcy5wbGFjZXMudjEuUGxhY2VzLlNlYXJjaFRleHQQAhgEIAA"
cmpd0jaw102fpq1sekv724rwy,ESTUDIO Phenomenal | Espacio Colaborativo & Coworking,,822 69 14 61,ESTUDIO Phenomenal | Espacio Colaborativo & Coworking,,España,google-maps,atleevoyoga,NUEVO,MEDIA,,,2026-05-19T19:15:29.377Z,2026-05-19T19:15:29.377Z,https://linktr.ee/phenomenalstudio,"C. Arquitectos Saavedra y Díaz-Llanos, 7, 38001 Santa Cruz de Tenerife",Santa Cruz de Tenerife,5,10,https://maps.google.com/?cid=2723664933895305776&g_mp=Cidnb29nbGUubWFwcy5wbGFjZXMudjEuUGxhY2VzLlNlYXJjaFRleHQQAhgEIAA,service,OPERATIONAL,"Importado desde Google Maps
Tipo: Servicios
Dirección: C. Arquitectos Saavedra y Díaz-Llanos, 7, 38001 Santa Cruz de Tenerife
Google: 5⭐ (10 reseñas)
Web: https://linktr.ee/phenomenalstudio
Maps: https://maps.google.com/?cid=2723664933895305776&g_mp=Cidnb29nbGUubWFwcy5wbGFjZXMudjEuUGxhY2VzLlNlYXJjaFRleHQQAhgEIAA"
cmpd0jb5a02fqq1sedcga9mi6,Saad Pilates,,679 66 03 85,Saad Pilates,,España,google-maps,atleevoyoga,NUEVO,MEDIA,,,2026-05-19T19:15:29.711Z,2026-05-19T19:15:29.711Z,https://saadpilates.es/,"C. San Francisco Javier, 17, 38001 Santa Cruz de Tenerife",Santa Cruz de Tenerife,4.8,13,https://maps.google.com/?cid=16814710308755453187&g_mp=Cidnb29nbGUubWFwcy5wbGFjZXMudjEuUGxhY2VzLlNlYXJjaFRleHQQAhgEIAA,gym,OPERATIONAL,"Importado desde Google Maps
Tipo: Gimnasio
Dirección: C. San Francisco Javier, 17, 38001 Santa Cruz de Tenerife
Google: 4.8⭐ (13 reseñas)
Web: https://saadpilates.es/
Maps: https://maps.google.com/?cid=16814710308755453187&g_mp=Cidnb29nbGUubWFwcy5wbGFjZXMudjEuUGxhY2VzLlNlYXJjaFRleHQQAhgEIAA"
cmpd0jbeo02frq1sena5d5f7p,Personal Pilates Tenerife Contrology Club,,691 50 04 40,Personal Pilates Tenerife Contrology Club,,España,google-maps,atleevoyoga,NUEVO,MEDIA,,,2026-05-19T19:15:30.048Z,2026-05-19T19:15:30.048Z,https://www.personalpilatestenerife.es/,"C Valentin Sanz, 10, 38003 Santa Cruz de Tenerife",Santa Cruz de Tenerife,4.9,57,https://maps.google.com/?cid=3693214890569374042&g_mp=Cidnb29nbGUubWFwcy5wbGFjZXMudjEuUGxhY2VzLlNlYXJjaFRleHQQAhgEIAA,gym,OPERATIONAL,"Importado desde Google Maps
Tipo: Gimnasio
Dirección: C Valentin Sanz, 10, 38003 Santa Cruz de Tenerife
Google: 4.9⭐ (57 reseñas)
Web: https://www.personalpilatestenerife.es/
Maps: https://maps.google.com/?cid=3693214890569374042&g_mp=Cidnb29nbGUubWFwcy5wbGFjZXMudjEuUGxhY2VzLlNlYXJjaFRleHQQAhgEIAA"
cmpd0jbo902fsq1sem09q9ydy,Yoga Vibe Tenerife,,678 71 21 51,Yoga Vibe Tenerife,,España,google-maps,atleevoyoga,NUEVO,MEDIA,,,2026-05-19T19:15:30.394Z,2026-05-19T19:15:30.394Z,http://www.yogavibetenerife.com/,"CC Centro Costa Local, 79, Kaluna, 38670 Costa Adeje, Santa Cruz de Tenerife",Santa Cruz de Tenerife,5,30,https://maps.google.com/?cid=12564395434734077339&g_mp=Cidnb29nbGUubWFwcy5wbGFjZXMudjEuUGxhY2VzLlNlYXJjaFRleHQQAhgEIAA,,OPERATIONAL,"Importado desde Google Maps
Dirección: CC Centro Costa Local, 79, Kaluna, 38670 Costa Adeje, Santa Cruz de Tenerife
Google: 5⭐ (30 reseñas)
Web: http://www.yogavibetenerife.com/
Maps: https://maps.google.com/?cid=12564395434734077339&g_mp=Cidnb29nbGUubWFwcy5wbGFjZXMudjEuUGxhY2VzLlNlYXJjaFRleHQQAhgEIAA"
cmpd0jbxo02ftq1seh051nc09,Espacio Anamaste Yoga,,922 08 80 17,Espacio Anamaste Yoga,,España,google-maps,atleevoyoga,NUEVO,MEDIA,,,2026-05-19T19:15:30.733Z,2026-05-19T19:15:30.733Z,https://anamasteyoga.wordpress.com/,"Centro Comercial, C. el Cano, s/n, 38109 Radazul, Santa Cruz de Tenerife",Santa Cruz de Tenerife,5,2,https://maps.google.com/?cid=7487369151490973170&g_mp=Cidnb29nbGUubWFwcy5wbGFjZXMudjEuUGxhY2VzLlNlYXJjaFRleHQQAhgEIAA,yoga_studio,OPERATIONAL,"Importado desde Google Maps
Tipo: Centro de yoga
Dirección: Centro Comercial, C. el Cano, s/n, 38109 Radazul, Santa Cruz de Tenerife
Google: 5⭐ (2 reseñas)
Web: https://anamasteyoga.wordpress.com/
Maps: https://maps.google.com/?cid=7487369151490973170&g_mp=Cidnb29nbGUubWFwcy5wbGFjZXMudjEuUGxhY2VzLlNlYXJjaFRleHQQAhgEIAA"
cmpd0jc7c02fuq1se98w92a18,"Tenerfisio - Centro de Fisioterapia, Pilates y Masajes",,922 06 51 51,"Tenerfisio - Centro de Fisioterapia, Pilates y Masajes",,España,google-maps,atleevoyoga,NUEVO,MEDIA,,,2026-05-19T19:15:31.080Z,2026-05-19T19:15:31.080Z,https://tenerfisio.es/,"C. de Fernández Navarro, 17, 38003 Santa Cruz de Tenerife",Santa Cruz de Tenerife,4.9,318,https://maps.google.com/?cid=2847428792005406545&g_mp=Cidnb29nbGUubWFwcy5wbGFjZXMudjEuUGxhY2VzLlNlYXJjaFRleHQQAhgEIAA,medical_clinic,OPERATIONAL,"Importado desde Google Maps
Tipo: Clínica ambulatoria
Dirección: C. de Fernández Navarro, 17, 38003 Santa Cruz de Tenerife
Google: 4.9⭐ (318 reseñas)
Web: https://tenerfisio.es/
Maps: https://maps.google.com/?cid=2847428792005406545&g_mp=Cidnb29nbGUubWFwcy5wbGFjZXMudjEuUGxhY2VzLlNlYXJjaFRleHQQAhgEIAA"
cmpd0jch402fvq1sek0pzdp6y,"FC Studio: Barre, Pilates y Yoga",,653 57 57 21,"FC Studio: Barre, Pilates y Yoga",,España,google-maps,atleevoyoga,NUEVO,MEDIA,,,2026-05-19T19:15:31.433Z,2026-05-19T19:15:31.433Z,http://www.fc-studio.es/,"C. Ramon Trujillo torres, C. de Santiago Beyro, local 10, 38007 Santa Cruz de Tenerife",Santa Cruz de Tenerife,5,66,https://maps.google.com/?cid=9367425572412112072&g_mp=Cidnb29nbGUubWFwcy5wbGFjZXMudjEuUGxhY2VzLlNlYXJjaFRleHQQAhgEIAA,gym,OPERATIONAL,"Importado desde Google Maps
Tipo: Gimnasio
Dirección: C. Ramon Trujillo torres, C. de Santiago Beyro, local 10, 38007 Santa Cruz de Tenerife
Google: 5⭐ (66 reseñas)
Web: http://www.fc-studio.es/
Maps: https://maps.google.com/?cid=9367425572412112072&g_mp=Cidnb29nbGUubWFwcy5wbGFjZXMudjEuUGxhY2VzLlNlYXJjaFRleHQQAhgEIAA"
cmpd0jcqa02fwq1sezfmcwm3l,Soma Espacio con Movimiento,,613 04 96 92,Soma Espacio con Movimiento,,España,google-maps,atleevoyoga,NUEVO,MEDIA,,,2026-05-19T19:15:31.763Z,2026-05-19T19:15:31.763Z,https://somaespacio.com/,"C. Jesús Nazareno, 40, 38002 Santa Cruz de Tenerife",Santa Cruz de Tenerife,5,4,https://maps.google.com/?cid=10565837340807592076&g_mp=Cidnb29nbGUubWFwcy5wbGFjZXMudjEuUGxhY2VzLlNlYXJjaFRleHQQAhgEIAA,gym,OPERATIONAL,"Importado desde Google Maps
Tipo: Gimnasio
Dirección: C. Jesús Nazareno, 40, 38002 Santa Cruz de Tenerife
Google: 5⭐ (4 reseñas)
Web: https://somaespacio.com/
Maps: https://maps.google.com/?cid=10565837340807592076&g_mp=Cidnb29nbGUubWFwcy5wbGFjZXMudjEuUGxhY2VzLlNlYXJjaFRleHQQAhgEIAA"
cmpd0jczs02fxq1se3w3do8ww,Ashtanga Yoga Tenerife,,610 63 07 65,Ashtanga Yoga Tenerife,,España,google-maps,atleevoyoga,NUEVO,MEDIA,,,2026-05-19T19:15:32.104Z,2026-05-19T19:15:32.104Z,http://ashtangayogatenerife.com/,"C. San Agustín, 5, 38201 La Laguna, Santa Cruz de Tenerife",Santa Cruz de Tenerife,5,21,https://maps.google.com/?cid=12960293824457858484&g_mp=Cidnb29nbGUubWFwcy5wbGFjZXMudjEuUGxhY2VzLlNlYXJjaFRleHQQAhgEIAA,yoga_studio,OPERATIONAL,"Importado desde Google Maps
Tipo: Centro de yoga
Dirección: C. San Agustín, 5, 38201 La Laguna, Santa Cruz de Tenerife
Google: 5⭐ (21 reseñas)
Web: http://ashtangayogatenerife.com/
Maps: https://maps.google.com/?cid=12960293824457858484&g_mp=Cidnb29nbGUubWFwcy5wbGFjZXMudjEuUGxhY2VzLlNlYXJjaFRleHQQAhgEIAA"
cmpd0jd9902fyq1seulumph98,Barre y Balance by Pausic,,695 25 39 76,Barre y Balance by Pausic,,España,google-maps,atleevoyoga,NUEVO,MEDIA,,,2026-05-19T19:15:32.445Z,2026-05-19T19:15:32.445Z,https://fc-studio.es/,"C. Ramón Trujillo Torres, 10, 38007 Santa Cruz de Tenerife",Santa Cruz de Tenerife,5,28,https://maps.google.com/?cid=5252976941379837055&g_mp=Cidnb29nbGUubWFwcy5wbGFjZXMudjEuUGxhY2VzLlNlYXJjaFRleHQQAhgEIAA,gym,OPERATIONAL,"Importado desde Google Maps
Tipo: Gimnasio
Dirección: C. Ramón Trujillo Torres, 10, 38007 Santa Cruz de Tenerife
Google: 5⭐ (28 reseñas)
Web: https://fc-studio.es/
Maps: https://maps.google.com/?cid=5252976941379837055&g_mp=Cidnb29nbGUubWFwcy5wbGFjZXMudjEuUGxhY2VzLlNlYXJjaFRleHQQAhgEIAA"
cmpd0jdij02fzq1se6x38kik2,Centro Kumuda Multidisciplinar,,722 57 50 47,Centro Kumuda Multidisciplinar,,España,google-maps,atleevoyoga,NUEVO,MEDIA,,,2026-05-19T19:15:32.780Z,2026-05-19T19:15:32.780Z,https://multidisciplinarkumuda.com/,"C. El Sorondongo, 6, 38205 La Laguna, Santa Cruz de Tenerife",Santa Cruz de Tenerife,5,78,https://maps.google.com/?cid=11161108811920633813&g_mp=Cidnb29nbGUubWFwcy5wbGFjZXMudjEuUGxhY2VzLlNlYXJjaFRleHQQAhgEIAA,yoga_studio,OPERATIONAL,"Importado desde Google Maps
Tipo: Centro de yoga
Dirección: C. El Sorondongo, 6, 38205 La Laguna, Santa Cruz de Tenerife
Google: 5⭐ (78 reseñas)
Web: https://multidisciplinarkumuda.com/
Maps: https://maps.google.com/?cid=11161108811920633813&g_mp=Cidnb29nbGUubWFwcy5wbGFjZXMudjEuUGxhY2VzLlNlYXJjaFRleHQQAhgEIAA"
cmpd0jds802g0q1se5bdi8t70,Natura Pilates,,676 79 63 28,Natura Pilates,,España,google-maps,atleevoyoga,NUEVO,MEDIA,,,2026-05-19T19:15:33.128Z,2026-05-19T19:15:33.128Z,,"C. de Jesús y María, 27, 38004 Santa Cruz de Tenerife",Santa Cruz de Tenerife,5,8,https://maps.google.com/?cid=11463224352457247685&g_mp=Cidnb29nbGUubWFwcy5wbGFjZXMudjEuUGxhY2VzLlNlYXJjaFRleHQQAhgEIAA,gym,OPERATIONAL,"Importado desde Google Maps
Tipo: Gimnasio
Dirección: C. de Jesús y María, 27, 38004 Santa Cruz de Tenerife
Google: 5⭐ (8 reseñas)
Maps: https://maps.google.com/?cid=11463224352457247685&g_mp=Cidnb29nbGUubWFwcy5wbGFjZXMudjEuUGxhY2VzLlNlYXJjaFRleHQQAhgEIAA"
cmpd0je1n02g1q1selvb6ofns,Beauty & Barre,,691 57 85 80,Beauty & Barre,,España,google-maps,atleevoyoga,NUEVO,MEDIA,,,2026-05-19T19:15:33.468Z,2026-05-19T19:15:33.468Z,https://beautybarre.es/,"Calle Dr. Miguel López González, 1 Esquina, 1, 38003 Santa Cruz de Tenerife",Santa Cruz de Tenerife,5,26,https://maps.google.com/?cid=14958578886175689556&g_mp=Cidnb29nbGUubWFwcy5wbGFjZXMudjEuUGxhY2VzLlNlYXJjaFRleHQQAhgEIAA,fitness_center,OPERATIONAL,"Importado desde Google Maps
Tipo: Centro deportivo
Dirección: Calle Dr. Miguel López González, 1 Esquina, 1, 38003 Santa Cruz de Tenerife
Google: 5⭐ (26 reseñas)
Web: https://beautybarre.es/
Maps: https://maps.google.com/?cid=14958578886175689556&g_mp=Cidnb29nbGUubWFwcy5wbGFjZXMudjEuUGxhY2VzLlNlYXJjaFRleHQQAhgEIAA"
cmpd0jeb002g2q1ser5msnv7v,Air Pilates Studio,,659 89 94 18,Air Pilates Studio,,España,google-maps,atleevoyoga,NUEVO,MEDIA,,,2026-05-19T19:15:33.805Z,2026-05-19T19:15:33.805Z,,"C. Alcalde Ernesto Rumeu de Armas, 38003 Santa Cruz de Tenerife",Santa Cruz de Tenerife,4.8,31,https://maps.google.com/?cid=429590159538781671&g_mp=Cidnb29nbGUubWFwcy5wbGFjZXMudjEuUGxhY2VzLlNlYXJjaFRleHQQAhgEIAA,gym,OPERATIONAL,"Importado desde Google Maps
Tipo: Gimnasio
Dirección: C. Alcalde Ernesto Rumeu de Armas, 38003 Santa Cruz de Tenerife
Google: 4.8⭐ (31 reseñas)
Maps: https://maps.google.com/?cid=429590159538781671&g_mp=Cidnb29nbGUubWFwcy5wbGFjZXMudjEuUGxhY2VzLlNlYXJjaFRleHQQAhgEIAA"
cmpd0jekc02g3q1seogopxskp,Pilates Tenerife,,660 32 99 01,Pilates Tenerife,,España,google-maps,atleevoyoga,NUEVO,MEDIA,,,2026-05-19T19:15:34.140Z,2026-05-19T19:15:34.140Z,https://www.facebook.com/Juanurrajerez/?eid=ARDxvjl8FLWdGIWUzZwQaHKqVnyPN7m14C3FDGyicoGy-HKF1CL7WBro1S2pUVdPxd0z8D3eulGSLGGr,"P.º Milicias de Garachico, Portal 4A, 38001 Santa Cruz de Tenerife",Santa Cruz de Tenerife,4.8,18,https://maps.google.com/?cid=1260460676420652525&g_mp=Cidnb29nbGUubWFwcy5wbGFjZXMudjEuUGxhY2VzLlNlYXJjaFRleHQQAhgEIAA,gym,OPERATIONAL,"Importado desde Google Maps
Tipo: Gimnasio
Dirección: P.º Milicias de Garachico, Portal 4A, 38001 Santa Cruz de Tenerife
Google: 4.8⭐ (18 reseñas)
Web: https://www.facebook.com/Juanurrajerez/?eid=ARDxvjl8FLWdGIWUzZwQaHKqVnyPN7m14C3FDGyicoGy-HKF1CL7WBro1S2pUVdPxd0z8D3eulGSLGGr
Maps: https://maps.google.com/?cid=1260460676420652525&g_mp=Cidnb29nbGUubWFwcy5wbGFjZXMudjEuUGxhY2VzLlNlYXJjaFRleHQQAhgEIAA"
cmpd0jetn02g4q1seggh30vdv,Bambú Zenter,,605 32 53 80,Bambú Zenter,,España,google-maps,atleevoyoga,NUEVO,MEDIA,,,2026-05-19T19:15:34.475Z,2026-05-19T19:15:34.475Z,,"C. de la Rosa, 47, 38001 Santa Cruz de Tenerife",Santa Cruz de Tenerife,4.7,26,https://maps.google.com/?cid=11311786790078189139&g_mp=Cidnb29nbGUubWFwcy5wbGFjZXMudjEuUGxhY2VzLlNlYXJjaFRleHQQAhgEIAA,wellness_center,OPERATIONAL,"Importado desde Google Maps
Tipo: Centro de salud y bienestar
Dirección: C. de la Rosa, 47, 38001 Santa Cruz de Tenerife
Google: 4.7⭐ (26 reseñas)
Maps: https://maps.google.com/?cid=11311786790078189139&g_mp=Cidnb29nbGUubWFwcy5wbGFjZXMudjEuUGxhY2VzLlNlYXJjaFRleHQQAhgEIAA"
cmpd0jf2y02g5q1seba3c1lbf,Katia Pilates,,617 85 34 78,Katia Pilates,,España,google-maps,atleevoyoga,NUEVO,MEDIA,,,2026-05-19T19:15:34.810Z,2026-05-19T19:15:34.810Z,http://www.katiapilates.es/,"C. Pérez Galdós, 20, 2A, 38002 Santa Cruz de Tenerife",Santa Cruz de Tenerife,4.9,33,https://maps.google.com/?cid=17293926498076121559&g_mp=Cidnb29nbGUubWFwcy5wbGFjZXMudjEuUGxhY2VzLlNlYXJjaFRleHQQAhgEIAA,gym,OPERATIONAL,"Importado desde Google Maps
Tipo: Gimnasio
Dirección: C. Pérez Galdós, 20, 2A, 38002 Santa Cruz de Tenerife
Google: 4.9⭐ (33 reseñas)
Web: http://www.katiapilates.es/
Maps: https://maps.google.com/?cid=17293926498076121559&g_mp=Cidnb29nbGUubWFwcy5wbGFjZXMudjEuUGxhY2VzLlNlYXJjaFRleHQQAhgEIAA"
cmpd0jfd802g6q1seysu8zo6t,IPilates Intelligent Movement,,696 65 86 06,IPilates Intelligent Movement,,España,google-maps,atleevoyoga,NUEVO,MEDIA,,,2026-05-19T19:15:35.181Z,2026-05-19T19:15:35.181Z,https://www.ipilates.es/,"Av. de la Asunción, 30, Entresuelo Izda, 38007 Santa Cruz de Tenerife",Santa Cruz de Tenerife,4.5,71,https://maps.google.com/?cid=13926878883213715899&g_mp=Cidnb29nbGUubWFwcy5wbGFjZXMudjEuUGxhY2VzLlNlYXJjaFRleHQQAhgEIAA,gym,OPERATIONAL,"Importado desde Google Maps
Tipo: Gimnasio
Dirección: Av. de la Asunción, 30, Entresuelo Izda, 38007 Santa Cruz de Tenerife
Google: 4.5⭐ (71 reseñas)
Web: https://www.ipilates.es/
Maps: https://maps.google.com/?cid=13926878883213715899&g_mp=Cidnb29nbGUubWFwcy5wbGFjZXMudjEuUGxhY2VzLlNlYXJjaFRleHQQAhgEIAA"
cmpd0jfmq02g7q1sef02b0ymu,"FC Box Tenerife, Funcional y E.personal.",,672 25 22 09,"FC Box Tenerife, Funcional y E.personal.",,España,google-maps,atleevoyoga,NUEVO,MEDIA,,,2026-05-19T19:15:35.522Z,2026-05-19T19:15:35.522Z,https://www.fcbox.es/,"C. Agustin Espinosa Garcia, 15, 38007 Santa Cruz de Tenerife",Santa Cruz de Tenerife,5,82,https://maps.google.com/?cid=16148784742060619523&g_mp=Cidnb29nbGUubWFwcy5wbGFjZXMudjEuUGxhY2VzLlNlYXJjaFRleHQQAhgEIAA,gym,OPERATIONAL,"Importado desde Google Maps
Tipo: Gimnasio
Dirección: C. Agustin Espinosa Garcia, 15, 38007 Santa Cruz de Tenerife
Google: 5⭐ (82 reseñas)
Web: https://www.fcbox.es/
Maps: https://maps.google.com/?cid=16148784742060619523&g_mp=Cidnb29nbGUubWFwcy5wbGFjZXMudjEuUGxhY2VzLlNlYXJjaFRleHQQAhgEIAA"
cmpd0jfvz02g8q1se4zhaoxgk,Zentro - Espacio para el bienestar,,636 10 57 70,Zentro - Espacio para el bienestar,,España,google-maps,atleevoyoga,NUEVO,MEDIA,,,2026-05-19T19:15:35.855Z,2026-05-19T19:15:35.855Z,https://zentrotenerife.blogspot.com/,"C. San Juan Bautista, 58, 38001 Santa Cruz de Tenerife",Santa Cruz de Tenerife,3.4,5,https://maps.google.com/?cid=5303071612143063457&g_mp=Cidnb29nbGUubWFwcy5wbGFjZXMudjEuUGxhY2VzLlNlYXJjaFRleHQQAhgEIAA,health,OPERATIONAL,"Importado desde Google Maps
Tipo: Salud y bienestar
Dirección: C. San Juan Bautista, 58, 38001 Santa Cruz de Tenerife
Google: 3.4⭐ (5 reseñas)
Web: https://zentrotenerife.blogspot.com/
Maps: https://maps.google.com/?cid=5303071612143063457&g_mp=Cidnb29nbGUubWFwcy5wbGFjZXMudjEuUGxhY2VzLlNlYXJjaFRleHQQAhgEIAA"
cmpd0jmo802g9q1se5b518jj6,Centro,,,Centro,,España,google-maps,atleevoyoga,NUEVO,MEDIA,,,2026-05-19T19:15:44.648Z,2026-05-19T19:15:44.648Z,,"C. Suárez Guerra, 40, 38002 Santa Cruz de Tenerife",Santa Cruz de Tenerife,,,https://maps.google.com/?cid=1329193986781657743&g_mp=Cidnb29nbGUubWFwcy5wbGFjZXMudjEuUGxhY2VzLlNlYXJjaFRleHQQAhgEIAA,yoga_studio,OPERATIONAL,"Importado desde Google Maps
Tipo: Centro de yoga
Dirección: C. Suárez Guerra, 40, 38002 Santa Cruz de Tenerife
Maps: https://maps.google.com/?cid=1329193986781657743&g_mp=Cidnb29nbGUubWFwcy5wbGFjZXMudjEuUGxhY2VzLlNlYXJjaFRleHQQAhgEIAA"
cmpd0johm02gaq1se5ddznz1i,Surya Yoga&Masaje Tenerife,,685 75 05 70,Surya Yoga&Masaje Tenerife,,España,google-maps,atleevoyoga,NUEVO,MEDIA,,,2026-05-19T19:15:47.002Z,2026-05-19T19:15:47.002Z,https://masajetenerife.com/,"Centro Comercial Nuestra señora de África, Local 10A. Planta 0, 38001 Santa Cruz de Tenerife",Santa Cruz de Tenerife,5,101,https://maps.google.com/?cid=5757040872145939789&g_mp=Cidnb29nbGUubWFwcy5wbGFjZXMudjEuUGxhY2VzLlNlYXJjaFRleHQQAhgEIAA,massage,OPERATIONAL,"Importado desde Google Maps
Tipo: Servicio de masajes
Dirección: Centro Comercial Nuestra señora de África, Local 10A. Planta 0, 38001 Santa Cruz de Tenerife
Google: 5⭐ (101 reseñas)
Web: https://masajetenerife.com/
Maps: https://maps.google.com/?cid=5757040872145939789&g_mp=Cidnb29nbGUubWFwcy5wbGFjZXMudjEuUGxhY2VzLlNlYXJjaFRleHQQAhgEIAA"
cmpd0joqs02gbq1se6m7u3u95,Mun42,,689 44 79 55,Mun42,,España,google-maps,atleevoyoga,NUEVO,MEDIA,,,2026-05-19T19:15:47.332Z,2026-05-19T19:15:47.332Z,,"C. Cortés, 6, Local 9 b, 38109 Radazul, Santa Cruz de Tenerife",Santa Cruz de Tenerife,5,23,https://maps.google.com/?cid=9923622462377546882&g_mp=Cidnb29nbGUubWFwcy5wbGFjZXMudjEuUGxhY2VzLlNlYXJjaFRleHQQAhgEIAA,gym,OPERATIONAL,"Importado desde Google Maps
Tipo: Gimnasio
Dirección: C. Cortés, 6, Local 9 b, 38109 Radazul, Santa Cruz de Tenerife
Google: 5⭐ (23 reseñas)
Maps: https://maps.google.com/?cid=9923622462377546882&g_mp=Cidnb29nbGUubWFwcy5wbGFjZXMudjEuUGxhY2VzLlNlYXJjaFRleHQQAhgEIAA"
cmpd0jpei02gcq1seimp5yec9,INMERSIVO,,348 541 0878,INMERSIVO,,España,google-maps,atleevoyoga,NUEVO,MEDIA,,,2026-05-19T19:15:48.187Z,2026-05-19T19:15:48.187Z,,"TF-274, 17, 38290 La Esperanza, Santa Cruz de Tenerife",Santa Cruz de Tenerife,4,4,https://maps.google.com/?cid=8570489537839190125&g_mp=Cidnb29nbGUubWFwcy5wbGFjZXMudjEuUGxhY2VzLlNlYXJjaFRleHQQAhgEIAA,health,OPERATIONAL,"Importado desde Google Maps
Tipo: Salud y bienestar
Dirección: TF-274, 17, 38290 La Esperanza, Santa Cruz de Tenerife
Google: 4⭐ (4 reseñas)
Maps: https://maps.google.com/?cid=8570489537839190125&g_mp=Cidnb29nbGUubWFwcy5wbGFjZXMudjEuUGxhY2VzLlNlYXJjaFRleHQQAhgEIAA"
cmpd0jpno02gdq1se9h484t05,Con Alas de Libélula,,679 66 83 86,Con Alas de Libélula,,España,google-maps,atleevoyoga,NUEVO,MEDIA,,,2026-05-19T19:15:48.516Z,2026-05-19T19:15:48.516Z,https://www.conalasdelibelula.es/,"C. San Cristobal, 38108 Santa Cruz de Tenerife",Santa Cruz de Tenerife,,,https://maps.google.com/?cid=4712135081555326779&g_mp=Cidnb29nbGUubWFwcy5wbGFjZXMudjEuUGxhY2VzLlNlYXJjaFRleHQQAhgEIAA,yoga_studio,OPERATIONAL,"Importado desde Google Maps
Tipo: Centro de yoga
Dirección: C. San Cristobal, 38108 Santa Cruz de Tenerife
Web: https://www.conalasdelibelula.es/
Maps: https://maps.google.com/?cid=4712135081555326779&g_mp=Cidnb29nbGUubWFwcy5wbGFjZXMudjEuUGxhY2VzLlNlYXJjaFRleHQQAhgEIAA"
cmpd0jpx502geq1sekezfsyku,A Kasa,,687 39 62 63,A Kasa,,España,google-maps,atleevoyoga,NUEVO,MEDIA,,,2026-05-19T19:15:48.858Z,2026-05-19T19:15:48.858Z,,"C. Maria del Cristo Ossuna, 29, 38204 La Laguna, Santa Cruz de Tenerife",Santa Cruz de Tenerife,5,6,https://maps.google.com/?cid=6099596815918251594&g_mp=Cidnb29nbGUubWFwcy5wbGFjZXMudjEuUGxhY2VzLlNlYXJjaFRleHQQAhgEIAA,yoga_studio,OPERATIONAL,"Importado desde Google Maps
Tipo: Centro de yoga
Dirección: C. Maria del Cristo Ossuna, 29, 38204 La Laguna, Santa Cruz de Tenerife
Google: 5⭐ (6 reseñas)
Maps: https://maps.google.com/?cid=6099596815918251594&g_mp=Cidnb29nbGUubWFwcy5wbGFjZXMudjEuUGxhY2VzLlNlYXJjaFRleHQQAhgEIAA"
cmpd0jq6802gfq1seaadsk4rs,Nirananda Yoga,,606 74 19 48,Nirananda Yoga,,España,google-maps,atleevoyoga,NUEVO,MEDIA,,,2026-05-19T19:15:49.184Z,2026-05-19T19:15:49.184Z,https://www.niranandayoga.com/,"Av. de la Candelaria, 27, 38206 La Laguna, Santa Cruz de Tenerife",Santa Cruz de Tenerife,4.8,4,https://maps.google.com/?cid=10720085584115624905&g_mp=Cidnb29nbGUubWFwcy5wbGFjZXMudjEuUGxhY2VzLlNlYXJjaFRleHQQAhgEIAA,yoga_studio,OPERATIONAL,"Importado desde Google Maps
Tipo: Centro de yoga
Dirección: Av. de la Candelaria, 27, 38206 La Laguna, Santa Cruz de Tenerife
Google: 4.8⭐ (4 reseñas)
Web: https://www.niranandayoga.com/
Maps: https://maps.google.com/?cid=10720085584115624905&g_mp=Cidnb29nbGUubWFwcy5wbGFjZXMudjEuUGxhY2VzLlNlYXJjaFRleHQQAhgEIAA"
